BLUE,GREEN,RED,NIR,NDVI,Class
0.2186,0.2715,0.2688,0.2799,0.10793713,builtup
0.2206,0.283,0.2684,0.2716,0.12390786,builtup
0.2318,0.2909,0.2921,0.2879,0.11306674,builtup
0.2424,0.3219,0.3152,0.312,0.14088252,builtup
0.2363,0.299,0.2931,0.3011,0.117130555,builtup
0.2496,0.3281,0.3146,0.3181,0.13588367,builtup
0.2423,0.3164,0.3082,0.3107,0.1326293,builtup
0.2464,0.3232,0.3095,0.3135,0.13483144,builtup
0.2464,0.3232,0.3095,0.3135,0.13483144,builtup
0.2305,0.3016,0.2906,0.3148,0.13362151,builtup
0.2275,0.3023,0.2941,0.3149,0.14118536,builtup
0.2214,0.2974,0.2871,0.3132,0.14649191,builtup
0.2289,0.2896,0.2807,0.2901,0.117068484,builtup
0.203,0.2591,0.2501,0.2621,0.12140229,builtup
0.2184,0.2747,0.2763,0.2788,0.114175595,builtup
0.2269,0.2934,0.2843,0.2927,0.12781087,builtup
0.2019,0.2522,0.2529,0.2547,0.11076856,builtup
0.2452,0.319,0.3105,0.3111,0.1308047,builtup
0.2181,0.271,0.2612,0.2732,0.10815785,builtup
0.2485,0.3225,0.3093,0.3061,0.12959717,builtup
0.2485,0.3225,0.3093,0.3061,0.12959717,builtup
0.2471,0.3219,0.3047,0.3137,0.13145873,builtup
0.2423,0.3169,0.303,0.3091,0.13340487,builtup
0.2422,0.3232,0.3085,0.31095,0.14326139,builtup
0.2309,0.298,0.2866,0.2993,0.12686709,builtup
0.2289,0.2991,0.2865,0.2999,0.13295457,builtup
0.2429,0.3141,0.3065,0.3107,0.12782764,builtup
0.2335,0.2958,0.2903,0.2957,0.117702626,builtup
0.2201,0.2773,0.2727,0.2845,0.11499799,builtup
0.2365,0.3005,0.3007,0.3035,0.11918065,builtup
0.1911,0.2412,0.2381,0.2511,0.11589174,builtup
0.1911,0.2412,0.2381,0.2511,0.11589174,builtup
0.2415,0.3093,0.3,0.2989,0.12309368,builtup
0.2065,0.2674,0.2566,0.2701,0.12850814,builtup
0.2196,0.2746,0.2742,0.28425,0.11129096,builtup
0.2294,0.2861,0.2826,0.2932,0.10999031,builtup
0.2432,0.3126,0.3035,0.3152,0.12486504,builtup
0.2477,0.3246,0.3145,0.3289,0.13437009,builtup
0.2495,0.3302,0.3171,0.3324,0.1392099,builtup
0.2458,0.3211,0.3194,0.3232,0.13282764,builtup
0.242,0.314,0.3091,0.3165,0.12949643,builtup
0.2389,0.3103,0.3024,0.3174,0.13000727,builtup
0.2278,0.293,0.28,0.2977,0.12519205,builtup
0.2278,0.293,0.28,0.2977,0.12519205,builtup
0.2403,0.3142,0.3017,0.3129,0.13327324,builtup
0.2169,0.2764,0.2693,0.2774,0.12061624,builtup
0.2226,0.2878,0.2857,0.28815,0.12774298,builtup
0.2093,0.2644,0.2619,0.2701,0.11631837,builtup
0.2633,0.3498,0.3348,0.3344,0.14108627,builtup
0.2655,0.348,0.3365,0.3449,0.13447429,builtup
0.264,0.3464,0.336,0.34215,0.13499345,builtup
0.2591,0.345,0.325,0.3396,0.14219502,builtup
0.2545,0.3355,0.3277,0.3354,0.13728812,builtup
0.2469,0.3308,0.3199,0.3335,0.14523107,builtup
0.2446,0.3199,0.3121,0.3217,0.13339241,builtup
0.2446,0.3199,0.3121,0.3217,0.13339241,builtup
0.2477,0.3194,0.3175,0.3289,0.12643273,builtup
0.2403,0.3109,0.3022,0.3114,0.12808418,builtup
0.2384,0.3106,0.3001,0.31805,0.13151187,builtup
0.2297,0.2962,0.291,0.3042,0.12644991,builtup
0.2587,0.3285,0.3235,0.3336,0.118869185,builtup
0.2627,0.3414,0.331,0.3438,0.13027646,builtup
0.2585,0.3363,0.3341,0.3484,0.13080023,builtup
0.2598,0.3449,0.3396,0.35,0.14073099,builtup
0.2613,0.3532,0.3417,0.3479,0.14955246,builtup
0.2609,0.3514,0.3378,0.3447,0.14780337,builtup
0.2609,0.3514,0.3378,0.3447,0.14780337,builtup
0.2566,0.3486,0.3333,0.3381,0.15201588,builtup
0.2583,0.3407,0.3245,0.3385,0.1375626,builtup
0.2529,0.3294,0.3194,0.3307,0.13137558,builtup
0.2528,0.3317,0.3232,0.3333,0.13498719,builtup
0.2486,0.331,0.318,0.3288,0.142167,builtup
0.5196,0.5504,0.5456,0.5272,0.02878509,builtup
0.4624,0.4892,0.4824,0.4576,0.028163102,builtup
0.4006,0.4184,0.4196,0.41,0.021733826,builtup
0.3394,0.3646,0.3696,0.354,0.03579547,builtup
0.3958,0.4208,0.4368,0.4026,0.030614752,builtup
0.4051,0.394,0.3792,0.4008,-0.01389062,builtup
0.4366,0.4322,0.4252,0.4238,-0.0050644395,builtup
0.4366,0.4322,0.4252,0.4238,-0.0050644395,builtup
0.4862,0.4844,0.4726,0.443,-0.0018545237,builtup
0.488,0.4962,0.4826,0.4616,0.008331629,builtup
0.4097,0.4206,0.4232,0.3993,0.013127775,builtup
0.3725,0.3898,0.3944,0.3884,0.022694489,builtup
0.3824,0.3914,0.3892,0.3796,0.011630916,builtup
0.3834,0.4036,0.3934,0.3814,0.025667109,builtup
0.384,0.4124,0.3992,0.3852,0.035660475,builtup
0.396,0.416,0.4036,0.383,0.024630554,builtup
0.395,0.4164,0.4062,0.3784,0.026374137,builtup
0.383,0.4074,0.3946,0.3764,0.030870477,builtup
0.4832,0.482,0.4816,0.464,-0.0012432866,builtup
0.44,0.446,0.452,0.4384,0.0067720227,builtup
0.3832,0.4048,0.3942,0.399,0.027411178,builtup
0.3518,0.364,0.3846,0.3487,0.017043864,builtup
0.4144,0.4268,0.3956,0.4228,0.014740848,builtup
0.3592,0.3337,0.316,0.3558,-0.036801845,builtup
0.3891,0.3609,0.3514,0.3836,-0.037599962,builtup
0.3891,0.3609,0.3514,0.3836,-0.037599962,builtup
0.4356,0.4232,0.4135,0.4338,-0.014438752,builtup
0.496,0.4956,0.4816,0.4566,-0.0004033953,builtup
0.4584,0.494,0.4816,0.452,0.037379228,builtup
0.422,0.4406,0.4272,0.416,0.021562738,builtup
0.4228,0.4388,0.4256,0.4132,0.018570105,builtup
0.405,0.422,0.4108,0.3982,0.020556215,builtup
0.389,0.4092,0.3994,0.3946,0.025306959,builtup
0.388,0.4072,0.3962,0.3828,0.024144866,builtup
0.3818,0.3974,0.3852,0.3768,0.02002053,builtup
0.3738,0.3802,0.3826,0.371,0.008488049,builtup
0.4424,0.4572,0.4548,0.4395,0.016451737,builtup
0.4268,0.4432,0.4436,0.4176,0.018850552,builtup
0.3892,0.389,0.3904,0.3959,-0.0002570077,builtup
0.396,0.4256,0.4188,0.384,0.03602726,builtup
0.4196,0.3826,0.3904,0.4232,-0.046123162,builtup
0.3451,0.308,0.3037,0.3509,-0.056805983,builtup
0.3451,0.308,0.3037,0.3509,-0.056805983,builtup
0.35,0.3237,0.3135,0.3798,-0.039038125,builtup
0.417,0.3917,0.3885,0.429,-0.031284776,builtup
0.4556,0.4662,0.4606,0.4344,0.011499241,builtup
0.4093,0.43,0.4364,0.4101,0.024663419,builtup
0.422,0.4272,0.4232,0.4202,0.0061234087,builtup
0.4432,0.4568,0.45,0.4356,0.015111135,builtup
0.4512,0.4592,0.4488,0.4352,0.008787331,builtup
0.4588,0.4728,0.4628,0.4356,0.015027908,builtup
0.446,0.4676,0.4492,0.4232,0.02364271,builtup
0.4284,0.45,0.4388,0.424,0.02459014,builtup
0.4128,0.43,0.422,0.41,0.020408155,builtup
0.412,0.4236,0.4256,0.4059,0.013882225,builtup
0.4053,0.4093,0.4226,0.4034,0.0049103955,builtup
0.3747,0.382,0.3787,0.3693,0.0096471375,builtup
0.4442,0.4502,0.4474,0.3966,0.006708388,builtup
0.4426,0.4388,0.4432,0.4368,-0.0043113283,builtup
0.4024,0.3958,0.3786,0.4016,-0.008268595,builtup
0.4024,0.3958,0.3786,0.4016,-0.008268595,builtup
0.4188,0.3992,0.3802,0.4288,-0.023960887,builtup
0.4508,0.4568,0.442,0.4424,0.006610855,builtup
0.4108,0.4252,0.4228,0.398,0.017224852,builtup
0.3482,0.3626,0.3664,0.3548,0.020258872,builtup
0.3286,0.344,0.3566,0.352,0.022896256,builtup
0.3684,0.3776,0.3874,0.3664,0.012332448,builtup
0.3974,0.4108,0.4112,0.386,0.016580077,builtup
0.4144,0.4332,0.4228,0.3962,0.022180263,builtup
0.4156,0.4416,0.424,0.4064,0.030331302,builtup
0.4476,0.454,0.4452,0.4312,0.0070984797,builtup
0.4512,0.4552,0.4416,0.4264,0.004413039,builtup
0.4104,0.4124,0.4176,0.402,0.002430729,builtup
0.413,0.4232,0.4272,0.4097,0.012198067,builtup
0.3718,0.3892,0.3934,0.3795,0.022864645,builtup
0.4348,0.452,0.465,0.4178,0.019395571,builtup
0.4936,0.4968,0.5166,0.4464,0.0032310123,builtup
0.4804,0.4924,0.494,0.4604,0.01233552,builtup
0.4804,0.4924,0.494,0.4604,0.01233552,builtup
0.4956,0.4928,0.4792,0.4672,-0.0028328488,builtup
0.4112,0.4292,0.44,0.4026,0.021418381,builtup
0.4082,0.4144,0.4082,0.3798,0.0075370963,builtup
0.4,0.4196,0.4112,0.3912,0.02391411,builtup
0.3782,0.3982,0.3984,0.3794,0.025759932,builtup
0.3802,0.3978,0.393,0.371,0.022622108,builtup
0.3728,0.3952,0.3906,0.3626,0.029166695,builtup
0.3458,0.3706,0.378,0.3496,0.03461749,builtup
0.3294,0.3492,0.3606,0.3462,0.029177729,builtup
0.347,0.3762,0.3796,0.3592,0.04037609,builtup
0.3748,0.3868,0.3934,0.3594,0.015756294,builtup
0.3811,0.3951,0.3886,0.3799,0.018036587,builtup
0.4128,0.4264,0.4292,0.4101,0.0162059,builtup
0.4292,0.4526,0.4576,0.4306,0.02653664,builtup
0.4606,0.4898,0.4992,0.4552,0.030723924,builtup
0.4894,0.5018,0.5128,0.4448,0.01251009,builtup
0.5108,0.5104,0.5192,0.4604,-0.0003917027,builtup
0.5108,0.5104,0.5192,0.4604,-0.0003917027,builtup
0.4284,0.4572,0.4484,0.4176,0.032520305,builtup
0.373,0.3776,0.3786,0.3698,0.006128455,builtup
0.4004,0.4196,0.4304,0.3918,0.023414629,builtup
0.4516,0.4624,0.4628,0.42,0.011816197,builtup
0.4424,0.464,0.4452,0.4136,0.023830514,builtup
0.4344,0.4452,0.4356,0.4124,0.012278313,builtup
0.4352,0.4312,0.4224,0.396,-0.0046168147,builtup
0.4128,0.4144,0.4062,0.3794,0.0019342325,builtup
0.3764,0.404,0.402,0.3724,0.0353665,builtup
0.374,0.4,0.402,0.3628,0.03359172,builtup
0.348,0.3736,0.372,0.3488,0.03547674,builtup
0.2534,0.268,0.2728,0.2769,0.028001552,builtup
0.279,0.3076,0.3091,0.3039,0.0487555,builtup
0.3521,0.383,0.3708,0.3496,0.04203506,builtup
0.3889,0.3996,0.4053,0.3967,0.0135700535,builtup
0.3889,0.4074,0.4128,0.3869,0.023232449,builtup
0.3889,0.4074,0.4128,0.3869,0.023232449,builtup
0.4016,0.42,0.4196,0.3893,0.022395307,builtup
0.398,0.4208,0.4014,0.3892,0.027845627,builtup
0.3566,0.3724,0.373,0.3466,0.021673525,builtup
0.4188,0.432,0.4392,0.4014,0.015514826,builtup
0.4416,0.4608,0.444,0.414,0.021276591,builtup
0.4372,0.4436,0.444,0.4116,0.0072661093,builtup
0.4384,0.4468,0.4432,0.4108,0.009489373,builtup
0.4352,0.4452,0.4388,0.4116,0.011358462,builtup
0.446,0.4492,0.4428,0.414,0.0035746142,builtup
0.4556,0.4588,0.4472,0.4096,0.0034995566,builtup
0.4308,0.444,0.4356,0.4112,0.01508918,builtup
0.4364,0.4328,0.4368,0.4244,-0.004141741,builtup
0.337,0.3687,0.3759,0.3475,0.044919915,builtup
0.2916,0.3122,0.3135,0.3197,0.034117293,builtup
0.2693,0.3161,0.3255,0.3039,0.07994532,builtup
0.2693,0.3161,0.3255,0.3039,0.07994532,builtup
0.388,0.4164,0.416,0.3922,0.035305787,builtup
0.383,0.4298,0.4272,0.3904,0.05757876,builtup
0.277,0.3105,0.3111,0.32665,0.057021257,builtup
0.2834,0.3278,0.3146,0.3102,0.072643995,builtup
0.3856,0.4404,0.4324,0.3963,0.06634383,builtup
0.3737,0.4117,0.4224,0.3866,0.04838301,builtup
0.2523,0.2873,0.2976,0.3067,0.064862855,builtup
0.2475,0.2737,0.2744,0.2909,0.050268605,builtup
0.2579,0.302,0.2982,0.3116,0.078764044,builtup
0.2489,0.2915,0.2822,0.2921,0.0788305,builtup
0.2489,0.2915,0.2822,0.2921,0.0788305,builtup
0.2793,0.3044,0.313,0.3076,0.04300153,builtup
0.3678,0.3995,0.4009,0.378,0.041313715,builtup
0.3455,0.401,0.384,0.3635,0.07434695,builtup
0.2591,0.2872,0.2959,0.30485,0.051436964,builtup
0.2829,0.3151,0.3223,0.3131,0.053846166,builtup
0.3782,0.4048,0.408,0.3844,0.033971906,builtup
0.3341,0.3831,0.3889,0.3606,0.068321235,builtup
0.2416,0.27,0.2849,0.2932,0.055512123,builtup
0.2309,0.2436,0.2591,0.2716,0.026764998,builtup
0.2087,0.2336,0.2422,0.2817,0.05629664,builtup
0.2117,0.2409,0.2419,0.27805,0.064516105,builtup
0.2117,0.2409,0.2419,0.27805,0.064516105,builtup
0.2952,0.3076,0.3204,0.3149,0.020570671,builtup
0.3817,0.4266,0.4392,0.4016,0.055548683,builtup
0.3718,0.3994,0.4038,0.3802,0.03578837,builtup
0.2663,0.2937,0.3093,0.307,0.0489286,builtup
0.3052,0.3314,0.3466,0.3391,0.041156135,builtup
0.4001,0.427,0.4406,0.39895,0.032523267,builtup
0.3557,0.3984,0.3987,0.3759,0.056623824,builtup
0.2385,0.2598,0.2757,0.2849,0.04274531,builtup
0.2786,0.3098,0.3164,0.3099,0.053025138,builtup
0.2048,0.2172,0.238,0.278,0.02938389,builtup
0.2007,0.2231,0.2347,0.2801,0.052855138,builtup
0.2007,0.2231,0.2347,0.2801,0.052855138,builtup
0.297,0.3217,0.3306,0.3233,0.039922442,builtup
0.3903,0.4744,0.4592,0.4136,0.09725917,builtup
0.3862,0.4208,0.4208,0.3983,0.04287483,builtup
0.2811,0.3216,0.3275,0.3166,0.06719758,builtup
0.3301,0.3456,0.3606,0.3464,0.022939187,builtup
0.4024,0.4558,0.4594,0.4071,0.062223274,builtup
0.3735,0.4083,0.4032,0.3894,0.04451269,builtup
0.2484,0.2736,0.2886,0.2766,0.048275877,builtup
0.3153,0.3288,0.3477,0.3316,0.020959487,builtup
0.2058,0.2219,0.2345,0.287,0.03764322,builtup
0.2076,0.2253,0.2407,0.2789,0.040887043,builtup
0.2076,0.2253,0.2407,0.2789,0.040887043,builtup
0.2865,0.329,0.3266,0.3133,0.06904954,builtup
0.3867,0.444,0.4376,0.4011,0.06897797,builtup
0.3603,0.4003,0.4052,0.3777,0.05259005,builtup
0.2667,0.3096,0.3082,0.3083,0.07444038,builtup
0.3198,0.3408,0.3493,0.3314,0.03178928,builtup
0.375,0.4214,0.4266,0.3916,0.05826219,builtup
0.346,0.3709,0.3873,0.3742,0.034732904,builtup
0.2454,0.2764,0.2873,0.2815,0.059409745,builtup
0.3182,0.3428,0.3439,0.32785,0.037216336,builtup
0.2137,0.2334,0.2416,0.3003,0.044061746,builtup
0.2137,0.2334,0.2416,0.3003,0.044061746,builtup
0.2173,0.2365,0.2478,0.2718,0.04230938,builtup
0.2888,0.3252,0.3307,0.3194,0.059283376,builtup
0.383,0.4128,0.4204,0.3858,0.03744663,builtup
0.3431,0.3889,0.3875,0.3685,0.06256831,builtup
0.2618,0.2881,0.299,0.3004,0.0478269,builtup
0.3063,0.3431,0.3507,0.3295,0.05666769,builtup
0.3779,0.419,0.4174,0.3863,0.051574845,builtup
0.3298,0.3644,0.371,0.3445,0.049841527,builtup
0.2481,0.2652,0.2729,0.2854,0.033313833,builtup
0.3325,0.3512,0.351,0.3397,0.027351182,builtup
0.2189,0.2357,0.2436,0.3002,0.03695557,builtup
0.2189,0.2357,0.2436,0.3002,0.03695557,builtup
0.2073,0.2296,0.2443,0.2862,0.051041402,builtup
0.3032,0.3329,0.3414,0.32925,0.046690743,builtup
0.4058,0.451,0.4294,0.4054,0.05275442,builtup
0.3674,0.4206,0.4034,0.3795,0.0675127,builtup
0.2692,0.2839,0.2931,0.2989,0.026577465,builtup
0.3275,0.3706,0.3763,0.3418,0.06173901,builtup
0.4059,0.426,0.429,0.4079,0.024161555,builtup
0.3475,0.386,0.3838,0.3666,0.052488085,builtup
0.2501,0.2679,0.2794,0.2992,0.034362942,builtup
0.3881,0.414,0.4152,0.3713,0.032290246,builtup
0.2008,0.2273,0.225,0.2775,0.06190143,builtup
0.2008,0.2273,0.225,0.2775,0.06190143,builtup
0.1996,0.2277,0.2392,0.2699,0.06576176,builtup
0.2841,0.3,0.3073,0.3191,0.027221393,builtup
0.3396,0.3877,0.3899,0.3715,0.06613501,builtup
0.3286,0.3478,0.3465,0.3633,0.028385568,builtup
0.2488,0.2706,0.2779,0.2903,0.041971497,builtup
0.2862,0.3265,0.3354,0.3261,0.06577446,builtup
0.2909,0.3325,0.3541,0.3585,0.066730864,builtup
0.2635,0.3003,0.2912,0.3369,0.06527137,builtup
0.2275,0.2446,0.2531,0.2795,0.03622112,builtup
0.4107,0.4334,0.437,0.3933,0.026892561,builtup
0.2227,0.2491,0.2468,0.26655,0.055955913,builtup
0.2227,0.2491,0.2468,0.26655,0.055955913,builtup
0.2091,0.2363,0.2426,0.26315,0.061068732,builtup
0.2278,0.2521,0.262,0.27325,0.050635535,builtup
0.2242,0.2643,0.2742,0.3021,0.08208801,builtup
0.2167,0.2431,0.2542,0.2955,0.057416268,builtup
0.1988,0.2267,0.2399,0.2664,0.06556991,builtup
0.2045,0.231,0.2498,0.2689,0.0608496,builtup
0.1993,0.236,0.2448,0.2706,0.08430966,builtup
0.1883,0.2203,0.2285,0.2787,0.07831621,builtup
0.203,0.2322,0.2397,0.2576,0.0670956,builtup
0.3698,0.379,0.3871,0.3681,0.012286333,builtup
0.3635,0.4115,0.4046,0.375,0.061935496,builtup
0.3169,0.3493,0.3577,0.3402,0.048634015,builtup
0.3032,0.3301,0.3297,0.3274,0.04247591,builtup
0.2975,0.3253,0.3286,0.3321,0.044637114,builtup
0.2889,0.316,0.3173,0.3213,0.044800837,builtup
0.2454,0.2682,0.2736,0.2988,0.04439255,builtup
0.2496,0.2675,0.2764,0.2946,0.03461617,builtup
0.2657,0.289,0.3009,0.3051,0.04200467,builtup
0.2879,0.3233,0.3305,0.3207,0.057918854,builtup
0.2505,0.2795,0.2901,0.3171,0.05471701,builtup
0.2072,0.2375,0.2411,0.2719,0.068135805,builtup
0.3497,0.3864,0.3774,0.3534,0.04985737,builtup
0.3991,0.4286,0.4374,0.396,0.03564094,builtup
0.3625,0.3955,0.3957,0.37495,0.04353561,builtup
0.3551,0.4083,0.4004,0.3739,0.069688246,builtup
0.3988,0.4456,0.4344,0.398,0.05542399,builtup
0.3866,0.4386,0.4204,0.387,0.06301505,builtup
0.3074,0.3169,0.327,0.3277,0.015217085,builtup
0.3275,0.3765,0.3705,0.3662,0.06960231,builtup
0.3885,0.4404,0.4246,0.3984,0.0626131,builtup
0.3921,0.438,0.429,0.3964,0.05529453,builtup
0.3106,0.3388,0.3481,0.3547,0.0434247,builtup
0.2266,0.2511,0.2729,0.2996,0.051287413,builtup
0.4178,0.4436,0.4358,0.3843,0.02995123,builtup
0.3424,0.3757,0.3796,0.351,0.046372347,builtup
0.3215,0.3534,0.3577,0.3395,0.047266245,builtup
0.3321,0.3725,0.3649,0.3551,0.057337496,builtup
0.3604,0.4015,0.4065,0.3818,0.053944085,builtup
0.3566,0.3927,0.3861,0.373,0.0481783,builtup
0.2816,0.3096,0.3202,0.3416,0.047361296,builtup
0.3403,0.3819,0.3781,0.3592,0.057601795,builtup
0.3823,0.4168,0.4134,0.3927,0.043173574,builtup
0.3728,0.4017,0.4062,0.3812,0.037314393,builtup
0.2901,0.3345,0.3361,0.3393,0.0710855,builtup
0.2502,0.2654,0.277,0.285,0.029480198,builtup
0.4362,0.4738,0.4602,0.4024,0.041318696,builtup
0.2776,0.3134,0.3256,0.3239,0.060575318,builtup
0.2671,0.2994,0.3068,0.3181,0.05701676,builtup
0.2788,0.3115,0.3247,0.32455,0.055395562,builtup
0.291,0.3347,0.342,0.3325,0.06984174,builtup
0.291,0.3207,0.333,0.3359,0.04855318,builtup
0.2518,0.2801,0.2914,0.3246,0.053205468,builtup
0.3023,0.3384,0.3345,0.3372,0.056344625,builtup
0.3163,0.3459,0.3519,0.3427,0.04469948,builtup
0.2937,0.3279,0.3378,0.3215,0.055019274,builtup
0.2507,0.2772,0.29,0.3129,0.050198935,builtup
0.2353,0.2571,0.2633,0.2793,0.04427291,builtup
0.3912,0.4116,0.4047,0.382,0.025411045,builtup
0.3564,0.399,0.4008,0.3708,0.056393933,builtup
0.3196,0.34,0.3382,0.3254,0.030927861,builtup
0.3254,0.3378,0.3326,0.3322,0.018697226,builtup
0.327,0.3532,0.3596,0.3338,0.03851808,builtup
0.3096,0.331,0.337,0.326,0.03340619,builtup
0.2742,0.2968,0.299,0.3116,0.03957968,builtup
0.3034,0.331,0.3416,0.3448,0.043505657,builtup
0.3396,0.3598,0.3698,0.3662,0.028881919,builtup
0.3822,0.3976,0.39,0.353,0.019748643,builtup
0.3223,0.3415,0.3446,0.3437,0.028924415,builtup
0.2222,0.2452,0.2538,0.2711,0.049208358,builtup
0.3191,0.3425,0.3517,0.3342,0.035368815,builtup
0.3754,0.442,0.404,0.3862,0.08147785,builtup
0.377,0.4128,0.3938,0.3728,0.045327943,builtup
0.4296,0.4696,0.4476,0.4058,0.04448398,builtup
0.4492,0.4764,0.4656,0.428,0.029386327,builtup
0.4112,0.46,0.4516,0.4072,0.05601472,builtup
0.3528,0.3566,0.3576,0.3628,0.0053566042,builtup
0.3696,0.4312,0.4048,0.3864,0.07692308,builtup
0.4352,0.48,0.4524,0.4171,0.04895103,builtup
0.4254,0.4636,0.4612,0.4113,0.04296965,builtup
0.3629,0.3919,0.3745,0.373,0.038420793,builtup
0.2497,0.2688,0.2725,0.2985,0.036837023,builtup
0.3577,0.387,0.3694,0.3512,0.03934471,builtup
0.315,0.3514,0.3576,0.3466,0.054621838,builtup
0.319,0.3204,0.3616,0.33,0.002189543,builtup
0.3742,0.3838,0.3872,0.3614,0.012664925,builtup
0.3444,0.3962,0.3702,0.3773,0.06994331,builtup
0.3826,0.4104,0.4112,0.387,0.03505674,builtup
0.3392,0.332,0.3386,0.3472,-0.01072706,builtup
0.3176,0.364,0.3626,0.3506,0.06807509,builtup
0.3628,0.4132,0.4104,0.3738,0.06494844,builtup
0.335,0.3767,0.3819,0.3567,0.05859211,builtup
0.3211,0.3495,0.3373,0.3403,0.04235014,builtup
0.2504,0.2661,0.2729,0.2915,0.03039687,builtup
0.3836,0.4047,0.3955,0.3514,0.026766477,builtup
0.2404,0.2732,0.281,0.2856,0.063862935,builtup
0.2602,0.2844,0.2986,0.2862,0.04443627,builtup
0.2824,0.3056,0.3164,0.3096,0.03945574,builtup
0.3078,0.3064,0.3386,0.3052,-0.002279378,builtup
0.3154,0.3292,0.316,0.3212,0.021408617,builtup
0.2842,0.2996,0.3052,0.3194,0.026378883,builtup
0.2876,0.314,0.3138,0.312,0.043882973,builtup
0.3,0.3298,0.344,0.3199,0.047316603,builtup
0.2842,0.3048,0.3091,0.3148,0.03497452,builtup
0.2538,0.2852,0.2991,0.30255,0.058256015,builtup
0.2257,0.2553,0.2693,0.2809,0.061538417,builtup
0.3495,0.3575,0.3694,0.3357,0.011315398,builtup
0.1932,0.2238,0.259,0.2756,0.07338129,builtup
0.1902,0.2144,0.2404,0.2644,0.059812143,builtup
0.1894,0.2154,0.2318,0.263,0.064229235,builtup
0.2188,0.2496,0.2626,0.2656,0.06575576,builtup
0.2332,0.259,0.274,0.2676,0.052417725,builtup
0.2282,0.2624,0.2754,0.2852,0.06971055,builtup
0.2392,0.272,0.2752,0.2868,0.06416279,builtup
0.2728,0.2972,0.3024,0.3094,0.04280701,builtup
0.2598,0.276,0.2948,0.3058,0.030235175,builtup
0.2474,0.2617,0.2717,0.2977,0.02808879,builtup
0.2249,0.2449,0.2526,0.2884,0.0425713,builtup
0.3171,0.3234,0.3226,0.3074,0.00983607,builtup
0.2008,0.2364,0.2552,0.2868,0.08142725,builtup
0.1924,0.2216,0.2448,0.2976,0.07053141,builtup
0.1892,0.211,0.2258,0.2814,0.054472752,builtup
0.1982,0.2176,0.2362,0.2758,0.04665705,builtup
0.2068,0.2226,0.2394,0.2706,0.036795527,builtup
0.212,0.24,0.2446,0.2684,0.0619469,builtup
0.1978,0.2214,0.2318,0.236,0.056297705,builtup
0.2208,0.2398,0.2256,0.252,0.04125056,builtup
0.2087,0.2425,0.2473,0.3027,0.074911356,builtup
0.2039,0.2227,0.2368,0.2976,0.044069402,builtup
0.205,0.228,0.2477,0.2794,0.05311779,builtup
0.2612,0.2957,0.2956,0.30085,0.061950084,builtup
0.1406,0.1504,0.175,0.1956,0.033676982,builtup
0.1142,0.1282,0.1736,0.1874,0.057755742,builtup
0.1188,0.1276,0.155,0.1848,0.035714287,builtup
0.1326,0.141,0.1402,0.1686,0.030701786,builtup
0.1384,0.1492,0.1598,0.1736,0.037552167,builtup
0.1652,0.1694,0.1836,0.2014,0.012552336,builtup
0.14,0.1484,0.162,0.196,0.02912619,builtup
0.1124,0.1236,0.1406,0.1808,0.04745761,builtup
0.0987,0.1086,0.1208,0.1776,0.047756854,builtup
0.1328,0.149,0.1804,0.2086,0.0574876,builtup
0.1166,0.1224,0.1644,0.1792,0.024267789,builtup
0.1164,0.1208,0.1392,0.1722,0.018549746,builtup
0.1218,0.1274,0.1234,0.17,0.022471903,builtup
0.1376,0.156,0.1636,0.1824,0.06267029,builtup
0.1456,0.1562,0.1688,0.1814,0.0351226,builtup
0.1324,0.1482,0.1668,0.1892,0.05630791,builtup
0.1212,0.1486,0.1542,0.1834,0.10155669,builtup
0.121,0.136,0.1352,0.1923,0.058365792,builtup
0.126,0.1302,0.1666,0.203,0.016393429,builtup
0.1116,0.1242,0.1434,0.1738,0.053435136,builtup
0.1178,0.1302,0.149,0.1778,0.050000004,builtup
0.1164,0.1246,0.1266,0.1704,0.034024887,builtup
0.144,0.1596,0.16,0.1808,0.051383432,builtup
0.1076,0.114,0.134,0.1506,0.028880851,builtup
0.0978,0.107,0.1282,0.1558,0.044921868,builtup
0.119,0.1378,0.147,0.1676,0.07320869,builtup
0.1438,0.147,0.1594,0.1828,0.011004108,builtup
0.1376,0.1362,0.154,0.2032,-0.0051132534,builtup
0.119,0.1202,0.1618,0.1812,0.005016714,builtup
0.1138,0.1292,0.1562,0.1794,0.06337448,builtup
0.1344,0.1426,0.1598,0.1818,0.029602904,builtup
0.1468,0.1578,0.1758,0.191,0.03611296,builtup
0.1032,0.1126,0.129,0.1592,0.04355883,builtup
0.103,0.1116,0.128,0.1694,0.040074542,builtup
0.125,0.1294,0.146,0.1732,0.017295597,builtup
0.1444,0.1484,0.1546,0.1831,0.013661179,builtup
0.137,0.1406,0.1654,0.2112,0.012968305,builtup
0.1514,0.1606,0.1782,0.204,0.0294872,builtup
0.139,0.1366,0.1748,0.1984,-0.008708257,builtup
0.1558,0.1556,0.175,0.203,-0.00064227165,builtup
0.1372,0.1546,0.1694,0.1954,0.059629872,builtup
0.1032,0.1094,0.1316,0.1668,0.029162716,builtup
0.1264,0.138,0.1556,0.1892,0.04387293,builtup
0.1294,0.1314,0.155,0.176,0.007668727,builtup
0.1544,0.1452,0.1548,0.1822,-0.030707631,builtup
0.1196,0.1184,0.1526,0.193,-0.005042008,builtup
0.136,0.1454,0.164,0.203,0.033404388,builtup
0.1366,0.1454,0.1644,0.1996,0.031205673,builtup
0.1432,0.1538,0.1714,0.218,0.03569024,builtup
0.1554,0.1724,0.1758,0.2178,0.05186091,builtup
0.1184,0.13,0.1398,0.1758,0.046698853,builtup
0.1344,0.1474,0.157,0.184,0.04613205,builtup
0.1104,0.1196,0.1444,0.1642,0.04,builtup
0.13,0.138,0.1412,0.1787,0.029850751,builtup
0.121,0.1266,0.1362,0.1866,0.022617117,builtup
0.1352,0.1384,0.1522,0.1882,0.011695942,builtup
0.1244,0.1376,0.1614,0.1856,0.05038171,builtup
0.135,0.1338,0.1502,0.1894,-0.0044643055,builtup
0.1412,0.1504,0.1668,0.2002,0.031550042,builtup
0.1306,0.1384,0.1494,0.1852,0.028996276,builtup
0.1254,0.1388,0.1554,0.1686,0.05071911,builtup
0.112,0.1194,0.1434,0.1714,0.031979248,builtup
0.1294,0.1368,0.1544,0.1836,0.02779867,builtup
0.1226,0.1336,0.1486,0.1824,0.042935207,builtup
0.126,0.1286,0.1456,0.1746,0.010212095,builtup
0.1086,0.1218,0.1404,0.1788,0.057291668,builtup
0.1002,0.1158,0.1424,0.1824,0.07222224,builtup
0.1344,0.1482,0.1654,0.1946,0.04883231,builtup
0.15,0.146,0.1598,0.1896,-0.013513541,builtup
0.1142,0.1266,0.145,0.1604,0.051494993,builtup
0.1114,0.1298,0.1512,0.1802,0.076285265,builtup
0.149,0.1586,0.1764,0.212,0.031209355,builtup
0.1205,0.1269,0.1531,0.1757,0.025869055,builtup
0.123,0.1327,0.1443,0.1801,0.037935052,builtup
0.09995,0.1147,0.1214,0.171,0.068716496,builtup
0.1055,0.1233,0.1323,0.1643,0.07779722,builtup
0.0951,0.1062,0.1304,0.155,0.05514159,builtup
0.1182,0.1254,0.1474,0.1692,0.02955669,builtup
0.1272,0.14,0.1764,0.1976,0.047904167,builtup
0.1444,0.1548,0.1794,0.1932,0.03475935,builtup
0.1078,0.1206,0.1534,0.1716,0.056042038,builtup
0.1164,0.127,0.1464,0.177,0.043549713,builtup
0.1164,0.127,0.1464,0.177,0.043549713,builtup
0.1128,0.1238,0.1293,0.151,0.046491966,builtup
0.09465,0.105,0.1249,0.1757,0.051840708,builtup
0.0983,0.1115,0.1399,0.1798,0.06291706,builtup
0.1388,0.1399,0.1544,0.1717,0.0039469097,builtup
0.1434,0.1567,0.1659,0.1796,0.044318564,builtup
0.1214,0.1348,0.1376,0.1783,0.052302897,builtup
0.1016,0.1146,0.1188,0.1667,0.06012953,builtup
0.1171,0.1215,0.1266,0.1559,0.018440906,builtup
0.1295,0.129,0.1343,0.1535,-0.0019342689,builtup
0.1107,0.1193,0.1233,0.1547,0.037391324,builtup
0.1066,0.1249,0.1241,0.1633,0.07904966,builtup
0.1063,0.1224,0.129,0.1578,0.07039792,builtup
0.1101,0.1248,0.1371,0.1779,0.0625798,builtup
0.1053,0.1233,0.1341,0.176,0.07874016,builtup
0.1102,0.1211,0.1451,0.1646,0.04712494,builtup
0.1327,0.143,0.1619,0.1888,0.037359487,builtup
0.1153,0.1246,0.1402,0.19405,0.038766157,builtup
0.09465,0.1101,0.1137,0.1907,0.07545788,builtup
0.1044,0.1218,0.1246,0.1616,0.076923065,builtup
0.1138,0.1258,0.144,0.1614,0.05008348,builtup
0.117,0.1304,0.148,0.1768,0.05416331,builtup
0.1082,0.121,0.1406,0.1708,0.055846423,builtup
0.1194,0.1366,0.1438,0.1688,0.067187496,builtup
0.106,0.1142,0.1356,0.1562,0.037238896,builtup
0.1032,0.1212,0.135,0.1748,0.0802139,builtup
0.1032,0.1212,0.135,0.1748,0.0802139,builtup
0.1094,0.1189,0.1303,0.1466,0.041611932,builtup
0.1219,0.1289,0.1564,0.1752,0.027910711,builtup
0.1264,0.1394,0.1741,0.1922,0.048908997,builtup
0.1512,0.1597,0.1744,0.1908,0.027340012,builtup
0.1321,0.144,0.1628,0.1829,0.043100305,builtup
0.115,0.1275,0.1318,0.1693,0.051546372,builtup
0.1166,0.1256,0.1328,0.1671,0.037159357,builtup
0.1284,0.1303,0.1454,0.1754,0.0073444233,builtup
0.1327,0.1341,0.1358,0.1814,0.0052474095,builtup
0.1097,0.118,0.1292,0.16285,0.036451466,builtup
0.1082,0.1225,0.1391,0.1691,0.061985277,builtup
0.1146,0.1226,0.1415,0.1613,0.03372679,builtup
0.124,0.1442,0.1568,0.1877,0.07531693,builtup
0.1216,0.1324,0.1536,0.1807,0.0425197,builtup
0.1256,0.1386,0.1634,0.1818,0.04920519,builtup
0.1259,0.1401,0.1632,0.1814,0.053383466,builtup
0.1186,0.1299,0.1515,0.2012,0.0454728,builtup
0.1165,0.1288,0.1304,0.1907,0.050142713,builtup
0.1268,0.1377,0.1496,0.1745,0.041209847,builtup
0.142,0.1528,0.17,0.188,0.03663497,builtup
0.1292,0.1444,0.1604,0.1804,0.055555575,builtup
0.1162,0.1266,0.1352,0.1744,0.042833596,builtup
0.1094,0.1172,0.129,0.1556,0.034421913,builtup
0.1116,0.1282,0.1276,0.1542,0.06922435,builtup
0.1114,0.1232,0.1224,0.163,0.050298374,builtup
0.1114,0.1232,0.1224,0.163,0.050298374,builtup
0.0929,0.1048,0.1151,0.1362,0.060192212,builtup
0.1155,0.1196,0.1361,0.165,0.017439365,builtup
0.1217,0.1306,0.1481,0.1682,0.035275504,builtup
0.1357,0.1504,0.1486,0.1668,0.05138062,builtup
0.1145,0.1265,0.1432,0.1669,0.04979251,builtup
0.1139,0.1209,0.1387,0.1649,0.029812604,builtup
0.1251,0.1361,0.1515,0.1733,0.042113293,builtup
0.1207,0.127,0.1329,0.1723,0.025434002,builtup
0.1267,0.1215,0.1269,0.1773,-0.02095084,builtup
0.1067,0.1239,0.1366,0.1759,0.074588,builtup
0.1213,0.1332,0.1532,0.1924,0.04675838,builtup
0.1056,0.1162,0.137,0.1662,0.047790807,builtup
0.1142,0.1334,0.1443,0.1671,0.07754439,builtup
0.1232,0.1337,0.1601,0.1814,0.04087193,builtup
0.1253,0.1491,0.1574,0.1816,0.0867347,builtup
0.1161,0.1325,0.1582,0.1921,0.06596941,builtup
0.1131,0.1245,0.1467,0.184,0.047979794,builtup
0.1159,0.1325,0.1482,0.166,0.066827655,builtup
0.1397,0.1557,0.1654,0.1806,0.054163855,builtup
0.1444,0.154,0.16,0.1826,0.032171577,builtup
0.129,0.136,0.1568,0.1784,0.026415149,builtup
0.135,0.1466,0.1628,0.1844,0.04119314,builtup
0.1382,0.1466,0.1466,0.181,0.029494358,builtup
0.1238,0.1362,0.1456,0.1634,0.047692284,builtup
0.121,0.1306,0.1402,0.1588,0.038155828,builtup
0.121,0.1306,0.1402,0.1588,0.038155828,builtup
0.107,0.1202,0.1294,0.1481,0.058098592,builtup
0.1146,0.1194,0.1339,0.1567,0.020512817,builtup
0.127,0.1351,0.144,0.1652,0.030904245,builtup
0.129,0.1365,0.1524,0.1708,0.028248616,builtup
0.1246,0.1267,0.1439,0.1679,0.008356539,builtup
0.119,0.1233,0.1447,0.1768,0.017746588,builtup
0.1203,0.1345,0.1475,0.173,0.055729963,builtup
0.1203,0.1289,0.1392,0.1624,0.03451045,builtup
0.119,0.1281,0.1317,0.1776,0.036827154,builtup
0.1197,0.1369,0.1406,0.1839,0.06703037,builtup
0.1335,0.1512,0.159,0.1972,0.062170718,builtup
0.1193,0.1303,0.1418,0.1713,0.044070512,builtup
0.106,0.1263,0.1376,0.1696,0.08738703,builtup
0.1159,0.1296,0.1496,0.1946,0.055804484,builtup
0.1209,0.1346,0.1623,0.1877,0.053620357,builtup
0.1269,0.1374,0.1549,0.1833,0.03972758,builtup
0.108,0.1192,0.1342,0.1618,0.049295757,builtup
0.1161,0.1211,0.14,0.1623,0.02107927,builtup
0.1552,0.1697,0.178,0.1926,0.044629093,builtup
0.1714,0.1764,0.1938,0.2074,0.014376107,builtup
0.1534,0.1604,0.1706,0.1926,0.022307198,builtup
0.1408,0.159,0.168,0.1848,0.060707126,builtup
0.132,0.137,0.154,0.1836,0.018587343,builtup
0.135,0.1454,0.15,0.1638,0.037089862,builtup
0.135,0.1454,0.15,0.1638,0.037089862,builtup
0.1412,0.152,0.1682,0.1742,0.036834884,builtup
0.1231,0.1325,0.14,0.1552,0.036776196,builtup
0.1133,0.1176,0.1299,0.1541,0.018622773,builtup
0.1234,0.1362,0.1485,0.1731,0.0493066,builtup
0.1381,0.1532,0.1687,0.1842,0.051836602,builtup
0.1385,0.145,0.1558,0.1762,0.022927657,builtup
0.1209,0.1139,0.1346,0.1956,-0.029812604,builtup
0.1141,0.1201,0.1339,0.1797,0.025619118,builtup
0.1181,0.1239,0.1409,0.1613,0.023966918,builtup
0.1247,0.1364,0.1479,0.1909,0.044810407,builtup
0.1147,0.133,0.1412,0.1795,0.07387971,builtup
0.136,0.1489,0.1584,0.1886,0.045279026,builtup
0.1277,0.1425,0.1508,0.1843,0.05477423,builtup
0.1167,0.1264,0.1489,0.1822,0.03990125,builtup
0.1236,0.1412,0.1577,0.2165,0.06646528,builtup
0.1323,0.1472,0.1601,0.21735,0.053309474,builtup
0.1166,0.1216,0.1353,0.1596,0.020990774,builtup
0.1067,0.1186,0.1272,0.152,0.052818462,builtup
0.1128,0.1276,0.1327,0.1719,0.061564047,builtup
0.1244,0.1362,0.1454,0.1825,0.045280118,builtup
0.143,0.1522,0.1628,0.1876,0.031165285,builtup
0.1384,0.1552,0.1704,0.1862,0.05722071,builtup
0.1262,0.1378,0.1512,0.1704,0.04393935,builtup
0.1228,0.1424,0.1424,0.1638,0.073906474,builtup
0.1442,0.148,0.1538,0.17,0.013004808,builtup
0.1442,0.148,0.1538,0.17,0.013004808,builtup
0.1736,0.1868,0.1974,0.2008,0.03662597,builtup
0.1358,0.1471,0.1544,0.1659,0.039943434,builtup
0.1235,0.1306,0.1371,0.1644,0.02794179,builtup
0.1363,0.1377,0.1474,0.1801,0.0051095216,builtup
0.1436,0.1521,0.1694,0.1876,0.02874533,builtup
0.1427,0.154,0.1713,0.1977,0.0380856,builtup
0.1417,0.1449,0.1581,0.202,0.011165368,builtup
0.128,0.136,0.1526,0.1869,0.030303035,builtup
0.1108,0.122,0.143,0.1567,0.04810998,builtup
0.142,0.1518,0.1742,0.1993,0.033356033,builtup
0.1274,0.1405,0.1565,0.1917,0.04889884,builtup
0.1487,0.1664,0.1718,0.1972,0.056172647,builtup
0.1424,0.1506,0.1558,0.1848,0.027986366,builtup
0.1203,0.1268,0.1515,0.1775,0.026305133,builtup
0.1353,0.1456,0.1704,0.20865,0.03666789,builtup
0.1361,0.1486,0.1518,0.2047,0.04390588,builtup
0.10065,0.1085,0.1179,0.1407,0.037532866,builtup
0.1044,0.11,0.1238,0.1585,0.026119394,builtup
0.1083,0.1214,0.1245,0.1681,0.0570309,builtup
0.1025,0.1135,0.1256,0.1586,0.05092593,builtup
0.1054,0.1184,0.1374,0.1696,0.05808756,builtup
0.109,0.1278,0.14,0.1646,0.07939191,builtup
0.1128,0.1262,0.135,0.1662,0.056066956,builtup
0.1474,0.1604,0.1572,0.1964,0.042235207,builtup
0.1574,0.1706,0.167,0.1934,0.0402439,builtup
0.1574,0.1706,0.167,0.1934,0.0402439,builtup
0.1798,0.1778,0.1882,0.2034,-0.0055928524,builtup
0.1264,0.1361,0.1496,0.1614,0.036952384,builtup
0.1373,0.1421,0.1455,0.1717,0.017179696,builtup
0.1335,0.142,0.1487,0.1789,0.03085303,builtup
0.1272,0.1366,0.1527,0.1736,0.035633035,builtup
0.1427,0.144,0.1578,0.1853,0.0045343293,builtup
0.1282,0.137,0.1559,0.1801,0.033182506,builtup
0.155,0.1601,0.1784,0.19,0.016185328,builtup
0.1138,0.1187,0.1364,0.156,0.021075275,builtup
0.1338,0.1425,0.1612,0.1814,0.031487506,builtup
0.1443,0.1583,0.1749,0.1977,0.04626569,builtup
0.1485,0.1597,0.1794,0.2061,0.036340073,builtup
0.155,0.1615,0.1775,0.1951,0.020537142,builtup
0.1286,0.1347,0.1638,0.1835,0.023167485,builtup
0.1503,0.1649,0.18,0.1972,0.046319824,builtup
0.1395,0.1556,0.1632,0.1903,0.05455774,builtup
0.0981,0.1099,0.1114,0.1468,0.056730762,builtup
0.1004,0.109,0.11,0.1603,0.04106971,builtup
0.0993,0.109,0.1172,0.1619,0.046567455,builtup
0.1195,0.1258,0.1444,0.17135,0.025682848,builtup
0.1124,0.1332,0.1444,0.1732,0.084690556,builtup
0.1044,0.1108,0.1204,0.151,0.02973976,builtup
0.1394,0.1424,0.1502,0.1722,0.010645817,builtup
0.1452,0.155,0.165,0.1914,0.032644913,builtup
0.1452,0.155,0.165,0.1914,0.032644913,builtup
0.1396,0.151,0.1598,0.1896,0.039229177,builtup
0.1356,0.1464,0.1682,0.1782,0.038297884,builtup
0.1092,0.1178,0.1436,0.156,0.037885446,builtup
0.1024,0.115,0.1333,0.16035,0.057957705,builtup
0.1252,0.1363,0.1439,0.1674,0.042447396,builtup
0.1211,0.1226,0.1413,0.1773,0.006155091,builtup
0.1465,0.1583,0.159,0.1895,0.03871388,builtup
0.1545,0.1619,0.1716,0.1903,0.023388136,builtup
0.1602,0.1694,0.172,0.1894,0.027912641,builtup
0.1163,0.1238,0.14,0.1557,0.031236986,builtup
0.1092,0.122,0.1415,0.1643,0.055363324,builtup
0.1408,0.1522,0.1615,0.1897,0.03890785,builtup
0.131,0.1427,0.1673,0.1916,0.04274755,builtup
0.1594,0.1724,0.1855,0.2037,0.03918022,builtup
0.1356,0.1479,0.1722,0.1848,0.04338624,builtup
0.1523,0.1586,0.1781,0.1888,0.020263758,builtup
0.1325,0.1442,0.1622,0.1891,0.04228408,builtup
0.09785,0.1089,0.1097,0.1455,0.053446192,builtup
0.098,0.1039,0.1127,0.1567,0.0292224,builtup
0.09665,0.1043,0.121,0.157,0.038069185,builtup
0.1157,0.1267,0.1546,0.1669,0.045379538,builtup
0.1284,0.132,0.1476,0.1698,0.01382489,builtup
0.1298,0.1456,0.152,0.173,0.05737109,builtup
0.1414,0.1528,0.161,0.1844,0.038749147,builtup
0.1426,0.1562,0.1776,0.1938,0.045515418,builtup
0.1426,0.1562,0.1776,0.1938,0.045515418,builtup
0.1314,0.1368,0.1522,0.1732,0.020134235,builtup
0.1244,0.1376,0.1494,0.1712,0.05038171,builtup
0.1144,0.1239,0.1531,0.17,0.039865702,builtup
0.114,0.1263,0.1599,0.1745,0.051186047,builtup
0.1459,0.1462,0.1572,0.1841,0.0010270629,builtup
0.144,0.1514,0.1657,0.2002,0.0250508,builtup
0.1794,0.1914,0.1964,0.2108,0.032362483,builtup
0.1729,0.1777,0.1885,0.1981,0.013690792,builtup
0.1403,0.1481,0.1552,0.1755,0.027045764,builtup
0.1156,0.1263,0.1365,0.1523,0.044233195,builtup
0.1093,0.1187,0.1309,0.1555,0.04122805,builtup
0.1317,0.1357,0.1407,0.1676,0.014958894,builtup
0.112,0.1197,0.1314,0.1587,0.03323261,builtup
0.1281,0.1324,0.1515,0.17215,0.016506767,builtup
0.1441,0.1539,0.1668,0.1811,0.032885917,builtup
0.1362,0.1541,0.1679,0.1848,0.061660364,builtup
0.122,0.1288,0.1472,0.177,0.02711325,builtup
0.10305,0.1094,0.1203,0.1425,0.029889366,builtup
0.10165,0.1052,0.1127,0.1371,0.017162198,builtup
0.1086,0.1176,0.1266,0.1562,0.039787814,builtup
0.1143,0.118,0.1512,0.1651,0.015927693,builtup
0.1256,0.1322,0.1494,0.1688,0.025601272,builtup
0.1328,0.1406,0.1522,0.1753,0.028529618,builtup
0.1288,0.1284,0.1512,0.1686,-0.0015552363,builtup
0.1232,0.131,0.1596,0.1838,0.030684495,builtup
0.1232,0.131,0.1596,0.1838,0.030684495,builtup
0.115,0.1244,0.1462,0.166,0.03926481,builtup
0.1378,0.1514,0.1748,0.1824,0.047026303,builtup
0.1203,0.1304,0.1612,0.1729,0.040287193,builtup
0.1124,0.1218,0.1558,0.1661,0.040136613,builtup
0.1213,0.1295,0.1501,0.1719,0.03269539,builtup
0.134,0.1406,0.1604,0.1757,0.024034932,builtup
0.1415,0.1626,0.1751,0.1884,0.069385074,builtup
0.1233,0.1465,0.1512,0.1877,0.08598964,builtup
0.1323,0.1513,0.1618,0.1878,0.06699575,builtup
0.1228,0.1274,0.1507,0.1628,0.018385274,builtup
0.1149,0.1217,0.1348,0.1605,0.028740473,builtup
0.1361,0.1343,0.13,0.174,-0.0066568074,builtup
0.1154,0.1206,0.1329,0.165,0.022033893,builtup
0.113,0.1217,0.1583,0.1687,0.03706859,builtup
0.1635,0.1712,0.1856,0.1948,0.02300571,builtup
0.1722,0.1825,0.1923,0.2138,0.029038653,builtup
0.1248,0.1253,0.1343,0.1708,0.001999234,builtup
0.1076,0.1247,0.1374,0.1552,0.0736117,builtup
0.0977,0.1042,0.1112,0.131,0.032194145,builtup
0.1112,0.1212,0.1236,0.1417,0.043029282,builtup
0.1143,0.1157,0.1445,0.158,0.0060869628,builtup
0.1056,0.1262,0.1516,0.1704,0.088869736,builtup
0.1202,0.125,0.1472,0.1718,0.019575853,builtup
0.1208,0.1266,0.15,0.1718,0.02344379,builtup
0.1188,0.13,0.161,0.1894,0.04501606,builtup
0.1188,0.13,0.161,0.1894,0.04501606,builtup
0.1328,0.1434,0.1618,0.1866,0.03837799,builtup
0.1436,0.1548,0.1816,0.1964,0.0375335,builtup
0.1221,0.1341,0.1588,0.1711,0.046838414,builtup
0.1091,0.1143,0.1407,0.1627,0.023276627,builtup
0.104,0.1156,0.1416,0.165,0.052823294,builtup
0.1268,0.136,0.1521,0.1706,0.035007633,builtup
0.1186,0.1375,0.149,0.1726,0.0737993,builtup
0.1191,0.1286,0.1465,0.1792,0.038352862,builtup
0.1295,0.1488,0.1653,0.1795,0.069349624,builtup
0.1241,0.1378,0.1507,0.1696,0.052310016,builtup
0.1161,0.1286,0.139,0.1702,0.051082972,builtup
0.1308,0.1392,0.1424,0.177,0.031111144,builtup
0.1224,0.1297,0.1452,0.1806,0.028956782,builtup
0.1308,0.15,0.1698,0.1915,0.06837612,builtup
0.1328,0.1434,0.1642,0.18835,0.03837799,builtup
0.1537,0.1662,0.1822,0.1893,0.039074723,builtup
0.1239,0.1346,0.1397,0.1783,0.04139266,builtup
0.1187,0.1314,0.144,0.1627,0.05077971,builtup
0.1042,0.1127,0.1338,0.1493,0.03918858,builtup
0.1168,0.1196,0.1269,0.1528,0.011844311,builtup
0.1107,0.1117,0.1331,0.1553,0.004496412,builtup
0.1066,0.116,0.1358,0.1638,0.042228192,builtup
0.1078,0.1202,0.1382,0.1708,0.05438597,builtup
0.1001,0.1082,0.1356,0.1736,0.0388862,builtup
0.1001,0.1082,0.1356,0.1736,0.0388862,builtup
0.1098,0.121,0.1434,0.187,0.048526846,builtup
0.131,0.1404,0.1552,0.1824,0.03463526,builtup
0.1378,0.154,0.1792,0.1964,0.0555175,builtup
0.1278,0.137,0.1572,0.1686,0.03474317,builtup
0.1003,0.1094,0.1256,0.1482,0.043395318,builtup
0.10015,0.1113,0.1283,0.1536,0.052731156,builtup
0.1231,0.1286,0.1393,0.1697,0.021851426,builtup
0.1075,0.1202,0.1297,0.1669,0.05577514,builtup
0.1145,0.1258,0.1418,0.1597,0.047024544,builtup
0.1244,0.1397,0.1506,0.1624,0.057932597,builtup
0.1316,0.1456,0.1513,0.1745,0.050505042,builtup
0.1224,0.1267,0.1334,0.16405,0.017262137,builtup
0.1222,0.1317,0.1452,0.1723,0.037416294,builtup
0.117,0.129,0.1547,0.1773,0.048780467,builtup
0.1118,0.1227,0.1449,0.1779,0.04648187,builtup
0.0973,0.1094,0.1353,0.165,0.05853893,builtup
0.1291,0.1393,0.1603,0.1772,0.038003013,builtup
0.1205,0.1227,0.1367,0.1707,0.009046053,builtup
0.1154,0.1254,0.1552,0.1598,0.04152826,builtup
0.1174,0.1384,0.152,0.171,0.08209541,builtup
0.1128,0.1208,0.1318,0.1534,0.03424658,builtup
0.1148,0.1214,0.1324,0.1578,0.02794242,builtup
0.11,0.1242,0.147,0.1714,0.060631946,builtup
0.1015,0.1138,0.128,0.1664,0.057129588,builtup
0.0906,0.1044,0.114,0.163,0.07076925,builtup
0.0906,0.1044,0.114,0.163,0.07076925,builtup
0.1042,0.1166,0.1298,0.161,0.056159426,builtup
0.1418,0.1466,0.1472,0.1826,0.016643522,builtup
0.1322,0.1464,0.1558,0.191,0.05096914,builtup
0.1217,0.1305,0.1462,0.1697,0.03489297,builtup
0.1177,0.1265,0.1358,0.164,0.036036007,builtup
0.132,0.1395,0.1436,0.1702,0.027624339,builtup
0.1284,0.1366,0.139,0.1693,0.030943416,builtup
0.1046,0.117,0.1284,0.1576,0.055956684,builtup
0.121,0.1278,0.1435,0.1661,0.027331201,builtup
0.1346,0.15,0.1598,0.1858,0.054111056,builtup
0.1516,0.1644,0.162,0.1954,0.04050631,builtup
0.125,0.1334,0.1452,0.165,0.032507714,builtup
0.1242,0.1332,0.147,0.1736,0.034965046,builtup
0.114,0.1292,0.1538,0.1774,0.062499985,builtup
0.1048,0.115,0.137,0.1754,0.04640583,builtup
0.1004,0.1081,0.1412,0.1704,0.036930438,builtup
0.1249,0.1269,0.1474,0.1789,0.007942827,builtup
0.125,0.1253,0.1299,0.1876,0.0011985821,builtup
0.1184,0.123,0.138,0.1462,0.019055523,builtup
0.0958,0.0998,0.135,0.1522,0.020449901,builtup
0.0752,0.0835,0.118,0.1428,0.052299935,builtup
0.0983,0.1036,0.1256,0.1418,0.02625062,builtup
0.0985,0.1113,0.1378,0.1636,0.061010487,builtup
0.1137,0.1185,0.1378,0.1723,0.020671831,builtup
0.1153,0.1262,0.1492,0.1676,0.045134597,builtup
0.09115,0.0985,0.1623,0.1964,0.038755592,builtup
0.0831,0.0951,0.1473,0.1972,0.067340076,builtup
0.1188,0.1367,0.1652,0.1921,0.070058726,builtup
0.1414,0.1522,0.1744,0.1852,0.036784757,builtup
0.1076,0.1156,0.1326,0.1697,0.035842266,builtup
0.1158,0.1292,0.1496,0.1808,0.05469386,builtup
0.1368,0.1454,0.165,0.1918,0.030474827,builtup
0.1262,0.1392,0.1684,0.1812,0.048982657,builtup
0.118,0.122,0.1388,0.1648,0.01666667,builtup
0.1172,0.1256,0.1398,0.167,0.034596346,builtup
0.116,0.1166,0.133,0.1544,0.0025795472,builtup
0.1023,0.1078,0.1298,0.1622,0.026177993,builtup
0.0746,0.0903,0.0995,0.1684,0.0952092,builtup
0.0739,0.0866,0.089,0.1444,0.07912772,builtup
0.0861,0.0941,0.0976,0.1368,0.044395126,builtup
0.0921,0.1008,0.105,0.128,0.04510108,builtup
0.0861,0.08655,0.09285,0.1227,0.0026064303,builtup
0.0857,0.0955,0.1099,0.1259,0.0540839,builtup
0.1064,0.1152,0.1275,0.1459,0.039711192,builtup
0.1064,0.1152,0.1275,0.1459,0.039711192,builtup
0.1165,0.1156,0.1256,0.1333,-0.0038776405,builtup
0.0807,0.0929,0.1318,0.151,0.070276484,builtup
0.0896,0.0908,0.1386,0.1504,0.0066519147,builtup
0.0849,0.0848,0.1262,0.1524,-0.00058928516,builtup
0.099,0.108,0.1222,0.151,0.043478277,builtup
0.1048,0.1162,0.1445,0.1695,0.051583707,builtup
0.1252,0.1287,0.1493,0.1694,0.013784953,builtup
0.1262,0.1334,0.1506,0.1722,0.027734932,builtup
0.1166,0.1148,0.1731,0.2031,-0.007778741,builtup
0.1338,0.1473,0.1829,0.2251,0.04802563,builtup
0.1427,0.1611,0.1795,0.201,0.06056616,builtup
0.1374,0.153,0.1694,0.1838,0.053718995,builtup
0.0966,0.1078,0.1248,0.1488,0.054794498,builtup
0.0993,0.1088,0.131,0.166,0.045651153,builtup
0.1158,0.1238,0.1532,0.1712,0.033388987,builtup
0.116,0.1212,0.1406,0.163,0.021922454,builtup
0.1226,0.1268,0.1378,0.1722,0.016840434,builtup
0.1256,0.135,0.151,0.1788,0.036070645,builtup
0.0983,0.1022,0.1134,0.1504,0.019451365,builtup
0.0991,0.1084,0.123,0.1494,0.04481928,builtup
0.0784,0.0889,0.0957,0.1478,0.0627615,builtup
0.0739,0.0866,0.089,0.1444,0.07912772,builtup
0.0833,0.0959,0.0915,0.1207,0.070312485,builtup
0.0768,0.0849,0.082,0.1078,0.050092734,builtup
0.0768,0.08475,0.08805,0.1112,0.049210727,builtup
0.078,0.08585,0.0895,0.11135,0.047909662,builtup
0.1223,0.1249,0.1123,0.1454,0.0105177965,builtup
0.1223,0.1249,0.1123,0.1454,0.0105177965,builtup
0.1213,0.1292,0.109,0.1443,0.031536926,builtup
0.0819,0.0941,0.1426,0.1556,0.06931817,builtup
0.0965,0.1009,0.1436,0.1532,0.022289766,builtup
0.1038,0.1028,0.1202,0.1546,-0.004840281,builtup
0.0934,0.0959,0.1162,0.1428,0.013206538,builtup
0.1081,0.1134,0.1305,0.16555,0.023927767,builtup
0.1254,0.1281,0.1433,0.1588,0.010650833,builtup
0.1465,0.1516,0.1548,0.1928,0.017108344,builtup
0.1168,0.1234,0.1515,0.176,0.0274771,builtup
0.171,0.1831,0.1995,0.2381,0.034171127,builtup
0.1726,0.1851,0.197,0.2312,0.034945495,builtup
0.1574,0.17,0.1758,0.198,0.038485046,builtup
0.129,0.1366,0.1558,0.1696,0.028614493,builtup
0.1017,0.1144,0.1356,0.1638,0.05876908,builtup
0.0982,0.1054,0.134,0.146,0.03536347,builtup
0.0868,0.0971,0.1262,0.1498,0.056008678,builtup
0.121,0.1242,0.1424,0.1798,0.013050579,builtup
0.1148,0.1234,0.134,0.1822,0.03610413,builtup
0.0795,0.096,0.1114,0.1554,0.09401711,builtup
0.0982,0.1074,0.1278,0.1476,0.04474708,builtup
0.0889,0.0973,0.1078,0.1422,0.04511279,builtup
0.0902,0.098,0.1072,0.135,0.04144526,builtup
0.0777,0.0835,0.0875,0.1108,0.03598016,builtup
0.07455,0.0821,0.07735,0.1017,0.048196573,builtup
0.08285,0.09755,0.0908,0.1147,0.08148556,builtup
0.0909,0.10065,0.0944,0.1192,0.050900556,builtup
0.134,0.1361,0.1181,0.1605,0.0077748643,builtup
0.134,0.1361,0.1181,0.1605,0.0077748643,builtup
0.1433,0.1462,0.1235,0.1667,0.010017286,builtup
0.0933,0.103,0.131,0.1462,0.049414165,builtup
0.0913,0.0991,0.1252,0.1396,0.040966373,builtup
0.0882,0.094,0.113,0.1354,0.031833116,builtup
0.0783,0.0908,0.1186,0.136,0.07392077,builtup
0.08755,0.09725,0.1339,0.1689,0.05248918,builtup
0.1115,0.1169,0.1384,0.1547,0.02364271,builtup
0.1254,0.1351,0.1395,0.1814,0.037236083,builtup
0.1096,0.1184,0.1357,0.1674,0.038596492,builtup
0.1225,0.1404,0.1557,0.1777,0.06808674,builtup
0.1328,0.1405,0.1501,0.18625,0.028174154,builtup
0.1368,0.1478,0.158,0.1886,0.03865071,builtup
0.1436,0.1492,0.17,0.1808,0.0191257,builtup
0.1032,0.1178,0.1332,0.1556,0.06606332,builtup
0.089,0.1044,0.128,0.1334,0.079627715,builtup
0.0908,0.0999,0.1236,0.156,0.04771892,builtup
0.099,0.1054,0.1408,0.1598,0.031311173,builtup
0.1082,0.1164,0.1484,0.1706,0.036509372,builtup
0.0819,0.0897,0.12,0.1686,0.045454532,builtup
0.0862,0.102,0.1266,0.1664,0.08395324,builtup
0.1012,0.1154,0.1226,0.1498,0.06555864,builtup
0.0955,0.0998,0.108,0.1306,0.0220174,builtup
0.0777,0.0835,0.0875,0.1108,0.03598016,builtup
0.0778,0.084,0.08545,0.11,0.038318917,builtup
0.0998,0.116,0.1,0.1266,0.07506951,builtup
0.1094,0.1244,0.1082,0.1384,0.064157404,builtup
0.1094,0.1244,0.1082,0.1384,0.064157404,builtup
0.1243,0.1365,0.1187,0.155,0.046779133,builtup
0.1425,0.1455,0.1292,0.1702,0.010416688,builtup
0.1124,0.1196,0.135,0.1544,0.031034462,builtup
0.1182,0.123,0.1412,0.1618,0.019900525,builtup
0.0959,0.1028,0.1252,0.1434,0.034725707,builtup
0.0788,0.0896,0.1294,0.1504,0.064133,builtup
0.07375,0.08655,0.1342,0.1698,0.07985029,builtup
0.1145,0.1189,0.141,0.1752,0.018851757,builtup
0.1145,0.1212,0.1282,0.1768,0.028425971,builtup
0.0953,0.10135,0.1271,0.1659,0.030765347,builtup
0.09865,0.1101,0.1309,0.1541,0.0548503,builtup
0.1048,0.1138,0.137,0.1578,0.04117107,builtup
0.1082,0.119,0.1342,0.1648,0.04753523,builtup
0.103,0.1174,0.1332,0.1542,0.06533574,builtup
0.0984,0.1058,0.1234,0.1458,0.03623901,builtup
0.1005,0.1172,0.1262,0.1484,0.076711066,builtup
0.1052,0.1116,0.1286,0.1638,0.029520279,builtup
0.0894,0.0966,0.1046,0.1304,0.038709693,builtup
0.0996,0.1052,0.13,0.14,0.027343739,builtup
0.0758,0.0944,0.1156,0.1572,0.1092832,builtup
0.0947,0.1218,0.124,0.1778,0.1251732,builtup
0.1108,0.1234,0.133,0.1614,0.05380019,builtup
0.0949,0.0984,0.106,0.127,0.018106569,builtup
0.0774,0.089,0.0922,0.1106,0.06971155,builtup
0.0778,0.084,0.08545,0.11,0.038318917,builtup
0.0924,0.1128,0.0971,0.126,0.09941521,builtup
0.1136,0.1334,0.1112,0.1444,0.080161914,builtup
0.1136,0.1334,0.1112,0.1444,0.080161914,builtup
0.1076,0.1242,0.106,0.1426,0.071613446,builtup
0.1244,0.1334,0.1284,0.1522,0.03491077,builtup
0.1158,0.1266,0.152,0.169,0.044554442,builtup
0.1316,0.1416,0.1572,0.175,0.036603186,builtup
0.1028,0.1086,0.1294,0.1544,0.027436147,builtup
0.0931,0.1032,0.1344,0.1578,0.051451895,builtup
0.09695,0.1088,0.1406,0.1649,0.057594165,builtup
0.0889,0.1082,0.1298,0.1717,0.09791983,builtup
0.09,0.10105,0.1214,0.1654,0.05783823,builtup
0.08445,0.09095,0.1318,0.1629,0.037058145,builtup
0.1054,0.1091,0.1358,0.1595,0.017249396,builtup
0.0985,0.1068,0.1239,0.1487,0.040428635,builtup
0.0921,0.1006,0.1156,0.1412,0.04410999,builtup
0.0977,0.1102,0.1288,0.148,0.060125075,builtup
0.0916,0.0969,0.1134,0.1382,0.028116712,builtup
0.1234,0.129,0.125,0.164,0.022186968,builtup
0.1264,0.1344,0.1284,0.1678,0.03067485,builtup
0.0798,0.0875,0.0908,0.1188,0.046025082,builtup
0.09505,0.1031,0.1115,0.1304,0.0406258,builtup
0.1027,0.1138,0.1225,0.1563,0.05127018,builtup
0.1264,0.1435,0.1322,0.1801,0.063356824,builtup
0.1155,0.1271,0.1282,0.1614,0.04781534,builtup
0.09755,0.10175,0.1081,0.127,0.02107378,builtup
0.1008,0.1086,0.1125,0.1308,0.037249275,builtup
0.0891,0.0968,0.1058,0.1214,0.0414201,builtup
0.0924,0.1128,0.0971,0.126,0.09941521,builtup
0.1052,0.1278,0.1044,0.1344,0.09699571,builtup
0.1052,0.1278,0.1044,0.1344,0.09699571,builtup
0.1,0.1208,0.1026,0.1376,0.0942029,builtup
0.1322,0.1408,0.1252,0.1468,0.03150182,builtup
0.1226,0.1316,0.15,0.174,0.035405234,builtup
0.1058,0.12,0.134,0.1536,0.06288748,builtup
0.1176,0.1322,0.1406,0.1672,0.058446765,builtup
0.1314,0.1426,0.1714,0.1838,0.0408759,builtup
0.1254,0.1296,0.1538,0.1677,0.016470576,builtup
0.0964,0.1014,0.1264,0.1551,0.025278071,builtup
0.09665,0.1059,0.1322,0.1587,0.045667738,builtup
0.0897,0.10125,0.136,0.1675,0.060487047,builtup
0.0873,0.09775,0.1242,0.1619,0.05647121,builtup
0.10075,0.1131,0.1195,0.16865,0.057750765,builtup
0.1054,0.123,0.1396,0.1802,0.077057794,builtup
0.1152,0.1208,0.1488,0.1692,0.023728836,builtup
0.1024,0.1086,0.1382,0.1588,0.02938389,builtup
0.1268,0.1238,0.1296,0.1622,-0.011971263,builtup
0.1144,0.1072,0.114,0.1402,-0.032490987,builtup
0.0822,0.0866,0.0938,0.1362,0.026066352,builtup
0.1026,0.1066,0.1118,0.1424,0.019120462,builtup
0.1036,0.113,0.1143,0.1497,0.04339795,builtup
0.1194,0.1228,0.1424,0.1735,0.014037977,builtup
0.1181,0.1225,0.1332,0.156,0.018287614,builtup
0.09265,0.10015,0.1008,0.1225,0.03890042,builtup
0.1173,0.1249,0.1281,0.1407,0.031379037,builtup
0.105,0.1124,0.1262,0.1458,0.034038667,builtup
0.0823,0.096,0.0926,0.124,0.0768368,builtup
0.1008,0.1242,0.0944,0.1334,0.10400001,builtup
0.1008,0.1242,0.0944,0.1334,0.10400001,builtup
0.1124,0.125,0.1028,0.1428,0.053074967,builtup
0.1412,0.1494,0.1322,0.1534,0.028217446,builtup
0.091,0.1046,0.1308,0.1546,0.069529645,builtup
0.1001,0.1092,0.1246,0.1436,0.043478247,builtup
0.1256,0.1238,0.131,0.1492,-0.0072172945,builtup
0.1324,0.1426,0.1598,0.17,0.037090886,builtup
0.1227,0.1307,0.1456,0.1605,0.031570673,builtup
0.1091,0.1168,0.1334,0.164,0.034085896,builtup
0.1069,0.1134,0.13,0.1655,0.029505214,builtup
0.0914,0.09945,0.1067,0.1806,0.042179737,builtup
0.0931,0.1027,0.1363,0.184,0.049029652,builtup
0.117,0.1308,0.1625,0.1808,0.055690054,builtup
0.1246,0.1384,0.1554,0.1896,0.052471492,builtup
0.103,0.117,0.1358,0.1678,0.063636355,builtup
0.1058,0.1108,0.1494,0.172,0.023084003,builtup
0.1152,0.1122,0.1272,0.151,-0.013192606,builtup
0.0832,0.0863,0.0974,0.116,0.018289087,builtup
0.1004,0.1034,0.1106,0.1618,0.014720308,builtup
0.1102,0.1132,0.1191,0.1568,0.013428821,builtup
0.1039,0.1133,0.1248,0.1488,0.043278094,builtup
0.1085,0.1194,0.1413,0.1594,0.04782802,builtup
0.1061,0.1162,0.1219,0.1413,0.0454341,builtup
0.096,0.1039,0.1046,0.128,0.039519757,builtup
0.117,0.1228,0.1364,0.1417,0.024186827,builtup
0.102,0.113,0.1274,0.1432,0.05116279,builtup
0.0841,0.0974,0.0905,0.12,0.07327825,builtup
0.0841,0.0974,0.0905,0.12,0.07327825,builtup
0.1144,0.134,0.0948,0.1438,0.07890501,builtup
0.1218,0.1384,0.1028,0.1482,0.0637971,builtup
0.1398,0.157,0.1378,0.1552,0.057951506,builtup
0.0902,0.0976,0.128,0.1526,0.039403614,builtup
0.105,0.114,0.1346,0.1636,0.041095905,builtup
0.1102,0.1224,0.1294,0.158,0.05245055,builtup
0.1094,0.1174,0.133,0.1476,0.035273377,builtup
0.0997,0.1067,0.122,0.1589,0.03391476,builtup
0.1161,0.1281,0.1343,0.16245,0.04914003,builtup
0.1107,0.1245,0.1439,0.1776,0.058673482,builtup
0.1109,0.1213,0.1371,0.1751,0.044788964,builtup
0.1078,0.1168,0.1472,0.1739,0.040071253,builtup
0.1182,0.125,0.1556,0.1682,0.027960539,builtup
0.114,0.13,0.1334,0.1614,0.06557375,builtup
0.1034,0.112,0.1212,0.1544,0.039925735,builtup
0.1186,0.1282,0.153,0.1692,0.038897857,builtup
0.1036,0.1126,0.1266,0.149,0.041628104,builtup
0.0963,0.0977,0.104,0.1312,0.0072165015,builtup
0.124,0.1178,0.1206,0.16,-0.02564103,builtup
0.1326,0.1381,0.1528,0.1645,0.020317711,builtup
0.1214,0.1395,0.1589,0.168,0.06937527,builtup
0.1066,0.1159,0.132,0.1582,0.041797757,builtup
0.1064,0.112,0.1152,0.1341,0.02564105,builtup
0.1037,0.10355,0.1083,0.1316,-0.00072373985,builtup
0.1084,0.1223,0.1261,0.1384,0.060251396,builtup
0.1032,0.1038,0.1208,0.1306,0.0028985278,builtup
0.0912,0.1011,0.0954,0.1236,0.05148204,builtup
0.0912,0.1011,0.0954,0.1236,0.05148204,builtup
0.1144,0.134,0.0948,0.1438,0.07890501,builtup
0.1218,0.142,0.1026,0.1532,0.076573186,builtup
0.1274,0.1426,0.1212,0.1532,0.056296315,builtup
0.0969,0.1013,0.1326,0.1512,0.022199798,builtup
0.1007,0.11,0.1362,0.1588,0.044138588,builtup
0.1056,0.1074,0.125,0.165,0.008450707,builtup
0.1136,0.1266,0.1466,0.173,0.05412155,builtup
0.1144,0.1322,0.1532,0.1849,0.07218169,builtup
0.1428,0.1433,0.1625,0.188,0.0017476182,builtup
0.1175,0.125,0.1392,0.1665,0.030927835,builtup
0.1052,0.1228,0.1466,0.1539,0.077192985,builtup
0.1109,0.1167,0.1503,0.1677,0.025483308,builtup
0.1371,0.1583,0.1709,0.178,0.0717671,builtup
0.113,0.124,0.1322,0.1638,0.046413504,builtup
0.0999,0.107,0.1238,0.1528,0.0343161,builtup
0.1102,0.1176,0.1448,0.1598,0.03248463,builtup
0.112,0.117,0.1406,0.154,0.02183404,builtup
0.0965,0.0996,0.1144,0.1416,0.015808264,builtup
0.1114,0.119,0.125,0.1504,0.03298612,builtup
0.1307,0.1356,0.153,0.1671,0.018400274,builtup
0.1315,0.1398,0.1601,0.1741,0.030593406,builtup
0.1113,0.1144,0.1328,0.1575,0.0137350485,builtup
0.1028,0.1093,0.1132,0.1339,0.030645948,builtup
0.104,0.1055,0.1007,0.1161,0.0071598836,builtup
0.0908,0.09025,0.0944,0.1108,-0.003037845,builtup
0.0854,0.0948,0.0974,0.1112,0.052164275,builtup
0.098,0.1108,0.0938,0.1294,0.061302688,builtup
0.098,0.1108,0.0938,0.1294,0.061302688,builtup
0.118,0.1424,0.0999,0.1484,0.09370198,builtup
0.1218,0.142,0.1026,0.1532,0.076573186,builtup
0.1106,0.1298,0.1001,0.1416,0.0798669,builtup
0.105,0.1058,0.1232,0.1452,0.0037950955,builtup
0.0901,0.1008,0.1194,0.1534,0.0560503,builtup
0.0978,0.1068,0.1236,0.1738,0.043988246,builtup
0.1288,0.1356,0.1626,0.1838,0.025718592,builtup
0.1394,0.1478,0.1789,0.1938,0.029247887,builtup
0.1366,0.1418,0.1642,0.1882,0.018678155,builtup
0.1239,0.1288,0.1363,0.1516,0.019390615,builtup
0.1047,0.1177,0.1455,0.1498,0.058453254,builtup
0.1139,0.1219,0.1643,0.1651,0.033927064,builtup
0.1369,0.1559,0.1656,0.1806,0.064890735,builtup
0.0968,0.1011,0.1068,0.1588,0.021728138,builtup
0.077,0.0886,0.1014,0.149,0.070048325,builtup
0.0886,0.0984,0.118,0.148,0.052406386,builtup
0.0943,0.1052,0.1292,0.144,0.054636583,builtup
0.0853,0.091,0.1236,0.1496,0.032331254,builtup
0.0878,0.0968,0.1182,0.1472,0.04875404,builtup
0.1056,0.1102,0.1364,0.1551,0.02131605,builtup
0.1226,0.1304,0.1538,0.1698,0.030830061,builtup
0.1144,0.1238,0.1361,0.163,0.039462645,builtup
0.0979,0.1028,0.1142,0.131,0.024414517,builtup
0.08575,0.0932,0.08625,0.1043,0.04163174,builtup
0.0717,0.07655,0.07325,0.0909,0.03271501,builtup
0.0854,0.093,0.0791,0.1093,0.042600907,builtup
0.108,0.1236,0.0966,0.1368,0.067357495,builtup
0.108,0.1236,0.0966,0.1368,0.067357495,builtup
0.1174,0.1374,0.1005,0.1506,0.078492954,builtup
0.1172,0.1402,0.1015,0.1482,0.089355096,builtup
0.1086,0.134,0.0972,0.1404,0.10469912,builtup
0.0952,0.1089,0.1181,0.1485,0.06712396,builtup
0.0953,0.10285,0.1208,0.15165,0.038102455,builtup
0.1195,0.1256,0.1391,0.1832,0.024887798,builtup
0.138,0.1417,0.1556,0.17665,0.01322847,builtup
0.1194,0.131,0.161,0.1748,0.04632586,builtup
0.1166,0.125,0.147,0.1702,0.034768213,builtup
0.1182,0.1248,0.1384,0.1616,0.027160494,builtup
0.1166,0.1232,0.147,0.1614,0.027522935,builtup
0.1316,0.1478,0.1736,0.1858,0.057981357,builtup
0.1362,0.1476,0.1606,0.1832,0.04016913,builtup
0.096,0.0974,0.119,0.1586,0.00723889,builtup
0.0798,0.089,0.1074,0.1369,0.054502368,builtup
0.0888,0.0989,0.1224,0.1482,0.053809267,builtup
0.0976,0.1118,0.1412,0.1566,0.06781281,builtup
0.0991,0.1064,0.1454,0.1692,0.035523098,builtup
0.1054,0.1178,0.1408,0.1662,0.05555553,builtup
0.09465,0.1067,0.1279,0.1578,0.05984605,builtup
0.1041,0.1151,0.1332,0.1655,0.050182484,builtup
0.1069,0.1171,0.134,0.1753,0.045535717,builtup
0.09775,0.10225,0.1056,0.13,0.022500008,builtup
0.07905,0.0847,0.0784,0.0982,0.034503855,builtup
0.07335,0.0787,0.0763,0.0949,0.035185803,builtup
0.0926,0.1094,0.089,0.122,0.08316829,builtup
0.0926,0.1094,0.089,0.122,0.08316829,builtup
0.109,0.1238,0.098,0.139,0.063573904,builtup
0.1132,0.1284,0.1,0.142,0.062913895,builtup
0.1144,0.1384,0.1002,0.1478,0.09493673,builtup
0.1086,0.134,0.0972,0.1404,0.10469912,builtup
0.2024,0.2502,0.2854,0.3156,0.10561203,builtup
0.2092,0.2526,0.2978,0.3322,0.09398012,builtup
0.2154,0.2622,0.2974,0.3218,0.09798996,builtup
0.2106,0.2358,0.2652,0.2844,0.056451604,builtup
0.204,0.215,0.2308,0.2407,0.026253002,builtup
0.1738,0.1802,0.187,0.1842,0.018079065,builtup
0.1846,0.1786,0.1862,0.1942,-0.016519817,builtup
0.1288,0.1516,0.1424,0.144,0.0813124,builtup
0.1144,0.1238,0.123,0.1338,0.039462645,builtup
0.1054,0.116,0.1172,0.1248,0.047877118,builtup
0.1096,0.1152,0.1154,0.1238,0.024911024,builtup
0.1114,0.1144,0.1144,0.1198,0.013286088,builtup
0.1176,0.117,0.1176,0.118,-0.0025575561,builtup
0.1306,0.1268,0.1272,0.1282,-0.014763033,builtup
0.116,0.114,0.1132,0.1194,-0.008695638,builtup
0.108,0.105,0.1028,0.1064,-0.014084536,builtup
0.1078,0.105,0.1019,0.103,-0.013157908,builtup
0.1058,0.10395,0.0987,0.10575,-0.008820031,builtup
0.10255,0.10055,0.09875,0.10495,-0.0098473495,builtup
0.1644,0.1896,0.2186,0.22,0.07118647,builtup
0.1734,0.2078,0.247,0.2508,0.09024134,builtup
0.1876,0.2392,0.2588,0.282,0.1208997,builtup
0.1992,0.2388,0.2552,0.2684,0.090410955,builtup
0.1802,0.1964,0.2026,0.2192,0.04301648,builtup
0.207,0.2194,0.224,0.2244,0.029080678,builtup
0.2006,0.2288,0.2248,0.231,0.06567303,builtup
0.1662,0.1852,0.1794,0.1844,0.05406946,builtup
0.2374,0.2444,0.2468,0.2354,0.014528849,builtup
0.1998,0.2138,0.2262,0.2066,0.033849128,builtup
0.188,0.1814,0.1944,0.1846,-0.01786679,builtup
0.1444,0.1474,0.1582,0.1566,0.010281035,builtup
0.1448,0.1506,0.1582,0.1627,0.019634372,builtup
0.1618,0.1684,0.1796,0.1822,0.019987907,builtup
0.1314,0.141,0.1472,0.1448,0.03524228,builtup
0.1108,0.1122,0.1082,0.1152,0.0062780334,builtup
0.1092,0.1128,0.1062,0.1116,0.016216222,builtup
0.1078,0.1113,0.1106,0.11,0.01597444,builtup
0.1032,0.1085,0.108,0.10865,0.025035394,builtup
0.2004,0.2168,0.2344,0.2402,0.039309707,builtup
0.1674,0.1828,0.2116,0.2222,0.04397485,builtup
0.1576,0.1734,0.1976,0.2068,0.047734138,builtup
0.1476,0.1636,0.1764,0.1848,0.05141389,builtup
0.1246,0.1438,0.1482,0.1614,0.071535036,builtup
0.2058,0.2214,0.2316,0.2318,0.036516845,builtup
0.2014,0.215,0.217,0.213,0.032660916,builtup
0.2262,0.2392,0.2416,0.2476,0.027932955,builtup
0.3686,0.3862,0.3768,0.363,0.023317434,builtup
0.3494,0.3672,0.3604,0.3388,0.024839483,builtup
0.3204,0.3482,0.3272,0.3134,0.041579414,builtup
0.2592,0.2466,0.2518,0.261,-0.02491104,builtup
0.2562,0.2552,0.2592,0.262,-0.0019553914,builtup
0.278,0.2928,0.2744,0.2752,0.025928542,builtup
0.1954,0.2062,0.2194,0.2076,0.02689244,builtup
0.1598,0.1816,0.1794,0.1748,0.06385475,builtup
0.1334,0.1444,0.1562,0.1614,0.03959686,builtup
0.1196,0.1252,0.1249,0.1334,0.022875838,builtup
0.1056,0.1146,0.1169,0.1187,0.040871948,builtup
0.3392,0.3718,0.3752,0.3742,0.045850936,builtup
0.3094,0.3378,0.3466,0.3386,0.04388134,builtup
0.3062,0.3326,0.3322,0.3312,0.041327488,builtup
0.2238,0.2456,0.252,0.2472,0.04644226,builtup
0.215,0.228,0.2408,0.2098,0.029345363,builtup
0.2842,0.271,0.28,0.2964,-0.023775244,builtup
0.1936,0.2204,0.221,0.221,0.06473432,builtup
0.2968,0.3206,0.314,0.309,0.03854878,builtup
0.4428,0.4728,0.4584,0.422,0.032765403,builtup
0.4392,0.464,0.4592,0.41,0.027457897,builtup
0.4252,0.446,0.4612,0.4156,0.023875143,builtup
0.396,0.399,0.3974,0.3732,0.003773574,builtup
0.3994,0.4228,0.426,0.375,0.02846024,builtup
0.3702,0.3772,0.3784,0.3392,0.0093658,builtup
0.3218,0.316,0.2884,0.3068,-0.009093727,builtup
0.3056,0.3162,0.306,0.313,0.017047284,builtup
0.2786,0.2736,0.269,0.2764,-0.009054681,builtup
0.209,0.2223,0.2248,0.2234,0.030836975,builtup
0.1461,0.1549,0.1608,0.1678,0.02923588,builtup
0.3864,0.4408,0.4492,0.4404,0.06576402,builtup
0.4128,0.456,0.4584,0.4496,0.049723737,builtup
0.436,0.4832,0.5068,0.476,0.051349025,builtup
0.3022,0.3572,0.3516,0.3508,0.083409175,builtup
0.3692,0.385,0.3956,0.383,0.02094935,builtup
0.3872,0.4148,0.4116,0.3826,0.034413952,builtup
0.2632,0.2962,0.2852,0.2864,0.05899176,builtup
0.3764,0.392,0.3814,0.3574,0.020301921,builtup
0.4456,0.4804,0.4732,0.43,0.037580986,builtup
0.45,0.4748,0.4772,0.4284,0.026816612,builtup
0.4616,0.494,0.4852,0.4376,0.03390538,builtup
0.4652,0.494,0.4828,0.4388,0.030025,builtup
0.4664,0.492,0.4904,0.434,0.026711201,builtup
0.458,0.4728,0.464,0.418,0.015900282,builtup
0.4388,0.4452,0.4412,0.4014,0.0072398065,builtup
0.42,0.4408,0.4356,0.3896,0.024163596,builtup
0.3828,0.4072,0.3992,0.3672,0.030886069,builtup
0.3223,0.3289,0.3298,0.3144,0.010135169,builtup
0.1857,0.2038,0.2016,0.206,0.04646982,builtup
0.3934,0.4432,0.454,0.44,0.05952663,builtup
0.43,0.488,0.5016,0.47,0.06318083,builtup
0.442,0.5036,0.5096,0.4856,0.06514382,builtup
0.3326,0.3662,0.372,0.3728,0.048082434,builtup
0.4452,0.4688,0.4816,0.4496,0.025820581,builtup
0.43,0.4688,0.4728,0.4383,0.04316867,builtup
0.332,0.35,0.346,0.3398,0.026392972,builtup
0.3862,0.4232,0.4092,0.3706,0.045712873,builtup
0.4516,0.4776,0.4756,0.4228,0.027981084,builtup
0.4492,0.4792,0.4712,0.4212,0.032313656,builtup
0.4608,0.4832,0.4748,0.4284,0.023728836,builtup
0.4608,0.4812,0.48,0.4276,0.021656068,builtup
0.4564,0.4876,0.4772,0.4248,0.03305084,builtup
0.4508,0.4848,0.47,0.4256,0.036340326,builtup
0.4556,0.4816,0.4684,0.42,0.027742205,builtup
0.4388,0.4608,0.4616,0.418,0.024455296,builtup
0.418,0.456,0.4328,0.4016,0.043478247,builtup
0.3508,0.3659,0.3715,0.3467,0.02106879,builtup
0.2012,0.2152,0.222,0.2112,0.03362155,builtup
0.3958,0.4484,0.4552,0.434,0.062307503,builtup
0.4488,0.5008,0.5204,0.4904,0.054759916,builtup
0.4236,0.4816,0.482,0.4552,0.06407423,builtup
0.345,0.3646,0.3648,0.364,0.027621202,builtup
0.4624,0.5,0.4912,0.4608,0.039069008,builtup
0.398,0.4244,0.424,0.4082,0.03210117,builtup
0.3514,0.3626,0.363,0.3498,0.01568629,builtup
0.434,0.4684,0.4508,0.4204,0.038120583,builtup
0.4652,0.4916,0.4816,0.4396,0.027591974,builtup
0.458,0.482,0.4716,0.4212,0.025531903,builtup
0.458,0.482,0.4728,0.414,0.025531903,builtup
0.452,0.4832,0.4716,0.4082,0.03336187,builtup
0.4552,0.484,0.4688,0.4059,0.030664407,builtup
0.4384,0.4716,0.4632,0.4096,0.03648351,builtup
0.424,0.4632,0.4572,0.409,0.04418396,builtup
0.424,0.4504,0.4496,0.4068,0.030192131,builtup
0.4132,0.4396,0.4316,0.393,0.030956848,builtup
0.3227,0.3448,0.3467,0.3221,0.033108614,builtup
0.2334,0.2548,0.2571,0.2423,0.043834474,builtup
0.4039,0.4554,0.4616,0.441,0.059932493,builtup
0.4558,0.5128,0.5268,0.4996,0.058847804,builtup
0.3856,0.4438,0.442,0.4206,0.07017121,builtup
0.3505,0.3651,0.375,0.3855,0.02040247,builtup
0.454,0.499,0.496,0.4578,0.047219325,builtup
0.3662,0.3979,0.3854,0.381,0.0414867,builtup
0.3645,0.3833,0.3836,0.3601,0.02514044,builtup
0.4552,0.4932,0.4798,0.432,0.0400675,builtup
0.4692,0.5052,0.4926,0.4352,0.036945857,builtup
0.4718,0.5096,0.4946,0.4384,0.038516387,builtup
0.4786,0.5084,0.4992,0.4388,0.030192532,builtup
0.4832,0.5064,0.498,0.4384,0.02344379,builtup
0.4672,0.498,0.4808,0.4316,0.031910468,builtup
0.4516,0.4808,0.4648,0.4168,0.03131705,builtup
0.4484,0.4672,0.464,0.409,0.020533007,builtup
0.4284,0.4544,0.4464,0.3994,0.029451737,builtup
0.4062,0.4428,0.4304,0.386,0.043109536,builtup
0.3242,0.3442,0.3536,0.3262,0.029922174,builtup
0.3256,0.375,0.373,0.3362,0.07051099,builtup
0.4089,0.4662,0.474,0.4498,0.06547823,builtup
0.4568,0.5062,0.5132,0.4974,0.051298026,builtup
0.3529,0.4016,0.4035,0.383,0.06454606,builtup
0.3899,0.414,0.4136,0.3968,0.02997886,builtup
0.455,0.4934,0.4902,0.4602,0.040489238,builtup
0.3406,0.3611,0.3762,0.35475,0.029214729,builtup
0.3774,0.3899,0.3959,0.3634,0.016290875,builtup
0.4446,0.4858,0.4736,0.4196,0.04428204,builtup
0.447,0.4726,0.4714,0.41995,0.027838208,builtup
0.454,0.4736,0.473,0.4268,0.021129802,builtup
0.455,0.4756,0.4726,0.4258,0.022136245,builtup
0.4564,0.4804,0.4776,0.4304,0.025619118,builtup
0.4552,0.4912,0.4716,0.4276,0.0380389,builtup
0.45,0.4788,0.4712,0.4284,0.031007763,builtup
0.4648,0.4784,0.47,0.4276,0.01441899,builtup
0.4584,0.4808,0.4708,0.4244,0.023850076,builtup
0.4232,0.4476,0.4424,0.3986,0.028020205,builtup
0.3466,0.3762,0.3806,0.3604,0.040951844,builtup
0.3992,0.4168,0.4376,0.3886,0.021568628,builtup
0.4172,0.4746,0.4872,0.461,0.064364195,builtup
0.4306,0.4922,0.507,0.4808,0.066753365,builtup
0.3292,0.3648,0.3714,0.364,0.051296838,builtup
0.4008,0.4238,0.4318,0.4023,0.027892314,builtup
0.4188,0.4506,0.436,0.4212,0.03657695,builtup
0.3295,0.3475,0.3545,0.3398,0.026587898,builtup
0.3805,0.4248,0.4206,0.3817,0.05501058,builtup
0.4526,0.477,0.4646,0.4164,0.026247844,builtup
0.448,0.4702,0.4632,0.4136,0.024177726,builtup
0.4504,0.4726,0.4648,0.418,0.024052024,builtup
0.4526,0.4792,0.4706,0.4224,0.028546901,builtup
0.4448,0.4816,0.4708,0.4196,0.03972366,builtup
0.442,0.4676,0.464,0.4086,0.028144224,builtup
0.428,0.4544,0.4544,0.4144,0.029918402,builtup
0.4372,0.456,0.4564,0.4164,0.021047905,builtup
0.4372,0.4576,0.456,0.416,0.022798376,builtup
0.3946,0.4168,0.4124,0.3894,0.027360104,builtup
0.344,0.3804,0.3962,0.3642,0.050248466,builtup
0.4042,0.4444,0.4472,0.4078,0.04737217,builtup
0.4308,0.476,0.5006,0.4744,0.049845632,builtup
0.4093,0.4682,0.481,0.455,0.067122504,builtup
0.332,0.3632,0.3704,0.3747,0.044879206,builtup
0.3867,0.4166,0.4234,0.394,0.037221443,builtup
0.3654,0.3831,0.3822,0.3698,0.023647318,builtup
0.3334,0.3558,0.3513,0.3432,0.032501437,builtup
0.3614,0.4009,0.3904,0.36645,0.051816866,builtup
0.3919,0.4242,0.4192,0.39045,0.03957848,builtup
0.4011,0.442,0.4366,0.39895,0.048511434,builtup
0.415,0.4476,0.438,0.4032,0.03779274,builtup
0.424,0.4608,0.4532,0.4156,0.04159132,builtup
0.448,0.4704,0.4592,0.4215,0.024390234,builtup
0.4388,0.4616,0.4604,0.4148,0.025322076,builtup
0.4464,0.454,0.4664,0.4144,0.008440704,builtup
0.4352,0.4608,0.4608,0.418,0.028571412,builtup
0.4228,0.4672,0.4508,0.4034,0.04988765,builtup
0.354,0.3754,0.386,0.3564,0.029339187,builtup
0.3604,0.404,0.41,0.377,0.05703823,builtup
0.4096,0.422,0.4352,0.3916,0.014911017,builtup
0.4248,0.4846,0.4974,0.4654,0.06575764,builtup
0.3792,0.4318,0.4318,0.4126,0.0648582,builtup
0.3432,0.3635,0.3797,0.3639,0.028725063,builtup
0.377,0.4072,0.4152,0.3942,0.03851059,builtup
0.362,0.3841,0.3922,0.3659,0.029620698,builtup
0.3761,0.397,0.3983,0.3704,0.027034033,builtup
0.3531,0.3708,0.385,0.3592,0.024450874,builtup
0.3486,0.3727,0.3893,0.364,0.0334119,builtup
0.3495,0.3721,0.3841,0.359,0.031319283,builtup
0.3682,0.3942,0.3999,0.3713,0.034102824,builtup
0.3874,0.4089,0.4142,0.3894,0.026999865,builtup
0.4104,0.4244,0.4288,0.3914,0.016770482,builtup
0.3934,0.4308,0.4308,0.3962,0.045377307,builtup
0.4082,0.4356,0.436,0.3948,0.03247217,builtup
0.41,0.4484,0.4492,0.4078,0.044734385,builtup
0.412,0.45,0.4404,0.4072,0.044083513,builtup
0.3486,0.383,0.3848,0.3592,0.04702021,builtup
0.3728,0.424,0.4256,0.3962,0.06425703,builtup
0.4046,0.4144,0.4216,0.3842,0.011965833,builtup
0.3534,0.3744,0.3713,0.37665,0.028854078,builtup
0.3,0.3174,0.3223,0.33765,0.028182693,builtup
0.3016,0.3322,0.3376,0.3336,0.048280183,builtup
0.3612,0.3964,0.397,0.3799,0.046462514,builtup
0.3854,0.4214,0.4272,0.3973,0.04462074,builtup
0.4134,0.4432,0.4428,0.4072,0.034788698,builtup
0.3732,0.4166,0.4176,0.3882,0.05495061,builtup
0.3782,0.4141,0.4166,0.3804,0.045311116,builtup
0.3791,0.4041,0.4043,0.3802,0.031920332,builtup
0.3979,0.4236,0.4252,0.3927,0.031284243,builtup
0.3727,0.4035,0.4164,0.3925,0.039680477,builtup
0.3764,0.394,0.4152,0.3904,0.022845276,builtup
0.3392,0.3752,0.3946,0.367,0.050391957,builtup
0.3636,0.3852,0.3972,0.3704,0.028846165,builtup
0.387,0.4058,0.4224,0.3852,0.023713445,builtup
0.3816,0.4048,0.4184,0.3804,0.029501535,builtup
0.322,0.3762,0.3728,0.3586,0.07762818,builtup
0.3838,0.4112,0.41,0.3936,0.034465395,builtup
0.3742,0.3914,0.4172,0.3749,0.022466071,builtup
0.1356,0.1558,0.1672,0.183,0.069320515,builtup
0.14,0.147,0.1548,0.1706,0.024390241,builtup
0.2278,0.254,0.2498,0.2596,0.054379433,builtup
0.272,0.313,0.2916,0.3182,0.07008543,builtup
0.2542,0.3068,0.2886,0.3149,0.09376114,builtup
0.2754,0.3262,0.2968,0.3275,0.084441476,builtup
0.2894,0.347,0.3186,0.3382,0.0905091,builtup
0.2876,0.327,0.3078,0.3318,0.0641067,builtup
0.2614,0.312,0.2932,0.31,0.08824553,builtup
0.2232,0.2566,0.2486,0.2604,0.06961234,builtup
0.181,0.2084,0.2254,0.2256,0.07036467,builtup
0.177,0.2034,0.2114,0.2172,0.06940063,builtup
0.1506,0.1654,0.1764,0.182,0.046835437,builtup
0.135,0.153,0.1598,0.176,0.062499974,builtup
0.1532,0.171,0.1806,0.1886,0.05490439,builtup
0.1458,0.1622,0.1716,0.185,0.053246785,builtup
0.1346,0.1498,0.1616,0.1692,0.05344587,builtup
0.1484,0.1596,0.1642,0.1826,0.036363672,builtup
0.1604,0.1714,0.1808,0.1942,0.03315248,builtup
0.1482,0.1644,0.167,0.1878,0.051823385,builtup
0.1512,0.1642,0.1738,0.1896,0.04121749,builtup
0.1478,0.1678,0.176,0.181,0.063371345,builtup
0.1506,0.1644,0.171,0.1764,0.043809507,builtup
0.2152,0.2432,0.2406,0.2532,0.061082017,builtup
0.2518,0.2938,0.2834,0.3132,0.076979466,builtup
0.2522,0.2976,0.2906,0.322,0.08257546,builtup
0.2784,0.32,0.3066,0.3338,0.0695187,builtup
0.2884,0.3404,0.3168,0.3462,0.08269722,builtup
0.285,0.3254,0.309,0.3326,0.06618611,builtup
0.2648,0.3166,0.304,0.3152,0.08909525,builtup
0.2338,0.2798,0.273,0.2874,0.08956387,builtup
0.1948,0.2208,0.231,0.2246,0.06256013,builtup
0.1798,0.2046,0.2126,0.2264,0.064516135,builtup
0.1644,0.1832,0.1884,0.1944,0.054085173,builtup
0.1576,0.1738,0.1798,0.188,0.048883542,builtup
0.1554,0.176,0.1836,0.1962,0.062160555,builtup
0.1494,0.1654,0.1772,0.1898,0.05082593,builtup
0.1468,0.1658,0.171,0.1832,0.060780574,builtup
0.1598,0.1742,0.186,0.2038,0.04311379,builtup
0.16,0.177,0.1888,0.1904,0.050445117,builtup
0.1476,0.1666,0.1744,0.1798,0.06047107,builtup
0.1386,0.149,0.1582,0.1626,0.036161326,builtup
0.143,0.1588,0.1621,0.16735,0.052352548,builtup
0.1431,0.1601,0.1819,0.1841,0.056068614,builtup
0.171,0.1894,0.2,0.2012,0.051054377,builtup
0.228,0.2616,0.2556,0.2825,0.068627425,builtup
0.2498,0.289,0.2756,0.3202,0.072754286,builtup
0.2585,0.2994,0.2856,0.3245,0.07331061,builtup
0.2555,0.2999,0.2913,0.3169,0.07994239,builtup
0.2574,0.3098,0.291,0.3152,0.09238362,builtup
0.2574,0.3078,0.2874,0.3056,0.08917196,builtup
0.2356,0.2752,0.2678,0.2874,0.07752548,builtup
0.2158,0.26,0.2524,0.2692,0.092896156,builtup
0.1972,0.2138,0.227,0.2288,0.04038929,builtup
0.1738,0.1946,0.2136,0.216,0.056460354,builtup
0.1562,0.1746,0.1874,0.1906,0.05562273,builtup
0.1562,0.1752,0.1832,0.192,0.05733251,builtup
0.1598,0.1792,0.1912,0.2014,0.057227142,builtup
0.1576,0.1794,0.1844,0.199,0.064688414,builtup
0.1584,0.1794,0.19,0.1906,0.062166955,builtup
0.14,0.1594,0.1714,0.1828,0.06479626,builtup
0.1278,0.1338,0.1622,0.1672,0.022935769,builtup
0.1586,0.1992,0.2182,0.228,0.11347122,builtup
0.1369,0.1548,0.1607,0.1631,0.06136443,builtup
0.1407,0.1595,0.1687,0.1731,0.06262494,builtup
0.1524,0.1637,0.1719,0.1825,0.035748173,builtup
0.1985,0.2245,0.2196,0.233,0.061465703,builtup
0.236,0.2709,0.2623,0.2995,0.06884989,builtup
0.2271,0.2732,0.2643,0.2995,0.09214473,builtup
0.2251,0.2604,0.2574,0.2866,0.072708555,builtup
0.2286,0.2722,0.2658,0.2866,0.08706069,builtup
0.2388,0.2864,0.277,0.2944,0.09063211,builtup
0.2552,0.3024,0.293,0.315,0.08464848,builtup
0.242,0.2996,0.291,0.3044,0.10635156,builtup
0.2084,0.2488,0.2492,0.2612,0.08836395,builtup
0.1726,0.1968,0.2072,0.216,0.06551162,builtup
0.1614,0.1812,0.1872,0.2042,0.057793327,builtup
0.165,0.1876,0.1986,0.2038,0.06409527,builtup
0.1692,0.1904,0.199,0.2116,0.058954395,builtup
0.167,0.1834,0.1934,0.2032,0.04680368,builtup
0.1388,0.1626,0.1862,0.173,0.07896483,builtup
0.1372,0.1748,0.1904,0.1982,0.12051281,builtup
0.1874,0.2436,0.2554,0.262,0.13039443,builtup
0.2382,0.3016,0.3276,0.3208,0.11745094,builtup
0.1218,0.1414,0.1535,0.1479,0.074468076,builtup
0.1329,0.151,0.1648,0.1648,0.06375482,builtup
0.1389,0.1546,0.1717,0.177,0.053492323,builtup
0.157,0.1689,0.1773,0.1847,0.036514245,builtup
0.2114,0.239,0.2384,0.251,0.061278842,builtup
0.2142,0.2452,0.2444,0.2746,0.0674793,builtup
0.2053,0.241,0.2409,0.2655,0.07999102,builtup
0.21,0.25,0.2468,0.2722,0.08695654,builtup
0.2464,0.2928,0.283,0.302,0.08605343,builtup
0.2564,0.3108,0.298,0.319,0.09590974,builtup
0.2432,0.294,0.2764,0.3044,0.09456441,builtup
0.193,0.2316,0.2374,0.2666,0.090909086,builtup
0.1686,0.1906,0.2058,0.2196,0.061247215,builtup
0.1678,0.188,0.2014,0.2072,0.05677347,builtup
0.1602,0.1804,0.1926,0.2004,0.059307102,builtup
0.178,0.1932,0.2006,0.2068,0.040948283,builtup
0.152,0.1842,0.2108,0.192,0.09577635,builtup
0.1642,0.2,0.2198,0.2288,0.09829767,builtup
0.214,0.2664,0.2872,0.2888,0.10907578,builtup
0.251,0.3392,0.3642,0.3602,0.14944088,builtup
0.2746,0.3796,0.4112,0.3968,0.16050138,builtup
0.1101,0.1286,0.1413,0.141,0.077503145,builtup
0.1265,0.1447,0.1535,0.1576,0.06710918,builtup
0.127,0.139,0.1548,0.1596,0.045112763,builtup
0.1335,0.1476,0.1556,0.1698,0.05016009,builtup
0.1642,0.1776,0.1833,0.196,0.039204225,builtup
0.2044,0.2274,0.2261,0.2488,0.053265404,builtup
0.2191,0.2593,0.2558,0.2723,0.08403009,builtup
0.2306,0.2766,0.2662,0.292,0.09069401,builtup
0.2424,0.2898,0.2832,0.305,0.08906423,builtup
0.2268,0.2652,0.2614,0.3008,0.07804877,builtup
0.1688,0.2154,0.2156,0.2576,0.121291,builtup
0.1532,0.186,0.1974,0.2294,0.09669812,builtup
0.1588,0.1826,0.1918,0.2164,0.069712944,builtup
0.1598,0.1792,0.189,0.2008,0.057227142,builtup
0.1504,0.181,0.1836,0.1884,0.092335545,builtup
0.1626,0.2046,0.224,0.2148,0.11437911,builtup
0.205,0.241,0.2552,0.264,0.08071749,builtup
0.2082,0.278,0.2984,0.298,0.14356233,builtup
0.2492,0.3316,0.3584,0.363,0.1418733,builtup
0.2752,0.3776,0.402,0.3956,0.15686275,builtup
0.29,0.4084,0.436,0.42,0.16953036,builtup
0.1188,0.1274,0.1346,0.1421,0.034930937,builtup
0.1167,0.1326,0.1429,0.1453,0.06377855,builtup
0.126,0.1428,0.153,0.1549,0.0625,builtup
0.1256,0.1393,0.1572,0.16015,0.05171766,builtup
0.1386,0.1529,0.1657,0.1714,0.049056564,builtup
0.1897,0.2098,0.2122,0.2183,0.050312884,builtup
0.2221,0.2566,0.2462,0.271,0.07207017,builtup
0.227,0.2714,0.261,0.2818,0.08908509,builtup
0.239,0.2818,0.2728,0.2964,0.082181275,builtup
0.206,0.2468,0.251,0.2802,0.09010602,builtup
0.1594,0.1948,0.2062,0.2436,0.09994354,builtup
0.1418,0.173,0.1914,0.2302,0.09911052,builtup
0.149,0.1738,0.1876,0.2188,0.076827765,builtup
0.1528,0.1742,0.1864,0.2082,0.06544344,builtup
0.189,0.224,0.236,0.252,0.084745795,builtup
0.2156,0.291,0.3078,0.299,0.14883539,builtup
0.2396,0.3066,0.3264,0.3274,0.12266569,builtup
0.2234,0.3034,0.3194,0.326,0.1518603,builtup
0.2398,0.3422,0.3592,0.3608,0.17594501,builtup
0.289,0.4072,0.4208,0.4096,0.16977881,builtup
0.3022,0.4232,0.4424,0.4476,0.16680455,builtup
0.1226,0.131,0.1423,0.1453,0.03312303,builtup
0.1068,0.1223,0.1315,0.1376,0.067656055,builtup
0.1203,0.1372,0.143,0.14405,0.065631054,builtup
0.1239,0.1365,0.149,0.1511,0.048387114,builtup
0.1256,0.1403,0.1588,0.1687,0.05528398,builtup
0.1489,0.1659,0.1772,0.1814,0.054002553,builtup
0.1923,0.2266,0.221,0.2305,0.08188111,builtup
0.2092,0.2532,0.241,0.2668,0.09515571,builtup
0.243,0.2896,0.278,0.3028,0.08749533,builtup
0.2446,0.2846,0.2786,0.3006,0.07558578,builtup
0.1864,0.2316,0.2384,0.2636,0.10813399,builtup
0.1394,0.1714,0.1954,0.2364,0.102960065,builtup
0.1494,0.1788,0.1928,0.2288,0.089579545,builtup
0.1566,0.1906,0.202,0.2236,0.09792626,builtup
0.201,0.27,0.2886,0.2855,0.14649682,builtup
0.2676,0.3458,0.3724,0.3684,0.12748617,builtup
0.2646,0.336,0.3628,0.3748,0.1188811,builtup
0.2602,0.3238,0.3428,0.3628,0.108904116,builtup
0.2448,0.3164,0.3404,0.3482,0.12758373,builtup
0.2788,0.3624,0.3808,0.3908,0.13038051,builtup
0.2836,0.3718,0.4036,0.4078,0.13457431,builtup
0.1678,0.2011,0.2047,0.2063,0.090268396,builtup
0.2576,0.2998,0.2873,0.2976,0.07570865,builtup
0.2925,0.3428,0.3327,0.3399,0.0791752,builtup
0.2976,0.3515,0.3342,0.352,0.083038054,builtup
0.2762,0.3332,0.3256,0.3378,0.09353464,builtup
0.265,0.3244,0.3173,0.3333,0.100780495,builtup
0.234,0.2748,0.266,0.2885,0.080188684,builtup
0.1954,0.245,0.2584,0.2795,0.1126249,builtup
0.2465,0.3156,0.33,0.3253,0.122931875,builtup
0.2555,0.3469,0.3687,0.3606,0.15172644,builtup
0.2393,0.3216,0.3407,0.3402,0.14672847,builtup
0.2183,0.2728,0.2932,0.31195,0.110975355,builtup
0.2036,0.2744,0.3012,0.3036,0.14811714,builtup
0.2058,0.2776,0.2888,0.2926,0.14853123,builtup
0.1837,0.2253,0.2454,0.2431,0.101711504,builtup
0.1622,0.1909,0.1966,0.2037,0.081280075,builtup
0.1377,0.151,0.1557,0.1656,0.046068538,builtup
0.1585,0.1789,0.1853,0.1947,0.060462363,builtup
0.2443,0.2798,0.275,0.2783,0.06773517,builtup
0.2971,0.3528,0.338,0.3412,0.0857055,builtup
0.3087,0.3674,0.3473,0.3588,0.08682147,builtup
0.3114,0.371,0.3467,0.3589,0.0873388,builtup
0.2883,0.3422,0.3278,0.3407,0.08548771,builtup
0.2501,0.302,0.2927,0.31215,0.09400472,builtup
0.2276,0.2727,0.2719,0.2911,0.09014595,builtup
0.2227,0.2864,0.2907,0.2983,0.12512276,builtup
0.2243,0.2829,0.2924,0.301,0.115536295,builtup
0.2298,0.2864,0.2926,0.3047,0.1096474,builtup
0.2322,0.2999,0.3216,0.3327,0.12723173,builtup
0.236,0.3184,0.3382,0.3447,0.14862914,builtup
0.2135,0.2891,0.3104,0.3141,0.15041783,builtup
0.1995,0.259,0.2859,0.2774,0.12977101,builtup
0.1782,0.2411,0.2513,0.2657,0.1500119,builtup
0.1305,0.1624,0.1789,0.184,0.108910896,builtup
0.1474,0.168,0.1782,0.1835,0.06531386,builtup
0.2072,0.2308,0.2274,0.224,0.05388127,builtup
0.2785,0.325,0.3144,0.321,0.07705053,builtup
0.2909,0.3396,0.3269,0.3374,0.077240296,builtup
0.2804,0.3361,0.3144,0.325,0.09034874,builtup
0.2633,0.3093,0.3005,0.3113,0.08033532,builtup
0.2429,0.2924,0.2861,0.299,0.09247152,builtup
0.2254,0.2707,0.2711,0.2872,0.091312245,builtup
0.2096,0.2569,0.2522,0.2779,0.10139337,builtup
0.1909,0.2245,0.2279,0.2384,0.0808859,builtup
0.2192,0.2864,0.2865,0.2915,0.13291138,builtup
0.2427,0.3215,0.3503,0.34945,0.1396668,builtup
0.2155,0.294,0.3197,0.3268,0.15407261,builtup
0.2063,0.2843,0.3029,0.3177,0.15898898,builtup
0.2204,0.2897,0.3067,0.3207,0.1358557,builtup
0.2082,0.278,0.2937,0.3014,0.14356233,builtup
0.145,0.191,0.2088,0.225,0.13690478,builtup
0.133,0.1513,0.1628,0.1655,0.06436861,builtup
0.1571,0.1753,0.1847,0.1946,0.054753292,builtup
0.2365,0.2655,0.2567,0.2549,0.057768956,builtup
0.2371,0.2738,0.2679,0.2845,0.071833976,builtup
0.217,0.2596,0.2558,0.2708,0.08938318,builtup
0.2556,0.2944,0.2846,0.2977,0.07054546,builtup
0.2561,0.3043,0.2994,0.3155,0.08601001,builtup
0.2234,0.2714,0.2672,0.2863,0.09700891,builtup
0.2023,0.2452,0.2407,0.2662,0.09586591,builtup
0.1866,0.2254,0.2195,0.2226,0.09417476,builtup
0.2143,0.2764,0.2901,0.29075,0.1265539,builtup
0.2188,0.2934,0.3233,0.3228,0.14564623,builtup
0.2133,0.292,0.3115,0.3202,0.15574905,builtup
0.2384,0.3046,0.3327,0.33695,0.121915296,builtup
0.2565,0.3437,0.3683,0.3637,0.14528488,builtup
0.2171,0.2836,0.3098,0.3192,0.13281408,builtup
0.1419,0.1852,0.2026,0.2224,0.13237542,builtup
0.1292,0.1505,0.1595,0.1575,0.07615304,builtup
0.1471,0.1611,0.1792,0.1795,0.045425043,builtup
0.1746,0.1898,0.1965,0.2061,0.041712373,builtup
0.2106,0.2377,0.236,0.2397,0.060450584,builtup
0.2425,0.2896,0.2751,0.293,0.088517204,builtup
0.2879,0.3389,0.3225,0.3352,0.08136567,builtup
0.3088,0.3611,0.3385,0.3611,0.07807132,builtup
0.2513,0.3012,0.2832,0.3008,0.090316735,builtup
0.1876,0.2224,0.2196,0.2315,0.084878035,builtup
0.1821,0.2161,0.2134,0.22595,0.08538425,builtup
0.1978,0.2425,0.2551,0.2636,0.101521716,builtup
0.2123,0.2909,0.3125,0.3141,0.1562003,builtup
0.2552,0.3372,0.3566,0.3648,0.13841997,builtup
0.2597,0.3419,0.3614,0.3703,0.13663563,builtup
0.2517,0.3367,0.3545,0.3542,0.14445952,builtup
0.1979,0.2609,0.2706,0.29095,0.13731472,builtup
0.1979,0.2609,0.2706,0.29095,0.13731472,builtup
0.139,0.1644,0.1768,0.1768,0.08371786,builtup
0.1354,0.147,0.1604,0.1694,0.041076496,builtup
0.1436,0.1618,0.1788,0.186,0.059593957,builtup
0.1984,0.219,0.2172,0.2256,0.049353115,builtup
0.2792,0.3198,0.3056,0.315,0.06777964,builtup
0.3362,0.3836,0.3696,0.3736,0.06585162,builtup
0.3986,0.4504,0.4372,0.4108,0.06101294,builtup
0.3318,0.3872,0.3818,0.3706,0.07705144,builtup
0.2136,0.2602,0.2674,0.2626,0.098353736,builtup
0.1972,0.2658,0.2822,0.2792,0.14816414,builtup
0.2244,0.2994,0.3206,0.3256,0.14318442,builtup
0.2064,0.2846,0.3044,0.3098,0.15926677,builtup
0.2182,0.2814,0.2986,0.3,0.1265012,builtup
0.2226,0.2868,0.3072,0.306,0.12603062,builtup
0.2072,0.2696,0.2872,0.2964,0.13087247,builtup
0.179,0.233,0.2562,0.2596,0.13106793,builtup
0.179,0.233,0.2562,0.2596,0.13106793,builtup
0.1958,0.2108,0.2262,0.2202,0.036891297,builtup
0.139,0.1534,0.1716,0.1792,0.049247622,builtup
0.1298,0.1408,0.1564,0.1592,0.040650375,builtup
0.1576,0.1698,0.1814,0.1789,0.03726328,builtup
0.2494,0.2734,0.2724,0.268,0.045906663,builtup
0.4074,0.4444,0.44,0.4092,0.043437425,builtup
0.5132,0.548,0.5376,0.4856,0.03279306,builtup
0.4408,0.4992,0.4772,0.4468,0.062127635,builtup
0.3096,0.3804,0.3718,0.3834,0.1026087,builtup
0.2648,0.3672,0.3868,0.3826,0.16202529,builtup
0.2442,0.3416,0.3636,0.3702,0.16626835,builtup
0.2152,0.288,0.3052,0.3168,0.14467405,builtup
0.1796,0.2244,0.2392,0.2554,0.11089109,builtup
0.1682,0.2092,0.2352,0.2396,0.10863804,builtup
0.1808,0.235,0.258,0.2667,0.13035111,builtup
0.183,0.241,0.2592,0.268,0.13679245,builtup
0.183,0.241,0.2592,0.268,0.13679245,builtup
0.2296,0.2586,0.2774,0.2786,0.05940188,builtup
0.1622,0.1938,0.2062,0.2052,0.08876404,builtup
0.1198,0.1358,0.146,0.1484,0.06259782,builtup
0.111,0.123,0.1414,0.137,0.05128206,builtup
0.1568,0.1792,0.1816,0.1758,0.06666664,builtup
0.3716,0.4014,0.394,0.3596,0.038551096,builtup
0.4548,0.4884,0.4936,0.456,0.035623413,builtup
0.397,0.4588,0.45,0.4268,0.0722131,builtup
0.3274,0.4006,0.378,0.3828,0.10054944,builtup
0.2518,0.3298,0.3262,0.3416,0.1341128,builtup
0.2142,0.2932,0.2968,0.3182,0.15569568,builtup
0.204,0.2774,0.2796,0.3066,0.15247194,builtup
0.1846,0.2452,0.2668,0.2686,0.14099582,builtup
0.196,0.2622,0.282,0.2844,0.14447841,builtup
0.207,0.269,0.288,0.3028,0.13025208,builtup
0.1944,0.2608,0.2832,0.2946,0.14586996,builtup
0.1944,0.2608,0.2832,0.2946,0.14586996,builtup
0.2132,0.229,0.2452,0.2508,0.035730436,builtup
0.202,0.2274,0.2424,0.2458,0.059152298,builtup
0.1308,0.1466,0.1584,0.158,0.05695746,builtup
0.0944,0.1094,0.1202,0.124,0.07360154,builtup
0.1436,0.162,0.188,0.179,0.060209423,builtup
0.248,0.2908,0.3144,0.2912,0.0794358,builtup
0.3012,0.337,0.3304,0.3308,0.05609528,builtup
0.2732,0.3234,0.31,0.322,0.08414345,builtup
0.2376,0.2834,0.2758,0.278,0.087907866,builtup
0.1684,0.216,0.2152,0.2236,0.12382934,builtup
0.1332,0.1718,0.1866,0.199,0.12655737,builtup
0.1382,0.1732,0.1858,0.2048,0.11239562,builtup
0.154,0.1918,0.2038,0.2192,0.109311745,builtup
0.16,0.2106,0.2208,0.2388,0.13653538,builtup
0.1716,0.2128,0.2272,0.243,0.10718001,builtup
0.1716,0.2128,0.2272,0.243,0.10718001,builtup
0.1808,0.2356,0.2498,0.2608,0.1316042,builtup
0.1438,0.166,0.1788,0.1802,0.071659096,builtup
0.201,0.2286,0.247,0.248,0.06424579,builtup
0.1596,0.1832,0.1886,0.1836,0.068844795,builtup
0.1236,0.1348,0.1498,0.1494,0.043343667,builtup
0.1648,0.192,0.2064,0.2072,0.07623318,builtup
0.227,0.277,0.3006,0.2852,0.09920637,builtup
0.1814,0.203,0.2194,0.2316,0.056191448,builtup
0.1596,0.1872,0.1844,0.2006,0.07958475,builtup
0.1334,0.155,0.1604,0.1786,0.07489601,builtup
0.1032,0.1204,0.1244,0.1548,0.07692304,builtup
0.0921,0.1102,0.1188,0.1472,0.08947108,builtup
0.0997,0.1192,0.1284,0.1438,0.08908179,builtup
0.1188,0.1394,0.1496,0.1628,0.07978314,builtup
0.1212,0.135,0.145,0.1726,0.053864177,builtup
0.1218,0.144,0.1526,0.175,0.083521426,builtup
0.1218,0.144,0.1526,0.175,0.083521426,builtup
0.1286,0.1552,0.1704,0.1948,0.09372798,builtup
0.0983,0.11,0.125,0.12,0.056168973,builtup
0.1524,0.1766,0.1804,0.183,0.07355621,builtup
0.1674,0.1798,0.1898,0.193,0.035714287,builtup
0.1556,0.16,0.155,0.1544,0.0139417,builtup
0.1458,0.166,0.1772,0.1816,0.064785115,builtup
0.2086,0.25,0.2722,0.2474,0.09027475,builtup
0.1698,0.2062,0.2192,0.2138,0.09680853,builtup
0.112,0.1322,0.1358,0.1526,0.08271908,builtup
0.1052,0.1244,0.128,0.1484,0.083623685,builtup
0.0924,0.107,0.1128,0.145,0.073219664,builtup
0.0927,0.1007,0.1064,0.1432,0.041365054,builtup
0.1124,0.1224,0.1306,0.1553,0.042589426,builtup
0.1726,0.1852,0.1952,0.2038,0.035215218,builtup
0.1758,0.197,0.202,0.225,0.05686696,builtup
0.1216,0.1444,0.1566,0.182,0.08571428,builtup
0.1216,0.1444,0.1566,0.182,0.08571428,builtup
0.13,0.1598,0.1676,0.1876,0.10282953,builtup
0.1376,0.15,0.1576,0.1586,0.04311544,builtup
0.1382,0.1489,0.1538,0.1536,0.03726925,builtup
0.1457,0.1454,0.149,0.1494,-0.00103054,builtup
0.1529,0.1589,0.1602,0.1623,0.019243095,builtup
0.1419,0.1539,0.1547,0.1647,0.040567935,builtup
0.1442,0.1571,0.1634,0.1625,0.042814504,builtup
0.1484,0.154,0.1625,0.1645,0.018518537,builtup
0.1391,0.1485,0.153,0.1565,0.03268427,builtup
0.1303,0.1382,0.1473,0.1526,0.029422717,builtup
0.1304,0.1449,0.148,0.1502,0.052669786,builtup
0.1349,0.141,0.1488,0.1486,0.022109456,builtup
0.129,0.1394,0.1387,0.1377,0.03874818,builtup
0.1345,0.1375,0.1413,0.1435,0.011029433,builtup
0.1448,0.1484,0.1581,0.1574,0.012278262,builtup
0.1448,0.1484,0.1581,0.1574,0.012278262,builtup
0.1371,0.1403,0.1547,0.1491,0.011535722,builtup
0.1363,0.1434,0.1477,0.1516,0.025384346,builtup
0.1377,0.1398,0.1379,0.1459,0.0075675347,builtup
0.133,0.1391,0.1412,0.148,0.022418225,builtup
0.13,0.1438,0.1463,0.1565,0.05040179,builtup
0.1284,0.1329,0.1349,0.1354,0.01722159,builtup
0.1221,0.1249,0.1363,0.1339,0.011336013,builtup
0.1304,0.1353,0.1362,0.1391,0.018441828,builtup
0.1338,0.1355,0.1368,0.137,0.006312659,builtup
0.1282,0.1391,0.1478,0.1389,0.04077817,builtup
0.1413,0.1513,0.1527,0.159,0.034176372,builtup
0.1528,0.152,0.1544,0.1562,-0.0026246677,builtup
0.1428,0.1512,0.1624,0.1708,0.028571405,builtup
0.1332,0.1445,0.1532,0.16,0.040691383,builtup
0.1395,0.1493,0.1585,0.16665,0.033933472,builtup
0.1501,0.1641,0.1661,0.17035,0.044557653,builtup
0.1367,0.1501,0.1587,0.1688,0.046722416,builtup
0.147,0.1562,0.1609,0.1718,0.03034303,builtup
0.1655,0.1798,0.1855,0.1939,0.041413274,builtup
0.1702,0.1815,0.1959,0.201,0.03212965,builtup
0.1722,0.1832,0.2051,0.206,0.030951062,builtup
0.1687,0.1825,0.1843,0.1944,0.03929388,builtup
0.1429,0.1655,0.1641,0.16805,0.07328144,builtup
0.1387,0.1382,0.1446,0.15,-0.0018056828,builtup
0.1443,0.149,0.1563,0.1613,0.016024565,builtup
0.1443,0.149,0.1563,0.1613,0.016024565,builtup
0.1539,0.1738,0.1883,0.1896,0.0607263,builtup
0.1455,0.156,0.1653,0.18855,0.034825865,builtup
0.1383,0.1476,0.1555,0.1704,0.032528833,builtup
0.1426,0.1438,0.1599,0.1715,0.0041899625,builtup
0.1439,0.1496,0.1565,0.1667,0.019420756,builtup
0.1435,0.1549,0.1606,0.1679,0.038203754,builtup
0.1465,0.1647,0.167,0.173,0.05848327,builtup
0.1326,0.1434,0.1579,0.1702,0.03913045,builtup
0.1304,0.1433,0.1605,0.1566,0.047131877,builtup
0.1284,0.1511,0.1573,0.1532,0.08121645,builtup
0.1336,0.1569,0.1658,0.1679,0.080206566,builtup
0.1356,0.1436,0.1635,0.1629,0.028653298,builtup
0.1224,0.1328,0.1566,0.1668,0.04075234,builtup
0.1672,0.1842,0.1988,0.2134,0.048377927,builtup
0.1791,0.194,0.2066,0.214,0.03993567,builtup
0.192,0.2052,0.2162,0.2262,0.03323263,builtup
0.1868,0.212,0.2206,0.226,0.06318955,builtup
0.1553,0.1722,0.1829,0.1947,0.05160302,builtup
0.1518,0.1684,0.1773,0.1832,0.05184259,builtup
0.2347,0.2598,0.2658,0.2505,0.05075833,builtup
0.203,0.2342,0.2519,0.2617,0.07136323,builtup
0.1958,0.2248,0.2372,0.2373,0.06894912,builtup
0.1906,0.2092,0.2211,0.2273,0.046523266,builtup
0.156,0.1724,0.1814,0.1858,0.04993908,builtup
0.1421,0.1551,0.1633,0.1657,0.043741573,builtup
0.1443,0.1575,0.1917,0.1892,0.04373757,builtup
0.1443,0.1575,0.1917,0.1892,0.04373757,builtup
0.1333,0.1652,0.217,0.2334,0.106867634,builtup
0.1458,0.1626,0.1811,0.215,0.054474715,builtup
0.1417,0.1609,0.1908,0.21,0.06345009,builtup
0.1439,0.1656,0.2118,0.2204,0.07011307,builtup
0.1599,0.1745,0.2223,0.2186,0.043660313,builtup
0.1686,0.193,0.2279,0.239,0.06747791,builtup
0.185,0.21,0.226,0.2274,0.06329112,builtup
0.1842,0.2078,0.206,0.2194,0.06020407,builtup
0.1932,0.2552,0.2438,0.238,0.13826938,builtup
0.2094,0.2644,0.2614,0.2548,0.11608275,builtup
0.2136,0.2764,0.2656,0.2632,0.12816328,builtup
0.1672,0.196,0.2006,0.215,0.07929514,builtup
0.1144,0.1284,0.1676,0.1856,0.05766062,builtup
0.188,0.2056,0.2094,0.2206,0.04471545,builtup
0.1966,0.2221,0.2188,0.2294,0.060902793,builtup
0.1929,0.2184,0.2323,0.2417,0.06199854,builtup
0.1889,0.2202,0.2295,0.2415,0.07650943,builtup
0.1533,0.1755,0.1908,0.2034,0.06751826,builtup
0.1486,0.1607,0.1831,0.1803,0.03912058,builtup
0.2331,0.2684,0.2658,0.2599,0.07038887,builtup
0.2147,0.2435,0.2613,0.264,0.06285464,builtup
0.1775,0.2098,0.2307,0.2282,0.08339791,builtup
0.1724,0.2019,0.2153,0.2257,0.078813806,builtup
0.1613,0.1811,0.1936,0.2065,0.057827078,builtup
0.1407,0.1594,0.1676,0.1769,0.062312573,builtup
0.1375,0.149,0.183,0.1883,0.04013962,builtup
0.1375,0.149,0.183,0.1883,0.04013962,builtup
0.1126,0.1271,0.1953,0.215,0.06049231,builtup
0.185,0.1943,0.2171,0.2361,0.024518834,builtup
0.3011,0.2985,0.303,0.3395,-0.0043361983,builtup
0.2975,0.2981,0.3272,0.3514,0.0010073545,builtup
0.305,0.3301,0.3536,0.3818,0.03952132,builtup
0.3421,0.3636,0.384,0.4138,0.030466193,builtup
0.306,0.3356,0.3308,0.3526,0.046134654,builtup
0.2492,0.2878,0.3074,0.3002,0.07188084,builtup
0.2758,0.3516,0.3414,0.347,0.120816074,builtup
0.2714,0.3606,0.348,0.3474,0.14113922,builtup
0.2756,0.3724,0.3516,0.3516,0.14938271,builtup
0.1982,0.2424,0.2568,0.2646,0.100317754,builtup
0.1136,0.1324,0.1804,0.1952,0.07642278,builtup
0.1824,0.1964,0.2184,0.2236,0.036958814,builtup
0.1897,0.2043,0.2265,0.2204,0.037055824,builtup
0.1935,0.2068,0.2292,0.2225,0.033225086,builtup
0.1988,0.2196,0.24,0.23655,0.049713217,builtup
0.1742,0.2055,0.2191,0.2193,0.08243352,builtup
0.1414,0.1686,0.1807,0.192,0.08774193,builtup
0.2075,0.2304,0.237,0.2447,0.052295044,builtup
0.1938,0.2185,0.2355,0.2388,0.05990784,builtup
0.1706,0.1949,0.2096,0.213,0.066484295,builtup
0.1735,0.1995,0.2109,0.213,0.06970508,builtup
0.1578,0.1796,0.1871,0.1949,0.064611726,builtup
0.1455,0.1573,0.1718,0.179,0.038969588,builtup
0.1352,0.1462,0.1758,0.1755,0.03909029,builtup
0.1352,0.1462,0.1758,0.1755,0.03909029,builtup
0.1078,0.1215,0.1759,0.187,0.059747063,builtup
0.2463,0.2587,0.2873,0.31045,0.024554487,builtup
0.4518,0.4524,0.469,0.4884,0.00066358125,builtup
0.4644,0.4754,0.5028,0.5246,0.011704626,builtup
0.4544,0.5014,0.5508,0.5604,0.04917346,builtup
0.4642,0.523,0.5702,0.5766,0.05956241,builtup
0.3938,0.4228,0.4664,0.4576,0.03551312,builtup
0.2842,0.3594,0.3664,0.347,0.11684275,builtup
0.2894,0.4,0.3894,0.374,0.16042934,builtup
0.2864,0.3978,0.3904,0.3727,0.16281791,builtup
0.2878,0.3886,0.3642,0.3596,0.14902422,builtup
0.2082,0.2692,0.275,0.2798,0.12777546,builtup
0.1194,0.1366,0.1816,0.2016,0.067187496,builtup
0.19,0.2318,0.2392,0.2302,0.099099115,builtup
0.1877,0.222,0.232,0.2319,0.08371979,builtup
0.1757,0.2174,0.2347,0.2372,0.10607989,builtup
0.1882,0.2375,0.2556,0.2388,0.115809254,builtup
0.1913,0.2339,0.2505,0.236,0.10018813,builtup
0.1788,0.1908,0.2009,0.2072,0.032467518,builtup
0.1744,0.2055,0.2064,0.23375,0.08186366,builtup
0.171,0.1935,0.2037,0.2161,0.06172838,builtup
0.1656,0.1896,0.1964,0.1951,0.06756758,builtup
0.1654,0.1947,0.2031,0.2036,0.0813663,builtup
0.1559,0.1787,0.1842,0.1875,0.06814106,builtup
0.1462,0.1642,0.1736,0.1804,0.05798966,builtup
0.1462,0.1642,0.1736,0.1804,0.05798966,builtup
0.1467,0.1565,0.1748,0.1765,0.032321904,builtup
0.1061,0.1176,0.1416,0.1543,0.051408138,builtup
0.2431,0.2597,0.281,0.3022,0.033015113,builtup
0.4818,0.4974,0.5492,0.5766,0.015931368,builtup
0.4966,0.5272,0.578,0.6018,0.029888632,builtup
0.482,0.5334,0.5722,0.5898,0.050620455,builtup
0.4718,0.5382,0.5786,0.587,0.0657426,builtup
0.4388,0.4752,0.5156,0.5192,0.039824933,builtup
0.3286,0.3992,0.408,0.3942,0.097004674,builtup
0.3022,0.4062,0.398,0.3806,0.14680971,builtup
0.3046,0.4038,0.388,0.3769,0.14003389,builtup
0.2932,0.3946,0.382,0.3636,0.1474266,builtup
0.234,0.303,0.2966,0.2994,0.12849163,builtup
0.1262,0.133,0.1816,0.2102,0.026234552,builtup
0.1826,0.2108,0.223,0.22,0.071682766,builtup
0.1995,0.2253,0.2419,0.2436,0.060734477,builtup
0.1988,0.2154,0.2383,0.2403,0.04007725,builtup
0.1827,0.2256,0.2384,0.2467,0.10506983,builtup
0.1818,0.2151,0.2302,0.2335,0.08390026,builtup
0.1919,0.2037,0.2167,0.2185,0.029828124,builtup
0.1738,0.1944,0.199,0.2256,0.05594783,builtup
0.1767,0.1953,0.197,0.2161,0.05000001,builtup
0.1745,0.1922,0.1856,0.1991,0.048268344,builtup
0.1743,0.1937,0.2009,0.2038,0.05271739,builtup
0.1643,0.1849,0.1868,0.19055,0.058992,builtup
0.1635,0.1833,0.1976,0.1957,0.057093445,builtup
0.1635,0.1833,0.1976,0.1957,0.057093445,builtup
0.156,0.1674,0.1866,0.1842,0.03525046,builtup
0.1133,0.1202,0.1403,0.1568,0.02955031,builtup
0.202,0.2272,0.2428,0.2876,0.058713876,builtup
0.45,0.4804,0.5126,0.549,0.032674126,builtup
0.5082,0.536,0.5894,0.6106,0.026623277,builtup
0.48,0.5352,0.581,0.59405,0.054373533,builtup
0.4828,0.5356,0.581,0.5852,0.051846035,builtup
0.4584,0.5108,0.528,0.5464,0.0540652,builtup
0.3628,0.4192,0.4276,0.4308,0.07212276,builtup
0.2988,0.4036,0.385,0.3708,0.14920276,builtup
0.2944,0.3942,0.376,0.3762,0.14493173,builtup
0.2866,0.37,0.3562,0.3516,0.12701799,builtup
0.231,0.3154,0.2958,0.3116,0.15446559,builtup
0.1222,0.1382,0.1862,0.2084,0.061443944,builtup
0.1708,0.1942,0.2052,0.2072,0.06410957,builtup
0.1803,0.2041,0.222,0.2197,0.06191467,builtup
0.1802,0.2031,0.2202,0.2284,0.059744325,builtup
0.1756,0.1993,0.2186,0.2257,0.06321685,builtup
0.1768,0.1944,0.2113,0.2095,0.047413792,builtup
0.1714,0.1862,0.2054,0.2055,0.04138702,builtup
0.1648,0.1825,0.1975,0.2062,0.05096459,builtup
0.1762,0.187,0.194,0.2031,0.029735694,builtup
0.176,0.1913,0.1925,0.2028,0.04165534,builtup
0.176,0.1976,0.2052,0.2017,0.057815865,builtup
0.1772,0.1871,0.1901,0.2034,0.027175372,builtup
0.1726,0.1887,0.2008,0.1947,0.04456132,builtup
0.1726,0.1887,0.2008,0.1947,0.04456132,builtup
0.1513,0.162,0.1769,0.18485,0.034152575,builtup
0.1314,0.151,0.162,0.1832,0.06940506,builtup
0.1859,0.1935,0.2357,0.2716,0.020031614,builtup
0.4212,0.4486,0.4764,0.5008,0.03150148,builtup
0.4972,0.524,0.5576,0.606,0.026243614,builtup
0.458,0.4744,0.5254,0.5412,0.017589027,builtup
0.3654,0.4027,0.4202,0.4354,0.04856141,builtup
0.3426,0.4104,0.43,0.4296,0.09003986,builtup
0.33,0.3576,0.368,0.3772,0.0401396,builtup
0.258,0.322,0.3124,0.3266,0.11034485,builtup
0.2364,0.3226,0.3,0.3064,0.15420395,builtup
0.2192,0.291,0.277,0.281,0.14072913,builtup
0.1832,0.235,0.2374,0.241,0.12386417,builtup
0.1272,0.1466,0.1824,0.1938,0.07085458,builtup
0.1513,0.1733,0.1949,0.1902,0.06777573,builtup
0.1774,0.1968,0.216,0.2235,0.051843937,builtup
0.1804,0.2031,0.225,0.2242,0.05919165,builtup
0.1788,0.2,0.2219,0.2271,0.055966213,builtup
0.1719,0.1929,0.2118,0.22,0.057565782,builtup
0.162,0.1764,0.1904,0.2003,0.042553205,builtup
0.1728,0.187,0.1944,0.2,0.039466374,builtup
0.1715,0.1901,0.1938,0.1992,0.05143806,builtup
0.1747,0.192,0.1959,0.2047,0.047177516,builtup
0.1788,0.1992,0.2061,0.2069,0.05396826,builtup
0.1638,0.1807,0.197,0.1995,0.049056612,builtup
0.1587,0.1753,0.1836,0.1836,0.049700595,builtup
0.1587,0.1753,0.1836,0.1836,0.049700595,builtup
0.1445,0.1524,0.1685,0.1765,0.026608285,builtup
0.1873,0.1934,0.2163,0.2316,0.016023112,builtup
0.228,0.2375,0.2736,0.3097,0.020408157,builtup
0.4089,0.4233,0.462,0.4902,0.01730354,builtup
0.498,0.5264,0.5784,0.5834,0.027723579,builtup
0.4054,0.4396,0.4712,0.4904,0.04047335,builtup
0.2975,0.3162,0.338,0.337,0.03047087,builtup
0.2605,0.2746,0.2885,0.2896,0.026350189,builtup
0.2268,0.2565,0.2716,0.2644,0.061452538,builtup
0.1805,0.2108,0.2222,0.2269,0.077434205,builtup
0.1741,0.2032,0.2132,0.219,0.07712696,builtup
0.1672,0.1931,0.2085,0.2128,0.07188456,builtup
0.1625,0.1869,0.199,0.2055,0.06983404,builtup
0.1274,0.1416,0.1702,0.185,0.052788112,builtup
0.146,0.1669,0.185,0.18095,0.06679449,builtup
0.1737,0.1931,0.2168,0.2238,0.052889857,builtup
0.1818,0.2032,0.2264,0.2254,0.05558443,builtup
0.1824,0.2042,0.2293,0.2296,0.056389023,builtup
0.1802,0.1935,0.2168,0.2272,0.03559005,builtup
0.1621,0.1755,0.186,0.1959,0.039691955,builtup
0.1717,0.1833,0.1981,0.1967,0.032676063,builtup
0.1786,0.1997,0.1993,0.2038,0.055775836,builtup
0.1821,0.1983,0.2008,0.1969,0.042586766,builtup
0.1777,0.2011,0.2091,0.2069,0.061774045,builtup
0.1706,0.1914,0.2003,0.2064,0.05745859,builtup
0.1706,0.1914,0.2003,0.2064,0.05745859,builtup
0.1623,0.1821,0.1858,0.1857,0.05749127,builtup
0.1378,0.1551,0.1749,0.1812,0.05906456,builtup
0.2546,0.2707,0.281,0.2954,0.030649187,builtup
0.3163,0.3475,0.3639,0.3849,0.047002096,builtup
0.3944,0.3912,0.4358,0.4748,-0.004073313,builtup
0.515,0.5292,0.5754,0.585,0.013598959,builtup
0.3833,0.4006,0.4282,0.4594,0.022069115,builtup
0.2162,0.2242,0.251,0.2754,0.018165307,builtup
0.1749,0.1842,0.1989,0.2116,0.025898103,builtup
0.1686,0.1894,0.1994,0.21,0.05810059,builtup
0.169,0.1906,0.1989,0.2078,0.06006672,builtup
0.1632,0.183,0.1978,0.2006,0.057192355,builtup
0.1552,0.1726,0.1888,0.1963,0.053081136,builtup
0.1456,0.1657,0.182,0.1949,0.06456793,builtup
0.1244,0.1386,0.157,0.1788,0.053992428,builtup
0.1445,0.1609,0.1711,0.1809,0.053700045,builtup
0.1758,0.1949,0.2179,0.2145,0.05152417,builtup
0.1825,0.2021,0.2255,0.2275,0.050962012,builtup
0.1861,0.2083,0.2258,0.2306,0.056288004,builtup
0.1792,0.2062,0.2223,0.2203,0.07005711,builtup
0.163,0.1843,0.1994,0.2032,0.06133027,builtup
0.1692,0.1866,0.193,0.1944,0.048903868,builtup
0.1771,0.1909,0.1991,0.2015,0.037499987,builtup
0.1784,0.1926,0.1943,0.1931,0.03827494,builtup
0.1769,0.2063,0.2065,0.2016,0.07672235,builtup
0.1752,0.2047,0.209,0.2107,0.077652,builtup
0.1752,0.2047,0.209,0.2107,0.077652,builtup
0.1738,0.1899,0.1997,0.1928,0.044267222,builtup
0.1388,0.1506,0.1653,0.1733,0.04077404,builtup
0.2461,0.2533,0.2602,0.286,0.014417335,builtup
0.3306,0.376,0.3928,0.4128,0.06425134,builtup
0.4002,0.415,0.4434,0.4608,0.018155033,builtup
0.4854,0.5088,0.5512,0.579,0.02353655,builtup
0.4206,0.4264,0.472,0.4894,0.006847708,builtup
0.236,0.2395,0.2594,0.2791,0.0073606726,builtup
0.1646,0.1817,0.194,0.2031,0.04937917,builtup
0.16,0.1836,0.194,0.198,0.06868451,builtup
0.1539,0.1732,0.1876,0.194,0.059003364,builtup
0.1378,0.1577,0.1784,0.1842,0.06734352,builtup
0.1327,0.1503,0.1688,0.1768,0.062190816,builtup
0.1277,0.1435,0.158,0.1723,0.058259584,builtup
0.1216,0.1344,0.145,0.1604,0.04999998,builtup
0.03145,0.0496,0.0294,0.2924,0.22393586,trees
0.03065,0.04795,0.0289,0.2778,0.22010179,trees
0.03155,0.04755,0.029,0.2881,0.20227559,trees
0.0311,0.05045,0.02865,0.303,0.23727776,trees
0.0301,0.04785,0.0287,0.2773,0.2277101,trees
0.03065,0.0456,0.02915,0.2553,0.19606559,trees
0.03195,0.04945,0.0313,0.2707,0.2149877,trees
0.03345,0.0524,0.0329,0.2986,0.22073384,trees
0.0316,0.05035,0.0324,0.285,0.22879808,trees
0.02845,0.0436,0.02845,0.27135,0.21027067,trees
0.0322,0.0491,0.0308,0.2862,0.20787206,trees
0.0323,0.05125,0.0334,0.3027,0.2268103,trees
0.0303,0.0496,0.03025,0.31085,0.24155194,trees
0.0298,0.0506,0.0283,0.3181,0.25870648,trees
0.0297,0.05265,0.0279,0.3192,0.27868852,trees
0.02895,0.0485,0.02795,0.2965,0.25242093,trees
0.0297,0.0504,0.02875,0.2911,0.25842696,trees
0.0293,0.04965,0.02855,0.2868,0.25775805,trees
0.0302,0.05175,0.0272,0.3129,0.2629652,trees
0.0317,0.05745,0.03065,0.3138,0.28883904,trees
0.0317,0.05745,0.03065,0.3138,0.28883904,trees
0.0347,0.06475,0.03335,0.3615,0.3021619,trees
0.03285,0.06265,0.0315,0.3659,0.31204188,trees
0.03145,0.05595,0.03155,0.3198,0.28032038,trees
0.0303,0.04925,0.03145,0.2895,0.23821494,trees
0.03125,0.05015,0.02925,0.286,0.23218673,trees
0.0291,0.0453,0.02545,0.2777,0.21774192,trees
0.0274,0.04255,0.02515,0.2388,0.2165833,trees
0.03,0.045,0.02795,0.2415,0.20000002,trees
0.0324,0.05005,0.0322,0.2631,0.21406914,trees
0.03235,0.0502,0.03065,0.282,0.21623258,trees
0.03005,0.04905,0.0289,0.2866,0.24020228,trees
0.02845,0.04705,0.02915,0.2651,0.24635763,trees
0.02955,0.0464,0.02975,0.248,0.2218565,trees
0.0303,0.04505,0.02895,0.2384,0.19575313,trees
0.0308,0.04635,0.0281,0.24795,0.20155539,trees
0.03155,0.04825,0.0301,0.2678,0.20927317,trees
0.02995,0.0483,0.0291,0.2744,0.23450479,trees
0.02945,0.0494,0.02975,0.2681,0.25301206,trees
0.0319,0.0527,0.0294,0.2678,0.2458629,trees
0.03245,0.0528,0.03245,0.2615,0.23870964,trees
0.03265,0.04965,0.0363,0.2403,0.20656133,trees
0.03215,0.04925,0.03285,0.2612,0.2100737,trees
0.03075,0.0491,0.03115,0.2634,0.22980587,trees
0.0322,0.0518,0.03165,0.2804,0.23333332,trees
0.03325,0.053,0.03225,0.2934,0.2289855,trees
0.0303,0.05095,0.03015,0.2841,0.25415382,trees
0.03125,0.05105,0.03175,0.2804,0.24058323,trees
0.03245,0.0562,0.034,0.3001,0.2679075,trees
0.03265,0.05525,0.0333,0.2841,0.25711036,trees
0.03265,0.05525,0.0333,0.2841,0.25711036,trees
0.03165,0.05245,0.0335,0.2959,0.24732463,trees
0.03435,0.057,0.03485,0.3176,0.24794744,trees
0.0338,0.055,0.03615,0.2985,0.23873876,trees
0.0334,0.0527,0.03375,0.3109,0.22415799,trees
0.03655,0.0565,0.03765,0.3183,0.21440084,trees
0.03525,0.0574,0.03785,0.2932,0.23907177,trees
0.03185,0.0511,0.03455,0.2704,0.23206754,trees
0.03025,0.0513,0.0318,0.2901,0.25812384,trees
0.02965,0.05055,0.02955,0.3004,0.26059848,trees
0.0306,0.05105,0.03055,0.3051,0.25045925,trees
0.03215,0.05495,0.0314,0.3096,0.26176807,trees
0.02865,0.04825,0.0284,0.2606,0.25487643,trees
0.02895,0.04545,0.02875,0.2537,0.22177416,trees
0.02925,0.0473,0.0297,0.25965,0.2357936,trees
0.0295,0.04785,0.02865,0.2796,0.23723336,trees
0.02875,0.0446,0.02775,0.25835,0.21608724,trees
0.03185,0.0486,0.0308,0.2645,0.20820387,trees
0.032,0.0504,0.0324,0.284,0.22330095,trees
0.03105,0.0514,0.03185,0.3029,0.24681622,trees
0.02855,0.04345,0.02755,0.27865,0.20694444,trees
0.02955,0.04455,0.0286,0.2806,0.20242918,trees
0.03095,0.0511,0.03235,0.3062,0.24558195,trees
0.0321,0.05275,0.0335,0.3134,0.24337065,trees
0.03055,0.05255,0.02955,0.3094,0.26474127,trees
0.0291,0.04875,0.02785,0.3022,0.25240844,trees
0.03035,0.04975,0.0265,0.3097,0.24219726,trees
0.03025,0.0504,0.02625,0.3093,0.24984501,trees
0.031,0.05135,0.0281,0.3145,0.24711598,trees
0.031,0.0526,0.0288,0.32575,0.2583732,trees
0.03155,0.0555,0.0298,0.3393,0.2751292,trees
0.03155,0.0555,0.0298,0.3393,0.2751292,trees
0.03275,0.05905,0.03135,0.3417,0.28649238,trees
0.0348,0.06275,0.0334,0.3574,0.2865197,trees
0.0322,0.06085,0.0305,0.3499,0.30789894,trees
0.0292,0.05085,0.0264,0.2855,0.27045596,trees
0.0283,0.0457,0.0256,0.2677,0.23513511,trees
0.0287,0.0475,0.02685,0.2725,0.24671915,trees
0.0285,0.0452,0.0265,0.2621,0.22659431,trees
0.02795,0.0444,0.025,0.2483,0.22736697,trees
0.0304,0.0453,0.028,0.2401,0.19682957,trees
0.03225,0.04945,0.0315,0.2602,0.21052633,trees
0.03135,0.05015,0.0295,0.2748,0.23067482,trees
0.0302,0.04845,0.02805,0.2806,0.23204069,trees
0.0296,0.04455,0.02755,0.2626,0.20161836,trees
0.02955,0.0455,0.02765,0.2499,0.212525,trees
0.0284,0.0437,0.0268,0.2376,0.21220525,trees
0.0308,0.04635,0.0281,0.24795,0.20155539,trees
0.03115,0.04655,0.0294,0.2616,0.19819818,trees
0.0295,0.0485,0.0294,0.2675,0.24358976,trees
0.0303,0.04805,0.0288,0.2528,0.22654755,trees
0.0314,0.05105,0.0304,0.2676,0.23832627,trees
0.03185,0.0522,0.0314,0.2771,0.2421178,trees
0.03065,0.0504,0.0331,0.2561,0.24367675,trees
0.03135,0.0481,0.0331,0.2516,0.21082439,trees
0.02985,0.0458,0.0312,0.2566,0.21083939,trees
0.03115,0.0485,0.03135,0.2693,0.21782802,trees
0.03125,0.05125,0.031,0.2757,0.24242425,trees
0.0314,0.0517,0.03125,0.2882,0.244284,trees
0.032,0.05275,0.03165,0.2933,0.24483773,trees
0.03195,0.0572,0.03265,0.3055,0.2832305,trees
0.03095,0.0558,0.0316,0.292,0.2864553,trees
0.03095,0.0558,0.0316,0.292,0.2864553,trees
0.03245,0.0544,0.0321,0.3068,0.25273457,trees
0.03305,0.0557,0.03425,0.3229,0.25521126,trees
0.03425,0.05455,0.0358,0.3085,0.22860362,trees
0.03455,0.055,0.03605,0.317,0.22836404,trees
0.03565,0.05495,0.0364,0.3116,0.21302427,trees
0.0325,0.05095,0.0339,0.2782,0.22109048,trees
0.03275,0.0521,0.0348,0.2686,0.2280495,trees
0.0314,0.05215,0.0318,0.30005,0.2483543,trees
0.0308,0.05105,0.0303,0.29155,0.24740379,trees
0.0314,0.05185,0.03215,0.29395,0.24564564,trees
0.0302,0.05235,0.0314,0.2983,0.2683222,trees
0.0302,0.04535,0.0289,0.25255,0.20052943,trees
0.03105,0.0456,0.03035,0.2485,0.18982388,trees
0.03115,0.04945,0.0308,0.2655,0.22704713,trees
0.02985,0.04905,0.0293,0.2934,0.24334599,trees
0.02855,0.046,0.02705,0.266,0.23407108,trees
0.03065,0.0489,0.0304,0.2764,0.22941549,trees
0.03085,0.04915,0.03075,0.28185,0.22875,trees
0.0299,0.05005,0.0282,0.2951,0.25203252,trees
0.02705,0.04345,0.0244,0.28355,0.23262414,trees
0.03085,0.0477,0.0284,0.3023,0.21451303,trees
0.03215,0.0538,0.032,0.3302,0.25189063,trees
0.03315,0.054,0.03225,0.3367,0.23924272,trees
0.0321,0.05455,0.03015,0.3341,0.25908828,trees
0.0307,0.0513,0.029,0.3086,0.2512195,trees
0.0325,0.0567,0.03035,0.3293,0.27130046,trees
0.03395,0.0569,0.0299,0.3526,0.25261417,trees
0.0329,0.05765,0.0295,0.3541,0.27332962,trees
0.0323,0.05875,0.0304,0.3612,0.29049975,trees
0.0332,0.0594,0.03135,0.3605,0.28293735,trees
0.0332,0.0594,0.03135,0.3605,0.28293735,trees
0.0325,0.05905,0.03195,0.3428,0.29000548,trees
0.03315,0.05905,0.03305,0.3422,0.2809111,trees
0.03165,0.05395,0.02785,0.3055,0.26051402,trees
0.02825,0.0447,0.0251,0.2659,0.22549693,trees
0.0294,0.0459,0.02595,0.2585,0.21912348,trees
0.0309,0.04915,0.02875,0.2606,0.22798254,trees
0.03005,0.04715,0.0279,0.2765,0.22150259,trees
0.02885,0.0468,0.0269,0.262,0.23727691,trees
0.0312,0.04845,0.0299,0.2404,0.21657252,trees
0.032,0.05085,0.03115,0.2644,0.22751959,trees
0.0307,0.0477,0.02885,0.2716,0.21683672,trees
0.02955,0.0459,0.028,0.276,0.21669981,trees
0.0284,0.04605,0.02695,0.26755,0.23707187,trees
0.0308,0.04635,0.02685,0.2549,0.20155539,trees
0.0292,0.04555,0.027,0.2482,0.2187291,trees
0.0298,0.04665,0.02775,0.2553,0.2204055,trees
0.029,0.04475,0.02695,0.243,0.21355934,trees
0.02905,0.043,0.0283,0.2315,0.19361556,trees
0.0281,0.0448,0.02795,0.2393,0.22908092,trees
0.0309,0.05105,0.03125,0.2686,0.24588163,trees
0.032,0.05505,0.03085,0.2777,0.26479033,trees
0.0322,0.05355,0.03455,0.2762,0.2489796,trees
0.03295,0.0531,0.03525,0.2673,0.23416619,trees
0.0326,0.04885,0.032,0.2756,0.19950889,trees
0.0307,0.0464,0.02945,0.2683,0.20363164,trees
0.03145,0.0512,0.0294,0.2809,0.23895946,trees
0.03235,0.0551,0.03155,0.2918,0.26014867,trees
0.0318,0.05405,0.0309,0.28505,0.25917295,trees
0.03135,0.0561,0.03115,0.3023,0.28301886,trees
0.03165,0.05835,0.03085,0.3197,0.29666668,trees
0.03165,0.05835,0.03085,0.3197,0.29666668,trees
0.03165,0.05595,0.03345,0.3225,0.27739727,trees
0.032,0.0556,0.03515,0.3218,0.26940635,trees
0.0328,0.05455,0.03675,0.3181,0.24899828,trees
0.0338,0.0535,0.03455,0.3109,0.22565867,trees
0.03245,0.05305,0.0335,0.2999,0.24093565,trees
0.0316,0.04955,0.03175,0.2685,0.22119536,trees
0.03215,0.0519,0.03295,0.2932,0.23497917,trees
0.0313,0.05465,0.03125,0.31505,0.27166957,trees
0.03175,0.0531,0.03295,0.2972,0.2516205,trees
0.0323,0.0555,0.03435,0.3084,0.26423693,trees
0.0326,0.0543,0.0344,0.3119,0.2497123,trees
0.02955,0.04585,0.0278,0.25865,0.2161804,trees
0.0314,0.04765,0.03095,0.2645,0.2055661,trees
0.0323,0.0525,0.0313,0.2936,0.23820755,trees
0.0309,0.0494,0.0305,0.3077,0.23038606,trees
0.02985,0.04795,0.0273,0.3003,0.2326478,trees
0.029,0.04905,0.0296,0.28575,0.2568866,trees
0.0295,0.0463,0.02815,0.2864,0.2216359,trees
0.0303,0.0499,0.0298,0.29905,0.244389,trees
0.02775,0.04755,0.0274,0.30375,0.26294822,trees
0.03165,0.0497,0.0286,0.3096,0.22188076,trees
0.0322,0.0549,0.03,0.344,0.26062,trees
0.03255,0.05595,0.0315,0.352,0.2644068,trees
0.03215,0.0566,0.0307,0.3512,0.27549294,trees
0.03155,0.05905,0.03255,0.3471,0.303532,trees
0.03375,0.0628,0.033,0.3675,0.3008803,trees
0.0339,0.06115,0.03105,0.3526,0.28669122,trees
0.0323,0.05895,0.03015,0.3509,0.2920548,trees
0.03255,0.0596,0.03095,0.3602,0.29354313,trees
0.0339,0.06035,0.0309,0.351,0.2806366,trees
0.0339,0.06035,0.0309,0.351,0.2806366,trees
0.0343,0.0581,0.0317,0.3277,0.25757575,trees
0.03095,0.05485,0.02995,0.3081,0.2785548,trees
0.0309,0.0528,0.02855,0.3054,0.26164874,trees
0.0295,0.0508,0.02665,0.3037,0.26525527,trees
0.0317,0.0504,0.0282,0.282,0.227771,trees
0.03115,0.04905,0.0292,0.264,0.223192,trees
0.03035,0.04825,0.029,0.262,0.22773537,trees
0.03055,0.0458,0.0263,0.2524,0.19973806,trees
0.03205,0.0481,0.02985,0.2523,0.20024955,trees
0.03335,0.0501,0.032,0.2755,0.200719,trees
0.03085,0.0476,0.0295,0.2684,0.2135118,trees
0.03045,0.04815,0.0277,0.2804,0.22519085,trees
0.02715,0.04295,0.02575,0.257,0.22539231,trees
0.03,0.0448,0.0272,0.2499,0.19786096,trees
0.0288,0.0446,0.02755,0.2495,0.21525885,trees
0.02855,0.0449,0.0265,0.24835,0.2226004,trees
0.029,0.04475,0.02695,0.243,0.21355934,trees
0.0302,0.04405,0.02785,0.2363,0.18653199,trees
0.03175,0.047,0.02995,0.2538,0.19365077,trees
0.0324,0.0512,0.03105,0.2813,0.22488035,trees
0.0314,0.0518,0.02965,0.276,0.24519233,trees
0.0315,0.0495,0.0323,0.2583,0.22222221,trees
0.03365,0.0547,0.0357,0.2777,0.23825692,trees
0.0321,0.05145,0.0312,0.2786,0.23159784,trees
0.02965,0.0448,0.02785,0.2488,0.20349224,trees
0.03005,0.04955,0.03055,0.275,0.24497488,trees
0.0315,0.05175,0.03075,0.2786,0.24324325,trees
0.03035,0.04995,0.0297,0.264,0.24408467,trees
0.0304,0.0508,0.0303,0.2781,0.2512315,trees
0.0304,0.0508,0.0303,0.2781,0.2512315,trees
0.0303,0.0529,0.03065,0.2898,0.2716346,trees
0.03105,0.05615,0.03265,0.3112,0.28784403,trees
0.0303,0.05405,0.0325,0.3107,0.2815649,trees
0.0314,0.0508,0.0321,0.29715,0.23600975,trees
0.033,0.0526,0.03345,0.3038,0.22897196,trees
0.0349,0.05565,0.03715,0.2919,0.22915518,trees
0.035,0.0549,0.0359,0.2788,0.22135708,trees
0.0314,0.0556,0.0332,0.3071,0.27816093,trees
0.0318,0.05425,0.0308,0.3111,0.26089478,trees
0.0313,0.0521,0.03105,0.2849,0.24940047,trees
0.03495,0.0593,0.03485,0.318,0.25835547,trees
0.03585,0.06205,0.037,0.3304,0.26762003,trees
0.0286,0.0467,0.02695,0.2634,0.24037185,trees
0.02985,0.04675,0.0291,0.2582,0.22062665,trees
0.0313,0.0496,0.0298,0.2832,0.2262052,trees
0.02895,0.0454,0.02745,0.2744,0.22125086,trees
0.0303,0.049,0.0265,0.2881,0.23581333,trees
0.02975,0.0485,0.02835,0.2883,0.2396166,trees
0.03085,0.049,0.0295,0.3035,0.22730115,trees
0.03145,0.0516,0.0308,0.3349,0.24262495,trees
0.02985,0.0495,0.02875,0.3282,0.24763703,trees
0.0299,0.0514,0.02955,0.3189,0.26445264,trees
0.03275,0.0592,0.03145,0.35765,0.28765634,trees
0.03275,0.05865,0.0313,0.337,0.2833698,trees
0.03075,0.0545,0.02945,0.3321,0.27859235,trees
0.033,0.0611,0.0328,0.3573,0.2986185,trees
0.0336,0.06265,0.03195,0.354,0.30181822,trees
0.03135,0.053,0.02875,0.2977,0.2566686,trees
0.0307,0.0521,0.028,0.3023,0.25845408,trees
0.03235,0.05745,0.03095,0.3295,0.27951002,trees
0.03235,0.05745,0.03095,0.3295,0.27951002,trees
0.03355,0.05785,0.03195,0.3434,0.2658643,trees
0.0332,0.0595,0.03165,0.3464,0.2837109,trees
0.03165,0.05415,0.03005,0.3075,0.2622378,trees
0.032,0.05495,0.02755,0.3372,0.26394475,trees
0.03165,0.057,0.0303,0.3482,0.285956,trees
0.03185,0.05125,0.02975,0.2957,0.23345368,trees
0.0299,0.04785,0.02885,0.2488,0.2308682,trees
0.03085,0.04945,0.02745,0.242,0.23163135,trees
0.0302,0.04745,0.0278,0.2508,0.22215065,trees
0.0325,0.0489,0.0299,0.2667,0.20147422,trees
0.03215,0.05335,0.03255,0.292,0.24795322,trees
0.0313,0.05135,0.0309,0.2888,0.24258922,trees
0.0313,0.0503,0.02915,0.28595,0.23284312,trees
0.02845,0.0449,0.0259,0.2568,0.22426723,trees
0.0289,0.0452,0.02675,0.2441,0.21997303,trees
0.0297,0.0446,0.0278,0.2352,0.20053835,trees
0.02925,0.0436,0.02825,0.2436,0.19698009,trees
0.0292,0.04445,0.02645,0.2382,0.2070604,trees
0.0302,0.04405,0.02785,0.2363,0.18653199,trees
0.03235,0.05045,0.033,0.2886,0.21859904,trees
0.031,0.0486,0.03105,0.2951,0.22110553,trees
0.02955,0.04775,0.02975,0.2847,0.23544633,trees
0.03045,0.04925,0.0314,0.25515,0.23588456,trees
0.0334,0.0539,0.0358,0.2665,0.23482245,trees
0.032,0.0506,0.03395,0.2755,0.22518158,trees
0.02875,0.0435,0.0283,0.2486,0.20415223,trees
0.0298,0.0463,0.0307,0.2571,0.21682,trees
0.02975,0.0459,0.03075,0.2706,0.21348312,trees
0.02895,0.04695,0.0277,0.25085,0.23715416,trees
0.0305,0.0477,0.02825,0.2642,0.21994884,trees
0.0305,0.0477,0.02825,0.2642,0.21994884,trees
0.0308,0.04985,0.02925,0.2709,0.2362058,trees
0.0322,0.0551,0.03315,0.2977,0.26231384,trees
0.03065,0.04975,0.02965,0.2844,0.23756221,trees
0.0304,0.04685,0.02925,0.2708,0.21294495,trees
0.03225,0.0519,0.03155,0.2931,0.2335116,trees
0.0341,0.0538,0.03495,0.28205,0.22411834,trees
0.0339,0.05485,0.0373,0.2917,0.23605633,trees
0.0344,0.05565,0.03615,0.3102,0.23598,trees
0.03015,0.0495,0.02935,0.2855,0.24293785,trees
0.0293,0.0461,0.02875,0.263,0.22281168,trees
0.0331,0.05525,0.033,0.2987,0.25070742,trees
0.0346,0.0587,0.0356,0.3067,0.25830653,trees
0.02795,0.0481,0.0279,0.2739,0.26495725,trees
0.03075,0.0467,0.0295,0.26075,0.20593931,trees
0.0308,0.0507,0.02905,0.28175,0.2441718,trees
0.0286,0.0446,0.02575,0.2646,0.21857922,trees
0.0307,0.05045,0.028,0.292,0.24337646,trees
0.0319,0.05525,0.0301,0.3454,0.26792887,trees
0.03245,0.05715,0.03045,0.359,0.27566963,trees
0.0306,0.05325,0.02975,0.33125,0.27012524,trees
0.02985,0.0534,0.02885,0.3238,0.28288287,trees
0.03105,0.0545,0.03005,0.3316,0.2741087,trees
0.0334,0.05795,0.03185,0.3435,0.26874658,trees
0.0316,0.05435,0.03085,0.3129,0.2646888,trees
0.031,0.05115,0.02845,0.3136,0.24528305,trees
0.0323,0.05675,0.03055,0.3329,0.27456486,trees
0.0313,0.05495,0.03,0.3015,0.27420288,trees
0.0292,0.04735,0.02655,0.2711,0.23709993,trees
0.0304,0.0505,0.0278,0.3009,0.2484549,trees
0.0308,0.0559,0.0297,0.3308,0.28950405,trees
0.0308,0.0559,0.0297,0.3308,0.28950405,trees
0.0322,0.0567,0.0315,0.3356,0.2755905,trees
0.0337,0.0582,0.03175,0.3382,0.2665941,trees
0.03245,0.0567,0.0313,0.3217,0.27201343,trees
0.0321,0.05745,0.0288,0.3447,0.28308207,trees
0.0322,0.05885,0.02955,0.3513,0.29269633,trees
0.03035,0.0499,0.02895,0.29365,0.24361372,trees
0.02975,0.04605,0.02835,0.25305,0.21503958,trees
0.032,0.04965,0.02855,0.26175,0.21616651,trees
0.03165,0.0513,0.03105,0.2709,0.23688972,trees
0.03345,0.0512,0.02945,0.28575,0.20968695,trees
0.03195,0.05285,0.0313,0.3043,0.24646226,trees
0.03005,0.0514,0.0304,0.29235,0.26212397,trees
0.0306,0.047,0.02805,0.2655,0.21134017,trees
0.02955,0.0482,0.02885,0.25725,0.2398714,trees
0.0296,0.04585,0.02865,0.2599,0.21537443,trees
0.03085,0.04685,0.0289,0.2493,0.20592017,trees
0.0298,0.0473,0.0288,0.24555,0.22697794,trees
0.03015,0.04475,0.027,0.238,0.19492659,trees
0.0311,0.0506,0.02955,0.2645,0.2386781,trees
0.03235,0.05045,0.033,0.2886,0.21859904,trees
0.0306,0.0465,0.0291,0.2926,0.2062257,trees
0.0299,0.04715,0.02865,0.2848,0.22388062,trees
0.03135,0.05045,0.0288,0.27875,0.23349632,trees
0.03205,0.05435,0.03115,0.2874,0.25810185,trees
0.0312,0.0503,0.03,0.2791,0.23435584,trees
0.0288,0.046,0.0274,0.2668,0.22994654,trees
0.0296,0.0477,0.0305,0.2654,0.23415264,trees
0.0307,0.0471,0.0296,0.2508,0.21079692,trees
0.0298,0.0469,0.0283,0.2542,0.22294655,trees
0.032,0.0475,0.0301,0.2706,0.19496852,trees
0.032,0.0475,0.0301,0.2706,0.19496852,trees
0.0328,0.0503,0.0317,0.2806,0.21058963,trees
0.03435,0.05415,0.0339,0.2961,0.2237288,trees
0.0305,0.0475,0.0304,0.2813,0.2179487,trees
0.02865,0.0461,0.03065,0.2694,0.23344481,trees
0.03125,0.04995,0.0317,0.2798,0.23029555,trees
0.03205,0.05145,0.0342,0.2775,0.23233534,trees
0.03315,0.05255,0.0349,0.28645,0.22637108,trees
0.03245,0.05195,0.0339,0.3024,0.23104264,trees
0.02965,0.0433,0.027,0.24355,0.18711445,trees
0.0306,0.04675,0.0299,0.2475,0.20879121,trees
0.03475,0.0563,0.03515,0.2826,0.23668315,trees
0.0343,0.05425,0.0364,0.2825,0.22529642,trees
0.02995,0.0483,0.0271,0.286,0.23450479,trees
0.0314,0.0505,0.032,0.2799,0.23321126,trees
0.03025,0.05225,0.03055,0.3027,0.26666668,trees
0.0276,0.04575,0.0256,0.27025,0.24744377,trees
0.03135,0.0489,0.0283,0.2993,0.21869157,trees
0.0316,0.0551,0.0291,0.3422,0.27104962,trees
0.03175,0.05445,0.0289,0.3429,0.26334107,trees
0.0277,0.0497,0.02805,0.30705,0.28423774,trees
0.0285,0.0498,0.02675,0.3031,0.27203068,trees
0.03075,0.05515,0.02865,0.3382,0.28405118,trees
0.0314,0.0539,0.03005,0.3263,0.26377493,trees
0.0305,0.05075,0.0284,0.3008,0.24923076,trees
0.03115,0.0512,0.02975,0.3111,0.24347296,trees
0.0324,0.05555,0.0315,0.3144,0.26321772,trees
0.02855,0.04575,0.0269,0.263,0.23149393,trees
0.02905,0.04455,0.0263,0.2544,0.21059784,trees
0.03005,0.04775,0.02745,0.2939,0.22750643,trees
0.03055,0.05305,0.02895,0.3146,0.26913875,trees
0.03055,0.05305,0.02895,0.3146,0.26913875,trees
0.03125,0.05075,0.0299,0.3043,0.23780486,trees
0.03385,0.0597,0.03225,0.321,0.27632284,trees
0.0327,0.0606,0.0311,0.3468,0.2990354,trees
0.0327,0.05975,0.0291,0.3525,0.29259062,trees
0.0317,0.0556,0.02905,0.3468,0.27376857,trees
0.02975,0.04955,0.02855,0.3146,0.24968474,trees
0.02995,0.0503,0.0289,0.287,0.25358254,trees
0.03085,0.05,0.0292,0.2757,0.23685837,trees
0.0309,0.04945,0.02965,0.2929,0.23086497,trees
0.0317,0.05145,0.02895,0.2992,0.23752254,trees
0.03245,0.0509,0.0302,0.3065,0.22135572,trees
0.03195,0.05025,0.0291,0.2884,0.22262773,trees
0.0303,0.04765,0.0278,0.2507,0.22257854,trees
0.0321,0.04985,0.03155,0.2615,0.21659549,trees
0.0308,0.04865,0.0298,0.2791,0.22466962,trees
0.03085,0.0476,0.02835,0.2488,0.2135118,trees
0.0301,0.0466,0.02715,0.242,0.21512385,trees
0.029,0.04485,0.0272,0.2309,0.21462424,trees
0.0312,0.0515,0.02975,0.2686,0.24546555,trees
0.032,0.0493,0.03135,0.2936,0.2127921,trees
0.0297,0.04605,0.02895,0.2653,0.21584159,trees
0.02995,0.04745,0.0292,0.2813,0.22609816,trees
0.03045,0.0509,0.02945,0.28975,0.25138295,trees
0.032,0.0534,0.0294,0.2987,0.25058544,trees
0.0299,0.0497,0.02735,0.2923,0.24874373,trees
0.0282,0.0472,0.0254,0.2812,0.2519894,trees
0.0298,0.0493,0.0281,0.2708,0.2465234,trees
0.0315,0.0476,0.0305,0.2624,0.20353983,trees
0.0318,0.0495,0.0319,0.2706,0.21771213,trees
0.0325,0.049,0.0327,0.2762,0.202454,trees
0.0325,0.049,0.0327,0.2762,0.202454,trees
0.0324,0.0501,0.0343,0.277,0.21454544,trees
0.03355,0.0541,0.0337,0.2875,0.23445518,trees
0.0294,0.04905,0.03095,0.2751,0.250478,trees
0.0287,0.0471,0.0298,0.2676,0.24274406,trees
0.03155,0.04915,0.03235,0.2645,0.2180917,trees
0.03265,0.05035,0.033,0.2772,0.21325298,trees
0.03125,0.04965,0.03185,0.2812,0.22744127,trees
0.02995,0.0461,0.0321,0.2816,0.21236031,trees
0.0282,0.044,0.02745,0.2365,0.21883656,trees
0.0315,0.0501,0.03305,0.2581,0.22794117,trees
0.0335,0.05225,0.03545,0.2727,0.21865891,trees
0.0331,0.05125,0.03285,0.2603,0.21517482,trees
0.0298,0.05095,0.02815,0.3113,0.2619195,trees
0.03385,0.0539,0.03165,0.312,0.22849002,trees
0.0299,0.0518,0.0303,0.30865,0.2680539,trees
0.02785,0.04585,0.0251,0.2756,0.24423338,trees
0.02915,0.04765,0.02795,0.2961,0.2408854,trees
0.02695,0.0467,0.02625,0.2975,0.26816022,trees
0.0276,0.04525,0.0262,0.29865,0.24227865,trees
0.0265,0.0434,0.0244,0.2592,0.24177398,trees
0.0288,0.04745,0.026,0.2967,0.24459015,trees
0.0315,0.0563,0.02865,0.3358,0.28246012,trees
0.03125,0.05485,0.0297,0.3216,0.27409992,trees
0.0315,0.0519,0.02955,0.3017,0.24460432,trees
0.0328,0.05645,0.03125,0.34215,0.26498598,trees
0.03265,0.0579,0.03225,0.3483,0.27885145,trees
0.02955,0.05,0.027,0.2914,0.25707105,trees
0.0293,0.04985,0.0275,0.27495,0.25963357,trees
0.0306,0.04785,0.028,0.2831,0.21988529,trees
0.03105,0.04905,0.02805,0.2922,0.22471909,trees
0.03105,0.04905,0.02805,0.2922,0.22471909,trees
0.03125,0.05285,0.02915,0.30025,0.2568371,trees
0.0352,0.0618,0.03275,0.3352,0.27422678,trees
0.0349,0.06425,0.03215,0.3593,0.29601616,trees
0.0318,0.05895,0.02965,0.3483,0.29917353,trees
0.0328,0.05685,0.03,0.3461,0.2682655,trees
0.0309,0.0544,0.0297,0.3598,0.27549827,trees
0.0321,0.05425,0.02965,0.3403,0.2565142,trees
0.0277,0.04605,0.0273,0.2985,0.24881357,trees
0.0293,0.0486,0.02825,0.3141,0.24775352,trees
0.0313,0.05045,0.03015,0.3016,0.23425075,trees
0.03185,0.05325,0.029,0.30685,0.2514689,trees
0.0331,0.0511,0.0294,0.3035,0.21377671,trees
0.0314,0.0478,0.0294,0.2706,0.20707074,trees
0.0327,0.0507,0.0311,0.2786,0.21582739,trees
0.03135,0.04995,0.03025,0.2891,0.22878225,trees
0.0297,0.04395,0.02655,0.2623,0.19348267,trees
0.029,0.04365,0.02785,0.24345,0.20165178,trees
0.0294,0.04575,0.02955,0.2382,0.21756487,trees
0.032,0.04905,0.02995,0.26585,0.21036394,trees
0.03175,0.04855,0.0307,0.2756,0.2092154,trees
0.0297,0.04605,0.02895,0.2653,0.21584159,trees
0.02935,0.0446,0.0297,0.2682,0.2062204,trees
0.02905,0.04965,0.0307,0.2878,0.26175347,trees
0.032,0.05255,0.0314,0.2999,0.24305142,trees
0.03145,0.05505,0.031,0.3032,0.27283236,trees
0.0306,0.053,0.0317,0.2866,0.26794258,trees
0.0316,0.0521,0.0295,0.2912,0.24492234,trees
0.0328,0.0509,0.0317,0.2812,0.21624851,trees
0.0316,0.0514,0.0332,0.2876,0.23855422,trees
0.0316,0.0514,0.0332,0.2876,0.23855422,trees
0.0306,0.0493,0.0317,0.2832,0.23404256,trees
0.0328,0.0501,0.0313,0.2888,0.20868514,trees
0.0325,0.05235,0.03335,0.2909,0.23394227,trees
0.02975,0.04775,0.0303,0.2723,0.23225805,trees
0.03065,0.04835,0.03255,0.269,0.22405064,trees
0.03235,0.04855,0.0328,0.2565,0.2002472,trees
0.0323,0.0499,0.0332,0.2725,0.21411192,trees
0.0297,0.04825,0.0313,0.28085,0.23797306,trees
0.02905,0.04505,0.03045,0.2648,0.2159244,trees
0.0307,0.04535,0.03085,0.2418,0.19263643,trees
0.03195,0.04915,0.03275,0.2682,0.21208385,trees
0.0313,0.04785,0.03205,0.2649,0.20909664,trees
0.03155,0.04725,0.03265,0.2601,0.19923855,trees
0.03175,0.05445,0.03065,0.3392,0.26334107,trees
0.03385,0.05395,0.03115,0.3339,0.22892942,trees
0.02715,0.0461,0.0271,0.287,0.25870308,trees
0.02815,0.0462,0.0253,0.2987,0.24277069,trees
0.0291,0.04595,0.02715,0.3157,0.22451697,trees
0.0283,0.044,0.02575,0.3118,0.21715075,trees
0.02625,0.04575,0.02495,0.3037,0.27083334,trees
0.02475,0.0414,0.02255,0.2464,0.25170067,trees
0.0299,0.04755,0.0268,0.3012,0.22788897,trees
0.03085,0.05065,0.0299,0.3019,0.24294478,trees
0.0302,0.04745,0.0295,0.2849,0.22215065,trees
0.03255,0.05145,0.0313,0.2922,0.225,trees
0.03395,0.05905,0.0331,0.3501,0.26989245,trees
0.03305,0.062,0.033,0.3479,0.30457652,trees
0.03165,0.05305,0.02895,0.3181,0.25265643,trees
0.0317,0.0529,0.0289,0.3035,0.25059104,trees
0.03065,0.04985,0.02875,0.29735,0.23850931,trees
0.03065,0.04985,0.02875,0.29735,0.23850931,trees
0.0305,0.05,0.0284,0.3002,0.24223603,trees
0.03295,0.05505,0.03045,0.3286,0.2511364,trees
0.0335,0.0571,0.03225,0.3375,0.26048568,trees
0.03295,0.06035,0.03165,0.3392,0.29367635,trees
0.03285,0.05465,0.03105,0.3299,0.24914284,trees
0.0327,0.05915,0.0318,0.3551,0.28796953,trees
0.0321,0.0588,0.03005,0.4069,0.29372936,trees
0.0323,0.0607,0.03045,0.3896,0.30537635,trees
0.0299,0.05375,0.02845,0.3256,0.28511658,trees
0.03125,0.05365,0.0289,0.3299,0.2638398,trees
0.0321,0.05365,0.0296,0.3211,0.25131196,trees
0.03225,0.05675,0.029,0.3388,0.27528092,trees
0.03215,0.0556,0.0303,0.3184,0.26723644,trees
0.0326,0.05145,0.0298,0.3001,0.22427125,trees
0.0329,0.0531,0.03225,0.3007,0.23488371,trees
0.0313,0.05095,0.0292,0.29695,0.23890574,trees
0.02985,0.0475,0.0266,0.2837,0.22818357,trees
0.02915,0.04525,0.02665,0.27745,0.21639784,trees
0.0303,0.04655,0.02845,0.2604,0.21145086,trees
0.0317,0.0485,0.0295,0.2681,0.20947632,trees
0.0305,0.04555,0.02985,0.2452,0.19789612,trees
0.0295,0.0427,0.02825,0.2441,0.18282548,trees
0.02935,0.0446,0.0297,0.2682,0.2062204,trees
0.02955,0.0475,0.0297,0.276,0.2329656,trees
0.0301,0.0481,0.03025,0.2746,0.23017903,trees
0.03235,0.05315,0.0325,0.2813,0.24327482,trees
0.0341,0.0553,0.0333,0.2964,0.23713648,trees
0.0332,0.0538,0.0318,0.2818,0.23678164,trees
0.033,0.053,0.0334,0.3045,0.23255815,trees
0.0326,0.0518,0.034,0.2884,0.22748816,trees
0.0326,0.0518,0.034,0.2884,0.22748816,trees
0.0307,0.0492,0.0319,0.2812,0.23153941,trees
0.0317,0.051,0.0314,0.277,0.23337363,trees
0.03175,0.04985,0.03225,0.285,0.22181371,trees
0.0297,0.0489,0.02975,0.2841,0.24427481,trees
0.03275,0.04975,0.0316,0.273,0.20606063,trees
0.0322,0.04985,0.03345,0.2615,0.21511272,trees
0.0319,0.04815,0.03265,0.26115,0.20299812,trees
0.02865,0.0459,0.0306,0.26395,0.23138829,trees
0.0283,0.044,0.0297,0.2505,0.21715075,trees
0.02985,0.0444,0.0302,0.2483,0.19595958,trees
0.0311,0.05015,0.0304,0.282,0.23446155,trees
0.03105,0.0497,0.03265,0.2751,0.23095973,trees
0.03235,0.04915,0.0329,0.2693,0.20613497,trees
0.0332,0.05735,0.0318,0.333,0.2667035,trees
0.03055,0.05,0.02945,0.3095,0.24146494,trees
0.02965,0.04795,0.02585,0.30495,0.23582472,trees
0.03095,0.05285,0.0278,0.341,0.2613365,trees
0.0322,0.0539,0.0303,0.3478,0.25203252,trees
0.0317,0.0525,0.0291,0.33125,0.24703087,trees
0.0302,0.05185,0.0271,0.3168,0.26386347,trees
0.0266,0.0444,0.0248,0.2836,0.25070423,trees
0.0317,0.04905,0.028,0.2896,0.21486066,trees
0.03135,0.0482,0.02985,0.2796,0.21181646,trees
0.03085,0.04595,0.02915,0.2588,0.19661455,trees
0.03295,0.0513,0.03225,0.2594,0.21780416,trees
0.03555,0.0546,0.0328,0.3105,0.2113145,trees
0.03345,0.0555,0.0309,0.3141,0.24789208,trees
0.0306,0.05385,0.0301,0.3134,0.2753108,trees
0.0303,0.0507,0.02805,0.2998,0.25185186,trees
0.02975,0.04735,0.02775,0.26795,0.22827496,trees
0.02975,0.04735,0.02775,0.26795,0.22827496,trees
0.0303,0.04735,0.02835,0.279,0.219575,trees
0.0323,0.055,0.03,0.3153,0.2600229,trees
0.0315,0.05535,0.02975,0.3265,0.27461135,trees
0.0311,0.05275,0.02875,0.3103,0.2581992,trees
0.0315,0.0513,0.03095,0.2976,0.23913044,trees
0.0342,0.0594,0.032,0.3437,0.26923072,trees
0.0339,0.0623,0.03145,0.3859,0.2952183,trees
0.03405,0.06175,0.03045,0.3657,0.28914404,trees
0.03335,0.0596,0.0313,0.3427,0.2824099,trees
0.0327,0.06175,0.0306,0.3527,0.30757016,trees
0.0339,0.05845,0.0313,0.3494,0.26583648,trees
0.0332,0.0597,0.03185,0.36045,0.285253,trees
0.03345,0.0568,0.03155,0.3311,0.25872576,trees
0.03105,0.05255,0.0296,0.2956,0.25717703,trees
0.0313,0.0487,0.0279,0.2904,0.2175,trees
0.033,0.05465,0.03015,0.313,0.24700515,trees
0.0307,0.05245,0.02975,0.297,0.2615755,trees
0.0289,0.0467,0.02695,0.2926,0.23544976,trees
0.02985,0.048,0.02895,0.28055,0.23314066,trees
0.0293,0.04515,0.0282,0.26155,0.21289456,trees
0.0287,0.04275,0.02735,0.2416,0.19664101,trees
0.0294,0.0447,0.0287,0.2521,0.20647773,trees
0.0295,0.04625,0.0293,0.26685,0.22112212,trees
0.02955,0.0475,0.0297,0.276,0.2329656,trees
0.02915,0.0446,0.02725,0.2594,0.20949152,trees
0.0282,0.0463,0.0277,0.2532,0.24295303,trees
0.0285,0.0476,0.0282,0.2736,0.25098556,trees
0.0308,0.0519,0.0289,0.2872,0.25513905,trees
0.0339,0.0533,0.033,0.2888,0.22247706,trees
0.0321,0.0505,0.0338,0.275,0.22276032,trees
0.0321,0.0505,0.0338,0.275,0.22276032,trees
0.0311,0.0481,0.0302,0.2688,0.21464646,trees
0.0305,0.049,0.0329,0.2678,0.23270439,trees
0.03005,0.04875,0.0294,0.2686,0.23730962,trees
0.0303,0.04895,0.02755,0.2753,0.23533124,trees
0.03055,0.0508,0.03015,0.2818,0.2489244,trees
0.03255,0.0489,0.03135,0.2679,0.20073666,trees
0.0315,0.047,0.03115,0.2506,0.1974522,trees
0.0289,0.0464,0.0314,0.2478,0.23240371,trees
0.0282,0.04415,0.0271,0.2575,0.22045611,trees
0.02955,0.04875,0.03115,0.2698,0.24521072,trees
0.03055,0.04865,0.0314,0.2814,0.22853537,trees
0.0305,0.04775,0.03065,0.269,0.22044729,trees
0.0318,0.04835,0.03215,0.2721,0.20648779,trees
0.03275,0.0496,0.0289,0.2817,0.20461448,trees
0.0303,0.0452,0.027,0.2696,0.197351,trees
0.03115,0.0509,0.02835,0.3075,0.24070689,trees
0.0327,0.0546,0.0285,0.3305,0.2508591,trees
0.03325,0.0565,0.0318,0.3482,0.2590529,trees
0.03325,0.05835,0.0316,0.3435,0.27401745,trees
0.0324,0.0563,0.0298,0.3266,0.26944757,trees
0.02915,0.0491,0.027,0.2818,0.2549521,trees
0.0311,0.0498,0.0289,0.2857,0.2311496,trees
0.0309,0.0477,0.02915,0.2649,0.21374045,trees
0.02995,0.04745,0.0302,0.2645,0.22609816,trees
0.03075,0.0499,0.03145,0.2695,0.23744573,trees
0.03395,0.051,0.03325,0.2798,0.20070627,trees
0.0307,0.04535,0.02955,0.2672,0.19263643,trees
0.03155,0.04685,0.02855,0.2715,0.19515304,trees
0.0297,0.04495,0.0268,0.2552,0.20428668,trees
0.0292,0.04315,0.02695,0.2402,0.1928127,trees
0.0292,0.04315,0.02695,0.2402,0.1928127,trees
0.0306,0.04485,0.02825,0.2604,0.18886678,trees
0.032,0.05025,0.02955,0.269,0.2218845,trees
0.0312,0.04865,0.02805,0.2811,0.21853475,trees
0.03255,0.05185,0.0283,0.3202,0.22867298,trees
0.03195,0.05085,0.02915,0.3075,0.22826086,trees
0.03425,0.0587,0.03165,0.33,0.26304466,trees
0.03225,0.05775,0.02995,0.3375,0.28333336,trees
0.03355,0.05765,0.0316,0.3326,0.26425436,trees
0.0336,0.0614,0.03205,0.3468,0.2926316,trees
0.03305,0.06145,0.03105,0.3474,0.3005291,trees
0.0342,0.05835,0.0319,0.3406,0.26094002,trees
0.03465,0.0613,0.03125,0.35315,0.2777488,trees
0.03315,0.0558,0.0302,0.3022,0.25463745,trees
0.03065,0.0478,0.027,0.2674,0.2186106,trees
0.0313,0.0468,0.0266,0.286,0.19846348,trees
0.0321,0.05245,0.0301,0.3148,0.240686,trees
0.0287,0.0479,0.02735,0.2905,0.25065273,trees
0.0277,0.04665,0.0259,0.3015,0.2548756,trees
0.029,0.04785,0.02695,0.2986,0.24528307,trees
0.0294,0.0444,0.0268,0.2792,0.20325202,trees
0.02955,0.04345,0.0273,0.2528,0.190411,trees
0.02905,0.04605,0.02825,0.2691,0.22636485,trees
0.0292,0.0465,0.02885,0.2678,0.22853369,trees
0.0284,0.04445,0.0284,0.2793,0.2203157,trees
0.0282,0.04405,0.0275,0.25,0.21937716,trees
0.02865,0.044,0.0266,0.2566,0.21128698,trees
0.029,0.0452,0.0258,0.2598,0.21832886,trees
0.0314,0.0496,0.0284,0.2728,0.22469139,trees
0.0337,0.053,0.0334,0.2784,0.22260667,trees
0.0308,0.0491,0.0338,0.2566,0.22903632,trees
0.0308,0.0491,0.0338,0.2566,0.22903632,trees
0.0345,0.0521,0.0329,0.2492,0.20323326,trees
0.0332,0.0524,0.0359,0.2558,0.22429907,trees
0.0293,0.0477,0.02865,0.2518,0.23896103,trees
0.0286,0.04665,0.0261,0.2717,0.2398671,trees
0.02965,0.04935,0.02875,0.2848,0.24936707,trees
0.0303,0.04895,0.02985,0.28155,0.23533124,trees
0.03065,0.0485,0.02935,0.2678,0.22552119,trees
0.0314,0.04755,0.0302,0.2681,0.20455986,trees
0.02875,0.04715,0.03025,0.2754,0.24242423,trees
0.0304,0.049,0.0319,0.29255,0.2342569,trees
0.02915,0.04725,0.03155,0.2576,0.236911,trees
0.03065,0.04365,0.0297,0.2455,0.17496638,trees
0.03165,0.0492,0.03355,0.2721,0.21706864,trees
0.03175,0.05005,0.03,0.29465,0.2237164,trees
0.0324,0.0472,0.02825,0.2823,0.18592964,trees
0.0329,0.04855,0.0314,0.29575,0.19214238,trees
0.0311,0.0462,0.0283,0.2629,0.19534284,trees
0.03205,0.0494,0.0301,0.2865,0.21301416,trees
0.035,0.05455,0.03195,0.3059,0.21831378,trees
0.03375,0.056,0.03155,0.2893,0.24791084,trees
0.03055,0.05,0.0286,0.2767,0.24146494,trees
0.03105,0.0511,0.0303,0.2929,0.24406575,trees
0.03125,0.0462,0.0289,0.263,0.19302776,trees
0.033,0.05025,0.0298,0.2725,0.20720722,trees
0.03305,0.0517,0.03185,0.2917,0.22005899,trees
0.03185,0.04735,0.03055,0.2737,0.1957071,trees
0.02935,0.04335,0.02885,0.2537,0.19257222,trees
0.03035,0.04755,0.0291,0.2647,0.2207959,trees
0.02905,0.0444,0.0266,0.251,0.2089857,trees
0.0285,0.0414,0.02645,0.2426,0.18454936,trees
0.0285,0.0414,0.02645,0.2426,0.18454936,trees
0.0312,0.0445,0.02755,0.2596,0.17569354,trees
0.0307,0.04705,0.0283,0.2703,0.21028939,trees
0.03085,0.0462,0.02725,0.2648,0.19922127,trees
0.03235,0.05255,0.03005,0.3141,0.23792696,trees
0.0318,0.0513,0.0288,0.2896,0.234657,trees
0.0314,0.0508,0.0284,0.284,0.23600975,trees
0.0302,0.0497,0.0277,0.2779,0.24405506,trees
0.03135,0.05185,0.029,0.28265,0.24639419,trees
0.0323,0.054,0.02975,0.3193,0.25144845,trees
0.0314,0.05685,0.0295,0.3381,0.2883853,trees
0.03165,0.056,0.02915,0.3348,0.2778095,trees
0.0339,0.055,0.0281,0.3163,0.23734532,trees
0.03175,0.0533,0.028,0.2905,0.25338036,trees
0.0303,0.04835,0.0271,0.2788,0.22949776,trees
0.0306,0.04955,0.028,0.291,0.23643169,trees
0.02955,0.04875,0.02785,0.2969,0.24521072,trees
0.0289,0.046,0.02625,0.2982,0.22830442,trees
0.0289,0.04595,0.02495,0.3022,0.22778891,trees
0.0282,0.0483,0.02675,0.3029,0.2627451,trees
0.02815,0.0449,0.02575,0.2875,0.22929502,trees
0.02855,0.0431,0.0262,0.2564,0.20307046,trees
0.0291,0.04295,0.0261,0.2632,0.1922276,trees
0.0287,0.0439,0.0267,0.2667,0.20936643,trees
0.02845,0.0441,0.0272,0.2646,0.21571334,trees
0.0282,0.04405,0.0275,0.25,0.21937716,trees
0.02865,0.0438,0.0259,0.2534,0.20910974,trees
0.02705,0.04305,0.02695,0.2573,0.22824536,trees
0.029,0.04685,0.02775,0.2568,0.23533292,trees
0.0314,0.04755,0.03175,0.2472,0.20455986,trees
0.0314,0.04755,0.03175,0.2472,0.20455986,trees
0.03185,0.048,0.0355,0.2331,0.20225424,trees
0.03595,0.0562,0.03735,0.2363,0.2197504,trees
0.03425,0.0538,0.03775,0.2452,0.22203296,trees
0.03025,0.0463,0.03105,0.2567,0.20966691,trees
0.02955,0.04725,0.02875,0.2708,0.23046876,trees
0.0287,0.047,0.02685,0.2748,0.24174371,trees
0.02965,0.0508,0.0274,0.3002,0.2628962,trees
0.03085,0.0492,0.02945,0.2841,0.2292317,trees
0.0311,0.0468,0.02865,0.2826,0.20154043,trees
0.0301,0.04725,0.03035,0.2677,0.22171946,trees
0.0312,0.0498,0.03095,0.2758,0.22962965,trees
0.03,0.0452,0.03045,0.2594,0.2021277,trees
0.0313,0.04805,0.0305,0.2617,0.2110901,trees
0.03095,0.05185,0.03495,0.288,0.25241542,trees
0.0313,0.0516,0.0317,0.2828,0.24487334,trees
0.0333,0.0505,0.0317,0.301,0.20525059,trees
0.0323,0.0484,0.0303,0.2563,0.19950436,trees
0.0325,0.0473,0.0292,0.2504,0.18546368,trees
0.0321,0.0496,0.0315,0.2626,0.21419832,trees
0.0327,0.0532,0.0328,0.2896,0.23864962,trees
0.0323,0.0509,0.031,0.2612,0.22355771,trees
0.03035,0.04625,0.0284,0.2733,0.20757182,trees
0.03095,0.04955,0.0285,0.2947,0.2310559,trees
0.0314,0.0468,0.02925,0.2875,0.19693094,trees
0.0335,0.05225,0.03255,0.2841,0.21865891,trees
0.0329,0.0534,0.0313,0.2852,0.23754342,trees
0.0313,0.0472,0.0308,0.2547,0.20254777,trees
0.0295,0.0454,0.02995,0.2545,0.21228306,trees
0.03045,0.04835,0.02905,0.271,0.22715735,trees
0.0289,0.0449,0.02685,0.2488,0.21680218,trees
0.0289,0.0449,0.02685,0.2488,0.21680218,trees
0.02965,0.04295,0.0261,0.2532,0.18319559,trees
0.0312,0.04685,0.0274,0.27205,0.20051248,trees
0.0309,0.0478,0.02915,0.29135,0.21473953,trees
0.02985,0.04595,0.0283,0.2775,0.21240103,trees
0.03035,0.04805,0.02895,0.2712,0.22576532,trees
0.0296,0.0445,0.0278,0.2302,0.20107962,trees
0.0313,0.0477,0.02975,0.2438,0.20759493,trees
0.03005,0.0469,0.0294,0.2579,0.21897337,trees
0.02985,0.04545,0.02805,0.2654,0.20717128,trees
0.0312,0.05165,0.0282,0.3136,0.24683164,trees
0.0325,0.05505,0.02755,0.3342,0.25756714,trees
0.02945,0.0496,0.0269,0.3157,0.25490198,trees
0.02845,0.04685,0.02695,0.2814,0.24435592,trees
0.02915,0.04545,0.02635,0.2603,0.21849865,trees
0.0294,0.0469,0.0281,0.265,0.2293578,trees
0.03125,0.0484,0.02895,0.2715,0.21531701,trees
0.0301,0.0441,0.02775,0.2668,0.18867926,trees
0.02795,0.0442,0.02645,0.275,0.22522523,trees
0.0263,0.04075,0.02455,0.2702,0.21551082,trees
0.0265,0.04215,0.0245,0.2611,0.22796793,trees
0.0289,0.0435,0.0265,0.2708,0.20165746,trees
0.0287,0.04245,0.02775,0.2475,0.1932537,trees
0.0279,0.0425,0.0265,0.2559,0.20738639,trees
0.02895,0.04435,0.02655,0.26405,0.21009548,trees
0.0282,0.04345,0.02655,0.2517,0.21284021,trees
0.02925,0.04375,0.02785,0.244,0.19863014,trees
0.02865,0.0438,0.0259,0.2534,0.20910974,trees
0.0271,0.0409,0.0253,0.2602,0.20294115,trees
0.0277,0.0431,0.0268,0.24725,0.21751413,trees
0.02915,0.0423,0.02785,0.2358,0.1840448,trees
0.02915,0.0423,0.02785,0.2358,0.1840448,trees
0.03135,0.0482,0.02895,0.2405,0.21181646,trees
0.032,0.0527,0.03425,0.2577,0.24439196,trees
0.0327,0.05035,0.03325,0.2558,0.2125226,trees
0.03075,0.04825,0.0319,0.2553,0.22151898,trees
0.02965,0.0487,0.02975,0.2714,0.24313976,trees
0.02795,0.04805,0.0264,0.2726,0.26447368,trees
0.02915,0.04805,0.02615,0.28445,0.24481866,trees
0.0284,0.0471,0.0273,0.2787,0.24768212,trees
0.03015,0.04785,0.02795,0.2911,0.2269231,trees
0.029,0.0466,0.02885,0.2717,0.23280424,trees
0.02915,0.04625,0.0299,0.2592,0.22679046,trees
0.0316,0.0477,0.0307,0.2698,0.20302649,trees
0.03245,0.052,0.0328,0.3063,0.2314979,trees
0.03255,0.055,0.0329,0.3232,0.2564249,trees
0.0338,0.0494,0.0301,0.2564,0.18750004,trees
0.0329,0.0504,0.0319,0.2784,0.210084,trees
0.03,0.0479,0.0306,0.2644,0.22978176,trees
0.034,0.0514,0.0308,0.2546,0.20374703,trees
0.0334,0.0516,0.0321,0.2842,0.21411768,trees
0.0312,0.0522,0.031,0.2764,0.2517986,trees
0.0304,0.0484,0.0292,0.2558,0.22842638,trees
0.0288,0.04575,0.02675,0.2784,0.22736418,trees
0.03055,0.0477,0.0284,0.27275,0.21916933,trees
0.02985,0.0482,0.0306,0.2568,0.2351057,trees
0.03125,0.04945,0.03075,0.2528,0.22552665,trees
0.03045,0.04725,0.02995,0.2664,0.21621622,trees
0.03035,0.0456,0.0299,0.2489,0.20079002,trees
0.0304,0.0454,0.0294,0.2489,0.19788918,trees
0.02965,0.04685,0.02985,0.2576,0.22483659,trees
0.0303,0.04525,0.02955,0.2624,0.19788218,trees
0.0303,0.04525,0.02955,0.2624,0.19788218,trees
0.0302,0.04585,0.02855,0.2654,0.20578568,trees
0.0314,0.04945,0.02985,0.2764,0.22325295,trees
0.03005,0.04765,0.029,0.28885,0.22651221,trees
0.02915,0.0467,0.0277,0.2927,0.23137772,trees
0.0297,0.0442,0.02845,0.27275,0.1962111,trees
0.02955,0.0447,0.02765,0.2472,0.20404042,trees
0.03095,0.0507,0.02945,0.2657,0.2418861,trees
0.03225,0.0495,0.0311,0.2722,0.21100919,trees
0.0321,0.0484,0.03125,0.272,0.20248447,trees
0.0328,0.0506,0.0318,0.3008,0.21342926,trees
0.03095,0.0495,0.02805,0.296,0.23057799,trees
0.03115,0.04835,0.0276,0.3096,0.2163522,trees
0.02905,0.0457,0.0263,0.2872,0.22274247,trees
0.02985,0.04675,0.0267,0.2651,0.22062665,trees
0.03045,0.0472,0.0289,0.2672,0.21571155,trees
0.03125,0.04885,0.03015,0.2768,0.21972534,trees
0.0299,0.0439,0.02865,0.26725,0.18970193,trees
0.029,0.0423,0.02825,0.2611,0.18653579,trees
0.02855,0.0399,0.02465,0.2523,0.16581446,trees
0.02815,0.04225,0.02595,0.2587,0.2002841,trees
0.0294,0.04545,0.029,0.2681,0.21442883,trees
0.02815,0.0419,0.02995,0.2472,0.19628839,trees
0.027,0.04195,0.0277,0.2424,0.21682376,trees
0.0288,0.04365,0.0268,0.2633,0.20496897,trees
0.02905,0.0443,0.03025,0.25745,0.20790732,trees
0.02965,0.04575,0.028,0.24345,0.21352783,trees
0.0278,0.04225,0.02585,0.2525,0.20628123,trees
0.02715,0.0419,0.0243,0.2747,0.21361336,trees
0.0267,0.04445,0.02635,0.2721,0.24947296,trees
0.02955,0.04305,0.02635,0.2464,0.18595041,trees
0.02955,0.04305,0.02635,0.2464,0.18595041,trees
0.0299,0.0437,0.0263,0.2464,0.1875,trees
0.0298,0.0466,0.029,0.2593,0.21989529,trees
0.0283,0.0466,0.0284,0.2635,0.24432574,trees
0.02845,0.04645,0.02785,0.2564,0.24032044,trees
0.0279,0.04705,0.0275,0.2651,0.25550368,trees
0.02515,0.0458,0.02625,0.2729,0.29105005,trees
0.02685,0.0442,0.02445,0.2671,0.24419421,trees
0.02875,0.04835,0.02705,0.2799,0.25421527,trees
0.02985,0.05105,0.0289,0.29205,0.2620519,trees
0.0284,0.04675,0.0285,0.2749,0.24417834,trees
0.02775,0.0459,0.02785,0.2664,0.2464358,trees
0.0309,0.04945,0.03085,0.2923,0.23086497,trees
0.03355,0.0528,0.0331,0.3318,0.22292991,trees
0.03265,0.0528,0.03105,0.3402,0.2358104,trees
0.0334,0.048,0.0303,0.2862,0.1793612,trees
0.031,0.0498,0.0301,0.29,0.2326733,trees
0.0302,0.0505,0.0283,0.2829,0.25154895,trees
0.0347,0.055,0.0323,0.283,0.22630994,trees
0.0325,0.0511,0.0314,0.283,0.22248806,trees
0.0298,0.0478,0.0293,0.2798,0.23195878,trees
0.0282,0.0443,0.0285,0.2564,0.22206895,trees
0.02905,0.0456,0.02845,0.2873,0.22170126,trees
0.03055,0.04665,0.028,0.2668,0.20854925,trees
0.0297,0.046,0.0303,0.2557,0.21532366,trees
0.03045,0.04425,0.02995,0.26105,0.18473898,trees
0.0304,0.04735,0.0279,0.265,0.21800643,trees
0.03045,0.0463,0.0291,0.255,0.20651467,trees
0.03045,0.044,0.0307,0.246,0.18200134,trees
0.02945,0.04505,0.0289,0.24895,0.20939599,trees
0.0286,0.0465,0.02905,0.2579,0.23834887,trees
0.0286,0.0465,0.02905,0.2579,0.23834887,trees
0.0309,0.04705,0.03045,0.2674,0.20718409,trees
0.0302,0.04745,0.0308,0.2594,0.22215065,trees
0.02885,0.0449,0.02825,0.258,0.21762711,trees
0.02825,0.0454,0.02755,0.2781,0.23285812,trees
0.02915,0.04435,0.0273,0.2788,0.2068027,trees
0.03005,0.04705,0.02795,0.2692,0.22049285,trees
0.03185,0.0508,0.03125,0.2815,0.2292801,trees
0.03155,0.04965,0.0317,0.2631,0.22290637,trees
0.0325,0.0494,0.03195,0.2739,0.20634924,trees
0.03435,0.0509,0.0332,0.2844,0.19413489,trees
0.03375,0.0523,0.03205,0.2915,0.2155723,trees
0.03305,0.0533,0.03125,0.3408,0.2345107,trees
0.0298,0.04665,0.0276,0.3155,0.2204055,trees
0.02845,0.0454,0.0273,0.2677,0.22951932,trees
0.029,0.0461,0.0278,0.2761,0.22769642,trees
0.02945,0.04655,0.02835,0.2723,0.225,trees
0.02955,0.04345,0.0264,0.2565,0.190411,trees
0.02835,0.04525,0.0263,0.2629,0.22961958,trees
0.02895,0.04475,0.02755,0.2642,0.21438263,trees
0.02975,0.0456,0.02775,0.2768,0.21035169,trees
0.02965,0.0452,0.0305,0.2694,0.20774883,trees
0.0286,0.04315,0.0329,0.2508,0.20278746,trees
0.02765,0.0415,0.02795,0.2409,0.20028919,trees
0.0302,0.0477,0.032,0.2626,0.22464696,trees
0.03085,0.04665,0.0347,0.2634,0.20387095,trees
0.02765,0.0435,0.02595,0.2445,0.22276878,trees
0.026,0.0405,0.0234,0.2544,0.2180451,trees
0.02715,0.0419,0.0243,0.2747,0.21361336,trees
0.02865,0.0415,0.02545,0.26875,0.18317886,trees
0.02795,0.0436,0.0266,0.2391,0.21872818,trees
0.02795,0.0436,0.0266,0.2391,0.21872818,trees
0.0278,0.042,0.02745,0.2476,0.2034384,trees
0.02715,0.04275,0.02665,0.2668,0.22317599,trees
0.0298,0.04465,0.0264,0.2721,0.19946273,trees
0.02725,0.04515,0.02615,0.2621,0.24723758,trees
0.02605,0.0437,0.02545,0.2452,0.2530466,trees
0.0249,0.04045,0.0241,0.2499,0.23794949,trees
0.0261,0.04145,0.02345,0.256,0.22723909,trees
0.02955,0.05015,0.03295,0.27435,0.25846925,trees
0.03085,0.04945,0.0319,0.2693,0.23163135,trees
0.02915,0.04735,0.0291,0.2704,0.23790851,trees
0.02855,0.04725,0.02885,0.2769,0.24670182,trees
0.02965,0.0485,0.03045,0.2826,0.24120282,trees
0.03155,0.04865,0.02995,0.2976,0.21321695,trees
0.0321,0.0509,0.0314,0.3073,0.22650602,trees
0.0317,0.0494,0.0289,0.3108,0.21824908,trees
0.0292,0.0484,0.0284,0.2884,0.24742267,trees
0.0314,0.0515,0.0288,0.3018,0.2424608,trees
0.0329,0.0535,0.0308,0.301,0.2384259,trees
0.0308,0.0477,0.0285,0.2766,0.21528661,trees
0.0303,0.048,0.0275,0.2868,0.22605364,trees
0.0308,0.0464,0.028,0.2878,0.20207255,trees
0.0315,0.0495,0.02975,0.2966,0.22222221,trees
0.0292,0.0453,0.02765,0.2702,0.21610735,trees
0.03025,0.048,0.0306,0.2582,0.22683707,trees
0.03195,0.04735,0.031,0.2726,0.19419923,trees
0.0306,0.0467,0.0291,0.2729,0.20827945,trees
0.02995,0.04775,0.0289,0.263,0.2290862,trees
0.03085,0.04475,0.0303,0.2559,0.18386245,trees
0.03085,0.04525,0.02825,0.25185,0.18922468,trees
0.0299,0.04625,0.02865,0.2569,0.21470782,trees
0.0299,0.04625,0.02865,0.2569,0.21470782,trees
0.03035,0.04785,0.0311,0.26445,0.22378519,trees
0.02805,0.0431,0.02835,0.2489,0.21152495,trees
0.0294,0.0458,0.02765,0.25525,0.21808511,trees
0.0291,0.0459,0.0275,0.2721,0.22399996,trees
0.0296,0.04585,0.0281,0.2644,0.21537443,trees
0.03025,0.0485,0.0301,0.2767,0.23174605,trees
0.03105,0.0481,0.03115,0.28435,0.21541375,trees
0.0302,0.04715,0.0315,0.2708,0.2191338,trees
0.03005,0.0473,0.03155,0.2784,0.22301228,trees
0.03245,0.0502,0.0317,0.2858,0.214761,trees
0.0333,0.05265,0.03535,0.2993,0.22513089,trees
0.03175,0.0512,0.0325,0.2998,0.23447858,trees
0.02795,0.04655,0.0267,0.276,0.24966443,trees
0.02785,0.0435,0.0267,0.2495,0.21934125,trees
0.0284,0.04415,0.0271,0.26235,0.21709165,trees
0.02705,0.04465,0.02655,0.25875,0.24546723,trees
0.0276,0.04355,0.02605,0.2496,0.22417429,trees
0.02855,0.04485,0.0271,0.2657,0.22207083,trees
0.0304,0.04535,0.02925,0.2643,0.19735973,trees
0.03215,0.04835,0.0329,0.2739,0.20124222,trees
0.03305,0.0481,0.036,0.2622,0.185459,trees
0.03145,0.04435,0.03285,0.24665,0.17018467,trees
0.0292,0.0431,0.03065,0.2488,0.19225447,trees
0.03075,0.04775,0.03395,0.2621,0.21656048,trees
0.02805,0.0438,0.0317,0.2422,0.21920668,trees
0.0264,0.0389,0.0245,0.2392,0.19142418,trees
0.02545,0.04225,0.0238,0.2566,0.24815361,trees
0.02625,0.04125,0.02415,0.2821,0.22222225,trees
0.02865,0.0415,0.02545,0.26875,0.18317886,trees
0.0264,0.04,0.0245,0.2466,0.20481926,trees
0.0297,0.0433,0.02765,0.2444,0.18630137,trees
0.02945,0.04445,0.029,0.26115,0.202977,trees
0.0291,0.0416,0.02735,0.2634,0.17680337,trees
0.02925,0.04455,0.02745,0.2691,0.2073171,trees
0.0274,0.0438,0.0249,0.2639,0.23033708,trees
0.02555,0.04035,0.0236,0.25225,0.22458272,trees
0.02335,0.03875,0.02245,0.2599,0.2479871,trees
0.02595,0.0431,0.0253,0.2773,0.24837075,trees
0.02975,0.0521,0.03265,0.2699,0.27306047,trees
0.0281,0.0479,0.0302,0.2443,0.2605263,trees
0.0282,0.04605,0.02625,0.2553,0.24040405,trees
0.02835,0.04465,0.0262,0.2625,0.22328767,trees
0.02705,0.0442,0.0281,0.2654,0.24070175,trees
0.0288,0.04385,0.02875,0.269,0.20715763,trees
0.03075,0.0488,0.0306,0.2763,0.22690131,trees
0.0308,0.052,0.0285,0.335,0.25603867,trees
0.0303,0.0475,0.0264,0.2924,0.22107968,trees
0.031,0.0483,0.0282,0.2888,0.21815892,trees
0.0305,0.0496,0.0301,0.2814,0.23845194,trees
0.0299,0.0454,0.0265,0.2588,0.20584331,trees
0.0312,0.0478,0.0283,0.2902,0.21012661,trees
0.0317,0.0484,0.0297,0.316,0.20848939,trees
0.03105,0.04835,0.02865,0.3031,0.21788411,trees
0.0304,0.0463,0.0279,0.2776,0.20730118,trees
0.03115,0.05055,0.03065,0.2707,0.23745409,trees
0.0305,0.04945,0.031,0.2701,0.23702313,trees
0.02995,0.0444,0.02835,0.2677,0.19435103,trees
0.0288,0.04375,0.0285,0.2542,0.20606478,trees
0.0307,0.04685,0.03095,0.2563,0.20825273,trees
0.02995,0.0453,0.0298,0.25225,0.2039867,trees
0.02995,0.0453,0.0298,0.25225,0.2039867,trees
0.0304,0.04725,0.02955,0.26645,0.21699935,trees
0.03055,0.0497,0.0311,0.26915,0.2386293,trees
0.0287,0.04425,0.0273,0.26045,0.21315971,trees
0.0301,0.04645,0.02865,0.2673,0.21358591,trees
0.0302,0.0473,0.02965,0.2657,0.22064514,trees
0.0324,0.04635,0.0305,0.26705,0.17714283,trees
0.0334,0.05055,0.0327,0.2705,0.20428827,trees
0.0323,0.04875,0.0324,0.2772,0.20296115,trees
0.0312,0.0472,0.03195,0.2791,0.20408167,trees
0.0311,0.04985,0.0322,0.2893,0.23162445,trees
0.03025,0.0494,0.0327,0.2813,0.2404269,trees
0.0309,0.0491,0.03105,0.2702,0.22750002,trees
0.0301,0.04665,0.0302,0.2649,0.2156352,trees
0.02725,0.04365,0.0262,0.2466,0.23131174,trees
0.02825,0.04395,0.02565,0.2466,0.21745151,trees
0.02875,0.0442,0.0259,0.2597,0.2117889,trees
0.0272,0.0443,0.02705,0.2473,0.23916084,trees
0.0276,0.04475,0.02795,0.2483,0.23704217,trees
0.0282,0.04385,0.02845,0.2547,0.21721026,trees
0.02945,0.0448,0.02995,0.2599,0.206734,trees
0.0319,0.0479,0.03275,0.2621,0.20050125,trees
0.0288,0.0459,0.03225,0.2524,0.22891566,trees
0.0276,0.04235,0.029,0.2429,0.21086493,trees
0.0274,0.04455,0.028,0.2662,0.23835999,trees
0.02785,0.0449,0.0273,0.2635,0.23436426,trees
0.0256,0.04105,0.0257,0.2385,0.23180795,trees
0.02715,0.0427,0.0244,0.254,0.22261992,trees
0.0263,0.04275,0.02485,0.2729,0.23823318,trees
0.02595,0.0404,0.0247,0.2695,0.21778446,trees
0.0264,0.04,0.0245,0.2466,0.20481926,trees
0.0264,0.04,0.0245,0.2466,0.20481926,trees
0.02965,0.0471,0.02865,0.2559,0.22736154,trees
0.02975,0.0437,0.0271,0.2642,0.18992509,trees
0.0289,0.0424,0.0276,0.2613,0.1893408,trees
0.0282,0.04265,0.0264,0.262,0.203952,trees
0.0262,0.0419,0.02375,0.2629,0.23054332,trees
0.0256,0.0398,0.0224,0.26195,0.2171254,trees
0.0247,0.0404,0.02385,0.26995,0.2411674,trees
0.02645,0.0446,0.02575,0.2834,0.25545385,trees
0.02995,0.0496,0.02875,0.2777,0.24701448,trees
0.0273,0.04565,0.02815,0.2556,0.25154215,trees
0.0263,0.0435,0.0266,0.2558,0.24641833,trees
0.0259,0.04265,0.0254,0.2474,0.24434718,trees
0.02735,0.0444,0.02805,0.245,0.23763067,trees
0.02725,0.04565,0.02915,0.2638,0.25240058,trees
0.02835,0.04635,0.02865,0.2653,0.24096385,trees
0.0321,0.0576,0.0286,0.361,0.28428093,trees
0.0309,0.049,0.0279,0.3094,0.22653316,trees
0.0311,0.0475,0.0287,0.2872,0.20865141,trees
0.0323,0.0466,0.0295,0.2806,0.1812421,trees
0.0296,0.0439,0.0272,0.2544,0.19455785,trees
0.0307,0.0484,0.0291,0.2942,0.22376738,trees
0.0312,0.0478,0.028,0.3086,0.21012661,trees
0.02895,0.046,0.02545,0.2853,0.22748499,trees
0.03215,0.04885,0.02995,0.28835,0.20617284,trees
0.0311,0.04665,0.03085,0.26735,0.20000002,trees
0.0295,0.04455,0.02975,0.2639,0.20324107,trees
0.0283,0.04185,0.0269,0.252,0.19315751,trees
0.02745,0.04275,0.02725,0.2504,0.2179487,trees
0.029,0.04475,0.0287,0.2553,0.21355934,trees
0.02925,0.0451,0.02965,0.2575,0.2131809,trees
0.02925,0.0451,0.02965,0.2575,0.2131809,trees
0.03055,0.04735,0.03055,0.2698,0.21566112,trees
0.0303,0.04915,0.03025,0.2785,0.23725612,trees
0.0301,0.0463,0.03015,0.2643,0.21204193,trees
0.0308,0.0475,0.0303,0.2752,0.21328224,trees
0.02995,0.0477,0.03025,0.257,0.22858982,trees
0.0311,0.0465,0.0297,0.2684,0.19845362,trees
0.03215,0.0495,0.03305,0.27205,0.21249233,trees
0.03195,0.04695,0.0345,0.275,0.19011407,trees
0.03185,0.04975,0.0335,0.2815,0.21936277,trees
0.0314,0.04915,0.0305,0.277,0.22036006,trees
0.02895,0.04665,0.02995,0.2557,0.23412699,trees
0.03015,0.0461,0.0293,0.2531,0.20918034,trees
0.03035,0.0471,0.02875,0.2597,0.21626857,trees
0.0272,0.0438,0.02725,0.2513,0.23380281,trees
0.02695,0.04325,0.0262,0.2457,0.23219372,trees
0.0277,0.04035,0.02625,0.2365,0.18589276,trees
0.0282,0.04215,0.02935,0.2413,0.19829421,trees
0.02715,0.0413,0.0283,0.2397,0.20672023,trees
0.028,0.04535,0.02745,0.2603,0.23653714,trees
0.02805,0.04395,0.0282,0.2582,0.22083333,trees
0.0292,0.0457,0.0291,0.253,0.2202937,trees
0.02795,0.0424,0.02805,0.2493,0.20540155,trees
0.02775,0.0409,0.027,0.2511,0.19155133,trees
0.029,0.0443,0.02785,0.2662,0.20873126,trees
0.02675,0.04205,0.0255,0.2735,0.22238371,trees
0.02585,0.0423,0.0233,0.2484,0.24137934,trees
0.0268,0.0449,0.02605,0.2687,0.25244075,trees
0.0264,0.04375,0.02605,0.2872,0.24732713,trees
0.02595,0.0387,0.02425,0.2612,0.19721578,trees
0.02585,0.04085,0.0236,0.2491,0.22488755,trees
0.02585,0.04085,0.0236,0.2491,0.22488755,trees
0.0271,0.0432,0.02685,0.2625,0.22901851,trees
0.0285,0.04285,0.0274,0.2586,0.20112121,trees
0.02855,0.04435,0.02795,0.2686,0.21673523,trees
0.0289,0.0459,0.0275,0.2777,0.22727272,trees
0.02685,0.04485,0.023,0.2729,0.25104603,trees
0.02625,0.04235,0.0246,0.2764,0.23469391,trees
0.02655,0.04365,0.0255,0.2796,0.24358974,trees
0.0281,0.047,0.0271,0.295,0.25166443,trees
0.0278,0.04615,0.0272,0.294,0.24814063,trees
0.02785,0.0452,0.0293,0.265,0.23750858,trees
0.02855,0.04735,0.02935,0.2733,0.24769431,trees
0.02625,0.0464,0.02645,0.2659,0.2773572,trees
0.02865,0.0469,0.0296,0.2587,0.24156186,trees
0.02965,0.0494,0.03305,0.2656,0.24984187,trees
0.0291,0.046,0.0295,0.2541,0.22503327,trees
0.0329,0.0581,0.029,0.3484,0.27692303,trees
0.0313,0.0526,0.0282,0.3134,0.25387365,trees
0.0303,0.0488,0.0284,0.2828,0.23388115,trees
0.0319,0.0495,0.0305,0.271,0.21621622,trees
0.0297,0.0434,0.0272,0.2509,0.18741451,trees
0.0308,0.0473,0.0291,0.2644,0.21126762,trees
0.0265,0.0444,0.0252,0.2618,0.25246826,trees
0.0297,0.0445,0.0265,0.268,0.19946092,trees
0.0323,0.0484,0.0317,0.2698,0.19950436,trees
0.0297,0.0467,0.0311,0.2376,0.22251311,trees
0.03,0.047,0.0294,0.2504,0.22077921,trees
0.0302,0.0441,0.0274,0.2504,0.1870794,trees
0.0303,0.0469,0.029,0.2668,0.2150259,trees
0.0275,0.04555,0.0273,0.2705,0.24709104,trees
0.0301,0.04615,0.02985,0.2588,0.21049179,trees
0.0301,0.04615,0.02985,0.2588,0.21049179,trees
0.0305,0.04685,0.02985,0.2605,0.21137686,trees
0.03045,0.04685,0.03075,0.2655,0.21216042,trees
0.0303,0.0467,0.03005,0.2752,0.21298702,trees
0.02955,0.04515,0.0283,0.2777,0.20883536,trees
0.02885,0.04605,0.02875,0.2715,0.22963953,trees
0.02985,0.0453,0.02775,0.2728,0.20558882,trees
0.03065,0.0473,0.0302,0.2759,0.21359846,trees
0.0311,0.0468,0.0331,0.2771,0.20154043,trees
0.0318,0.05015,0.03205,0.2937,0.22391699,trees
0.0299,0.0489,0.02895,0.2827,0.24111676,trees
0.0282,0.0434,0.02705,0.2576,0.2122905,trees
0.0284,0.0462,0.02795,0.2509,0.2386059,trees
0.02955,0.046,0.03155,0.2635,0.21773662,trees
0.0277,0.0405,0.029,0.2432,0.1876833,trees
0.027,0.04175,0.0243,0.245,0.21454543,trees
0.02655,0.0421,0.0266,0.24,0.2265113,trees
0.0279,0.0456,0.02835,0.2514,0.24081635,trees
0.02745,0.0427,0.02775,0.2495,0.21739128,trees
0.02755,0.0446,0.02685,0.2598,0.23631321,trees
0.02785,0.0441,0.02675,0.2582,0.2258513,trees
0.0285,0.0444,0.02705,0.2623,0.21810699,trees
0.02975,0.0441,0.0277,0.2553,0.1943128,trees
0.02945,0.0426,0.0278,0.2448,0.18251213,trees
0.02985,0.0445,0.0296,0.2581,0.19704102,trees
0.02695,0.0436,0.02965,0.2748,0.23600283,trees
0.0254,0.04415,0.0251,0.2578,0.2695902,trees
0.02605,0.04385,0.02435,0.2652,0.25464952,trees
0.02705,0.04315,0.02465,0.2655,0.22934476,trees
0.02505,0.03785,0.02325,0.252,0.20349763,trees
0.02525,0.0414,0.02425,0.25605,0.24231055,trees
0.02525,0.0414,0.02425,0.25605,0.24231055,trees
0.0271,0.0432,0.02685,0.2625,0.22901851,trees
0.02665,0.0424,0.02705,0.2553,0.22809556,trees
0.02895,0.04865,0.029,0.2785,0.253866,trees
0.0291,0.0459,0.0271,0.291,0.22399996,trees
0.0265,0.04595,0.02465,0.2946,0.26846102,trees
0.0266,0.0467,0.0271,0.2953,0.27421555,trees
0.0273,0.0488,0.0292,0.2917,0.28252298,trees
0.02805,0.04905,0.02735,0.30445,0.27237353,trees
0.02785,0.04775,0.0266,0.30115,0.26322752,trees
0.02875,0.04505,0.02865,0.277,0.22086719,trees
0.03105,0.04715,0.0322,0.26805,0.20588237,trees
0.0282,0.04665,0.02825,0.2717,0.24649298,trees
0.0294,0.0454,0.02765,0.25745,0.21390375,trees
0.031,0.049,0.0318,0.2573,0.225,trees
0.03,0.04595,0.03155,0.2515,0.2100066,trees
0.0311,0.0491,0.03,0.2768,0.2244389,trees
0.0303,0.0473,0.0276,0.289,0.21907215,trees
0.0297,0.0464,0.0269,0.2666,0.21944809,trees
0.0302,0.0469,0.0296,0.2668,0.2166018,trees
0.0295,0.0422,0.0264,0.2556,0.1771269,trees
0.0312,0.0473,0.0292,0.27,0.20509554,trees
0.0295,0.044,0.027,0.2566,0.1972789,trees
0.0318,0.0481,0.0297,0.2652,0.20400497,trees
0.0305,0.0501,0.0301,0.2658,0.24317616,trees
0.0304,0.0479,0.0302,0.254,0.22349934,trees
0.0303,0.0469,0.0299,0.2526,0.2150259,trees
0.0302,0.0466,0.0296,0.2492,0.21354163,trees
0.0315,0.0493,0.0298,0.2784,0.22029704,trees
0.0271,0.0449,0.02675,0.2601,0.24722223,trees
0.0288,0.04205,0.0264,0.2447,0.18701483,trees
0.0288,0.04205,0.0264,0.2447,0.18701483,trees
0.02805,0.04195,0.0276,0.25,0.19857141,trees
0.03035,0.0467,0.0317,0.2711,0.21219988,trees
0.02855,0.04525,0.0297,0.2683,0.22628725,trees
0.02845,0.04405,0.02775,0.2776,0.21517244,trees
0.0299,0.04485,0.02905,0.279,0.2,trees
0.0296,0.0448,0.028,0.28295,0.20430106,trees
0.0291,0.04585,0.02915,0.2808,0.22348233,trees
0.0309,0.0479,0.0309,0.2938,0.21573603,trees
0.03025,0.0504,0.03145,0.31435,0.24984501,trees
0.03075,0.0465,0.03,0.2925,0.20388348,trees
0.02985,0.0471,0.0316,0.2793,0.22417153,trees
0.03065,0.0457,0.0311,0.2639,0.19711854,trees
0.03095,0.04815,0.03105,0.2601,0.21744627,trees
0.02845,0.043,0.0278,0.2589,0.20363893,trees
0.02715,0.0438,0.0242,0.2495,0.23467231,trees
0.02725,0.04425,0.02655,0.2541,0.23776224,trees
0.0278,0.04605,0.02705,0.2558,0.24712257,trees
0.0283,0.04315,0.02715,0.2589,0.20783764,trees
0.0279,0.0423,0.0268,0.2486,0.20512824,trees
0.02795,0.04205,0.02635,0.2592,0.20142858,trees
0.02775,0.04295,0.0276,0.2645,0.21499291,trees
0.02935,0.0446,0.0284,0.2587,0.2062204,trees
0.02865,0.0425,0.028,0.24495,0.19465916,trees
0.029,0.04365,0.028,0.2503,0.20165178,trees
0.02785,0.0453,0.02995,0.2574,0.2385509,trees
0.0251,0.04265,0.02545,0.24065,0.25904056,trees
0.0269,0.0418,0.02325,0.2655,0.21688499,trees
0.028,0.04515,0.02665,0.2652,0.23444976,trees
0.02785,0.0434,0.0273,0.2627,0.21824563,trees
0.02785,0.0434,0.0273,0.2627,0.21824563,trees
0.02695,0.04115,0.02565,0.2583,0.2085169,trees
0.0269,0.03915,0.02485,0.2611,0.18546553,trees
0.02665,0.0424,0.02705,0.2553,0.22809556,trees
0.02775,0.0496,0.02845,0.2856,0.2824822,trees
0.02655,0.0451,0.0267,0.2899,0.25889742,trees
0.02625,0.0451,0.02615,0.30225,0.2641906,trees
0.0268,0.04955,0.0262,0.3175,0.29796988,trees
0.028,0.0504,0.02755,0.3014,0.28571427,trees
0.02875,0.04865,0.0275,0.3082,0.25710595,trees
0.02875,0.0465,0.026,0.3031,0.2358804,trees
0.0294,0.04705,0.0283,0.2805,0.23086984,trees
0.03055,0.0481,0.03025,0.2754,0.2231405,trees
0.0283,0.0467,0.02735,0.2744,0.24533333,trees
0.0278,0.04465,0.0279,0.2625,0.2325742,trees
0.0303,0.0469,0.03205,0.263,0.2150259,trees
0.03095,0.0462,0.02985,0.2578,0.19766687,trees
0.0312,0.0475,0.0317,0.2558,0.20711564,trees
0.0312,0.0479,0.0282,0.2518,0.21112517,trees
0.0286,0.0433,0.0262,0.2466,0.20445062,trees
0.0292,0.0453,0.0274,0.264,0.21610735,trees
0.0294,0.046,0.0288,0.2602,0.22015914,trees
0.0299,0.0457,0.0293,0.2714,0.2089947,trees
0.0302,0.0471,0.0283,0.274,0.21862872,trees
0.0319,0.051,0.0324,0.2806,0.23039806,trees
0.0311,0.0486,0.0295,0.275,0.2195734,trees
0.0321,0.0482,0.0307,0.274,0.20049813,trees
0.0299,0.0458,0.0297,0.2658,0.21003965,trees
0.0303,0.0488,0.0305,0.2666,0.23388115,trees
0.0312,0.0496,0.0303,0.2658,0.22772281,trees
0.02775,0.0454,0.0266,0.2599,0.24128504,trees
0.02775,0.0454,0.0266,0.2599,0.24128504,trees
0.0286,0.0451,0.02785,0.2638,0.2238806,trees
0.0285,0.042,0.0292,0.2547,0.19148935,trees
0.03025,0.04665,0.0318,0.2721,0.21326399,trees
0.0288,0.04415,0.02925,0.2708,0.21041809,trees
0.02815,0.04445,0.02825,0.2651,0.22451791,trees
0.02955,0.04685,0.03055,0.2762,0.2264398,trees
0.028,0.0462,0.029,0.2756,0.245283,trees
0.0297,0.0449,0.0287,0.293,0.20375337,trees
0.0299,0.0471,0.0307,0.3062,0.22337663,trees
0.03175,0.0523,0.03395,0.31925,0.2444973,trees
0.0323,0.05265,0.0341,0.3025,0.23955269,trees
0.03035,0.04865,0.0332,0.2801,0.23164558,trees
0.02915,0.04385,0.0294,0.26515,0.20136988,trees
0.03095,0.04785,0.02985,0.2709,0.21446702,trees
0.0292,0.045,0.02725,0.2777,0.21293801,trees
0.02715,0.04265,0.02575,0.2578,0.22206305,trees
0.02875,0.04475,0.02805,0.2622,0.21768709,trees
0.0284,0.0453,0.0269,0.2643,0.22930801,trees
0.0267,0.04155,0.02565,0.2566,0.21758242,trees
0.02735,0.0427,0.02615,0.24745,0.2191292,trees
0.02835,0.0439,0.02725,0.2598,0.21522495,trees
0.0289,0.04435,0.0286,0.2662,0.2109215,trees
0.02945,0.04485,0.029,0.261,0.20726784,trees
0.0266,0.04095,0.02555,0.2389,0.21243523,trees
0.0289,0.0444,0.0274,0.2415,0.21145976,trees
0.0276,0.04505,0.0284,0.2438,0.2401927,trees
0.0277,0.04415,0.0257,0.2611,0.22894917,trees
0.0277,0.0443,0.02655,0.2717,0.2305556,trees
0.0292,0.0462,0.0266,0.2755,0.22546417,trees
0.02925,0.0461,0.02865,0.26315,0.22362311,trees
0.02925,0.0461,0.02865,0.26315,0.22362311,trees
0.02785,0.04325,0.0255,0.2619,0.21659632,trees
0.0245,0.04135,0.023,0.2598,0.2558846,trees
0.02645,0.0439,0.0258,0.26885,0.24804547,trees
0.02775,0.0496,0.02845,0.2856,0.2824822,trees
0.02585,0.04715,0.02415,0.2965,0.29178083,trees
0.02515,0.0459,0.02365,0.3,0.29204786,trees
0.0271,0.04895,0.02605,0.3223,0.287311,trees
0.0281,0.05005,0.02795,0.3069,0.2808701,trees
0.0288,0.0464,0.02645,0.3026,0.23404256,trees
0.02855,0.0439,0.02655,0.2813,0.21187025,trees
0.0295,0.0446,0.02885,0.2727,0.20377865,trees
0.03025,0.0467,0.0306,0.2641,0.21377519,trees
0.0281,0.04425,0.0271,0.266,0.22322044,trees
0.02905,0.0438,0.02875,0.2622,0.20247082,trees
0.031,0.04755,0.0311,0.2684,0.21069385,trees
0.0306,0.04635,0.02845,0.2749,0.20467834,trees
0.0294,0.0428,0.0289,0.2308,0.18559559,trees
0.0301,0.0441,0.027,0.254,0.18867926,trees
0.0306,0.0473,0.0283,0.2696,0.2143774,trees
0.0311,0.0475,0.0288,0.2718,0.20865141,trees
0.0304,0.0456,0.0285,0.277,0.19999999,trees
0.0299,0.0461,0.0297,0.2648,0.2131579,trees
0.0309,0.0486,0.028,0.2764,0.22264151,trees
0.0312,0.0498,0.0314,0.2938,0.22962965,trees
0.03,0.0477,0.0304,0.2818,0.22779924,trees
0.0312,0.0481,0.0309,0.2678,0.21311474,trees
0.0297,0.0483,0.0285,0.2736,0.23846155,trees
0.0304,0.0484,0.0309,0.2468,0.22842638,trees
0.0287,0.0482,0.0295,0.2652,0.2535761,trees
0.02895,0.04575,0.0291,0.2751,0.22489959,trees
0.02895,0.04575,0.0291,0.2751,0.22489959,trees
0.0278,0.0464,0.02955,0.2715,0.25067386,trees
0.02815,0.0437,0.02945,0.2635,0.21642308,trees
0.03075,0.0473,0.03175,0.2896,0.21204354,trees
0.0303,0.04625,0.03145,0.27525,0.20836055,trees
0.0296,0.04685,0.0301,0.26575,0.22563767,trees
0.0312,0.04895,0.03455,0.2824,0.22145979,trees
0.0311,0.05095,0.0357,0.294,0.24192566,trees
0.03035,0.04745,0.03085,0.2993,0.21979433,trees
0.031,0.0496,0.03155,0.3044,0.23076925,trees
0.03175,0.05255,0.03465,0.3037,0.24673782,trees
0.03135,0.0493,0.03115,0.2909,0.22256662,trees
0.0292,0.0456,0.0287,0.2789,0.21925133,trees
0.0282,0.0441,0.02655,0.265,0.21991701,trees
0.0288,0.0454,0.0296,0.2853,0.22371969,trees
0.02885,0.0422,0.02725,0.2767,0.18789582,trees
0.02735,0.04325,0.02535,0.2549,0.22521247,trees
0.028,0.04495,0.0265,0.2505,0.23235092,trees
0.02855,0.0462,0.026,0.2612,0.23612039,trees
0.02575,0.04115,0.0254,0.26225,0.23019432,trees
0.0285,0.04465,0.027,0.25245,0.22077921,trees
0.02855,0.0444,0.0279,0.2642,0.21727209,trees
0.02815,0.042,0.02755,0.2563,0.19743405,trees
0.02775,0.04065,0.02495,0.2471,0.18859649,trees
0.02655,0.0392,0.02485,0.2447,0.19239543,trees
0.0278,0.04395,0.0284,0.248,0.2250871,trees
0.0298,0.04475,0.0295,0.25005,0.20053656,trees
0.02895,0.0456,0.02795,0.2682,0.22334003,trees
0.0272,0.04365,0.02665,0.2766,0.23218067,trees
0.0261,0.04225,0.0266,0.281,0.23628382,trees
0.026,0.04565,0.02625,0.26505,0.27424985,trees
0.026,0.04565,0.02625,0.26505,0.27424985,trees
0.0242,0.0439,0.02435,0.2654,0.28928047,trees
0.0242,0.0438,0.0235,0.2762,0.28823528,trees
0.02705,0.044,0.02465,0.28875,0.23856439,trees
0.0268,0.04535,0.02595,0.3064,0.25710326,trees
0.0251,0.04465,0.0237,0.2979,0.28028676,trees
0.0257,0.04615,0.0238,0.2852,0.28462073,trees
0.02645,0.04815,0.0259,0.3118,0.2908847,trees
0.02835,0.0486,0.02885,0.2995,0.2631579,trees
0.03015,0.04615,0.0267,0.2891,0.20969856,trees
0.0284,0.045,0.02735,0.271,0.22615804,trees
0.02985,0.04815,0.0302,0.2772,0.23461537,trees
0.02945,0.0466,0.02905,0.2722,0.22550954,trees
0.02775,0.04335,0.0277,0.24965,0.21940929,trees
0.0304,0.04525,0.0304,0.2589,0.19629872,trees
0.03125,0.0449,0.0306,0.2647,0.17925148,trees
0.02935,0.046,0.0275,0.2838,0.22096881,trees
0.029,0.0458,0.0281,0.2384,0.22459894,trees
0.0308,0.0476,0.0294,0.2598,0.21428573,trees
0.0324,0.0494,0.0312,0.2828,0.20782398,trees
0.0315,0.0501,0.0315,0.295,0.22794117,trees
0.0315,0.0505,0.0307,0.3106,0.23170732,trees
0.0318,0.0511,0.0312,0.2952,0.2328106,trees
0.0313,0.0482,0.0292,0.2812,0.2125786,trees
0.0328,0.0513,0.0316,0.295,0.21997622,trees
0.0314,0.0496,0.0319,0.2894,0.22469139,trees
0.0305,0.0475,0.0309,0.28,0.2179487,trees
0.0304,0.0458,0.0303,0.2568,0.20209974,trees
0.0301,0.0431,0.0281,0.2448,0.17759563,trees
0.0303,0.0471,0.0285,0.2674,0.21705426,trees
0.0299,0.04475,0.0292,0.2659,0.19892834,trees
0.0299,0.04475,0.0292,0.2659,0.19892834,trees
0.02725,0.04365,0.0281,0.25325,0.23131174,trees
0.0288,0.04195,0.02765,0.2491,0.18586572,trees
0.03215,0.0527,0.03285,0.28905,0.24219212,trees
0.0325,0.05175,0.03725,0.2946,0.22848666,trees
0.0311,0.0498,0.03405,0.2745,0.2311496,trees
0.0357,0.0552,0.03945,0.2863,0.21452142,trees
0.0345,0.05335,0.0368,0.2922,0.21457031,trees
0.03075,0.04765,0.03005,0.2882,0.21556118,trees
0.03015,0.0522,0.0302,0.2926,0.26775956,trees
0.02855,0.0472,0.02825,0.2697,0.24620463,trees
0.02895,0.04725,0.02775,0.2765,0.24015746,trees
0.02785,0.0451,0.0259,0.2831,0.23646334,trees
0.0269,0.0438,0.02545,0.268,0.23903817,trees
0.0277,0.0455,0.02755,0.2909,0.24316938,trees
0.0282,0.04475,0.0267,0.2911,0.2268677,trees
0.02855,0.04565,0.02605,0.271,0.23045821,trees
0.0267,0.04365,0.026,0.25575,0.2409382,trees
0.0293,0.0447,0.02675,0.2652,0.2081081,trees
0.0265,0.04295,0.02705,0.2683,0.23686107,trees
0.02965,0.0466,0.0288,0.2741,0.22229506,trees
0.0291,0.04475,0.02875,0.2639,0.21191603,trees
0.02775,0.0418,0.02565,0.2544,0.20201293,trees
0.02875,0.04125,0.02535,0.2482,0.17857145,trees
0.02735,0.04285,0.0268,0.2452,0.22079773,trees
0.02825,0.04425,0.02945,0.2593,0.22068967,trees
0.02915,0.04395,0.0291,0.2526,0.20246236,trees
0.02845,0.04495,0.02745,0.2677,0.22479567,trees
0.0254,0.04265,0.0237,0.2704,0.2534901,trees
0.02415,0.04455,0.0241,0.2819,0.29694325,trees
0.02675,0.04765,0.02595,0.2835,0.28091395,trees
0.02675,0.04765,0.02595,0.2835,0.28091395,trees
0.02515,0.0464,0.0242,0.2967,0.29699513,trees
0.0252,0.0466,0.02205,0.3052,0.29805014,trees
0.027,0.04575,0.02285,0.3084,0.25773194,trees
0.02765,0.04615,0.02465,0.3136,0.2506775,trees
0.0251,0.04465,0.0237,0.2979,0.28028676,trees
0.02705,0.04595,0.0262,0.3078,0.2589041,trees
0.0279,0.04755,0.02685,0.3048,0.26043737,trees
0.02955,0.05155,0.0276,0.299,0.27127007,trees
0.02985,0.04985,0.02885,0.28655,0.250941,trees
0.02985,0.04705,0.02835,0.2653,0.22366709,trees
0.0285,0.0483,0.029,0.2688,0.2578125,trees
0.0293,0.0452,0.02775,0.263,0.21342282,trees
0.02925,0.0432,0.02875,0.2455,0.1925466,trees
0.02985,0.04625,0.0302,0.2546,0.21550591,trees
0.0305,0.0437,0.03065,0.2589,0.17789756,trees
0.02755,0.04325,0.02755,0.2754,0.22175138,trees
0.0307,0.0448,0.0285,0.2542,0.18675496,trees
0.0332,0.0505,0.0329,0.27,0.20669058,trees
0.0314,0.0503,0.0327,0.2786,0.23133415,trees
0.0309,0.0473,0.0305,0.2902,0.20971867,trees
0.0308,0.0486,0.0303,0.3032,0.22418134,trees
0.0314,0.0482,0.0298,0.294,0.2110553,trees
0.0318,0.0485,0.031,0.2712,0.2079701,trees
0.0329,0.0526,0.0334,0.3,0.23040932,trees
0.0323,0.0511,0.0323,0.3146,0.2254197,trees
0.0291,0.0469,0.0303,0.2944,0.2342105,trees
0.0278,0.0453,0.0276,0.264,0.23939808,trees
0.0298,0.0467,0.0268,0.267,0.22091505,trees
0.0321,0.0499,0.0309,0.2842,0.21707316,trees
0.0312,0.0476,0.0311,0.2743,0.20812185,trees
0.0312,0.0476,0.0311,0.2743,0.20812185,trees
0.029,0.04595,0.02905,0.2488,0.22615078,trees
0.02845,0.0448,0.02855,0.253,0.22320819,trees
0.03265,0.0529,0.0352,0.2861,0.23670368,trees
0.03355,0.0531,0.03855,0.2992,0.22562031,trees
0.02995,0.04655,0.0327,0.268,0.21699344,trees
0.0299,0.04875,0.0324,0.2855,0.23966941,trees
0.02985,0.0448,0.02885,0.2828,0.2002679,trees
0.02875,0.04715,0.02795,0.2709,0.24242423,trees
0.0272,0.04435,0.0272,0.2593,0.23969251,trees
0.0264,0.04245,0.02645,0.257,0.23311548,trees
0.0284,0.0464,0.0283,0.2758,0.2406417,trees
0.02855,0.0467,0.02755,0.2789,0.241196,trees
0.02775,0.04625,0.0273,0.2771,0.25,trees
0.028,0.0464,0.0274,0.2918,0.2473118,trees
0.0292,0.04695,0.0294,0.2863,0.23309259,trees
0.0291,0.0463,0.02825,0.2879,0.2281167,trees
0.0272,0.04165,0.0267,0.2656,0.20987654,trees
0.029,0.04355,0.02695,0.26675,0.20055135,trees
0.02785,0.042,0.0275,0.2693,0.20257695,trees
0.0271,0.0442,0.02715,0.2754,0.23983169,trees
0.02675,0.0422,0.02585,0.26085,0.2240754,trees
0.0272,0.0407,0.02495,0.2534,0.19882178,trees
0.02795,0.0417,0.0266,0.2494,0.19741566,trees
0.02875,0.04455,0.02835,0.2557,0.21555252,trees
0.0282,0.04365,0.0291,0.2609,0.21503133,trees
0.02725,0.04245,0.0274,0.2451,0.21807747,trees
0.0255,0.0426,0.0269,0.26365,0.25110132,trees
0.0265,0.04435,0.0246,0.2765,0.2519407,trees
0.02765,0.04745,0.02575,0.28165,0.26364845,trees
0.02765,0.04745,0.02575,0.28165,0.26364845,trees
0.0284,0.04885,0.0268,0.2923,0.2647249,trees
0.0274,0.04745,0.02615,0.3028,0.26786906,trees
0.02685,0.0474,0.0247,0.3046,0.2767677,trees
0.0286,0.0504,0.02565,0.3148,0.2759494,trees
0.0286,0.0503,0.02725,0.3106,0.2750317,trees
0.0275,0.04835,0.02595,0.3042,0.27488464,trees
0.02705,0.04595,0.0262,0.3078,0.2589041,trees
0.02805,0.0478,0.0279,0.30855,0.26038232,trees
0.02955,0.0504,0.0306,0.3109,0.26078802,trees
0.03045,0.05085,0.0312,0.3023,0.25092253,trees
0.0291,0.047,0.0283,0.2769,0.2352168,trees
0.02835,0.0452,0.02735,0.2617,0.22909588,trees
0.0299,0.0442,0.0291,0.2621,0.19298245,trees
0.03,0.0426,0.02915,0.2447,0.1735537,trees
0.0294,0.0442,0.03035,0.24975,0.20108694,trees
0.02955,0.04405,0.0291,0.2514,0.19701089,trees
0.0281,0.0426,0.0253,0.2549,0.20509191,trees
0.0311,0.0462,0.0301,0.2648,0.19534284,trees
0.033,0.0498,0.0325,0.2756,0.20289856,trees
0.0302,0.0468,0.0307,0.2676,0.21558438,trees
0.0316,0.0459,0.031,0.2818,0.18451613,trees
0.0337,0.05,0.0327,0.2928,0.19474313,trees
0.0325,0.0493,0.0305,0.2966,0.205379,trees
0.0318,0.049,0.0302,0.2868,0.21287125,trees
0.0315,0.0511,0.0311,0.3056,0.23728815,trees
0.0304,0.0465,0.0285,0.2814,0.2093628,trees
0.0282,0.0453,0.0279,0.2922,0.23265305,trees
0.0289,0.0469,0.028,0.2788,0.23746702,trees
0.0302,0.048,0.0268,0.2718,0.22762148,trees
0.0337,0.0502,0.0316,0.2894,0.19666268,trees
0.0337,0.0502,0.0316,0.2894,0.19666268,trees
0.0304,0.05115,0.03475,0.2708,0.25444514,trees
0.02965,0.04525,0.03025,0.2557,0.20827767,trees
0.0313,0.04835,0.03085,0.284,0.2140615,trees
0.031,0.05135,0.0341,0.3045,0.24711598,trees
0.03125,0.05085,0.0331,0.3048,0.23873325,trees
0.0285,0.046,0.0289,0.2696,0.23489933,trees
0.02765,0.0433,0.027,0.2629,0.22057785,trees
0.0268,0.04515,0.026,0.27285,0.25503823,trees
0.0286,0.04755,0.028,0.2838,0.24885096,trees
0.0266,0.0464,0.02615,0.2736,0.27123287,trees
0.02785,0.0469,0.0291,0.2964,0.2548495,trees
0.02875,0.0484,0.02885,0.2873,0.25469863,trees
0.0288,0.0473,0.0287,0.2804,0.2431012,trees
0.02935,0.049,0.0303,0.2928,0.2507977,trees
0.0305,0.05065,0.03165,0.2921,0.2483056,trees
0.03255,0.0504,0.033,0.2879,0.21518989,trees
0.0299,0.0466,0.03075,0.2936,0.21830066,trees
0.0288,0.0442,0.0288,0.2699,0.21095891,trees
0.0283,0.04455,0.02715,0.2529,0.22306108,trees
0.03025,0.0441,0.0276,0.27,0.18628113,trees
0.02625,0.04455,0.0259,0.2747,0.25847462,trees
0.0255,0.04035,0.0229,0.25805,0.22551253,trees
0.02645,0.0402,0.02335,0.2418,0.20630154,trees
0.02715,0.0428,0.027,0.2464,0.22373126,trees
0.02855,0.04545,0.02855,0.2643,0.22837834,trees
0.0288,0.04565,0.028,0.26425,0.22632642,trees
0.027,0.04265,0.0255,0.24965,0.22469488,trees
0.0266,0.04375,0.02605,0.27,0.24378109,trees
0.0275,0.0482,0.026,0.2851,0.2734478,trees
0.0299,0.05215,0.0293,0.2981,0.27117613,trees
0.0299,0.05215,0.0293,0.2981,0.27117613,trees
0.02995,0.0522,0.02995,0.2946,0.27084604,trees
0.02975,0.0491,0.02905,0.3008,0.24540265,trees
0.0289,0.05215,0.0287,0.3126,0.28685996,trees
0.02955,0.053,0.0294,0.31215,0.28407028,trees
0.0289,0.0496,0.0287,0.311,0.2636943,trees
0.02865,0.0504,0.02825,0.3128,0.27514228,trees
0.0275,0.0485,0.027,0.31065,0.27631578,trees
0.02815,0.0459,0.0249,0.3101,0.23970291,trees
0.02825,0.0471,0.0275,0.3026,0.2501659,trees
0.0291,0.0486,0.0275,0.3044,0.2509652,trees
0.0288,0.0471,0.02765,0.2841,0.24110672,trees
0.0283,0.046,0.02835,0.2658,0.23822342,trees
0.0298,0.04485,0.02905,0.2636,0.20160751,trees
0.02815,0.04365,0.02675,0.2512,0.21587746,trees
0.02975,0.04545,0.03035,0.26035,0.20877656,trees
0.0277,0.043,0.02845,0.2511,0.21640737,trees
0.0281,0.0435,0.0255,0.2508,0.21508378,trees
0.0319,0.0466,0.0311,0.2724,0.18726113,trees
0.0327,0.0481,0.0316,0.2784,0.19059406,trees
0.0319,0.047,0.0296,0.2872,0.19138148,trees
0.0338,0.0483,0.0312,0.295,0.17661391,trees
0.0335,0.0516,0.0344,0.3152,0.21269095,trees
0.0324,0.0491,0.0325,0.3034,0.20490797,trees
0.0299,0.048,0.0285,0.277,0.23234917,trees
0.0302,0.047,0.0286,0.2844,0.21761656,trees
0.0264,0.0423,0.0264,0.253,0.23144107,trees
0.03,0.044,0.0275,0.2554,0.1891892,trees
0.0285,0.047,0.0289,0.2614,0.2450331,trees
0.0277,0.043,0.0277,0.2524,0.21640737,trees
0.0321,0.0498,0.0356,0.2774,0.21611723,trees
0.0321,0.0498,0.0356,0.2774,0.21611723,trees
0.0318,0.0505,0.036,0.2633,0.22721748,trees
0.0296,0.04575,0.0311,0.2656,0.2143331,trees
0.02935,0.0488,0.0302,0.2849,0.24888036,trees
0.0296,0.0494,0.0304,0.2786,0.2506329,trees
0.0304,0.04875,0.02955,0.28,0.23183826,trees
0.0266,0.04465,0.02595,0.26495,0.25333333,trees
0.02705,0.04425,0.02685,0.2678,0.24123423,trees
0.02835,0.04715,0.02895,0.2762,0.24900666,trees
0.03,0.05075,0.02995,0.2956,0.25696594,trees
0.0285,0.0474,0.0278,0.2821,0.24901186,trees
0.03015,0.05,0.0319,0.2974,0.24766064,trees
0.03065,0.0512,0.031,0.304,0.251069,trees
0.0315,0.05305,0.0304,0.3034,0.25487876,trees
0.0325,0.0534,0.0331,0.2981,0.24330619,trees
0.0331,0.0543,0.03485,0.3028,0.24256289,trees
0.0328,0.0516,0.03415,0.2947,0.22274885,trees
0.0303,0.0487,0.03105,0.2843,0.2329114,trees
0.029,0.04605,0.0283,0.2674,0.22718191,trees
0.0281,0.04575,0.0284,0.258,0.23899797,trees
0.03055,0.0466,0.0295,0.2685,0.20803629,trees
0.0272,0.04325,0.02765,0.2703,0.22782111,trees
0.0257,0.0419,0.0249,0.2543,0.23964502,trees
0.0262,0.04335,0.0258,0.2484,0.24658519,trees
0.02815,0.04445,0.0272,0.2636,0.22451791,trees
0.02905,0.047,0.0304,0.2759,0.23602891,trees
0.02985,0.0468,0.0288,0.2688,0.221135,trees
0.0305,0.0473,0.0303,0.2702,0.2159383,trees
0.02805,0.04765,0.03,0.2726,0.25891677,trees
0.03085,0.0526,0.03005,0.2924,0.26063508,trees
0.03385,0.055,0.03285,0.3163,0.23804165,trees
0.03385,0.055,0.03285,0.3163,0.23804165,trees
0.03065,0.053,0.03305,0.3059,0.2671847,trees
0.03155,0.05135,0.0322,0.30495,0.23884197,trees
0.0315,0.0537,0.0333,0.315,0.26056337,trees
0.03175,0.05285,0.0324,0.31905,0.24940898,trees
0.0298,0.0494,0.02965,0.3095,0.24747477,trees
0.0288,0.0497,0.02735,0.31305,0.26624203,trees
0.0267,0.048,0.0245,0.3178,0.28514057,trees
0.02815,0.0459,0.0249,0.3101,0.23970291,trees
0.0258,0.0447,0.02385,0.2993,0.2680851,trees
0.0254,0.04455,0.02435,0.2985,0.273767,trees
0.0277,0.04535,0.026,0.2821,0.24161534,trees
0.02895,0.0476,0.0276,0.2748,0.24363163,trees
0.028,0.04425,0.0275,0.2588,0.22491348,trees
0.0277,0.04315,0.0274,0.2561,0.21806635,trees
0.02965,0.04555,0.02875,0.2674,0.21143617,trees
0.02665,0.04345,0.0253,0.255,0.23965764,trees
0.02935,0.047,0.0273,0.2682,0.23117223,trees
0.0316,0.0506,0.0305,0.2974,0.23114358,trees
0.0321,0.0487,0.0319,0.2988,0.20544557,trees
0.0308,0.0489,0.0313,0.29,0.22710164,trees
0.0305,0.0504,0.0307,0.2866,0.24598269,trees
0.0307,0.0485,0.0317,0.2976,0.2247475,trees
0.0302,0.0451,0.0292,0.2916,0.19787516,trees
0.028,0.0437,0.0281,0.2485,0.21896788,trees
0.0302,0.0482,0.0277,0.2554,0.22959183,trees
0.0282,0.0444,0.0269,0.2466,0.22314048,trees
0.0299,0.047,0.0278,0.2484,0.2223667,trees
0.0308,0.047,0.031,0.257,0.2082262,trees
0.0279,0.0467,0.0284,0.258,0.25201076,trees
0.0298,0.0466,0.0318,0.2492,0.21989529,trees
0.0298,0.0466,0.0318,0.2492,0.21989529,trees
0.0298,0.0428,0.03065,0.2339,0.1790634,trees
0.02785,0.04665,0.0305,0.2547,0.252349,trees
0.02845,0.04565,0.029,0.2622,0.23211879,trees
0.0293,0.0464,0.02785,0.2548,0.22589166,trees
0.02905,0.0446,0.0269,0.2666,0.21113372,trees
0.02915,0.04575,0.02555,0.2726,0.22162883,trees
0.029,0.0461,0.0288,0.2725,0.22769642,trees
0.03085,0.04975,0.03115,0.2738,0.2344913,trees
0.0307,0.0505,0.0307,0.293,0.24384238,trees
0.02905,0.04805,0.0298,0.2861,0.24643321,trees
0.02985,0.0513,0.03245,0.2937,0.26432532,trees
0.03185,0.0525,0.03475,0.3102,0.24481328,trees
0.03265,0.0573,0.0355,0.3159,0.27404112,trees
0.0322,0.05615,0.03365,0.3122,0.27108094,trees
0.03155,0.0513,0.0322,0.2907,0.23838261,trees
0.0321,0.0482,0.0301,0.2789,0.20049813,trees
0.0303,0.04585,0.02825,0.2692,0.20420223,trees
0.0292,0.04535,0.0281,0.2714,0.21663311,trees
0.03085,0.0455,0.0286,0.2711,0.19187947,trees
0.03135,0.0487,0.03035,0.2761,0.2167395,trees
0.0273,0.04485,0.02665,0.265,0.24324323,trees
0.0267,0.04225,0.02545,0.2653,0.22552577,trees
0.0271,0.04385,0.02525,0.2671,0.23608175,trees
0.02705,0.04485,0.027,0.2722,0.24756607,trees
0.02815,0.04765,0.0297,0.2778,0.2572559,trees
0.0317,0.05255,0.03155,0.2755,0.24747773,trees
0.0312,0.05355,0.03245,0.2778,0.26371685,trees
0.0299,0.04895,0.0313,0.2801,0.241598,trees
0.03225,0.053,0.03155,0.2922,0.24340178,trees
0.03225,0.053,0.03155,0.2922,0.24340178,trees
0.03315,0.05385,0.03435,0.3067,0.23793104,trees
0.0312,0.05225,0.03215,0.3187,0.25224686,trees
0.0301,0.0503,0.0308,0.3038,0.25124377,trees
0.03005,0.052,0.03155,0.309,0.2675198,trees
0.03,0.05125,0.03205,0.31,0.26153848,trees
0.0297,0.0515,0.03,0.3197,0.2684729,trees
0.02745,0.0487,0.02705,0.3224,0.2790545,trees
0.02565,0.0468,0.0243,0.3113,0.29192546,trees
0.02495,0.04455,0.0227,0.3098,0.28201443,trees
0.0258,0.0447,0.02385,0.2993,0.2680851,trees
0.0253,0.0426,0.0225,0.2793,0.25478643,trees
0.0265,0.04615,0.02505,0.2741,0.27047488,trees
0.0288,0.04985,0.0275,0.28735,0.26764145,trees
0.02805,0.0434,0.02715,0.2569,0.21483555,trees
0.0281,0.04175,0.02725,0.2435,0.19541873,trees
0.02805,0.04225,0.02775,0.251,0.20199147,trees
0.02625,0.04195,0.02705,0.2584,0.23020527,trees
0.0279,0.0442,0.02845,0.2633,0.2260749,trees
0.0287,0.0475,0.03,0.293,0.24671915,trees
0.0293,0.0498,0.0306,0.3056,0.2591656,trees
0.0283,0.0444,0.0271,0.28,0.22145803,trees
0.0274,0.0428,0.0262,0.2502,0.21937323,trees
0.0297,0.0441,0.0273,0.263,0.19512197,trees
0.0305,0.0463,0.0289,0.2674,0.20572917,trees
0.0303,0.049,0.0306,0.2623,0.23581333,trees
0.0312,0.0501,0.0302,0.267,0.23247233,trees
0.0291,0.0455,0.0278,0.2557,0.21983913,trees
0.0295,0.0465,0.0291,0.2584,0.2236842,trees
0.0311,0.051,0.0287,0.2688,0.24238734,trees
0.0289,0.0506,0.0291,0.2702,0.27295598,trees
0.0278,0.0464,0.0284,0.2482,0.25067386,trees
0.0278,0.0464,0.0284,0.2482,0.25067386,trees
0.02885,0.04475,0.028,0.2352,0.21603261,trees
0.02915,0.04795,0.02825,0.2589,0.24383916,trees
0.02985,0.0475,0.02875,0.2582,0.22818357,trees
0.02905,0.0476,0.02975,0.26645,0.24200915,trees
0.029,0.0487,0.02915,0.2773,0.25353926,trees
0.03005,0.0501,0.02995,0.28255,0.25015593,trees
0.0308,0.0501,0.03055,0.2856,0.23856612,trees
0.0311,0.0501,0.03285,0.28465,0.23399015,trees
0.0307,0.04925,0.0306,0.2872,0.23202,trees
0.0302,0.04915,0.03055,0.28795,0.23881537,trees
0.0311,0.05225,0.03275,0.3003,0.25374928,trees
0.0323,0.05375,0.03325,0.3064,0.24927369,trees
0.0321,0.0542,0.0331,0.2942,0.25608346,trees
0.0322,0.05275,0.03225,0.2909,0.24190697,trees
0.03005,0.05215,0.03075,0.2714,0.26885644,trees
0.02915,0.04905,0.0284,0.26325,0.2544757,trees
0.0278,0.04585,0.02685,0.2645,0.24507809,trees
0.02865,0.0454,0.0262,0.2798,0.22619851,trees
0.0298,0.0459,0.0277,0.2783,0.21268162,trees
0.0288,0.0457,0.02755,0.2692,0.22684564,trees
0.02565,0.04115,0.02505,0.2557,0.23203593,trees
0.02755,0.0393,0.02475,0.2686,0.17576662,trees
0.0281,0.04675,0.0259,0.2775,0.24916501,trees
0.027,0.04525,0.027,0.2749,0.25259513,trees
0.029,0.04535,0.0283,0.2714,0.21990587,trees
0.03145,0.0526,0.03255,0.2751,0.25163594,trees
0.0306,0.04985,0.03175,0.2869,0.23927903,trees
0.0286,0.04725,0.02985,0.2944,0.24588002,trees
0.031,0.05145,0.0312,0.3056,0.2480291,trees
0.031,0.05145,0.0312,0.3056,0.2480291,trees
0.0315,0.0517,0.03215,0.2899,0.24278845,trees
0.03075,0.0517,0.03045,0.296,0.25409338,trees
0.0302,0.05,0.02905,0.2997,0.24688278,trees
0.0275,0.0481,0.0287,0.3005,0.27248675,trees
0.02855,0.0482,0.02935,0.2864,0.25602603,trees
0.02995,0.04915,0.0303,0.29205,0.24273074,trees
0.02795,0.0465,0.02645,0.2895,0.24916053,trees
0.02605,0.0469,0.0257,0.2964,0.28581223,trees
0.0247,0.0464,0.02425,0.2929,0.30520394,trees
0.02425,0.04265,0.02315,0.2808,0.27503735,trees
0.0253,0.0426,0.0225,0.2793,0.25478643,trees
0.02575,0.0468,0.02375,0.2841,0.2901447,trees
0.02795,0.048,0.02675,0.2881,0.26398948,trees
0.0268,0.0436,0.0266,0.2741,0.23863639,trees
0.02795,0.0438,0.0283,0.2684,0.22090593,trees
0.02975,0.04465,0.0288,0.2609,0.2002688,trees
0.0281,0.04325,0.0297,0.2568,0.21233353,trees
0.02795,0.0409,0.0282,0.2454,0.18809006,trees
0.0275,0.0467,0.0262,0.304,0.2587601,trees
0.0287,0.0483,0.0269,0.305,0.25454548,trees
0.0275,0.0441,0.0253,0.2718,0.23184358,trees
0.0283,0.0443,0.0264,0.2426,0.22038569,trees
0.03,0.0466,0.0305,0.261,0.21671018,trees
0.0294,0.0452,0.0302,0.2602,0.21179625,trees
0.03,0.0472,0.0293,0.2762,0.22279795,trees
0.0303,0.0463,0.0297,0.2636,0.2088773,trees
0.0287,0.045,0.0272,0.2602,0.22116691,trees
0.0303,0.0498,0.0295,0.2752,0.2434457,trees
0.0313,0.0526,0.0298,0.2812,0.25387365,trees
0.0292,0.0509,0.0295,0.2736,0.27091137,trees
0.0292,0.0509,0.0295,0.2736,0.27091137,trees
0.0277,0.0464,0.0283,0.2586,0.25236166,trees
0.02905,0.04765,0.02875,0.2656,0.24250323,trees
0.0281,0.04845,0.0292,0.26665,0.2658393,trees
0.03055,0.04765,0.0294,0.26095,0.21867007,trees
0.03055,0.0492,0.03075,0.271,0.23385578,trees
0.0309,0.0513,0.0318,0.2924,0.2481752,trees
0.03225,0.05185,0.03315,0.2875,0.2330559,trees
0.0321,0.0509,0.0329,0.291,0.22650602,trees
0.03155,0.0505,0.03245,0.293,0.23095673,trees
0.03305,0.05195,0.0333,0.2834,0.22235294,trees
0.0321,0.05115,0.03255,0.287,0.22882885,trees
0.03125,0.0512,0.03345,0.2943,0.2419648,trees
0.03225,0.0533,0.0319,0.2998,0.24605498,trees
0.0321,0.05135,0.03145,0.2871,0.23067707,trees
0.0333,0.0536,0.0329,0.303,0.23360182,trees
0.0317,0.052,0.0316,0.2893,0.24253286,trees
0.03055,0.0519,0.029,0.2788,0.2589448,trees
0.02795,0.0496,0.02685,0.2896,0.27917475,trees
0.0271,0.04715,0.0259,0.2795,0.2700337,trees
0.02665,0.04525,0.0237,0.2714,0.25869262,trees
0.02515,0.0432,0.0224,0.2508,0.26408195,trees
0.02685,0.0399,0.02235,0.2652,0.19550562,trees
0.02715,0.045,0.0247,0.2664,0.24740128,trees
0.02835,0.0502,0.02755,0.2805,0.2781668,trees
0.02745,0.0457,0.0259,0.27295,0.24948733,trees
0.02985,0.0473,0.0279,0.2819,0.22618274,trees
0.0304,0.0499,0.03175,0.27265,0.24283932,trees
0.02815,0.04445,0.0265,0.2586,0.22451791,trees
0.02715,0.04565,0.0259,0.2953,0.2541209,trees
0.02925,0.0534,0.02965,0.3126,0.292196,trees
0.02925,0.0534,0.02965,0.3126,0.292196,trees
0.03165,0.051,0.032,0.2906,0.23411979,trees
0.0312,0.0504,0.03335,0.2909,0.23529415,trees
0.02995,0.0499,0.03155,0.2943,0.24984343,trees
0.0267,0.0462,0.02985,0.2811,0.26748973,trees
0.02925,0.0462,0.03045,0.2741,0.22465208,trees
0.0285,0.04475,0.02875,0.2662,0.221843,trees
0.0298,0.0482,0.03055,0.2739,0.23589744,trees
0.0292,0.0487,0.0294,0.2944,0.25032094,trees
0.02685,0.04825,0.0259,0.3079,0.2849534,trees
0.0255,0.0446,0.02425,0.2884,0.2724679,trees
0.02385,0.0435,0.0229,0.2869,0.29175946,trees
0.0252,0.0439,0.02325,0.2933,0.2706223,trees
0.0249,0.0429,0.02305,0.2827,0.26548672,trees
0.02635,0.04345,0.02495,0.2775,0.24498567,trees
0.02835,0.04745,0.02895,0.2716,0.25197887,trees
0.02985,0.04625,0.02855,0.2671,0.21550591,trees
0.02825,0.04135,0.0286,0.2513,0.18821838,trees
0.0283,0.0421,0.02795,0.2373,0.19602273,trees
0.0299,0.0493,0.026,0.3054,0.2449495,trees
0.0288,0.0472,0.0276,0.2898,0.24210528,trees
0.027,0.0433,0.0269,0.2629,0.23186342,trees
0.0282,0.0451,0.0268,0.2458,0.23055932,trees
0.0285,0.0456,0.0277,0.2665,0.23076923,trees
0.0286,0.0435,0.0286,0.2584,0.20665741,trees
0.0297,0.046,0.0285,0.2756,0.21532366,trees
0.0295,0.0467,0.0275,0.2678,0.22572179,trees
0.0299,0.0485,0.0285,0.2724,0.23724492,trees
0.0307,0.0513,0.0315,0.2862,0.2512195,trees
0.0301,0.0487,0.0301,0.2833,0.23604064,trees
0.0294,0.0455,0.0288,0.2706,0.21495324,trees
0.0294,0.0455,0.0288,0.2706,0.21495324,trees
0.0303,0.0472,0.0301,0.2779,0.21806453,trees
0.02855,0.0469,0.03,0.2711,0.24320741,trees
0.0299,0.04725,0.03045,0.2639,0.22488657,trees
0.0297,0.04725,0.0318,0.2601,0.22807017,trees
0.03095,0.0486,0.0323,0.276,0.22187303,trees
0.0318,0.05005,0.03305,0.2851,0.22296882,trees
0.0328,0.05215,0.03615,0.2932,0.22778104,trees
0.03245,0.0538,0.0362,0.2956,0.24753621,trees
0.0336,0.05365,0.03565,0.29065,0.22979945,trees
0.0328,0.05375,0.03525,0.2989,0.24205664,trees
0.03115,0.05155,0.03325,0.2976,0.24667475,trees
0.0315,0.052,0.03195,0.2862,0.245509,trees
0.0323,0.05175,0.0333,0.2844,0.23140989,trees
0.03095,0.0532,0.0325,0.2912,0.26440877,trees
0.03105,0.05225,0.03225,0.3063,0.25450182,trees
0.03275,0.0509,0.03215,0.2943,0.21697551,trees
0.0302,0.05355,0.03115,0.2851,0.27880597,trees
0.02925,0.05065,0.02815,0.2963,0.2678348,trees
0.02795,0.04825,0.0268,0.2803,0.2664042,trees
0.02705,0.04915,0.0263,0.2689,0.29002628,trees
0.0273,0.04765,0.02455,0.2731,0.27151433,trees
0.02755,0.0416,0.0243,0.2786,0.20318148,trees
0.02695,0.0455,0.0248,0.2731,0.25603864,trees
0.0277,0.0448,0.0248,0.2843,0.23586206,trees
0.02825,0.04605,0.02475,0.2968,0.23956934,trees
0.03085,0.05125,0.02925,0.3067,0.24847744,trees
0.03025,0.05045,0.0332,0.2658,0.2503098,trees
0.0273,0.04695,0.0272,0.2735,0.2646465,trees
0.02755,0.0503,0.0272,0.2917,0.2922286,trees
0.02955,0.0521,0.0301,0.3016,0.27617884,trees
0.02955,0.0521,0.0301,0.3016,0.27617884,trees
0.03035,0.0506,0.0316,0.2832,0.2501544,trees
0.03155,0.049,0.03415,0.283,0.2166356,trees
0.0296,0.0457,0.0308,0.2703,0.2138114,trees
0.02925,0.04715,0.02945,0.282,0.23429322,trees
0.02815,0.0476,0.0309,0.276,0.2567657,trees
0.02915,0.0458,0.0281,0.2671,0.2221481,trees
0.029,0.04875,0.03065,0.2824,0.2540193,trees
0.0312,0.0499,0.03235,0.2962,0.23057953,trees
0.0273,0.04675,0.0268,0.3003,0.26266038,trees
0.02515,0.0455,0.02475,0.2932,0.28803965,trees
0.0241,0.04465,0.0238,0.2959,0.29890907,trees
0.0252,0.0439,0.02325,0.2933,0.2706223,trees
0.02575,0.04465,0.02625,0.2674,0.2684659,trees
0.02695,0.0435,0.0264,0.2644,0.23491837,trees
0.02795,0.04635,0.02805,0.2633,0.24764466,trees
0.02695,0.04435,0.0283,0.2508,0.24403925,trees
0.0274,0.0384,0.02675,0.2281,0.16717327,trees
0.02705,0.0398,0.0274,0.2332,0.1907255,trees
0.0312,0.0488,0.02965,0.3069,0.22,trees
0.0291,0.0447,0.0281,0.2788,0.21138212,trees
0.0268,0.0422,0.0276,0.2496,0.22318842,trees
0.0286,0.0434,0.0277,0.2476,0.20555557,trees
0.0286,0.0455,0.0303,0.2688,0.22807015,trees
0.0287,0.0452,0.0272,0.2798,0.22327472,trees
0.0277,0.0492,0.0274,0.3074,0.27958387,trees
0.02725,0.04575,0.02725,0.2821,0.25342467,trees
0.0297,0.0475,0.0283,0.2701,0.23056996,trees
0.02985,0.04915,0.02955,0.2784,0.2443038,trees
0.02955,0.04795,0.02885,0.2915,0.23741935,trees
0.0293,0.04845,0.02995,0.2813,0.24630226,trees
0.0293,0.04845,0.02995,0.2813,0.24630226,trees
0.03085,0.0495,0.0327,0.2773,0.23210952,trees
0.0291,0.0458,0.031,0.2668,0.22296394,trees
0.0306,0.0474,0.0323,0.2762,0.21538463,trees
0.0315,0.048,0.0327,0.278,0.20754716,trees
0.0306,0.05,0.0315,0.2806,0.24069479,trees
0.0301,0.0497,0.033,0.2834,0.24561405,trees
0.0328,0.0548,0.035,0.3084,0.25114155,trees
0.0344,0.05775,0.0368,0.3101,0.2533912,trees
0.03285,0.05395,0.0366,0.2913,0.24308755,trees
0.03125,0.05375,0.03315,0.3076,0.2647059,trees
0.0312,0.05165,0.03215,0.3129,0.24683164,trees
0.0333,0.0531,0.03345,0.2975,0.22916666,trees
0.03525,0.0601,0.03775,0.3009,0.26061878,trees
0.03325,0.0592,0.0354,0.30505,0.28069225,trees
0.03075,0.05325,0.03205,0.3108,0.26785713,trees
0.03345,0.0531,0.0313,0.3016,0.22703642,trees
0.03115,0.0517,0.03285,0.2914,0.24803862,trees
0.02875,0.0521,0.0281,0.2925,0.2888064,trees
0.02855,0.0511,0.0263,0.2857,0.28311363,trees
0.0281,0.04895,0.02615,0.2798,0.2706035,trees
0.02795,0.04985,0.02585,0.2915,0.28149098,trees
0.0264,0.04455,0.0229,0.2831,0.255814,trees
0.0253,0.0445,0.02425,0.2801,0.27507162,trees
0.0272,0.0483,0.0248,0.2909,0.2794702,trees
0.0282,0.04825,0.02675,0.3046,0.2622629,trees
0.0299,0.0517,0.03035,0.3112,0.26715687,trees
0.03025,0.0523,0.03235,0.2815,0.26711082,trees
0.02745,0.0508,0.0288,0.2723,0.29840255,trees
0.02845,0.0502,0.02935,0.2852,0.27654165,trees
0.02845,0.0502,0.02935,0.2852,0.27654165,trees
0.02935,0.05235,0.03015,0.292,0.28151774,trees
0.02875,0.04715,0.02915,0.29,0.24242423,trees
0.02935,0.0449,0.0293,0.2737,0.20942762,trees
0.0282,0.04345,0.02865,0.2617,0.21284021,trees
0.0297,0.0467,0.02995,0.2774,0.22251311,trees
0.0287,0.0457,0.0307,0.2767,0.22849461,trees
0.029,0.04645,0.02845,0.2719,0.231279,trees
0.0287,0.0445,0.029,0.2786,0.215847,trees
0.0276,0.0469,0.02775,0.2861,0.2590604,trees
0.02665,0.0442,0.02625,0.2754,0.24770641,trees
0.0266,0.04745,0.0267,0.2966,0.28156653,trees
0.025,0.04455,0.0251,0.2913,0.28109276,trees
0.0246,0.0418,0.023,0.2736,0.25903615,trees
0.02575,0.04465,0.02625,0.2674,0.2684659,trees
0.028,0.04585,0.0269,0.26685,0.24170615,trees
0.02695,0.0447,0.0271,0.2674,0.24773204,trees
0.0263,0.04,0.0278,0.2483,0.20663649,trees
0.02675,0.04005,0.02605,0.2295,0.19910179,trees
0.0292,0.04465,0.02755,0.2619,0.20920785,trees
0.03025,0.04795,0.02965,0.3116,0.22634271,trees
0.0294,0.0445,0.0284,0.2732,0.20433019,trees
0.0273,0.043,0.0286,0.2454,0.22332862,trees
0.03,0.0443,0.0286,0.2568,0.19246301,trees
0.0293,0.0448,0.0282,0.2872,0.20917675,trees
0.0281,0.0467,0.026,0.2978,0.2486631,trees
0.0275,0.0472,0.0262,0.3064,0.2637216,trees
0.0277,0.04465,0.02745,0.2731,0.23427783,trees
0.02925,0.04785,0.03,0.2722,0.24124515,trees
0.0324,0.05035,0.03325,0.2918,0.21691841,trees
0.03315,0.0525,0.03105,0.3122,0.22591944,trees
0.0316,0.0493,0.0318,0.29,0.21878865,trees
0.0316,0.0493,0.0318,0.29,0.21878865,trees
0.032,0.0509,0.03255,0.27395,0.22798552,trees
0.0312,0.0497,0.0318,0.2808,0.22867739,trees
0.0318,0.053,0.0331,0.2862,0.24999996,trees
0.0328,0.0522,0.0348,0.2978,0.2282353,trees
0.0328,0.053,0.0322,0.3002,0.23543122,trees
0.0322,0.0515,0.034,0.2942,0.23058541,trees
0.0329,0.0561,0.0349,0.3074,0.26067412,trees
0.0333,0.05485,0.03455,0.2898,0.24446964,trees
0.03145,0.0526,0.0327,0.2793,0.25163594,trees
0.03215,0.05435,0.03085,0.3172,0.25664738,trees
0.03065,0.0547,0.03095,0.335,0.2817809,trees
0.032,0.0556,0.0328,0.3195,0.26940635,trees
0.0339,0.05705,0.03505,0.3178,0.25453547,trees
0.03185,0.0571,0.0316,0.3168,0.28386736,trees
0.0301,0.05335,0.03055,0.3115,0.27860996,trees
0.03155,0.05415,0.032,0.3098,0.2637106,trees
0.029,0.05345,0.031,0.2902,0.29654336,trees
0.0284,0.05375,0.02485,0.2957,0.3085819,trees
0.02835,0.04975,0.02505,0.2834,0.2740077,trees
0.0272,0.0481,0.025,0.2873,0.27755642,trees
0.02655,0.04765,0.02515,0.2962,0.28436655,trees
0.0239,0.0413,0.02245,0.2812,0.26687112,trees
0.0259,0.04465,0.02405,0.2887,0.26576895,trees
0.0276,0.0476,0.02585,0.28365,0.26595747,trees
0.0263,0.0444,0.026,0.28975,0.2560113,trees
0.0282,0.04665,0.0277,0.299,0.24649298,trees
0.0275,0.0505,0.02815,0.2855,0.2948718,trees
0.02655,0.0463,0.0264,0.2772,0.27110502,trees
0.02805,0.04795,0.0268,0.2838,0.2618421,trees
0.02805,0.04795,0.0268,0.2838,0.2618421,trees
0.0274,0.04995,0.0287,0.2951,0.291532,trees
0.02895,0.04815,0.02825,0.2936,0.24902722,trees
0.0276,0.04545,0.02705,0.265,0.24435316,trees
0.02695,0.0431,0.027,0.2622,0.2305496,trees
0.02865,0.0462,0.0301,0.2827,0.23446892,trees
0.0284,0.0446,0.028,0.2704,0.2219178,trees
0.02825,0.04475,0.02875,0.2572,0.22602743,trees
0.0297,0.0455,0.0315,0.2655,0.21010637,trees
0.0295,0.04635,0.03045,0.2788,0.22214897,trees
0.0283,0.04565,0.02985,0.2849,0.23461801,trees
0.02815,0.0486,0.0289,0.2975,0.2664495,trees
0.02515,0.0447,0.0253,0.2823,0.2798855,trees
0.027,0.0419,0.0256,0.2814,0.21625544,trees
0.0281,0.0466,0.02985,0.2702,0.24765728,trees
0.028,0.04585,0.0269,0.26685,0.24170615,trees
0.02705,0.04225,0.0266,0.2586,0.21933624,trees
0.02545,0.0408,0.025,0.2447,0.23169811,trees
0.0259,0.04065,0.0267,0.2456,0.22163783,trees
0.0294,0.049,0.0292,0.2703,0.24999997,trees
0.0296,0.048,0.0291,0.32,0.2371134,trees
0.0286,0.0452,0.0284,0.2774,0.22493228,trees
0.029,0.0422,0.0299,0.2562,0.18539326,trees
0.0312,0.0479,0.0307,0.2754,0.21112517,trees
0.028,0.0456,0.0283,0.2924,0.23913042,trees
0.0269,0.0439,0.0267,0.2836,0.24011299,trees
0.0304,0.0474,0.0291,0.2934,0.21850899,trees
0.03135,0.05015,0.0303,0.2847,0.23067482,trees
0.0344,0.0547,0.0349,0.2867,0.22783385,trees
0.0359,0.05785,0.0367,0.3208,0.23413332,trees
0.03465,0.0579,0.03505,0.328,0.25121555,trees
0.03465,0.0579,0.03505,0.328,0.25121555,trees
0.0301,0.0499,0.0305,0.28075,0.2475,trees
0.03425,0.05235,0.0324,0.2892,0.20900695,trees
0.0339,0.0572,0.0348,0.306,0.2557629,trees
0.0339,0.0562,0.0368,0.3142,0.24750277,trees
0.0357,0.0565,0.0383,0.3212,0.22559652,trees
0.033,0.0534,0.0354,0.2994,0.23611109,trees
0.0326,0.0522,0.033,0.2956,0.23113206,trees
0.0334,0.0525,0.034,0.2944,0.22235158,trees
0.02835,0.0499,0.03115,0.2716,0.27539936,trees
0.03065,0.05075,0.03055,0.2921,0.24692874,trees
0.0313,0.0552,0.03115,0.3369,0.27630055,trees
0.0314,0.05795,0.0305,0.3447,0.29714608,trees
0.02945,0.05425,0.02835,0.3121,0.29629627,trees
0.0295,0.05295,0.03,0.2999,0.28441477,trees
0.03035,0.0554,0.03015,0.3134,0.29212826,trees
0.03105,0.05595,0.0307,0.3294,0.2862069,trees
0.03135,0.05445,0.03185,0.3239,0.26923075,trees
0.03035,0.05615,0.0307,0.3038,0.2982659,trees
0.0291,0.05195,0.0271,0.29015,0.28192472,trees
0.028,0.05045,0.02635,0.2915,0.28616953,trees
0.02725,0.0497,0.02515,0.2861,0.2917479,trees
0.02635,0.04855,0.0246,0.2931,0.29639515,trees
0.02445,0.0427,0.0228,0.2806,0.2717796,trees
0.02615,0.0463,0.02465,0.3001,0.27812287,trees
0.02765,0.05045,0.0275,0.3036,0.29193342,trees
0.0282,0.04885,0.02945,0.29905,0.26800779,trees
0.02895,0.04805,0.02855,0.2882,0.24805196,trees
0.0288,0.05065,0.02865,0.2803,0.27501577,trees
0.02705,0.04685,0.0268,0.2946,0.26792964,trees
0.0278,0.04755,0.0271,0.297,0.26211017,trees
0.0278,0.04755,0.0271,0.297,0.26211017,trees
0.0289,0.0482,0.0276,0.2956,0.25032425,trees
0.02955,0.0482,0.0286,0.2845,0.2398714,trees
0.02925,0.0477,0.0295,0.2798,0.23976608,trees
0.0319,0.0495,0.03045,0.2833,0.21621622,trees
0.0299,0.0491,0.0317,0.2904,0.243038,trees
0.02895,0.0439,0.02685,0.2712,0.20521621,trees
0.0292,0.0452,0.02965,0.2572,0.21505377,trees
0.0307,0.04705,0.0318,0.2724,0.21028939,trees
0.0317,0.04805,0.03255,0.2878,0.20501569,trees
0.03075,0.0473,0.03175,0.2757,0.21204354,trees
0.02905,0.04745,0.0294,0.291,0.24052286,trees
0.02835,0.04625,0.02735,0.2871,0.23994641,trees
0.0283,0.0471,0.0277,0.287,0.24933685,trees
0.02885,0.04645,0.02795,0.2772,0.23373173,trees
0.0265,0.0447,0.0254,0.2649,0.255618,trees
0.02685,0.04215,0.02505,0.2552,0.22173911,trees
0.0264,0.0422,0.0279,0.2635,0.23032069,trees
0.02625,0.0417,0.02555,0.269,0.2273731,trees
0.02655,0.04195,0.02545,0.2618,0.2248175,trees
0.02815,0.04795,0.02775,0.31515,0.26018396,trees
0.0277,0.0444,0.0268,0.2706,0.23162274,trees
0.0302,0.0451,0.0282,0.2678,0.19787516,trees
0.0309,0.0487,0.0314,0.298,0.2236181,trees
0.0294,0.0467,0.029,0.2888,0.22733246,trees
0.0318,0.0479,0.0301,0.282,0.20200749,trees
0.0328,0.0529,0.034,0.2994,0.23453909,trees
0.03415,0.05695,0.0371,0.30465,0.25027442,trees
0.0366,0.06055,0.0401,0.31095,0.24652599,trees
0.0372,0.06275,0.03895,0.3456,0.25562778,trees
0.0358,0.063,0.0356,0.3421,0.27530366,trees
0.0358,0.063,0.0356,0.3421,0.27530366,trees
0.03125,0.0556,0.0323,0.2981,0.28036842,trees
0.03505,0.05555,0.035,0.3064,0.22626932,trees
0.0356,0.0606,0.0369,0.3266,0.25987527,trees
0.0342,0.0556,0.0352,0.3072,0.23830731,trees
0.0358,0.0563,0.0375,0.322,0.22258417,trees
0.0323,0.0534,0.0348,0.3024,0.2462077,trees
0.0315,0.0543,0.0316,0.2894,0.26573426,trees
0.0318,0.0552,0.0316,0.2922,0.26896548,trees
0.0301,0.0524,0.0301,0.2889,0.27030307,trees
0.03245,0.0574,0.032,0.3171,0.277685,trees
0.03285,0.06165,0.03365,0.3475,0.3047619,trees
0.03165,0.0573,0.0318,0.3108,0.28836426,trees
0.0272,0.0481,0.02655,0.2642,0.27755642,trees
0.02935,0.0508,0.0294,0.2774,0.26762322,trees
0.03085,0.05235,0.02995,0.30245,0.25841343,trees
0.02975,0.05665,0.02985,0.3218,0.3113426,trees
0.02965,0.05415,0.02865,0.3245,0.29236275,trees
0.03045,0.05445,0.02885,0.313,0.28268555,trees
0.0298,0.05435,0.02935,0.2963,0.29174092,trees
0.02995,0.05435,0.0312,0.3143,0.28944248,trees
0.0283,0.05165,0.0271,0.3127,0.2920575,trees
0.0281,0.05235,0.0264,0.3057,0.30142945,trees
0.0258,0.0448,0.0254,0.2888,0.26912177,trees
0.02745,0.048,0.02455,0.3037,0.27236578,trees
0.0275,0.0514,0.0291,0.3135,0.3029151,trees
0.0291,0.05085,0.03045,0.30865,0.27204502,trees
0.029,0.048,0.02585,0.2949,0.24675326,trees
0.027,0.0449,0.0265,0.2654,0.24895687,trees
0.02625,0.04415,0.02755,0.2596,0.25426134,trees
0.0276,0.0491,0.0273,0.294,0.2803129,trees
0.0276,0.0491,0.0273,0.294,0.2803129,trees
0.0291,0.0494,0.02865,0.3053,0.25859872,trees
0.0308,0.0479,0.03025,0.2894,0.2172808,trees
0.03215,0.05215,0.0312,0.3072,0.23724793,trees
0.0338,0.05275,0.03355,0.32015,0.2189486,trees
0.03225,0.0493,0.0344,0.29525,0.2090742,trees
0.0287,0.04405,0.02875,0.2865,0.21099657,trees
0.02905,0.04495,0.0299,0.2671,0.21486488,trees
0.03115,0.0493,0.03015,0.2826,0.22560596,trees
0.03025,0.04825,0.03005,0.2896,0.22929937,trees
0.02935,0.0462,0.0292,0.2787,0.22303112,trees
0.0303,0.04835,0.02905,0.2848,0.22949776,trees
0.03055,0.04825,0.02935,0.28015,0.22461931,trees
0.0283,0.0469,0.02715,0.2907,0.24734043,trees
0.0262,0.0424,0.02635,0.277,0.23615159,trees
0.02515,0.0405,0.02315,0.2481,0.2338157,trees
0.02685,0.04215,0.02505,0.2552,0.22173911,trees
0.02815,0.0458,0.02795,0.288,0.23867479,trees
0.02595,0.04545,0.02525,0.2824,0.27310923,trees
0.02465,0.04065,0.0224,0.259,0.24502294,trees
0.02945,0.04805,0.027,0.3001,0.24000002,trees
0.0274,0.0462,0.0283,0.272,0.25543478,trees
0.0306,0.048,0.0304,0.2868,0.22137403,trees
0.0302,0.0485,0.0302,0.3108,0.23252858,trees
0.0309,0.0498,0.0307,0.2998,0.23420076,trees
0.0314,0.0505,0.0321,0.2866,0.23321126,trees
0.0332,0.0553,0.035,0.3,0.24971753,trees
0.035,0.0578,0.036,0.319,0.24568965,trees
0.03565,0.0585,0.0381,0.3319,0.24269782,trees
0.03635,0.063,0.0377,0.3545,0.26824358,trees
0.0354,0.0655,0.0359,0.3727,0.29831517,trees
0.0354,0.0655,0.0359,0.3727,0.29831517,trees
0.03415,0.05845,0.03455,0.3207,0.262419,trees
0.03485,0.05795,0.0375,0.2984,0.2489224,trees
0.033,0.0542,0.0328,0.3034,0.24311928,trees
0.0323,0.0525,0.0316,0.3029,0.23820755,trees
0.0332,0.0546,0.034,0.3194,0.24373579,trees
0.0304,0.0539,0.0309,0.3164,0.2787663,trees
0.0318,0.0554,0.0305,0.299,0.27064216,trees
0.0329,0.0585,0.0339,0.3142,0.2800875,trees
0.0318,0.0585,0.03135,0.3273,0.29568103,trees
0.03465,0.0607,0.033,0.3484,0.27320397,trees
0.0346,0.06255,0.0354,0.3519,0.28769943,trees
0.03145,0.0556,0.0316,0.306,0.27742675,trees
0.02765,0.0492,0.02725,0.2815,0.28041637,trees
0.0296,0.0508,0.02925,0.3011,0.2636816,trees
0.02955,0.05275,0.029,0.3044,0.2818955,trees
0.0297,0.05375,0.02885,0.314,0.28819653,trees
0.0291,0.05475,0.028,0.3065,0.3059034,trees
0.03055,0.05565,0.02925,0.3104,0.2911833,trees
0.0315,0.0552,0.03075,0.2981,0.27335638,trees
0.0322,0.05425,0.0328,0.3199,0.2550607,trees
0.02985,0.0521,0.02935,0.3142,0.271507,trees
0.02815,0.04865,0.0263,0.2943,0.26692706,trees
0.026,0.04405,0.023,0.2944,0.25767308,trees
0.02655,0.04765,0.0248,0.29115,0.28436655,trees
0.0285,0.04925,0.02755,0.3071,0.26688102,trees
0.02995,0.05125,0.02835,0.3015,0.26231524,trees
0.0262,0.04495,0.0243,0.2727,0.26352775,trees
0.02655,0.0466,0.0272,0.2925,0.2740943,trees
0.0263,0.0454,0.02605,0.2733,0.26638773,trees
0.0263,0.0454,0.02605,0.2733,0.26638773,trees
0.028,0.0474,0.0272,0.2953,0.25729442,trees
0.02795,0.04755,0.0267,0.3054,0.25960267,trees
0.02795,0.0455,0.02695,0.294,0.23893805,trees
0.0287,0.04895,0.02765,0.3201,0.26078558,trees
0.02805,0.0487,0.0291,0.3213,0.26905537,trees
0.0295,0.04655,0.02755,0.2992,0.22419459,trees
0.0273,0.04555,0.0259,0.2775,0.25051475,trees
0.02675,0.04415,0.02795,0.2781,0.24541606,trees
0.0285,0.04715,0.0284,0.2961,0.24653009,trees
0.0283,0.04725,0.0278,0.2981,0.25082725,trees
0.02865,0.0476,0.02715,0.2977,0.24852459,trees
0.02985,0.04865,0.03015,0.3029,0.23949043,trees
0.02845,0.0475,0.02775,0.2923,0.25082293,trees
0.027,0.0441,0.0252,0.2957,0.24050632,trees
0.02425,0.04065,0.0229,0.2869,0.25269645,trees
0.025,0.04005,0.02225,0.2648,0.2313605,trees
0.0285,0.0452,0.02615,0.2797,0.22659431,trees
0.02815,0.0458,0.02795,0.288,0.23867479,trees
0.02545,0.0443,0.0248,0.29295,0.2702509,trees
0.0246,0.04225,0.02255,0.2681,0.26402396,trees
0.0312,0.0508,0.0287,0.3044,0.23902439,trees
0.0303,0.0504,0.0295,0.284,0.24907061,trees
0.0318,0.0525,0.0338,0.2906,0.24555157,trees
0.0303,0.0514,0.0327,0.2884,0.25826192,trees
0.0329,0.0527,0.0335,0.2824,0.2313084,trees
0.034,0.0554,0.0348,0.2934,0.23937356,trees
0.0348,0.0577,0.035,0.3138,0.24756756,trees
0.03535,0.05785,0.03605,0.3265,0.24141632,trees
0.0357,0.0579,0.0351,0.3341,0.23717947,trees
0.0345,0.06095,0.03505,0.361,0.27710843,trees
0.0345,0.06095,0.03505,0.361,0.27710843,trees
0.033,0.06265,0.0332,0.3656,0.30998433,trees
0.033,0.0558,0.03205,0.3083,0.25675675,trees
0.03145,0.0528,0.031,0.2726,0.25341246,trees
0.0289,0.0465,0.0283,0.2836,0.23342177,trees
0.0317,0.0547,0.0319,0.3043,0.26620367,trees
0.0322,0.0576,0.0328,0.3386,0.28285074,trees
0.0325,0.0568,0.0306,0.3426,0.27211648,trees
0.0346,0.0597,0.034,0.3186,0.26617178,trees
0.0352,0.068,0.0387,0.3364,0.3178295,trees
0.0351,0.06465,0.0341,0.3618,0.29624057,trees
0.0347,0.0648,0.0336,0.3677,0.3025126,trees
0.0328,0.05895,0.0335,0.3284,0.28501362,trees
0.0311,0.0527,0.0323,0.3116,0.2577566,trees
0.03015,0.05455,0.0302,0.3231,0.28807554,trees
0.0313,0.05435,0.03045,0.32185,0.26911852,trees
0.0305,0.056,0.03095,0.31865,0.2947977,trees
0.03145,0.058,0.03165,0.3151,0.29681385,trees
0.0321,0.0582,0.0337,0.2937,0.28903657,trees
0.0306,0.0548,0.03145,0.2935,0.28337237,trees
0.03145,0.0497,0.0322,0.2816,0.22489218,trees
0.03075,0.05505,0.03155,0.28675,0.28321677,trees
0.02835,0.0519,0.02865,0.29,0.29345796,trees
0.02585,0.0449,0.0248,0.2793,0.26925796,trees
0.0254,0.04525,0.02345,0.2813,0.2809625,trees
0.0255,0.04605,0.0243,0.2889,0.28721178,trees
0.02705,0.04565,0.02675,0.2865,0.25584596,trees
0.02745,0.04615,0.0271,0.2765,0.25407606,trees
0.0275,0.0484,0.02665,0.2685,0.2753623,trees
0.02975,0.0548,0.0282,0.307,0.2962744,trees
0.02715,0.04945,0.02735,0.278,0.2911227,trees
0.02715,0.04945,0.02735,0.278,0.2911227,trees
0.0275,0.04815,0.02815,0.29025,0.2729676,trees
0.02575,0.0456,0.025,0.2928,0.27820602,trees
0.02515,0.04585,0.0244,0.29225,0.29154932,trees
0.0253,0.0463,0.0254,0.3123,0.2932961,trees
0.02465,0.04575,0.02415,0.3044,0.2997159,trees
0.0269,0.04655,0.0251,0.3038,0.2675289,trees
0.02695,0.04635,0.02615,0.2852,0.26466575,trees
0.0298,0.04675,0.02775,0.2914,0.22142394,trees
0.02845,0.0483,0.0266,0.3065,0.25863194,trees
0.0277,0.0455,0.02625,0.3009,0.24316938,trees
0.02835,0.04905,0.0265,0.3171,0.26744187,trees
0.029,0.0483,0.0272,0.3163,0.24967663,trees
0.028,0.04785,0.0259,0.2969,0.26170072,trees
0.0258,0.0432,0.023,0.29745,0.2521739,trees
0.02375,0.041,0.02085,0.2915,0.26640928,trees
0.0256,0.0444,0.02265,0.2966,0.26857144,trees
0.02715,0.0468,0.0241,0.296,0.26572007,trees
0.0268,0.0454,0.02525,0.3004,0.25761774,trees
0.02545,0.0443,0.0248,0.29295,0.2702509,trees
0.0251,0.0431,0.0231,0.2864,0.2639296,trees
0.03175,0.05185,0.0302,0.2971,0.2404306,trees
0.0304,0.0494,0.0304,0.2888,0.23809525,trees
0.0303,0.0482,0.0323,0.2662,0.22802547,trees
0.0298,0.0501,0.0326,0.264,0.25406757,trees
0.0333,0.0554,0.0365,0.29,0.24915443,trees
0.0351,0.0605,0.0372,0.3266,0.26569036,trees
0.0342,0.0601,0.0365,0.3312,0.27465534,trees
0.0321,0.055,0.0336,0.3144,0.2629162,trees
0.0341,0.0586,0.0332,0.3208,0.26429343,trees
0.031,0.0587,0.0311,0.3364,0.30880713,trees
0.031,0.0587,0.0311,0.3364,0.30880713,trees
0.0289,0.0561,0.0294,0.3282,0.32,trees
0.0289,0.0535,0.0283,0.292,0.2985437,trees
0.0271,0.0483,0.0264,0.2684,0.28116712,trees
0.028,0.0463,0.0263,0.2834,0.24629878,trees
0.0303,0.0536,0.0311,0.3096,0.27771154,trees
0.0311,0.0562,0.0313,0.3228,0.28751433,trees
0.0323,0.0571,0.0316,0.3444,0.27740493,trees
0.0344,0.064,0.0358,0.3438,0.30081302,trees
0.0355,0.0685,0.0374,0.3408,0.31730765,trees
0.0339,0.07,0.0348,0.3462,0.34744948,trees
0.034,0.0641,0.0328,0.3386,0.30682972,trees
0.0313,0.0549,0.0314,0.2938,0.27378193,trees
0.0305,0.0533,0.0315,0.2902,0.27207637,trees
0.0303,0.0566,0.0312,0.3304,0.3026467,trees
0.0315,0.0539,0.0314,0.3132,0.26229507,trees
0.0317,0.0564,0.0331,0.3352,0.28036323,trees
0.0332,0.0564,0.0341,0.3138,0.2589286,trees
0.0337,0.057,0.0354,0.2858,0.25689083,trees
0.0324,0.0522,0.032,0.2632,0.23404254,trees
0.0325,0.0546,0.032,0.2702,0.25373137,trees
0.0317,0.0582,0.0322,0.2834,0.29477197,trees
0.0298,0.0558,0.0291,0.2802,0.30373833,trees
0.0284,0.0521,0.0285,0.2792,0.29440993,trees
0.0278,0.0507,0.0288,0.2664,0.29171976,trees
0.0279,0.0482,0.0282,0.2754,0.2667543,trees
0.0291,0.0481,0.0296,0.2806,0.24611397,trees
0.0288,0.0465,0.0302,0.2698,0.23505978,trees
0.0301,0.05355,0.03065,0.2871,0.28033474,trees
0.0314,0.05645,0.0293,0.3139,0.28514513,trees
0.0267,0.0478,0.0252,0.2761,0.28322148,trees
0.0267,0.0478,0.0252,0.2761,0.28322148,trees
0.02595,0.04755,0.0255,0.2873,0.29387757,trees
0.0259,0.0458,0.02375,0.289,0.27754533,trees
0.02745,0.048,0.02695,0.3001,0.27236578,trees
0.0288,0.0498,0.0287,0.312,0.26717559,trees
0.0261,0.049,0.0267,0.3128,0.30492675,trees
0.026,0.0482,0.0248,0.3062,0.29919136,trees
0.0279,0.0469,0.0253,0.2888,0.2540107,trees
0.0292,0.0458,0.0276,0.2962,0.22133332,trees
0.0265,0.0461,0.0246,0.3018,0.26997247,trees
0.026,0.0453,0.0254,0.3082,0.27068722,trees
0.0273,0.0487,0.0272,0.3052,0.28157893,trees
0.027,0.049,0.0268,0.316,0.28947365,trees
0.0263,0.0463,0.0247,0.294,0.27548212,trees
0.0245,0.0406,0.0217,0.285,0.24731188,trees
0.0245,0.0449,0.0216,0.2978,0.29394814,trees
0.0266,0.0485,0.0244,0.3182,0.2916112,trees
0.0273,0.0482,0.0254,0.3154,0.2768212,trees
0.0268,0.0457,0.0246,0.3112,0.26068965,trees
0.0256,0.0436,0.0242,0.3054,0.26011562,trees
0.0262,0.0448,0.0244,0.3038,0.26197183,trees
0.0317,0.0562,0.0343,0.28945,0.27872583,trees
0.0304,0.0498,0.0316,0.2854,0.24189526,trees
0.0307,0.052,0.0318,0.2836,0.25755745,trees
0.0321,0.0527,0.0327,0.2884,0.24292454,trees
0.0366,0.062,0.0363,0.3226,0.25760648,trees
0.0356,0.0597,0.0365,0.3468,0.25288564,trees
0.0314,0.0547,0.0302,0.3016,0.27061558,trees
0.029,0.051,0.0281,0.2878,0.275,trees
0.0305,0.0549,0.0292,0.3198,0.2857143,trees
0.0295,0.0556,0.0285,0.3104,0.306698,trees
0.0295,0.0556,0.0285,0.3104,0.306698,trees
0.0272,0.0491,0.0254,0.2876,0.2870249,trees
0.0275,0.0473,0.0261,0.2776,0.2647059,trees
0.0271,0.0454,0.0255,0.2596,0.25241378,trees
0.0292,0.048,0.0265,0.2898,0.2435233,trees
0.0293,0.052,0.0273,0.3006,0.27921277,trees
0.0303,0.0528,0.0291,0.3152,0.27075812,trees
0.0318,0.0569,0.0296,0.3166,0.2829763,trees
0.033,0.0594,0.0316,0.3054,0.2857143,trees
0.0323,0.0586,0.0318,0.3056,0.28932893,trees
0.0323,0.0624,0.0311,0.315,0.31784585,trees
0.0305,0.0586,0.0315,0.3194,0.31537598,trees
0.029,0.0523,0.0306,0.278,0.28659287,trees
0.029,0.0511,0.0281,0.2684,0.27590513,trees
0.031,0.053,0.0294,0.2814,0.26190478,trees
0.0319,0.051,0.0298,0.2814,0.23039806,trees
0.0299,0.0547,0.0307,0.294,0.2931442,trees
0.0305,0.0502,0.0309,0.2762,0.244114,trees
0.0314,0.051,0.0307,0.2568,0.23786409,trees
0.032,0.0509,0.0323,0.2734,0.22798552,trees
0.033,0.0565,0.0313,0.3012,0.26256984,trees
0.0333,0.0588,0.0331,0.288,0.27687296,trees
0.0318,0.0545,0.0302,0.2902,0.2630359,trees
0.031,0.057,0.0314,0.2806,0.29545456,trees
0.0307,0.0558,0.0311,0.2784,0.2901734,trees
0.0308,0.0521,0.0298,0.281,0.25693604,trees
0.0313,0.0538,0.0324,0.292,0.26439482,trees
0.0317,0.0539,0.0346,0.289,0.25934577,trees
0.03275,0.0567,0.03325,0.3071,0.26774734,trees
0.0304,0.0529,0.0297,0.3137,0.27010804,trees
0.0275,0.0468,0.02715,0.2887,0.25975773,trees
0.0275,0.0468,0.02715,0.2887,0.25975773,trees
0.02855,0.05025,0.0282,0.2947,0.2753807,trees
0.0274,0.04955,0.0275,0.2958,0.28784928,trees
0.02905,0.05135,0.02855,0.3175,0.27736318,trees
0.0296,0.0514,0.0306,0.3146,0.26913577,trees
0.0296,0.052,0.0307,0.3252,0.27450982,trees
0.0277,0.0534,0.0268,0.3106,0.3168927,trees
0.028,0.0495,0.0249,0.3002,0.27741933,trees
0.0258,0.0453,0.0255,0.3012,0.2742616,trees
0.0266,0.0471,0.0252,0.2927,0.2781547,trees
0.0277,0.0497,0.0261,0.3068,0.28423774,trees
0.0295,0.0514,0.0295,0.3182,0.27070457,trees
0.0287,0.0509,0.0287,0.3108,0.27889448,trees
0.0263,0.0438,0.0253,0.289,0.24964336,trees
0.0273,0.0451,0.0259,0.2786,0.24585633,trees
0.0278,0.0533,0.0271,0.3208,0.31442663,trees
0.0279,0.0521,0.0279,0.315,0.3025,trees
0.0276,0.0488,0.0272,0.3208,0.27748692,trees
0.0279,0.0466,0.027,0.3074,0.25100672,trees
0.0275,0.045,0.0262,0.305,0.24137932,trees
0.0262,0.0448,0.0244,0.3038,0.26197183,trees
0.03185,0.0557,0.03435,0.3092,0.2724158,trees
0.0309,0.0523,0.0312,0.294,0.25721154,trees
0.0306,0.0561,0.0314,0.3012,0.29411763,trees
0.0318,0.0536,0.0314,0.3112,0.2552693,trees
0.0353,0.062,0.0362,0.3275,0.27440903,trees
0.034,0.059,0.0334,0.3162,0.2688172,trees
0.0275,0.0466,0.026,0.2658,0.25775975,trees
0.0273,0.047,0.0267,0.27,0.2651413,trees
0.0293,0.0512,0.0267,0.2924,0.27204967,trees
0.0287,0.0492,0.0276,0.2866,0.26315787,trees
0.0287,0.0492,0.0276,0.2866,0.26315787,trees
0.0269,0.0466,0.0254,0.2564,0.2680272,trees
0.0268,0.0453,0.0255,0.251,0.25658807,trees
0.0282,0.0472,0.0251,0.2636,0.2519894,trees
0.0305,0.052,0.0284,0.326,0.26060605,trees
0.03,0.0534,0.0267,0.3066,0.28057554,trees
0.0312,0.0515,0.0287,0.291,0.24546555,trees
0.0308,0.0536,0.0297,0.2958,0.27014217,trees
0.0299,0.0532,0.0286,0.279,0.28038508,trees
0.0313,0.0568,0.0293,0.3076,0.2894438,trees
0.0307,0.0566,0.0292,0.3134,0.29667813,trees
0.03,0.0556,0.0291,0.3084,0.29906544,trees
0.0308,0.0522,0.0298,0.29,0.25783134,trees
0.0286,0.0487,0.0282,0.2668,0.2600259,trees
0.0292,0.0451,0.0288,0.261,0.2139973,trees
0.0292,0.0482,0.0272,0.2652,0.24547803,trees
0.0305,0.0478,0.0276,0.282,0.22094509,trees
0.0306,0.0446,0.0276,0.261,0.18617019,trees
0.0298,0.0456,0.0272,0.2412,0.20954908,trees
0.0324,0.0498,0.0298,0.2764,0.21167882,trees
0.0327,0.0522,0.0314,0.2974,0.22968201,trees
0.0346,0.0582,0.0326,0.2994,0.25431034,trees
0.0318,0.0538,0.032,0.2768,0.25700933,trees
0.0324,0.0565,0.0321,0.2942,0.2710911,trees
0.0322,0.0553,0.0311,0.3054,0.26399997,trees
0.0328,0.0547,0.0315,0.2974,0.25028569,trees
0.0329,0.0563,0.0324,0.294,0.26233178,trees
0.0329,0.0544,0.0339,0.2972,0.24627718,trees
0.0337,0.05605,0.0348,0.3073,0.24902505,trees
0.02895,0.0512,0.03125,0.3002,0.27760446,trees
0.02895,0.0512,0.03125,0.3002,0.27760446,trees
0.0291,0.05135,0.03145,0.2904,0.2765693,trees
0.031,0.05555,0.03205,0.3075,0.2836511,trees
0.0297,0.0554,0.0308,0.3239,0.30199766,trees
0.0308,0.0561,0.03085,0.3369,0.29113925,trees
0.0303,0.0536,0.0304,0.3216,0.27771154,trees
0.0305,0.0552,0.033,0.3262,0.28821468,trees
0.0304,0.0565,0.0296,0.3228,0.3003452,trees
0.0294,0.0532,0.03,0.3188,0.2881356,trees
0.029,0.0536,0.0288,0.3046,0.29782084,trees
0.0298,0.0526,0.0305,0.2942,0.27669904,trees
0.0298,0.0505,0.0301,0.3162,0.25778332,trees
0.0318,0.0557,0.0322,0.3348,0.2731428,trees
0.0318,0.0531,0.031,0.3212,0.25088337,trees
0.029,0.0513,0.0289,0.3152,0.2777086,trees
0.0286,0.05,0.0299,0.2958,0.27226463,trees
0.0308,0.0538,0.0306,0.3062,0.27186763,trees
0.0295,0.0504,0.032,0.2985,0.26157698,trees
0.0283,0.0485,0.0287,0.2932,0.26302084,trees
0.0293,0.0494,0.0283,0.2986,0.25540024,trees
0.0287,0.0499,0.0285,0.3096,0.2697201,trees
0.0281,0.0496,0.0296,0.3096,0.27670527,trees
0.0313,0.05715,0.031,0.3093,0.2922555,trees
0.0311,0.0552,0.0311,0.3198,0.2792584,trees
0.0299,0.057,0.0306,0.3384,0.31185272,trees
0.0314,0.057,0.0313,0.3348,0.28959277,trees
0.0311,0.0579,0.0328,0.3134,0.3011236,trees
0.0299,0.0507,0.0285,0.284,0.25806454,trees
0.0254,0.0423,0.0237,0.2398,0.24963075,trees
0.0257,0.0432,0.0247,0.2552,0.2539913,trees
0.0292,0.0468,0.0259,0.2728,0.23157893,trees
0.0292,0.0468,0.0259,0.2728,0.23157893,trees
0.028,0.0458,0.0273,0.2832,0.24119242,trees
0.0296,0.0442,0.0263,0.2604,0.19783197,trees
0.03,0.0481,0.0282,0.2664,0.23175417,trees
0.0285,0.0472,0.0296,0.2712,0.24702777,trees
0.0309,0.0513,0.0296,0.313,0.2481752,trees
0.0324,0.0513,0.0287,0.3011,0.22580644,trees
0.0319,0.0508,0.0295,0.2766,0.22853687,trees
0.0301,0.0497,0.0306,0.2636,0.24561405,trees
0.0288,0.0505,0.0283,0.2792,0.27364442,trees
0.0314,0.0541,0.029,0.3144,0.2654971,trees
0.0311,0.052,0.0289,0.3142,0.25150424,trees
0.0309,0.0529,0.0292,0.288,0.26252985,trees
0.0322,0.052,0.0299,0.3056,0.23515439,trees
0.0303,0.0481,0.0287,0.289,0.22704078,trees
0.0293,0.0452,0.0273,0.2698,0.21342282,trees
0.0297,0.0452,0.0267,0.2666,0.2069426,trees
0.0306,0.0455,0.0274,0.2522,0.195795,trees
0.0311,0.0446,0.0306,0.2524,0.17833553,trees
0.0298,0.0469,0.0285,0.242,0.22294655,trees
0.0317,0.0492,0.03,0.2762,0.21631642,trees
0.0314,0.0484,0.0307,0.2802,0.2130326,trees
0.0317,0.0541,0.0315,0.2844,0.26107225,trees
0.031,0.0503,0.0311,0.2797,0.23739237,trees
0.0321,0.0543,0.0312,0.3098,0.25694442,trees
0.032,0.0556,0.0315,0.33,0.26940635,trees
0.0332,0.0581,0.0324,0.322,0.27272728,trees
0.0339,0.0566,0.0325,0.304,0.25082874,trees
0.0345,0.0547,0.0324,0.2964,0.2264574,trees
0.0329,0.05365,0.03555,0.3086,0.2397458,trees
0.02955,0.04815,0.0312,0.29,0.23938225,trees
0.02955,0.04815,0.0312,0.29,0.23938225,trees
0.031,0.0513,0.0318,0.3069,0.24665858,trees
0.0317,0.05595,0.0337,0.3178,0.27666858,trees
0.03115,0.05565,0.0318,0.3303,0.28225806,trees
0.03005,0.0524,0.02995,0.33975,0.27107337,trees
0.0293,0.0525,0.0304,0.3286,0.28361857,trees
0.0328,0.0556,0.0324,0.3248,0.25791854,trees
0.0303,0.0561,0.0313,0.3238,0.2986111,trees
0.0304,0.0548,0.0319,0.3332,0.28638497,trees
0.0312,0.0559,0.0315,0.3222,0.2835821,trees
0.0313,0.0554,0.0317,0.3,0.27797,trees
0.0292,0.0524,0.0298,0.311,0.2843137,trees
0.0297,0.0546,0.0309,0.3334,0.29537368,trees
0.0301,0.0531,0.0294,0.3124,0.27644232,trees
0.031,0.0541,0.0302,0.3212,0.27144536,trees
0.0296,0.0501,0.032,0.2986,0.25721455,trees
0.0309,0.0505,0.0318,0.298,0.24078627,trees
0.0311,0.053,0.0315,0.3022,0.2604043,trees
0.0288,0.0494,0.0301,0.2928,0.26342714,trees
0.0298,0.0496,0.0299,0.3006,0.24937029,trees
0.0289,0.05,0.0296,0.2976,0.26742715,trees
0.0299,0.0521,0.0307,0.2968,0.2707317,trees
0.03155,0.0571,0.0306,0.302,0.28821206,trees
0.0325,0.0602,0.032,0.3376,0.29881337,trees
0.0319,0.0599,0.0304,0.356,0.30501089,trees
0.0313,0.0604,0.0316,0.3378,0.31733915,trees
0.029,0.0534,0.0298,0.3146,0.29611653,trees
0.0276,0.0472,0.0263,0.2752,0.26203212,trees
0.0242,0.0418,0.024,0.225,0.26666668,trees
0.0272,0.0429,0.0247,0.2492,0.22396575,trees
0.0282,0.0452,0.0268,0.279,0.23160763,trees
0.0282,0.0452,0.0268,0.279,0.23160763,trees
0.0288,0.0452,0.0275,0.2952,0.22162165,trees
0.0292,0.0475,0.0281,0.3012,0.2385919,trees
0.0301,0.0484,0.0289,0.2832,0.23312102,trees
0.0294,0.0451,0.0276,0.2642,0.21073824,trees
0.0271,0.0464,0.0272,0.2718,0.262585,trees
0.0297,0.0449,0.0264,0.2796,0.20375337,trees
0.0286,0.0447,0.0279,0.2558,0.21964529,trees
0.0305,0.0473,0.0288,0.2622,0.2159383,trees
0.0287,0.0465,0.0282,0.2714,0.23670214,trees
0.0286,0.0473,0.0271,0.2958,0.2463768,trees
0.0295,0.0504,0.0275,0.303,0.26157698,trees
0.0307,0.0498,0.0294,0.2844,0.23726709,trees
0.0307,0.0489,0.0302,0.2902,0.22864322,trees
0.0292,0.0448,0.028,0.2706,0.21081078,trees
0.0285,0.0441,0.0275,0.253,0.21487606,trees
0.0301,0.0449,0.0287,0.2562,0.19733334,trees
0.0302,0.0457,0.0304,0.2618,0.20421603,trees
0.0341,0.047,0.0323,0.2686,0.15906286,trees
0.0323,0.0462,0.0316,0.264,0.17707007,trees
0.0303,0.0439,0.0294,0.2578,0.18328841,trees
0.0263,0.039,0.0258,0.2424,0.19448699,trees
0.029,0.0448,0.0274,0.2564,0.21409214,trees
0.0296,0.0458,0.0292,0.2754,0.2148541,trees
0.0308,0.0499,0.0285,0.2908,0.23667906,trees
0.0306,0.0526,0.0283,0.2942,0.26442307,trees
0.0303,0.0508,0.0286,0.2974,0.25277433,trees
0.0313,0.0502,0.0297,0.2819,0.23190182,trees
0.0332,0.0516,0.0347,0.2962,0.21698114,trees
0.0326,0.05075,0.03305,0.2972,0.21775642,trees
0.02965,0.04745,0.0333,0.2898,0.23086897,trees
0.02965,0.04745,0.0333,0.2898,0.23086897,trees
0.0301,0.0502,0.031,0.3185,0.25031134,trees
0.0294,0.051,0.0284,0.3161,0.2686567,trees
0.0304,0.0521,0.02955,0.3227,0.2630303,trees
0.02975,0.0507,0.0286,0.3183,0.26041022,trees
0.0289,0.0513,0.03,0.3332,0.27930176,trees
0.0314,0.0566,0.0312,0.3316,0.28636366,trees
0.03,0.0539,0.0281,0.2932,0.28486294,trees
0.0311,0.0557,0.0319,0.304,0.28341013,trees
0.0322,0.0567,0.0322,0.3042,0.2755905,trees
0.0314,0.0533,0.0318,0.2966,0.25855964,trees
0.0292,0.0516,0.0296,0.303,0.27722773,trees
0.0293,0.0531,0.03,0.3086,0.28883496,trees
0.0292,0.0517,0.0279,0.298,0.27812114,trees
0.029,0.0532,0.029,0.3134,0.2944039,trees
0.0299,0.0516,0.03,0.3084,0.2662577,trees
0.0304,0.0517,0.0304,0.2998,0.25943968,trees
0.0293,0.0523,0.0281,0.3132,0.28186274,trees
0.0292,0.0501,0.0283,0.3152,0.2635561,trees
0.0304,0.0536,0.0313,0.3052,0.27619046,trees
0.0316,0.0526,0.0319,0.302,0.2494062,trees
0.031,0.0539,0.0315,0.2968,0.2697291,trees
0.03205,0.0592,0.03355,0.29605,0.29753426,trees
0.0324,0.0607,0.0316,0.3386,0.3039742,trees
0.0314,0.0554,0.031,0.3248,0.27649772,trees
0.0298,0.0504,0.0293,0.2958,0.25685784,trees
0.0263,0.0468,0.024,0.2776,0.28043774,trees
0.026,0.0446,0.0244,0.273,0.26345605,trees
0.0253,0.0407,0.0236,0.2298,0.23333333,trees
0.0295,0.0448,0.0272,0.264,0.20592192,trees
0.028,0.0444,0.0278,0.2776,0.2265193,trees
0.028,0.0444,0.0278,0.2776,0.2265193,trees
0.0292,0.0463,0.0278,0.3045,0.22649007,trees
0.0292,0.0514,0.0287,0.3217,0.27543423,trees
0.0286,0.0473,0.0283,0.2998,0.2463768,trees
0.0297,0.0451,0.0276,0.2818,0.20588236,trees
0.0286,0.0444,0.0256,0.2774,0.21643835,trees
0.0291,0.0439,0.0273,0.2842,0.20273975,trees
0.0297,0.0449,0.0274,0.2774,0.20375337,trees
0.0311,0.0478,0.0292,0.2798,0.21166034,trees
0.0281,0.0458,0.0288,0.2852,0.23951286,trees
0.0288,0.047,0.0266,0.2906,0.24010552,trees
0.0291,0.0473,0.0276,0.2912,0.23821989,trees
0.0307,0.0481,0.0294,0.2852,0.22081216,trees
0.0297,0.0443,0.0289,0.2752,0.1972973,trees
0.0269,0.0414,0.0269,0.2454,0.21229868,trees
0.0285,0.0427,0.0284,0.2384,0.19943821,trees
0.0309,0.0467,0.0311,0.2592,0.20360826,trees
0.0318,0.0473,0.0328,0.2854,0.19595447,trees
0.0321,0.0494,0.0307,0.2896,0.21226996,trees
0.0313,0.0458,0.0302,0.2754,0.18806744,trees
0.032,0.0445,0.0284,0.2636,0.16339868,trees
0.0278,0.0446,0.0287,0.2497,0.2320442,trees
0.0291,0.0435,0.0272,0.2472,0.19834708,trees
0.0291,0.0453,0.0286,0.2712,0.21774192,trees
0.028,0.0455,0.0271,0.274,0.23809521,trees
0.0263,0.0428,0.0262,0.2544,0.2387844,trees
0.0269,0.0428,0.0253,0.258,0.22812052,trees
0.0276,0.0448,0.0249,0.2604,0.23756905,trees
0.0292,0.0462,0.028,0.2962,0.22546417,trees
0.03085,0.05055,0.03115,0.3025,0.24201472,trees
0.0305,0.05205,0.034,0.3003,0.2610539,trees
0.0305,0.05205,0.034,0.3003,0.2610539,trees
0.02855,0.05325,0.0311,0.3178,0.30195597,trees
0.02635,0.047,0.02605,0.2927,0.2815269,trees
0.029,0.0488,0.02755,0.3126,0.25449872,trees
0.02865,0.0499,0.02805,0.3169,0.27052832,trees
0.0283,0.0492,0.0294,0.3208,0.2696774,trees
0.0298,0.054,0.0294,0.3294,0.28878284,trees
0.0301,0.0517,0.0287,0.3134,0.26405868,trees
0.033,0.0591,0.0344,0.3168,0.28338763,trees
0.0325,0.0577,0.0357,0.311,0.2793792,trees
0.031,0.0545,0.0318,0.3032,0.2748538,trees
0.0297,0.0517,0.0296,0.2874,0.27027026,trees
0.0311,0.0518,0.03,0.2878,0.24969845,trees
0.0285,0.0513,0.0287,0.3076,0.28571427,trees
0.0292,0.0513,0.0287,0.2988,0.27453417,trees
0.0306,0.0533,0.0295,0.3068,0.27056018,trees
0.031,0.0517,0.0314,0.3006,0.2503023,trees
0.0291,0.0519,0.0283,0.3068,0.28148147,trees
0.0295,0.0506,0.0295,0.3194,0.26342073,trees
0.032,0.054,0.0309,0.3034,0.25581396,trees
0.0319,0.0548,0.0311,0.3006,0.2641292,trees
0.0308,0.0529,0.031,0.298,0.26403823,trees
0.036,0.0588,0.03915,0.2915,0.24050637,trees
0.0331,0.0588,0.0332,0.3244,0.27965176,trees
0.0297,0.0505,0.0297,0.3018,0.25935164,trees
0.0279,0.0496,0.028,0.277,0.28000003,trees
0.0248,0.0431,0.0254,0.2768,0.26951396,trees
0.0248,0.0414,0.0229,0.2586,0.25075528,trees
0.0261,0.0417,0.024,0.2358,0.23008852,trees
0.0284,0.0439,0.0282,0.2688,0.21438453,trees
0.0296,0.0449,0.0277,0.3084,0.20536913,trees
0.0296,0.0449,0.0277,0.3084,0.20536913,trees
0.0282,0.0471,0.0284,0.3098,0.250996,trees
0.0278,0.0499,0.0273,0.3128,0.2844273,trees
0.0288,0.0495,0.0278,0.3096,0.26436782,trees
0.0297,0.0479,0.0286,0.31,0.23453607,trees
0.0291,0.0465,0.028,0.3038,0.23015873,trees
0.0294,0.0443,0.0273,0.2938,0.20217097,trees
0.0301,0.0477,0.0287,0.289,0.22622108,trees
0.0309,0.0495,0.0295,0.3046,0.23134328,trees
0.0306,0.0476,0.0284,0.309,0.21739133,trees
0.0288,0.0483,0.0282,0.2942,0.2529183,trees
0.0299,0.0485,0.0293,0.2946,0.23724492,trees
0.0294,0.0466,0.0286,0.277,0.22631578,trees
0.0288,0.0454,0.0277,0.2656,0.22371969,trees
0.0281,0.0441,0.028,0.2708,0.22160666,trees
0.0303,0.0466,0.0298,0.281,0.21196358,trees
0.0343,0.0516,0.035,0.3042,0.201397,trees
0.0321,0.0484,0.0312,0.2946,0.20248447,trees
0.0298,0.0458,0.0295,0.289,0.21164022,trees
0.029,0.043,0.0278,0.283,0.19444448,trees
0.0308,0.0483,0.029,0.291,0.22123897,trees
0.0295,0.0471,0.0302,0.2818,0.22976501,trees
0.0289,0.0431,0.0283,0.254,0.19722223,trees
0.0294,0.047,0.0289,0.2714,0.23036648,trees
0.0296,0.0459,0.0294,0.2806,0.21589403,trees
0.0276,0.0442,0.0262,0.2502,0.23119776,trees
0.0272,0.0462,0.0262,0.2526,0.25885558,trees
0.0271,0.0458,0.0272,0.288,0.25651577,trees
0.0287,0.0477,0.0286,0.3024,0.2486911,trees
0.03045,0.04885,0.0296,0.311,0.23203027,trees
0.03045,0.04885,0.0296,0.311,0.23203027,trees
0.0326,0.05515,0.0338,0.3247,0.25698003,trees
0.03025,0.0541,0.0326,0.3327,0.28275046,trees
0.02685,0.04675,0.026,0.3058,0.27038044,trees
0.02815,0.0481,0.02825,0.2958,0.26163933,trees
0.02945,0.0476,0.02835,0.2855,0.23556134,trees
0.0272,0.0478,0.02745,0.2922,0.27466667,trees
0.02745,0.04695,0.0255,0.2878,0.2620968,trees
0.03015,0.0503,0.02765,0.3077,0.2504661,trees
0.0327,0.0568,0.03375,0.3211,0.2692738,trees
0.0322,0.0525,0.0334,0.2991,0.23966938,trees
0.03085,0.0507,0.0282,0.2843,0.24340895,trees
0.0309,0.0525,0.0299,0.2888,0.2589928,trees
0.0312,0.0536,0.0318,0.301,0.26415095,trees
0.0306,0.0505,0.0297,0.309,0.2453761,trees
0.0294,0.0536,0.0288,0.3066,0.29156625,trees
0.0302,0.0548,0.0305,0.312,0.28941175,trees
0.0295,0.0522,0.0305,0.295,0.2778458,trees
0.03,0.0543,0.0287,0.3138,0.28825623,trees
0.0302,0.0541,0.0286,0.3118,0.28351125,trees
0.03,0.0541,0.0299,0.3008,0.2865636,trees
0.0299,0.0514,0.0303,0.2846,0.26445264,trees
0.0295,0.0526,0.0281,0.2868,0.28136417,trees
0.03975,0.06105,0.0448,0.2926,0.21130955,trees
0.0317,0.0556,0.0343,0.3216,0.27376857,trees
0.0286,0.0498,0.0281,0.299,0.27040818,trees
0.0284,0.0498,0.027,0.2878,0.27365732,trees
0.0287,0.0476,0.027,0.2829,0.24770643,trees
0.0254,0.0455,0.0236,0.2754,0.28349787,trees
0.028,0.0458,0.0282,0.2578,0.24119242,trees
0.0296,0.0457,0.0288,0.2776,0.2138114,trees
0.0296,0.0457,0.0288,0.2776,0.2138114,trees
0.0308,0.0469,0.0291,0.3002,0.2072072,trees
0.0296,0.0481,0.0295,0.3206,0.23809522,trees
0.0283,0.0477,0.0276,0.3124,0.25526315,trees
0.0285,0.0457,0.0281,0.3112,0.23180592,trees
0.0305,0.0485,0.0285,0.3238,0.2278481,trees
0.0311,0.0477,0.029,0.3098,0.21065989,trees
0.0287,0.0458,0.0289,0.2938,0.2295302,trees
0.0289,0.0442,0.027,0.2801,0.20930232,trees
0.03,0.0451,0.0275,0.2977,0.20106526,trees
0.0298,0.0479,0.0285,0.3082,0.23294723,trees
0.0305,0.0482,0.0293,0.3072,0.2249047,trees
0.0291,0.0476,0.0284,0.3116,0.24119948,trees
0.028,0.0451,0.0275,0.2852,0.23392612,trees
0.0292,0.0448,0.0271,0.2666,0.21081078,trees
0.0294,0.0458,0.029,0.2754,0.21808511,trees
0.0301,0.0485,0.0309,0.289,0.2340967,trees
0.0323,0.0494,0.0314,0.2942,0.20930237,trees
0.0289,0.0422,0.0279,0.2732,0.18706049,trees
0.0263,0.0439,0.0255,0.2712,0.25071228,trees
0.0286,0.0456,0.0266,0.2906,0.22911051,trees
0.0318,0.0495,0.0308,0.306,0.21771213,trees
0.0337,0.0501,0.0349,0.2924,0.19570403,trees
0.0274,0.0423,0.0287,0.2509,0.21377331,trees
0.0305,0.0488,0.0309,0.2752,0.23076922,trees
0.0295,0.0473,0.0283,0.2728,0.23177081,trees
0.0278,0.0457,0.027,0.268,0.24353741,trees
0.0277,0.0506,0.0285,0.2774,0.29246488,trees
0.0289,0.0532,0.0321,0.3024,0.2959805,trees
0.0293,0.0507,0.0297,0.3204,0.2675,trees
0.0287,0.04765,0.02825,0.3186,0.24819908,trees
0.0287,0.04765,0.02825,0.3186,0.24819908,trees
0.03015,0.0518,0.0303,0.3375,0.2641855,trees
0.02955,0.05305,0.02995,0.3416,0.28450364,trees
0.0288,0.05075,0.02765,0.3289,0.2759271,trees
0.02855,0.0495,0.029,0.3206,0.26841766,trees
0.0316,0.05045,0.0304,0.32175,0.22973801,trees
0.02915,0.0478,0.03015,0.3042,0.24236518,trees
0.02775,0.04405,0.02525,0.2843,0.2270195,trees
0.02965,0.0509,0.02765,0.3103,0.2638113,trees
0.03145,0.0517,0.0308,0.3226,0.24353579,trees
0.02935,0.0485,0.02635,0.2968,0.2459859,trees
0.0278,0.04615,0.02585,0.2795,0.24814063,trees
0.0291,0.0501,0.0299,0.292,0.2651515,trees
0.032,0.0515,0.0314,0.3076,0.23353292,trees
0.0317,0.0512,0.0312,0.3138,0.23522313,trees
0.032,0.0517,0.0314,0.3274,0.23536438,trees
0.0305,0.0527,0.0303,0.3264,0.26682693,trees
0.029,0.0542,0.0296,0.313,0.30288464,trees
0.0289,0.054,0.0271,0.3112,0.30277443,trees
0.0293,0.0538,0.0267,0.316,0.2948255,trees
0.0283,0.0541,0.0276,0.3094,0.31310678,trees
0.0278,0.0504,0.0274,0.2876,0.28900257,trees
0.0291,0.0516,0.0275,0.2852,0.2788104,trees
0.03725,0.0586,0.03855,0.3047,0.22274385,trees
0.0308,0.0508,0.0311,0.3024,0.24509805,trees
0.0282,0.0481,0.0265,0.2792,0.26081258,trees
0.0289,0.0487,0.0266,0.2874,0.25515464,trees
0.0287,0.048,0.0269,0.2916,0.25162974,trees
0.0294,0.0485,0.027,0.2986,0.24518615,trees
0.0301,0.0477,0.0295,0.3042,0.22622108,trees
0.0303,0.0466,0.0298,0.2937,0.21196358,trees
0.0303,0.0466,0.0298,0.2937,0.21196358,trees
0.0313,0.0469,0.0299,0.2922,0.19948849,trees
0.0314,0.0491,0.0301,0.3016,0.2198758,trees
0.0313,0.0496,0.03,0.3052,0.2262052,trees
0.0294,0.0492,0.0306,0.3134,0.2519084,trees
0.0309,0.049,0.03,0.3196,0.22653316,trees
0.0302,0.0479,0.0309,0.2988,0.2266325,trees
0.0286,0.0463,0.0288,0.3038,0.2363151,trees
0.0286,0.0439,0.0261,0.2814,0.21103449,trees
0.0283,0.0481,0.0284,0.2908,0.25916228,trees
0.0298,0.0479,0.0307,0.2924,0.23294723,trees
0.0297,0.0476,0.0298,0.282,0.23156536,trees
0.0283,0.0455,0.0273,0.27,0.23306233,trees
0.029,0.0446,0.0265,0.2778,0.21195653,trees
0.028,0.0422,0.0252,0.258,0.2022792,trees
0.028,0.0435,0.0263,0.2502,0.21678318,trees
0.0296,0.0438,0.0272,0.2632,0.1934605,trees
0.0264,0.042,0.0242,0.249,0.22807018,trees
0.0271,0.0424,0.0251,0.2624,0.22014385,trees
0.0289,0.046,0.0266,0.2656,0.22830442,trees
0.0312,0.0498,0.0304,0.284,0.22962965,trees
0.0355,0.0537,0.035,0.3116,0.20403585,trees
0.0319,0.0467,0.0336,0.3008,0.18829517,trees
0.029,0.0436,0.0289,0.2586,0.20110194,trees
0.0303,0.049,0.0301,0.279,0.23581333,trees
0.0293,0.0458,0.0269,0.2736,0.21970704,trees
0.0288,0.0472,0.0294,0.2916,0.24210528,trees
0.0286,0.0539,0.0308,0.3094,0.30666667,trees
0.031,0.0551,0.0343,0.335,0.2799071,trees
0.0302,0.0521,0.0296,0.3306,0.2660996,trees
0.0296,0.0492,0.0285,0.3357,0.24873094,trees
0.0296,0.0492,0.0285,0.3357,0.24873094,trees
0.0287,0.05105,0.0296,0.3567,0.2802508,trees
0.0287,0.0514,0.0273,0.3452,0.28339574,trees
0.0302,0.0522,0.02855,0.3448,0.26699027,trees
0.02905,0.0522,0.0284,0.3278,0.2849231,trees
0.03085,0.0524,0.02985,0.3321,0.25885886,trees
0.0302,0.05075,0.03055,0.3102,0.25386038,trees
0.02915,0.0518,0.0319,0.307,0.27980238,trees
0.02845,0.05025,0.03105,0.2996,0.2770013,trees
0.02925,0.0499,0.0291,0.2929,0.26089704,trees
0.02885,0.04905,0.0269,0.2975,0.2593068,trees
0.027,0.04735,0.02685,0.293,0.27370545,trees
0.0269,0.0485,0.0281,0.2768,0.28647214,trees
0.0308,0.0502,0.0296,0.2946,0.23950619,trees
0.0308,0.0516,0.0301,0.3144,0.2524272,trees
0.0319,0.0523,0.0321,0.3156,0.24228029,trees
0.033,0.0531,0.0307,0.3226,0.2334495,trees
0.0291,0.0513,0.0289,0.3212,0.27611938,trees
0.0278,0.0506,0.0267,0.3082,0.29081634,trees
0.0287,0.0534,0.0263,0.3298,0.30085263,trees
0.0282,0.0523,0.0272,0.3312,0.29937887,trees
0.0277,0.0515,0.028,0.3016,0.30050507,trees
0.0292,0.0512,0.0291,0.285,0.2736318,trees
0.0311,0.05385,0.0311,0.3131,0.2678046,trees
0.0302,0.048,0.0283,0.2812,0.22762148,trees
0.0284,0.0498,0.0262,0.2746,0.27365732,trees
0.0302,0.0503,0.0269,0.2874,0.24968942,trees
0.0297,0.0492,0.0284,0.292,0.24714829,trees
0.0296,0.0522,0.0302,0.3142,0.27628362,trees
0.0294,0.05,0.0295,0.3266,0.25944585,trees
0.0299,0.0498,0.0296,0.3098,0.24968635,trees
0.0299,0.0498,0.0296,0.3098,0.24968635,trees
0.0303,0.0467,0.0292,0.3028,0.21298702,trees
0.0319,0.0496,0.0305,0.2978,0.21717793,trees
0.033,0.0513,0.0332,0.2953,0.21708186,trees
0.0297,0.0487,0.0313,0.2996,0.24234696,trees
0.028,0.0453,0.0264,0.3,0.23601633,trees
0.028,0.0462,0.028,0.2766,0.245283,trees
0.0306,0.0478,0.0299,0.293,0.21938775,trees
0.0296,0.0444,0.0271,0.291,0.19999999,trees
0.0302,0.0468,0.0301,0.289,0.21558438,trees
0.0312,0.0477,0.0316,0.2752,0.20912549,trees
0.0307,0.0469,0.0291,0.2618,0.20876288,trees
0.0279,0.0431,0.0273,0.252,0.21408452,trees
0.03,0.0455,0.0271,0.2764,0.20529802,trees
0.0282,0.0443,0.0269,0.2712,0.22206895,trees
0.0296,0.0486,0.029,0.277,0.24296676,trees
0.0312,0.0482,0.031,0.2906,0.2141058,trees
0.0271,0.0443,0.0268,0.2664,0.24089636,trees
0.0284,0.0462,0.0282,0.2786,0.2386059,trees
0.0302,0.0479,0.0322,0.2858,0.2266325,trees
0.0324,0.0501,0.0326,0.2924,0.21454544,trees
0.0319,0.0477,0.0319,0.2944,0.19849245,trees
0.0303,0.0426,0.0319,0.2842,0.16872425,trees
0.0304,0.0448,0.0288,0.2808,0.19148934,trees
0.0292,0.0479,0.0301,0.294,0.24254212,trees
0.0277,0.0467,0.0276,0.2812,0.25537637,trees
0.0282,0.0496,0.0294,0.2952,0.27506426,trees
0.0292,0.0521,0.0313,0.3091,0.2816728,trees
0.0296,0.0516,0.031,0.3282,0.27093598,trees
0.029,0.0502,0.0276,0.3444,0.26767677,trees
0.02925,0.05135,0.02985,0.3596,0.27419356,trees
0.02925,0.05135,0.02985,0.3596,0.27419356,trees
0.0297,0.0527,0.03015,0.3549,0.27912623,trees
0.02785,0.0524,0.02775,0.34345,0.305919,trees
0.02985,0.05285,0.02875,0.3312,0.27811366,trees
0.02955,0.05085,0.02835,0.3278,0.2649254,trees
0.03115,0.0532,0.0295,0.3221,0.26141077,trees
0.03075,0.05305,0.03245,0.3199,0.26610976,trees
0.0326,0.05745,0.0336,0.3225,0.2759578,trees
0.03085,0.05175,0.03175,0.2993,0.25302663,trees
0.03055,0.05235,0.0321,0.2959,0.26296744,trees
0.03015,0.05175,0.0314,0.313,0.26373628,trees
0.02985,0.0476,0.029,0.3033,0.22918013,trees
0.0271,0.0462,0.027,0.278,0.26057297,trees
0.0299,0.05,0.0298,0.2922,0.25156447,trees
0.0282,0.0471,0.0281,0.298,0.250996,trees
0.0275,0.0487,0.0295,0.3054,0.27821523,trees
0.0304,0.0513,0.0295,0.3222,0.25581396,trees
0.0298,0.0499,0.0295,0.3208,0.25219572,trees
0.0288,0.0514,0.028,0.3086,0.2817955,trees
0.0288,0.0523,0.0269,0.3156,0.28976572,trees
0.0275,0.0514,0.0271,0.3022,0.3029151,trees
0.029,0.0508,0.0274,0.2862,0.273183,trees
0.0295,0.0492,0.0272,0.2872,0.25031763,trees
0.02985,0.0519,0.02765,0.3225,0.26972476,trees
0.0294,0.0483,0.0279,0.278,0.24324325,trees
0.0284,0.0464,0.0267,0.2746,0.2406417,trees
0.0282,0.048,0.0275,0.2888,0.25984251,trees
0.0306,0.0502,0.0307,0.295,0.24257427,trees
0.0324,0.0528,0.0326,0.319,0.23943661,trees
0.0301,0.0531,0.0303,0.337,0.27644232,trees
0.0299,0.0511,0.029,0.32,0.2617284,trees
0.0299,0.0511,0.029,0.32,0.2617284,trees
0.0298,0.0479,0.0285,0.3024,0.23294723,trees
0.029,0.0484,0.0288,0.3068,0.250646,trees
0.0315,0.0497,0.0319,0.2962,0.2241379,trees
0.0308,0.0483,0.0306,0.299,0.22123897,trees
0.0267,0.0462,0.0266,0.2858,0.26748973,trees
0.0298,0.047,0.0287,0.2852,0.22395833,trees
0.0299,0.0498,0.0303,0.2998,0.24968635,trees
0.03,0.0471,0.0301,0.292,0.2217899,trees
0.0314,0.048,0.0324,0.2856,0.20906802,trees
0.0315,0.0491,0.0317,0.2808,0.21836227,trees
0.0309,0.0479,0.0292,0.2624,0.21573603,trees
0.0301,0.0497,0.03,0.2642,0.24561405,trees
0.0309,0.0499,0.0298,0.2798,0.23514852,trees
0.0292,0.0462,0.03,0.2824,0.22546417,trees
0.0325,0.0531,0.0322,0.2856,0.24065422,trees
0.0323,0.052,0.032,0.2962,0.23368923,trees
0.029,0.0477,0.0285,0.2729,0.24380703,trees
0.0301,0.0489,0.0308,0.303,0.23797472,trees
0.03,0.0475,0.0302,0.2966,0.22580644,trees
0.0305,0.0483,0.0309,0.2952,0.22588834,trees
0.0314,0.0488,0.0309,0.2922,0.2169576,trees
0.029,0.0441,0.0295,0.2888,0.20656638,trees
0.0308,0.0461,0.0291,0.2978,0.1989597,trees
0.0279,0.0467,0.0286,0.2814,0.25201076,trees
0.0267,0.047,0.0263,0.283,0.275441,trees
0.0273,0.0491,0.0268,0.2954,0.28534034,trees
0.0265,0.0469,0.0271,0.3003,0.2779292,trees
0.0266,0.045,0.0261,0.3046,0.25698325,trees
0.028,0.0495,0.0269,0.3374,0.27741933,trees
0.028,0.0495,0.0269,0.3374,0.27741933,trees
0.0305,0.0526,0.0293,0.3508,0.26594466,trees
0.02955,0.05295,0.03,0.3492,0.28363636,trees
0.028,0.05075,0.02705,0.3289,0.28888887,trees
0.0289,0.0512,0.02865,0.3084,0.278402,trees
0.0305,0.0542,0.03,0.3214,0.27981108,trees
0.03145,0.0553,0.0297,0.3228,0.27492797,trees
0.03145,0.05595,0.03235,0.3287,0.28032038,trees
0.03155,0.05715,0.03195,0.3329,0.2886133,trees
0.0305,0.0524,0.0297,0.3153,0.2641737,trees
0.03205,0.0539,0.0302,0.3179,0.25421757,trees
0.0309,0.053,0.0302,0.3284,0.26340884,trees
0.0296,0.05205,0.02905,0.3152,0.27495405,trees
0.0301,0.052,0.0286,0.2994,0.2667479,trees
0.03,0.0537,0.029,0.306,0.28315413,trees
0.0258,0.0484,0.025,0.282,0.30458218,trees
0.0251,0.0444,0.0231,0.2708,0.27769783,trees
0.0271,0.0446,0.0258,0.2802,0.2440725,trees
0.0281,0.0479,0.0284,0.3044,0.2605263,trees
0.0287,0.0509,0.0287,0.3132,0.27889448,trees
0.0286,0.0509,0.0273,0.3018,0.28050315,trees
0.0284,0.0495,0.0271,0.3042,0.27086008,trees
0.0301,0.0488,0.0279,0.2828,0.23700888,trees
0.0298,0.0524,0.0281,0.2916,0.27493918,trees
0.02905,0.0506,0.0254,0.3216,0.27055869,trees
0.0287,0.048,0.0268,0.3078,0.25162974,trees
0.0285,0.0509,0.0264,0.3072,0.28211588,trees
0.0277,0.0474,0.0259,0.29,0.2623169,trees
0.0308,0.0498,0.0314,0.2858,0.23573202,trees
0.0317,0.0538,0.0332,0.3152,0.25847954,trees
0.03,0.0533,0.0298,0.3309,0.2797119,trees
0.03,0.0533,0.0298,0.3309,0.2797119,trees
0.0288,0.0495,0.0275,0.322,0.26436782,trees
0.0281,0.0463,0.0277,0.3052,0.24462366,trees
0.028,0.0452,0.0285,0.292,0.23497269,trees
0.0305,0.047,0.032,0.2918,0.2129032,trees
0.0305,0.0486,0.032,0.288,0.22882427,trees
0.0288,0.0466,0.0291,0.2819,0.23607428,trees
0.0297,0.0493,0.0296,0.299,0.24810128,trees
0.0295,0.0463,0.0306,0.3113,0.2216359,trees
0.0305,0.0479,0.0302,0.3008,0.22193876,trees
0.0322,0.0504,0.0325,0.3082,0.22033897,trees
0.0322,0.0518,0.0323,0.2916,0.23333332,trees
0.0313,0.0492,0.031,0.274,0.22236022,trees
0.0325,0.0535,0.0322,0.2768,0.24418607,trees
0.0322,0.0512,0.0318,0.2922,0.22781773,trees
0.0307,0.0487,0.0306,0.2958,0.22670026,trees
0.03,0.0487,0.0291,0.2842,0.2376112,trees
0.0296,0.0491,0.0289,0.2912,0.24777637,trees
0.0275,0.0482,0.0269,0.2872,0.2734478,trees
0.03,0.0513,0.0311,0.3134,0.26199263,trees
0.0282,0.0482,0.0291,0.3018,0.2617801,trees
0.0291,0.0462,0.0272,0.2938,0.22709161,trees
0.0289,0.0447,0.0276,0.277,0.21467392,trees
0.0284,0.0424,0.027,0.2776,0.1977401,trees
0.0284,0.0444,0.0277,0.278,0.21978022,trees
0.0264,0.042,0.0259,0.2724,0.22807018,trees
0.0262,0.0436,0.0244,0.2746,0.24928366,trees
0.0265,0.0469,0.0255,0.2916,0.2779292,trees
0.0258,0.0473,0.0245,0.3275,0.29411763,trees
0.0273,0.0468,0.026,0.3359,0.26315787,trees
0.0324,0.0551,0.031,0.3384,0.25942856,trees
0.0324,0.0551,0.031,0.3384,0.25942856,trees
0.03245,0.05525,0.0322,0.3444,0.25997716,trees
0.02985,0.05285,0.0296,0.3342,0.27811366,trees
0.02565,0.04495,0.0246,0.29425,0.2733711,trees
0.02895,0.04955,0.0293,0.2855,0.2624204,trees
0.02995,0.05505,0.0301,0.317,0.2952941,trees
0.0305,0.05325,0.03005,0.3188,0.2716418,trees
0.0307,0.05545,0.03115,0.32875,0.28728962,trees
0.03015,0.053,0.0292,0.3233,0.27480456,trees
0.0299,0.05095,0.0284,0.3119,0.2603587,trees
0.03035,0.0542,0.03,0.314,0.28208163,trees
0.0293,0.05485,0.02905,0.3223,0.30362448,trees
0.0301,0.0545,0.0275,0.31775,0.28841606,trees
0.0312,0.0494,0.03,0.314,0.22580647,trees
0.0325,0.0529,0.0328,0.3234,0.23887591,trees
0.0289,0.0503,0.0285,0.3024,0.270202,trees
0.0272,0.0446,0.0248,0.2781,0.2423398,trees
0.0255,0.044,0.0236,0.2706,0.26618704,trees
0.0264,0.0462,0.0248,0.2884,0.27272728,trees
0.0282,0.0476,0.0271,0.3072,0.25593668,trees
0.0282,0.0491,0.0267,0.2896,0.27037516,trees
0.0281,0.0479,0.0286,0.3002,0.2605263,trees
0.0303,0.048,0.0296,0.294,0.22605364,trees
0.0316,0.0531,0.0304,0.292,0.25383708,trees
0.0302,0.0534,0.0276,0.333,0.27751192,trees
0.0329,0.0633,0.0328,0.383,0.31600827,trees
0.0317,0.0587,0.0303,0.3286,0.29867256,trees
0.0264,0.0483,0.0255,0.2798,0.29317272,trees
0.0325,0.0524,0.0311,0.2934,0.23439342,trees
0.0309,0.0528,0.0312,0.3068,0.26164874,trees
0.029,0.0484,0.0278,0.294,0.250646,trees
0.029,0.0484,0.0278,0.294,0.250646,trees
0.0292,0.0479,0.02725,0.3085,0.24254212,trees
0.0283,0.0469,0.0266,0.2921,0.24734043,trees
0.02985,0.04745,0.0273,0.27865,0.22768433,trees
0.03155,0.04975,0.031,0.284,0.22386222,trees
0.03075,0.04885,0.03055,0.284,0.22738692,trees
0.03015,0.04785,0.03015,0.2752,0.2269231,trees
0.03095,0.0497,0.03085,0.3049,0.23248602,trees
0.03,0.0485,0.0302,0.3145,0.23566881,trees
0.0317,0.04945,0.0299,0.3032,0.21873075,trees
0.032,0.05255,0.0304,0.3182,0.24305142,trees
0.03085,0.05035,0.0299,0.2895,0.24014775,trees
0.03205,0.0548,0.03275,0.282,0.2619459,trees
0.033,0.0553,0.0334,0.293,0.25254813,trees
0.0325,0.0521,0.0317,0.2946,0.23167849,trees
0.0298,0.0502,0.0311,0.291,0.25500003,trees
0.0274,0.0486,0.0289,0.2908,0.27894738,trees
0.0277,0.047,0.0276,0.2972,0.2583668,trees
0.0268,0.0463,0.0281,0.3032,0.2667579,trees
0.0301,0.048,0.0304,0.3068,0.22919337,trees
0.0292,0.0465,0.0285,0.3022,0.22853369,trees
0.0261,0.045,0.0273,0.288,0.2658228,trees
0.0257,0.0419,0.0252,0.2596,0.23964502,trees
0.0272,0.0449,0.0281,0.2697,0.24549237,trees
0.027,0.0446,0.0274,0.2656,0.24581003,trees
0.0249,0.04305,0.02575,0.2527,0.26710814,trees
0.0245,0.0425,0.0245,0.2711,0.26865673,trees
0.02535,0.04695,0.02605,0.32,0.2987552,trees
0.0267,0.04815,0.0265,0.3431,0.28657314,trees
0.0306,0.0554,0.0303,0.3441,0.2883721,trees
0.0335,0.05845,0.0351,0.3466,0.2713431,trees
0.0335,0.05845,0.0351,0.3466,0.2713431,trees
0.0317,0.0551,0.0317,0.3264,0.26958525,trees
0.0287,0.0498,0.027,0.3096,0.26878983,trees
0.0264,0.0444,0.0242,0.3063,0.2542373,trees
0.0313,0.055,0.0292,0.315,0.2746234,trees
0.0321,0.0586,0.0304,0.3376,0.292172,trees
0.0308,0.0536,0.0312,0.3186,0.27014217,trees
0.0309,0.0546,0.0308,0.321,0.27719298,trees
0.0291,0.0504,0.0287,0.3128,0.26792452,trees
0.028,0.0495,0.0271,0.3074,0.27741933,trees
0.0308,0.0546,0.0301,0.3208,0.27868852,trees
0.0312,0.055,0.029,0.3252,0.2761021,trees
0.0292,0.0497,0.0265,0.3024,0.25982255,trees
0.0303,0.0484,0.02765,0.3007,0.22998728,trees
0.03235,0.05195,0.03045,0.321,0.23250298,trees
0.03215,0.04995,0.03025,0.3095,0.21680875,trees
0.02935,0.0462,0.02875,0.2916,0.22303112,trees
0.0277,0.04525,0.0271,0.2777,0.24057573,trees
0.0252,0.0412,0.0251,0.2665,0.24096388,trees
0.02695,0.0415,0.0264,0.2727,0.2125639,trees
0.0286,0.0453,0.0271,0.2928,0.22598106,trees
0.0302,0.04965,0.02925,0.3037,0.24358168,trees
0.02955,0.0487,0.02925,0.3012,0.24472846,trees
0.03055,0.05155,0.02985,0.29195,0.25578564,trees
0.0305,0.055,0.0274,0.3342,0.2865497,trees
0.0346,0.0679,0.0332,0.4008,0.32487804,trees
0.0307,0.0563,0.0302,0.3143,0.29425287,trees
0.0299,0.0493,0.0269,0.2856,0.2449495,trees
0.0312,0.0545,0.0316,0.3112,0.27187866,trees
0.0304,0.052,0.0291,0.315,0.26213592,trees
0.0283,0.0486,0.0277,0.2774,0.2639792,trees
0.0283,0.0486,0.0277,0.2774,0.2639792,trees
0.02955,0.04865,0.02855,0.29,0.24424554,trees
0.02925,0.0462,0.0265,0.27875,0.22465208,trees
0.0301,0.0473,0.028,0.2764,0.22222224,trees
0.0301,0.04805,0.0292,0.28,0.22968651,trees
0.0292,0.04475,0.0293,0.2588,0.21027721,trees
0.02905,0.0465,0.0299,0.2701,0.23097287,trees
0.0296,0.04885,0.0297,0.2965,0.24537921,trees
0.0292,0.0498,0.02975,0.30425,0.26075947,trees
0.02935,0.0507,0.03105,0.2965,0.26670834,trees
0.02955,0.0517,0.02955,0.3086,0.2726154,trees
0.02985,0.05005,0.02975,0.2872,0.25281602,trees
0.03245,0.0562,0.03235,0.2875,0.2679075,trees
0.0337,0.0547,0.0335,0.3008,0.23755655,trees
0.0308,0.0509,0.0339,0.292,0.24602206,trees
0.0293,0.0497,0.033,0.2846,0.25822785,trees
0.029,0.0467,0.0299,0.2788,0.23381773,trees
0.0281,0.0455,0.0274,0.2862,0.23641302,trees
0.0253,0.0435,0.0263,0.2872,0.26453486,trees
0.0262,0.0428,0.0275,0.2654,0.24057971,trees
0.0295,0.0439,0.0274,0.2784,0.19618529,trees
0.0279,0.0404,0.0259,0.263,0.1830161,trees
0.0264,0.0454,0.0274,0.2558,0.26462397,trees
0.0279,0.0452,0.0288,0.2696,0.23666213,trees
0.028,0.0471,0.0295,0.2752,0.25432754,trees
0.0263,0.04405,0.028,0.2679,0.2523099,trees
0.0255,0.0447,0.02575,0.2831,0.2735043,trees
0.028,0.05295,0.0277,0.3269,0.30821493,trees
0.02845,0.05005,0.02795,0.3391,0.27515927,trees
0.0305,0.05305,0.0291,0.3479,0.26989827,trees
0.03165,0.05475,0.0323,0.33535,0.2673611,trees
0.03165,0.05475,0.0323,0.33535,0.2673611,trees
0.0269,0.0486,0.0267,0.3064,0.2874172,trees
0.0266,0.0485,0.0265,0.3078,0.2916112,trees
0.0257,0.0458,0.0256,0.3052,0.2811189,trees
0.0292,0.0503,0.028,0.3205,0.26540878,trees
0.0324,0.057,0.0326,0.3408,0.27516776,trees
0.0312,0.0543,0.0309,0.3166,0.27017543,trees
0.0296,0.0536,0.0309,0.3082,0.2884615,trees
0.0288,0.0509,0.0276,0.31,0.27728987,trees
0.0287,0.0501,0.026,0.3146,0.2715736,trees
0.0314,0.0543,0.0301,0.3294,0.2672112,trees
0.031,0.057,0.0279,0.3232,0.29545456,trees
0.0298,0.0541,0.0275,0.3174,0.28963053,trees
0.0286,0.0487,0.0271,0.3049,0.2600259,trees
0.0316,0.05155,0.03165,0.3202,0.23992787,trees
0.03185,0.04985,0.0321,0.3106,0.22031824,trees
0.03225,0.0513,0.0343,0.2978,0.22800721,trees
0.03205,0.0474,0.03,0.2833,0.19320332,trees
0.02725,0.04165,0.02815,0.27,0.20899856,trees
0.0263,0.0411,0.02585,0.2652,0.21958455,trees
0.0282,0.04395,0.02825,0.28565,0.2182952,trees
0.0296,0.04805,0.02945,0.29515,0.23760465,trees
0.0282,0.04895,0.0276,0.2908,0.26895657,trees
0.02645,0.04835,0.0272,0.28345,0.29278073,trees
0.0286,0.0511,0.0258,0.3128,0.28230867,trees
0.0321,0.0574,0.0304,0.3472,0.28268158,trees
0.0307,0.0477,0.0272,0.2844,0.21683672,trees
0.0303,0.0518,0.0298,0.3082,0.26187575,trees
0.0308,0.0547,0.0314,0.332,0.27953213,trees
0.0301,0.0524,0.0296,0.3094,0.27030307,trees
0.0291,0.049,0.0296,0.2786,0.2548015,trees
0.0291,0.049,0.0296,0.2786,0.2548015,trees
0.02875,0.0462,0.03035,0.2774,0.23282187,trees
0.0279,0.04695,0.027,0.2704,0.25450903,trees
0.02855,0.04675,0.02835,0.2695,0.24169987,trees
0.0277,0.046,0.0287,0.2667,0.24830395,trees
0.0282,0.0467,0.02795,0.2712,0.246996,trees
0.02905,0.04685,0.0285,0.2716,0.2345191,trees
0.03095,0.0487,0.0298,0.2863,0.22284998,trees
0.02955,0.05095,0.0301,0.2953,0.2658385,trees
0.0296,0.0493,0.02985,0.287,0.24968314,trees
0.0291,0.04985,0.02865,0.2953,0.26282454,trees
0.0302,0.05325,0.0301,0.2849,0.2762133,trees
0.03235,0.05595,0.0309,0.2906,0.26727065,trees
0.032,0.0519,0.0324,0.294,0.23718709,trees
0.0294,0.0493,0.0312,0.2814,0.25285897,trees
0.0295,0.0507,0.0298,0.2928,0.26433915,trees
0.0279,0.0456,0.0296,0.2938,0.24081635,trees
0.0262,0.0448,0.0264,0.2756,0.26197183,trees
0.0249,0.0431,0.0244,0.2642,0.26764703,trees
0.0264,0.0415,0.0262,0.262,0.22238584,trees
0.0272,0.0442,0.0259,0.2641,0.23809522,trees
0.0271,0.0438,0.0285,0.2588,0.23554301,trees
0.0274,0.0438,0.0286,0.2558,0.23033708,trees
0.0274,0.0466,0.029,0.2736,0.25945944,trees
0.0272,0.0457,0.0307,0.2874,0.2537723,trees
0.02745,0.047,0.0286,0.2898,0.26259232,trees
0.0275,0.0499,0.02735,0.3064,0.28940567,trees
0.03095,0.0527,0.02825,0.3291,0.26001197,trees
0.02805,0.0498,0.0285,0.3156,0.27938345,trees
0.0286,0.0488,0.0276,0.317,0.26098192,trees
0.0286,0.0488,0.0276,0.317,0.26098192,trees
0.02785,0.0502,0.02825,0.3079,0.2863549,trees
0.0258,0.0485,0.0258,0.3052,0.30551815,trees
0.0282,0.0505,0.0271,0.3222,0.2833545,trees
0.0262,0.0489,0.0255,0.3138,0.30226365,trees
0.0272,0.0496,0.0266,0.3184,0.29166666,trees
0.0312,0.0561,0.0316,0.3278,0.28522336,trees
0.0291,0.0524,0.0288,0.3156,0.28588957,trees
0.0289,0.0513,0.0279,0.309,0.27930176,trees
0.0303,0.0541,0.0288,0.3018,0.2819905,trees
0.0298,0.0532,0.0278,0.309,0.2819277,trees
0.0293,0.0535,0.0272,0.315,0.29227054,trees
0.0282,0.0522,0.0271,0.3034,0.29850745,trees
0.0294,0.0521,0.028,0.314,0.2785276,trees
0.03085,0.0499,0.02965,0.3146,0.23591328,trees
0.03385,0.05465,0.0327,0.3249,0.23502827,trees
0.0308,0.0475,0.0297,0.317,0.21328224,trees
0.0313,0.04965,0.02995,0.3168,0.22668311,trees
0.02915,0.04705,0.0284,0.3082,0.23490812,trees
0.02795,0.0466,0.0291,0.29125,0.25016764,trees
0.0262,0.0441,0.02795,0.2634,0.25462306,trees
0.0287,0.0453,0.02785,0.274,0.22432432,trees
0.02905,0.04745,0.0281,0.2767,0.24052286,trees
0.0264,0.0443,0.02425,0.2739,0.25318247,trees
0.02575,0.044,0.02655,0.27275,0.26164874,trees
0.0285,0.0485,0.0269,0.3356,0.2597403,trees
0.0303,0.0539,0.03,0.3226,0.28028503,trees
0.0309,0.0513,0.03,0.3028,0.2481752,trees
0.0305,0.0533,0.0281,0.3538,0.27207637,trees
0.0298,0.0501,0.028,0.3054,0.25406757,trees
0.0299,0.0472,0.028,0.2778,0.22438395,trees
0.0299,0.0472,0.028,0.2778,0.22438395,trees
0.0305,0.0491,0.0292,0.2734,0.23366834,trees
0.0293,0.0468,0.029,0.2759,0.22996056,trees
0.02865,0.0461,0.0276,0.2764,0.23344481,trees
0.02875,0.04585,0.02795,0.2662,0.22922252,trees
0.02905,0.0452,0.0292,0.26045,0.21750845,trees
0.0287,0.04335,0.0275,0.2632,0.20333102,trees
0.02835,0.0456,0.02735,0.2699,0.23326574,trees
0.0305,0.048,0.02915,0.2782,0.22292992,trees
0.03015,0.0505,0.0291,0.2927,0.25232488,trees
0.0309,0.05045,0.0293,0.2986,0.24031962,trees
0.0297,0.05175,0.02985,0.2948,0.27071825,trees
0.0312,0.0544,0.03055,0.2867,0.27102804,trees
0.0319,0.05465,0.031,0.2892,0.26285386,trees
0.0315,0.0505,0.0329,0.2806,0.23170732,trees
0.031,0.0481,0.0309,0.2858,0.21618204,trees
0.0289,0.0486,0.0299,0.2898,0.25419354,trees
0.0272,0.0456,0.0276,0.2887,0.25274724,trees
0.0274,0.0436,0.0251,0.2676,0.22816901,trees
0.0245,0.0404,0.0235,0.2652,0.2449923,trees
0.0275,0.0429,0.0248,0.2784,0.21875,trees
0.0274,0.0444,0.0267,0.2722,0.23676878,trees
0.028,0.046,0.0273,0.2808,0.24324323,trees
0.0288,0.0446,0.0296,0.2674,0.21525885,trees
0.0284,0.0472,0.0294,0.2822,0.24867727,trees
0.0281,0.0479,0.0291,0.3024,0.2605263,trees
0.0269,0.04755,0.0275,0.2925,0.27736735,trees
0.02825,0.05265,0.0275,0.3272,0.30160695,trees
0.03015,0.0556,0.0283,0.3367,0.29679298,trees
0.02985,0.0543,0.02955,0.2996,0.29055256,trees
0.03105,0.0502,0.02845,0.2688,0.23569232,trees
0.03105,0.0502,0.02845,0.2688,0.23569232,trees
0.03005,0.0537,0.0301,0.2947,0.28238806,trees
0.0295,0.054,0.0288,0.3068,0.2934132,trees
0.0311,0.0534,0.0278,0.3178,0.26390532,trees
0.0268,0.0513,0.0249,0.3104,0.3137004,trees
0.0276,0.0515,0.0259,0.3132,0.30214918,trees
0.0293,0.0549,0.0284,0.3162,0.30403802,trees
0.0289,0.0527,0.0283,0.309,0.2916667,trees
0.0298,0.054,0.0288,0.3068,0.28878284,trees
0.0324,0.0549,0.0304,0.3076,0.25773197,trees
0.0291,0.0513,0.0296,0.2934,0.27611938,trees
0.0278,0.0476,0.0273,0.2796,0.2625995,trees
0.0279,0.0487,0.0271,0.275,0.2715405,trees
0.0295,0.0501,0.0279,0.2988,0.25879395,trees
0.0307,0.05395,0.0303,0.3103,0.27466038,trees
0.03185,0.0529,0.0319,0.32085,0.24837762,trees
0.02875,0.0474,0.0289,0.3097,0.24491137,trees
0.02995,0.04735,0.0289,0.2996,0.22509703,trees
0.02795,0.0468,0.0279,0.3048,0.2521739,trees
0.02765,0.04605,0.02685,0.29855,0.24966078,trees
0.02805,0.04225,0.02685,0.2771,0.20199147,trees
0.0273,0.0452,0.0266,0.28175,0.24689655,trees
0.0286,0.04675,0.02715,0.2795,0.24087593,trees
0.0275,0.0476,0.026,0.2732,0.26764315,trees
0.02745,0.0468,0.02785,0.2908,0.26060605,trees
0.0287,0.05,0.0289,0.3254,0.27064806,trees
0.0304,0.0511,0.03,0.3134,0.25398773,trees
0.0312,0.053,0.0294,0.3138,0.25890738,trees
0.0306,0.053,0.0269,0.3416,0.26794258,trees
0.0288,0.0489,0.0262,0.2966,0.25868726,trees
0.0307,0.0463,0.0286,0.2662,0.20259742,trees
0.0307,0.0463,0.0286,0.2662,0.20259742,trees
0.0324,0.0481,0.0305,0.277,0.19503103,trees
0.02975,0.04645,0.02945,0.2731,0.2191601,trees
0.0282,0.04655,0.02795,0.2695,0.24548492,trees
0.0277,0.04285,0.0281,0.265,0.21474132,trees
0.0281,0.04515,0.02805,0.268,0.2327645,trees
0.02805,0.04655,0.02745,0.25415,0.24798927,trees
0.0284,0.0448,0.0289,0.2639,0.22404368,trees
0.0293,0.0462,0.0303,0.2769,0.22384106,trees
0.0307,0.05075,0.0289,0.28705,0.24616326,trees
0.0313,0.05105,0.02885,0.3061,0.23982999,trees
0.0314,0.05295,0.0306,0.30035,0.25548312,trees
0.0318,0.05375,0.03165,0.3015,0.25657508,trees
0.0311,0.0538,0.0307,0.2963,0.2673734,trees
0.0299,0.0529,0.0321,0.291,0.2777778,trees
0.029,0.0489,0.032,0.2897,0.25545573,trees
0.028,0.0467,0.0296,0.2778,0.25033468,trees
0.0277,0.0465,0.0276,0.2768,0.25336927,trees
0.0261,0.044,0.0248,0.2766,0.2553495,trees
0.0238,0.042,0.0218,0.2802,0.27659574,trees
0.0261,0.0425,0.0245,0.2754,0.23906706,trees
0.0252,0.0428,0.0248,0.2686,0.25882354,trees
0.026,0.0431,0.0257,0.2768,0.24746743,trees
0.0283,0.0464,0.0276,0.2796,0.24230254,trees
0.0285,0.0475,0.0295,0.2988,0.25,trees
0.0263,0.046,0.0272,0.2966,0.27247578,trees
0.02595,0.0455,0.02605,0.2928,0.27361792,trees
0.02835,0.05155,0.028,0.33185,0.29036298,trees
0.02995,0.05385,0.02725,0.3315,0.28520283,trees
0.03065,0.05345,0.0281,0.2759,0.27110583,trees
0.03295,0.05705,0.03315,0.2701,0.2677778,trees
0.03295,0.05705,0.03315,0.2701,0.2677778,trees
0.03165,0.0578,0.0345,0.3011,0.29234207,trees
0.0316,0.055,0.0327,0.2978,0.27020788,trees
0.0314,0.0557,0.0296,0.3064,0.2789897,trees
0.0291,0.0533,0.0274,0.3084,0.2936893,trees
0.0288,0.0511,0.0271,0.3226,0.2790989,trees
0.0293,0.0546,0.0285,0.3164,0.30154943,trees
0.0299,0.0555,0.0296,0.323,0.29976583,trees
0.0298,0.0544,0.0289,0.3168,0.29216152,trees
0.0317,0.0546,0.0314,0.3046,0.2653534,trees
0.0326,0.053,0.0321,0.2998,0.23831773,trees
0.03,0.0467,0.0295,0.282,0.21773143,trees
0.029,0.0484,0.029,0.268,0.250646,trees
0.03,0.0515,0.0295,0.3074,0.2638037,trees
0.03075,0.0534,0.0296,0.32,0.26916218,trees
0.03175,0.0518,0.0304,0.3152,0.23997605,trees
0.02895,0.046,0.02855,0.3051,0.22748499,trees
0.02935,0.04615,0.0287,0.3103,0.22251655,trees
0.02675,0.0456,0.02895,0.298,0.26053905,trees
0.02825,0.04555,0.02755,0.30415,0.23441736,trees
0.0279,0.04585,0.02775,0.3036,0.24338984,trees
0.0276,0.046,0.02735,0.2991,0.25,trees
0.02975,0.0481,0.0282,0.3008,0.23570967,trees
0.0307,0.05395,0.0313,0.2947,0.27466038,trees
0.03005,0.04885,0.03065,0.3009,0.23827629,trees
0.0311,0.0501,0.0316,0.3046,0.23399015,trees
0.0294,0.0467,0.0281,0.274,0.22733246,trees
0.0293,0.0466,0.0294,0.2714,0.22793145,trees
0.0278,0.0472,0.0264,0.2918,0.2586667,trees
0.0276,0.0444,0.026,0.2814,0.23333333,trees
0.0285,0.0455,0.0279,0.28,0.22972971,trees
0.0285,0.0455,0.0279,0.28,0.22972971,trees
0.0313,0.0496,0.031,0.2962,0.2262052,trees
0.03125,0.04875,0.03115,0.2964,0.21874999,trees
0.02975,0.04875,0.0304,0.2848,0.24203818,trees
0.02885,0.0465,0.0294,0.2804,0.23424022,trees
0.0294,0.0464,0.02805,0.2877,0.22427438,trees
0.02965,0.04815,0.02785,0.2906,0.23778918,trees
0.02985,0.04625,0.0296,0.275,0.21550591,trees
0.03035,0.04715,0.03045,0.2732,0.21677421,trees
0.03105,0.05025,0.0304,0.2802,0.23616236,trees
0.03085,0.05335,0.03065,0.3037,0.2672209,trees
0.0315,0.05225,0.031,0.2984,0.2477612,trees
0.03245,0.05235,0.0315,0.2998,0.23466977,trees
0.03115,0.05355,0.03085,0.3049,0.2644628,trees
0.0301,0.0548,0.0309,0.309,0.2909305,trees
0.0281,0.0486,0.0292,0.2836,0.26727507,trees
0.0279,0.0439,0.0288,0.279,0.22284126,trees
0.0276,0.048,0.0263,0.309,0.26984128,trees
0.0268,0.0472,0.024,0.3172,0.2756757,trees
0.0249,0.0421,0.0226,0.2898,0.25671643,trees
0.024,0.0403,0.0229,0.2722,0.2534992,trees
0.024,0.0415,0.0248,0.2614,0.26717556,trees
0.0236,0.0403,0.0233,0.2697,0.26134583,trees
0.0271,0.0432,0.0263,0.285,0.22901851,trees
0.0263,0.0439,0.028,0.293,0.25071228,trees
0.0252,0.0421,0.0241,0.2796,0.25111443,trees
0.02525,0.0452,0.0249,0.2776,0.28317955,trees
0.0282,0.0501,0.02855,0.2984,0.27969345,trees
0.0293,0.05085,0.0281,0.2743,0.26887086,trees
0.02975,0.05165,0.02985,0.2621,0.26904175,trees
0.0322,0.0556,0.0339,0.2958,0.26651478,trees
0.0322,0.0556,0.0339,0.2958,0.26651478,trees
0.03155,0.0596,0.0367,0.3158,0.3077345,trees
0.0315,0.0561,0.0332,0.315,0.28082192,trees
0.0321,0.0552,0.0305,0.3068,0.2646048,trees
0.0298,0.0533,0.0282,0.2894,0.28279182,trees
0.0274,0.0506,0.027,0.306,0.29743588,trees
0.0283,0.0549,0.0275,0.3196,0.31971157,trees
0.0303,0.055,0.029,0.326,0.28956622,trees
0.0312,0.0528,0.0283,0.3084,0.25714287,trees
0.0321,0.0546,0.0309,0.313,0.25951558,trees
0.0332,0.0564,0.034,0.3152,0.2589286,trees
0.031,0.0506,0.03,0.2866,0.2401961,trees
0.0303,0.0487,0.0298,0.2788,0.2329114,trees
0.0307,0.0506,0.0291,0.3056,0.24477245,trees
0.0305,0.05255,0.0284,0.3223,0.2655027,trees
0.02965,0.04745,0.02855,0.291,0.23086897,trees
0.0288,0.04555,0.0271,0.2782,0.22528581,trees
0.02945,0.0459,0.02905,0.3204,0.21831451,trees
0.03175,0.0487,0.0319,0.3152,0.21068987,trees
0.03185,0.04985,0.03355,0.3203,0.22031824,trees
0.0297,0.04845,0.02915,0.32,0.23992322,trees
0.0281,0.04615,0.0279,0.3114,0.24309763,trees
0.0291,0.04745,0.0282,0.3044,0.23971258,trees
0.0303,0.05175,0.03015,0.2999,0.26142594,trees
0.0299,0.0476,0.0302,0.28435,0.22838712,trees
0.0308,0.0476,0.03,0.2874,0.21428573,trees
0.0282,0.0447,0.028,0.2442,0.22633746,trees
0.0289,0.0454,0.0284,0.2526,0.2220727,trees
0.0276,0.0447,0.0273,0.2808,0.23651452,trees
0.0278,0.044,0.026,0.2632,0.22562674,trees
0.0291,0.0488,0.0279,0.3044,0.2528883,trees
0.0291,0.0488,0.0279,0.3044,0.2528883,trees
0.0309,0.0518,0.029,0.321,0.2527207,trees
0.0308,0.0542,0.0314,0.3236,0.27529413,trees
0.03365,0.05395,0.03515,0.3297,0.23173517,trees
0.02935,0.04855,0.02915,0.3123,0.24646983,trees
0.02885,0.04635,0.0284,0.3174,0.23271275,trees
0.02845,0.04725,0.028,0.3203,0.24834874,trees
0.0281,0.0449,0.0297,0.28175,0.23013698,trees
0.02995,0.0484,0.0309,0.2715,0.2354818,trees
0.0309,0.0504,0.03135,0.281,0.23985241,trees
0.0321,0.0529,0.0302,0.2911,0.2447059,trees
0.03055,0.052,0.0295,0.2914,0.25984251,trees
0.03095,0.05265,0.03075,0.2926,0.25956938,trees
0.03115,0.0533,0.02985,0.314,0.26228538,trees
0.0305,0.0539,0.02985,0.3092,0.27725118,trees
0.02845,0.04795,0.02745,0.2861,0.2552356,trees
0.0276,0.042,0.0259,0.2784,0.20689654,trees
0.0272,0.0475,0.0252,0.32625,0.27175367,trees
0.0256,0.045,0.0229,0.3176,0.27478755,trees
0.024,0.0387,0.022,0.282,0.23444973,trees
0.02485,0.04065,0.02245,0.261,0.24122137,trees
0.025,0.0429,0.02485,0.2677,0.26362297,trees
0.0246,0.0419,0.02375,0.2795,0.2601504,trees
0.0253,0.04395,0.0267,0.2911,0.26931405,trees
0.0248,0.04215,0.0255,0.2741,0.25914857,trees
0.0243,0.0402,0.02255,0.26685,0.24651162,trees
0.026,0.0443,0.0262,0.2862,0.26031297,trees
0.0291,0.05,0.02865,0.2874,0.2642225,trees
0.0303,0.0488,0.02915,0.2687,0.23388115,trees
0.03135,0.05395,0.0321,0.28865,0.26494724,trees
0.03135,0.05395,0.0321,0.28865,0.26494724,trees
0.03325,0.0552,0.03465,0.3085,0.24816279,trees
0.03185,0.05645,0.03235,0.31475,0.2785957,trees
0.0316,0.057,0.0324,0.3156,0.28668174,trees
0.0324,0.0555,0.031,0.3162,0.26279864,trees
0.0307,0.0553,0.0302,0.2932,0.2860465,trees
0.0286,0.0515,0.0281,0.298,0.28589264,trees
0.0288,0.054,0.027,0.3038,0.30434784,trees
0.0301,0.0539,0.0274,0.3144,0.28333333,trees
0.0297,0.0516,0.0267,0.3032,0.2693727,trees
0.03025,0.0539,0.02925,0.3276,0.28104573,trees
0.03175,0.0567,0.031,0.31825,0.28208023,trees
0.0277,0.04615,0.0277,0.26565,0.24983074,trees
0.0295,0.05,0.0291,0.2774,0.2578616,trees
0.0309,0.05275,0.0298,0.3122,0.2612074,trees
0.029,0.0492,0.029,0.3022,0.25831202,trees
0.0275,0.043,0.0262,0.259,0.21985817,trees
0.0303,0.048,0.028,0.288,0.22605364,trees
0.0305,0.0476,0.0304,0.324,0.21895006,trees
0.0316,0.0495,0.03,0.3198,0.22071518,trees
0.0327,0.0491,0.0309,0.3206,0.20048903,trees
0.0303,0.05,0.0302,0.3168,0.24533,trees
0.028,0.046,0.0264,0.2912,0.24324323,trees
0.0286,0.0462,0.0286,0.2868,0.23529412,trees
0.0314,0.0509,0.0317,0.2908,0.23693806,trees
0.0293,0.0462,0.0317,0.2736,0.22384106,trees
0.0298,0.0469,0.03,0.278,0.22294655,trees
0.0285,0.046,0.027,0.251,0.23489933,trees
0.0309,0.0479,0.0297,0.2596,0.21573603,trees
0.0298,0.047,0.0279,0.281,0.22395833,trees
0.0281,0.0473,0.0272,0.2799,0.2546419,trees
0.0281,0.0473,0.0272,0.2799,0.2546419,trees
0.0301,0.0515,0.0285,0.3144,0.26225492,trees
0.0309,0.0562,0.0301,0.345,0.29047075,trees
0.033,0.0576,0.0337,0.3595,0.27152318,trees
0.03145,0.0545,0.0321,0.3413,0.26817915,trees
0.02625,0.04575,0.02575,0.2944,0.27083334,trees
0.02835,0.04365,0.0272,0.2976,0.21250004,trees
0.0282,0.04675,0.02795,0.2976,0.24749833,trees
0.0281,0.0446,0.02805,0.2902,0.22696008,trees
0.02945,0.04485,0.02945,0.2667,0.20726784,trees
0.0308,0.0495,0.03055,0.2871,0.2328767,trees
0.0315,0.05105,0.02895,0.2993,0.23682615,trees
0.0305,0.04955,0.0294,0.2884,0.23797627,trees
0.0318,0.0524,0.02965,0.2989,0.24465556,trees
0.0306,0.05355,0.02985,0.3034,0.27272728,trees
0.03095,0.0542,0.02945,0.3042,0.27304757,trees
0.02915,0.0492,0.02875,0.2817,0.25590298,trees
0.0269,0.04375,0.02595,0.2749,0.23849964,trees
0.0265,0.0443,0.02465,0.2858,0.25141245,trees
0.0241,0.04275,0.0224,0.2879,0.27898282,trees
0.02415,0.03935,0.02215,0.2897,0.23937005,trees
0.0272,0.04145,0.02595,0.2676,0.20757467,trees
0.02685,0.04235,0.02545,0.2648,0.22398846,trees
0.02525,0.04255,0.02395,0.2894,0.25516224,trees
0.02475,0.04525,0.02515,0.2757,0.2928571,trees
0.0238,0.04065,0.02235,0.2541,0.26144296,trees
0.0257,0.0435,0.0254,0.3002,0.25722545,trees
0.02855,0.04855,0.02755,0.3148,0.25940335,trees
0.0297,0.0501,0.02965,0.2959,0.2556391,trees
0.03,0.0498,0.0292,0.2876,0.24812032,trees
0.0313,0.05385,0.03065,0.2987,0.26482674,trees
0.0313,0.05385,0.03065,0.2987,0.26482674,trees
0.03095,0.0542,0.0319,0.3105,0.27304757,trees
0.03145,0.0534,0.03005,0.315,0.25869182,trees
0.0317,0.0579,0.0329,0.3164,0.29241073,trees
0.0335,0.0592,0.0329,0.323,0.27723837,trees
0.0339,0.0576,0.0317,0.3178,0.2590164,trees
0.03,0.0533,0.0291,0.3096,0.2797119,trees
0.0304,0.0522,0.0281,0.2976,0.26392254,trees
0.0318,0.0555,0.0299,0.3198,0.27147764,trees
0.0295,0.05,0.0281,0.2986,0.2578616,trees
0.0291,0.05225,0.0273,0.3297,0.28457284,trees
0.0297,0.0548,0.02715,0.3219,0.29704142,trees
0.02845,0.0427,0.02615,0.2673,0.20028111,trees
0.0307,0.04895,0.02945,0.2955,0.22912745,trees
0.0322,0.05495,0.03165,0.3218,0.26104414,trees
0.0292,0.0485,0.0298,0.2856,0.24839124,trees
0.0309,0.0491,0.0297,0.2875,0.22750002,trees
0.0328,0.0529,0.0307,0.3226,0.23453909,trees
0.0317,0.051,0.0312,0.3286,0.23337363,trees
0.0294,0.046,0.0286,0.3142,0.22015914,trees
0.0296,0.0476,0.0296,0.3082,0.23316063,trees
0.0295,0.0492,0.0289,0.3044,0.25031763,trees
0.0283,0.0473,0.0296,0.2814,0.25132275,trees
0.031,0.0483,0.0288,0.2984,0.21815892,trees
0.0326,0.0525,0.0331,0.3032,0.23384252,trees
0.0321,0.0465,0.0326,0.2774,0.18320611,trees
0.0297,0.047,0.029,0.2808,0.22555408,trees
0.03,0.0479,0.0292,0.258,0.22978176,trees
0.0292,0.0462,0.0291,0.2587,0.22546417,trees
0.0282,0.0481,0.0277,0.2708,0.26081258,trees
0.0281,0.0462,0.0262,0.2754,0.24360698,trees
0.0281,0.0462,0.0262,0.2754,0.24360698,trees
0.0285,0.0488,0.0283,0.3054,0.2626132,trees
0.0314,0.054,0.0296,0.327,0.26463702,trees
0.02955,0.054,0.03025,0.3317,0.29263917,trees
0.02805,0.0443,0.0254,0.2745,0.22460264,trees
0.0246,0.04075,0.02515,0.2604,0.24713087,trees
0.02765,0.04285,0.0275,0.2753,0.21560282,trees
0.029,0.0458,0.0311,0.2878,0.22459894,trees
0.0285,0.0435,0.0285,0.2904,0.20833333,trees
0.029,0.0438,0.02855,0.2712,0.20329674,trees
0.03015,0.0491,0.03035,0.28645,0.23911673,trees
0.0297,0.04565,0.02815,0.2809,0.21167885,trees
0.0299,0.0504,0.02905,0.2901,0.25529265,trees
0.0319,0.0566,0.0305,0.3321,0.27909607,trees
0.03135,0.05395,0.0308,0.3018,0.26494724,trees
0.03155,0.0541,0.0297,0.3087,0.26328078,trees
0.02995,0.05305,0.0298,0.3058,0.27831325,trees
0.02635,0.04685,0.0269,0.2779,0.28005463,trees
0.02445,0.04035,0.02485,0.2544,0.24537037,trees
0.0253,0.04005,0.0236,0.2702,0.22570774,trees
0.0258,0.04175,0.02385,0.272,0.23612136,trees
0.02845,0.0433,0.02635,0.2655,0.20696864,trees
0.0251,0.0405,0.0242,0.2584,0.2347561,trees
0.0252,0.04255,0.02355,0.2738,0.25608858,trees
0.02685,0.0433,0.0255,0.2775,0.23449749,trees
0.0258,0.0432,0.0243,0.2862,0.2521739,trees
0.0281,0.0497,0.028,0.3276,0.27763495,trees
0.0313,0.0514,0.03265,0.34005,0.24304713,trees
0.0325,0.0538,0.0315,0.3266,0.24681348,trees
0.03085,0.0545,0.03195,0.3147,0.2770943,trees
0.0319,0.05225,0.031,0.3126,0.24183008,trees
0.0319,0.05225,0.031,0.3126,0.24183008,trees
0.032,0.056,0.03185,0.3059,0.27272728,trees
0.0304,0.05305,0.02885,0.3097,0.27142,trees
0.0306,0.0577,0.0301,0.3221,0.30690825,trees
0.0325,0.0583,0.0328,0.3228,0.28414097,trees
0.0336,0.0559,0.033,0.3072,0.24916203,trees
0.0303,0.0536,0.0284,0.2958,0.27771154,trees
0.0321,0.0535,0.0287,0.3018,0.25,trees
0.0326,0.0542,0.0318,0.314,0.24884793,trees
0.02805,0.04865,0.02765,0.2882,0.2685789,trees
0.0291,0.05195,0.02725,0.3193,0.28192472,trees
0.02965,0.0524,0.02735,0.3148,0.27726993,trees
0.02955,0.0474,0.02895,0.291,0.23196885,trees
0.0323,0.0521,0.0314,0.31435,0.23459716,trees
0.0312,0.05295,0.0324,0.3135,0.25846702,trees
0.0304,0.0484,0.0314,0.2832,0.22842638,trees
0.0346,0.0525,0.0338,0.3072,0.20551088,trees
0.0336,0.0545,0.0342,0.3244,0.23723042,trees
0.031,0.0494,0.0307,0.3128,0.22885573,trees
0.0303,0.0509,0.0296,0.3184,0.25369456,trees
0.0293,0.0488,0.0298,0.305,0.2496799,trees
0.0299,0.0522,0.0302,0.295,0.27161998,trees
0.031,0.0498,0.0319,0.2878,0.2326733,trees
0.0312,0.0486,0.0335,0.2932,0.21804513,trees
0.0317,0.0501,0.032,0.2958,0.22493885,trees
0.0316,0.0475,0.0309,0.2762,0.20101139,trees
0.0283,0.0452,0.0272,0.2742,0.229932,trees
0.0295,0.0476,0.0298,0.2642,0.23476006,trees
0.0316,0.0475,0.0288,0.263,0.20101139,trees
0.0304,0.0461,0.0269,0.267,0.20522878,trees
0.0277,0.0461,0.0285,0.2666,0.24932253,trees
0.0277,0.0461,0.0285,0.2666,0.24932253,trees
0.0295,0.0492,0.0288,0.2702,0.25031763,trees
0.0299,0.051,0.0284,0.2698,0.26081583,trees
0.0295,0.0491,0.0272,0.2766,0.24936385,trees
0.025,0.04015,0.02235,0.2363,0.23254031,trees
0.0282,0.04565,0.0272,0.2683,0.23628977,trees
0.0294,0.04415,0.02915,0.2842,0.20054382,trees
0.02985,0.0466,0.03065,0.2915,0.21909744,trees
0.02865,0.0448,0.02905,0.2805,0.21987744,trees
0.0306,0.0473,0.0299,0.2829,0.2143774,trees
0.0302,0.0489,0.03,0.2934,0.23640962,trees
0.02955,0.04755,0.0278,0.277,0.23346305,trees
0.03025,0.05175,0.0294,0.296,0.2621951,trees
0.03195,0.05715,0.0309,0.3153,0.28282824,trees
0.0311,0.05525,0.0306,0.3016,0.27967575,trees
0.03145,0.0539,0.03075,0.3047,0.26303455,trees
0.031,0.0551,0.0312,0.3136,0.2799071,trees
0.02745,0.04765,0.0283,0.2896,0.26897466,trees
0.02625,0.0442,0.02635,0.2629,0.25479063,trees
0.02575,0.0423,0.02595,0.2599,0.24320355,trees
0.0274,0.0428,0.02645,0.261,0.21937323,trees
0.0282,0.04255,0.027,0.2618,0.20282687,trees
0.02495,0.04095,0.0227,0.2764,0.24279213,trees
0.02445,0.04155,0.02115,0.2728,0.2590909,trees
0.0268,0.0435,0.02455,0.28755,0.23755334,trees
0.02655,0.04445,0.02565,0.2937,0.25211266,trees
0.0319,0.0511,0.031,0.3374,0.2313253,trees
0.0332,0.0558,0.03375,0.3561,0.25393257,trees
0.03525,0.05565,0.03385,0.34195,0.22442243,trees
0.03325,0.05505,0.03385,0.3383,0.24688561,trees
0.033,0.05375,0.0321,0.319,0.2391931,trees
0.033,0.05375,0.0321,0.319,0.2391931,trees
0.0311,0.0518,0.0287,0.2941,0.24969845,trees
0.03,0.0534,0.029,0.3128,0.28057554,trees
0.0313,0.0562,0.0306,0.3234,0.2845714,trees
0.0324,0.059,0.0324,0.3118,0.29102844,trees
0.0321,0.0575,0.0326,0.2934,0.28348216,trees
0.0309,0.0524,0.0302,0.28,0.25810325,trees
0.0325,0.0524,0.0324,0.2876,0.23439342,trees
0.0305,0.0511,0.0306,0.2798,0.25245097,trees
0.0278,0.0472,0.0269,0.288,0.2586667,trees
0.02835,0.0494,0.02695,0.3049,0.2707396,trees
0.02805,0.0486,0.0268,0.2917,0.26810175,trees
0.03025,0.0504,0.02925,0.3057,0.24984501,trees
0.03155,0.05175,0.0288,0.3044,0.24249698,trees
0.03065,0.04865,0.029,0.3003,0.22698614,trees
0.0294,0.05,0.0294,0.2888,0.25944585,trees
0.0306,0.0516,0.0293,0.3052,0.25547445,trees
0.0316,0.0514,0.0315,0.3248,0.23855422,trees
0.0311,0.0507,0.0302,0.3252,0.23960882,trees
0.0312,0.0496,0.0303,0.3166,0.22772281,trees
0.0298,0.0497,0.0302,0.292,0.25031447,trees
0.0305,0.0502,0.0318,0.2812,0.244114,trees
0.0324,0.0512,0.0331,0.282,0.22488035,trees
0.0307,0.0494,0.0326,0.285,0.2334582,trees
0.0308,0.0499,0.0321,0.2928,0.23667906,trees
0.0301,0.0483,0.0304,0.2796,0.23214288,trees
0.0273,0.0431,0.0277,0.2697,0.22443181,trees
0.0276,0.044,0.0273,0.2596,0.2290503,trees
0.0289,0.0472,0.0285,0.2632,0.24047309,trees
0.0293,0.0456,0.0283,0.267,0.2176235,trees
0.03,0.0454,0.0278,0.2532,0.20424405,trees
0.03,0.0454,0.0278,0.2532,0.20424405,trees
0.03,0.0498,0.0303,0.2644,0.24812032,trees
0.0283,0.0462,0.0294,0.277,0.24026844,trees
0.02835,0.046,0.02735,0.2546,0.23739073,trees
0.0278,0.04545,0.0271,0.2633,0.24095564,trees
0.02945,0.04475,0.02875,0.2764,0.20619948,trees
0.0286,0.04575,0.0282,0.2956,0.23066577,trees
0.0281,0.045,0.02745,0.3057,0.23119016,trees
0.02815,0.0456,0.0268,0.29465,0.23661017,trees
0.0301,0.05295,0.02905,0.3076,0.27513546,trees
0.02985,0.05415,0.0294,0.3066,0.28928572,trees
0.0298,0.05235,0.02895,0.2949,0.27449787,trees
0.03095,0.05515,0.0299,0.2967,0.2810685,trees
0.0316,0.0543,0.0302,0.3078,0.2642608,trees
0.0294,0.05245,0.02945,0.3084,0.28161272,trees
0.03025,0.05245,0.0288,0.3042,0.26844016,trees
0.03055,0.0537,0.0303,0.3063,0.27477744,trees
0.0296,0.04925,0.02915,0.2935,0.24920735,trees
0.02725,0.04595,0.0296,0.2864,0.25546446,trees
0.0261,0.0427,0.0276,0.2687,0.24127905,trees
0.02795,0.0437,0.02685,0.2653,0.21981855,trees
0.02585,0.0425,0.02375,0.2677,0.24359912,trees
0.02455,0.0417,0.02235,0.2847,0.25886792,trees
0.025,0.0403,0.02135,0.2761,0.2343032,trees
0.0268,0.04275,0.0236,0.2851,0.22933145,trees
0.02685,0.04465,0.02515,0.3044,0.24895103,trees
0.03025,0.0498,0.0297,0.325,0.24422237,trees
0.03395,0.0555,0.03425,0.3619,0.2409167,trees
0.034,0.05885,0.0348,0.3465,0.26763597,trees
0.03375,0.05665,0.0332,0.3344,0.25331858,trees
0.03375,0.05665,0.0332,0.3344,0.25331858,trees
0.03205,0.05305,0.0311,0.3,0.24676853,trees
0.0304,0.0525,0.02835,0.2896,0.2665862,trees
0.031,0.05535,0.0315,0.317,0.2819919,trees
0.0322,0.0546,0.0322,0.3332,0.2580645,trees
0.0328,0.0587,0.0336,0.326,0.2830601,trees
0.0328,0.0564,0.032,0.3062,0.264574,trees
0.033,0.054,0.0304,0.2886,0.24137934,trees
0.0328,0.0533,0.0332,0.291,0.23809525,trees
0.0293,0.0504,0.0323,0.284,0.2647428,trees
0.02855,0.0488,0.02835,0.3079,0.261797,trees
0.0294,0.05205,0.0276,0.3169,0.2780847,trees
0.02795,0.0484,0.02575,0.3127,0.26784542,trees
0.02835,0.0491,0.0274,0.3094,0.2679148,trees
0.0303,0.0481,0.02775,0.2904,0.22704078,trees
0.03025,0.0498,0.02915,0.3032,0.24422237,trees
0.0286,0.0495,0.0302,0.2862,0.26760563,trees
0.0287,0.0486,0.0285,0.2732,0.25743857,trees
0.0299,0.0478,0.0299,0.298,0.23037323,trees
0.03,0.0493,0.0302,0.3118,0.24337958,trees
0.0316,0.0501,0.0309,0.311,0.2264382,trees
0.0311,0.0457,0.0278,0.2836,0.19010417,trees
0.0315,0.0515,0.032,0.2722,0.24096383,trees
0.032,0.0502,0.0321,0.284,0.22141117,trees
0.0321,0.0517,0.032,0.2872,0.2338902,trees
0.0317,0.0497,0.0305,0.2854,0.2211302,trees
0.0283,0.0481,0.03,0.2902,0.25916228,trees
0.0282,0.045,0.0271,0.282,0.2295082,trees
0.0288,0.0457,0.0282,0.2764,0.22684564,trees
0.0291,0.0439,0.0292,0.2676,0.20273975,trees
0.0297,0.0463,0.029,0.2614,0.21842106,trees
0.0297,0.0463,0.029,0.2614,0.21842106,trees
0.0305,0.0469,0.0301,0.2692,0.2118863,trees
0.0314,0.0502,0.0303,0.279,0.23039219,trees
0.0313,0.0509,0.03,0.2822,0.23844281,trees
0.0294,0.0467,0.03155,0.27,0.22733246,trees
0.02815,0.045,0.02915,0.2827,0.23034862,trees
0.0298,0.04745,0.02905,0.28075,0.22847897,trees
0.0307,0.0461,0.02815,0.3023,0.20052084,trees
0.02845,0.04485,0.0265,0.3052,0.22373807,trees
0.0277,0.0475,0.0266,0.3085,0.2632979,trees
0.0304,0.0555,0.02835,0.3108,0.29220024,trees
0.0303,0.0531,0.02935,0.3092,0.2733813,trees
0.03075,0.05035,0.02895,0.2953,0.24167691,trees
0.0313,0.05225,0.0293,0.3028,0.25074804,trees
0.0316,0.053,0.029,0.3074,0.25295508,trees
0.02965,0.0525,0.02905,0.3101,0.2781497,trees
0.0299,0.0508,0.02805,0.302,0.2589839,trees
0.03055,0.0526,0.02865,0.3056,0.26518342,trees
0.03025,0.0488,0.0292,0.2921,0.23466161,trees
0.0283,0.04605,0.02905,0.2839,0.23873572,trees
0.02755,0.0451,0.0277,0.266,0.24156915,trees
0.0278,0.04435,0.0261,0.2646,0.22938322,trees
0.0251,0.04205,0.0242,0.2767,0.25241998,trees
0.02515,0.04205,0.02255,0.2895,0.25148812,trees
0.0239,0.03845,0.0224,0.2567,0.23336005,trees
0.0276,0.04215,0.0259,0.2755,0.20860215,trees
0.02805,0.04675,0.02745,0.2995,0.25000003,trees
0.03,0.04715,0.02935,0.3098,0.22229424,trees
0.033,0.05355,0.03165,0.3527,0.23743503,trees
0.0328,0.05575,0.03145,0.3424,0.25917563,trees
0.0314,0.0522,0.03005,0.3053,0.24880385,trees
0.0314,0.0522,0.03005,0.3053,0.24880385,trees
0.0305,0.0484,0.0295,0.2806,0.22686945,trees
0.03225,0.05355,0.0307,0.3003,0.24825178,trees
0.0331,0.05405,0.03285,0.3137,0.24039009,trees
0.0323,0.055,0.0316,0.3426,0.2600229,trees
0.0321,0.0553,0.0329,0.327,0.26544622,trees
0.0318,0.0555,0.0304,0.3094,0.27147764,trees
0.0335,0.0539,0.0299,0.3016,0.23340958,trees
0.0321,0.0534,0.0321,0.2894,0.2491228,trees
0.0336,0.054,0.0339,0.3002,0.23287675,trees
0.0316,0.05195,0.0294,0.3085,0.24356675,trees
0.03065,0.05015,0.0281,0.32575,0.24133664,trees
0.0304,0.0515,0.0271,0.3319,0.25763124,trees
0.0293,0.04925,0.02795,0.3174,0.25397834,trees
0.0302,0.0508,0.0274,0.3033,0.25432098,trees
0.03185,0.05255,0.02995,0.3039,0.24526067,trees
0.0317,0.0502,0.0322,0.2834,0.22588523,trees
0.03,0.0463,0.0302,0.2602,0.21363042,trees
0.0286,0.0465,0.0287,0.2662,0.23834887,trees
0.0292,0.0468,0.0279,0.2886,0.23157893,trees
0.0306,0.0493,0.0318,0.2922,0.23404256,trees
0.0294,0.0476,0.0283,0.2856,0.23636365,trees
0.0323,0.0499,0.0314,0.2846,0.21411192,trees
0.0321,0.0508,0.0314,0.2951,0.22557297,trees
0.0316,0.0515,0.0321,0.2902,0.23947054,trees
0.0298,0.0487,0.0308,0.292,0.24076433,trees
0.028,0.0495,0.0271,0.31,0.27741933,trees
0.0298,0.0465,0.0296,0.2938,0.21887287,trees
0.03085,0.04985,0.03075,0.3129,0.23543988,trees
0.02985,0.0479,0.0299,0.30215,0.23215432,trees
0.02845,0.04745,0.02845,0.2805,0.25032938,trees
0.02845,0.04745,0.02845,0.2805,0.25032938,trees
0.0278,0.0458,0.02855,0.2713,0.24456523,trees
0.02815,0.0478,0.0289,0.2722,0.25872287,trees
0.03025,0.0492,0.03055,0.2779,0.23851478,trees
0.0304,0.04765,0.0315,0.2845,0.22101213,trees
0.0276,0.04565,0.02875,0.2909,0.2464164,trees
0.02925,0.0457,0.0275,0.2911,0.21947965,trees
0.0302,0.0475,0.0296,0.296,0.2226512,trees
0.02835,0.0462,0.02595,0.2946,0.23943661,trees
0.027,0.04495,0.02695,0.2885,0.2494788,trees
0.02975,0.05255,0.02855,0.3036,0.2770352,trees
0.03055,0.04965,0.02965,0.3047,0.2381546,trees
0.02885,0.04795,0.0277,0.2874,0.24869789,trees
0.02995,0.0539,0.02895,0.296,0.2856291,trees
0.0301,0.05485,0.0297,0.3041,0.29134786,trees
0.02985,0.05575,0.02925,0.3052,0.30257007,trees
0.0308,0.05285,0.0277,0.3093,0.26359832,trees
0.0306,0.0537,0.029,0.305,0.27402136,trees
0.02965,0.05155,0.02935,0.3,0.26970443,trees
0.03035,0.04615,0.0281,0.2828,0.20653594,trees
0.02985,0.04435,0.0286,0.2586,0.19541776,trees
0.0266,0.04395,0.027,0.2521,0.24592489,trees
0.0262,0.04325,0.02535,0.2741,0.24550034,trees
0.02525,0.04315,0.02315,0.2989,0.2616959,trees
0.02385,0.04025,0.02195,0.2661,0.25585026,trees
0.02635,0.04505,0.02785,0.2803,0.26190472,trees
0.0294,0.0487,0.0298,0.3079,0.24711908,trees
0.0321,0.05115,0.03105,0.3218,0.22882885,trees
0.03125,0.05245,0.0313,0.3359,0.25328556,trees
0.02945,0.05105,0.02925,0.3168,0.268323,trees
0.02965,0.0504,0.0279,0.291,0.25921297,trees
0.02965,0.0504,0.0279,0.291,0.25921297,trees
0.03265,0.05235,0.03015,0.3112,0.23176469,trees
0.03485,0.057,0.03345,0.316,0.24115404,trees
0.03335,0.05495,0.0322,0.3096,0.24462062,trees
0.0326,0.0567,0.0312,0.3467,0.2698768,trees
0.0309,0.0531,0.03085,0.3329,0.26428574,trees
0.03035,0.0493,0.0282,0.3112,0.23791589,trees
0.03095,0.05145,0.0282,0.3038,0.24878639,trees
0.0335,0.0533,0.03165,0.2958,0.2281106,trees
0.0355,0.05475,0.03525,0.2824,0.21329638,trees
0.0309,0.0487,0.0309,0.2758,0.2236181,trees
0.0308,0.0521,0.0273,0.3104,0.25693604,trees
0.0296,0.0524,0.0287,0.3318,0.27804878,trees
0.0289,0.051,0.0261,0.3176,0.27659574,trees
0.0288,0.0524,0.0268,0.3096,0.29064038,trees
0.0311,0.0525,0.03,0.3252,0.25598085,trees
0.03245,0.0536,0.0341,0.3063,0.24578728,trees
0.0328,0.05105,0.0318,0.2766,0.21765058,trees
0.0311,0.04695,0.03095,0.27075,0.20307498,trees
0.0303,0.04815,0.03035,0.282,0.22753343,trees
0.03045,0.04815,0.03035,0.2818,0.22519085,trees
0.03115,0.0514,0.03045,0.2869,0.24530587,trees
0.0318,0.0514,0.0324,0.2974,0.23557688,trees
0.0325,0.0535,0.0325,0.309,0.24418607,trees
0.0336,0.054,0.0331,0.3206,0.23287675,trees
0.0297,0.0531,0.03,0.3248,0.28260872,trees
0.0287,0.0511,0.0274,0.3322,0.28070176,trees
0.0295,0.0461,0.0308,0.277,0.21957675,trees
0.02995,0.0502,0.0312,0.3081,0.25265127,trees
0.0288,0.0474,0.02865,0.301,0.2440945,trees
0.02835,0.04855,0.0272,0.2921,0.2626788,trees
0.02835,0.04855,0.0272,0.2921,0.2626788,trees
0.02715,0.04285,0.02725,0.2671,0.2242857,trees
0.02895,0.04535,0.0281,0.2631,0.22072679,trees
0.02985,0.04745,0.0303,0.2773,0.22768433,trees
0.0306,0.0467,0.02865,0.2868,0.20827945,trees
0.0302,0.0485,0.02835,0.311,0.23252858,trees
0.02985,0.04705,0.02745,0.3003,0.22366709,trees
0.02835,0.04645,0.02895,0.275,0.24197863,trees
0.0281,0.04445,0.02765,0.2649,0.22536181,trees
0.02735,0.04335,0.02705,0.26475,0.22630836,trees
0.0311,0.05375,0.0303,0.2934,0.2669417,trees
0.0294,0.04815,0.03,0.3057,0.24177948,trees
0.02795,0.04785,0.02725,0.2843,0.262533,trees
0.02965,0.0521,0.0292,0.2962,0.27461773,trees
0.03115,0.0569,0.03015,0.3078,0.29244745,trees
0.03015,0.0557,0.02955,0.302,0.29761213,trees
0.03075,0.0531,0.029,0.3147,0.26654738,trees
0.03175,0.0573,0.02915,0.3339,0.28691745,trees
0.02995,0.055,0.02985,0.3174,0.29487935,trees
0.0277,0.0453,0.02785,0.2615,0.24109589,trees
0.0272,0.04545,0.0283,0.2405,0.25120437,trees
0.02755,0.0436,0.02695,0.2419,0.22557974,trees
0.0261,0.0426,0.0258,0.2591,0.24017464,trees
0.02515,0.04325,0.0218,0.2705,0.2646199,trees
0.02415,0.04345,0.0215,0.2699,0.28550294,trees
0.02735,0.04685,0.02535,0.3011,0.26280326,trees
0.02975,0.0507,0.02845,0.3357,0.26041022,trees
0.0305,0.0524,0.0311,0.3439,0.2641737,trees
0.03215,0.05565,0.0305,0.3423,0.26765376,trees
0.0315,0.05735,0.03005,0.3512,0.29093978,trees
0.0315,0.05735,0.03005,0.3512,0.29093978,trees
0.03065,0.05315,0.0289,0.3345,0.26849642,trees
0.0341,0.0567,0.0322,0.3475,0.24889866,trees
0.03515,0.05865,0.03545,0.3346,0.25053304,trees
0.03355,0.0559,0.03205,0.31945,0.24986023,trees
0.03415,0.0574,0.0336,0.3349,0.25395957,trees
0.03075,0.05185,0.0277,0.3317,0.25544792,trees
0.0285,0.04785,0.0269,0.3097,0.25343812,trees
0.02925,0.0504,0.02745,0.3104,0.26553673,trees
0.03095,0.05295,0.0315,0.2958,0.2622169,trees
0.03045,0.04975,0.03,0.2442,0.24064839,trees
0.0284,0.0448,0.0299,0.2508,0.22404368,trees
0.0289,0.0488,0.0282,0.2796,0.25611326,trees
0.0297,0.0511,0.0271,0.3146,0.2648515,trees
0.0287,0.0512,0.0275,0.3042,0.281602,trees
0.0293,0.0519,0.0277,0.3182,0.2783251,trees
0.031,0.0537,0.0286,0.3326,0.26800472,trees
0.03205,0.05335,0.03085,0.3072,0.24941455,trees
0.03165,0.04985,0.0306,0.2777,0.22331288,trees
0.03125,0.04755,0.03145,0.2656,0.2068528,trees
0.03125,0.0482,0.02865,0.29005,0.21334173,trees
0.0312,0.051,0.03065,0.2933,0.24087591,trees
0.03115,0.0504,0.0306,0.2868,0.2360515,trees
0.0318,0.0502,0.0324,0.2931,0.22439022,trees
0.0323,0.0535,0.0324,0.3176,0.24708626,trees
0.032,0.0556,0.0319,0.3444,0.26940635,trees
0.0311,0.0553,0.0302,0.3492,0.2800926,trees
0.0298,0.052,0.0272,0.3498,0.27139366,trees
0.0289,0.0457,0.0288,0.2742,0.22520107,trees
0.02955,0.04685,0.03005,0.2988,0.2264398,trees
0.02785,0.0455,0.02795,0.2858,0.24062712,trees
0.0272,0.0438,0.0256,0.2635,0.23380281,trees
0.0272,0.0438,0.0256,0.2635,0.23380281,trees
0.02805,0.04515,0.02515,0.2596,0.23360656,trees
0.03115,0.0483,0.0299,0.2654,0.21585904,trees
0.0312,0.04975,0.0318,0.2807,0.22915381,trees
0.0311,0.051,0.0312,0.2987,0.24238734,trees
0.03045,0.0515,0.0294,0.3249,0.25686395,trees
0.0312,0.0484,0.0297,0.3263,0.21608041,trees
0.03105,0.04755,0.0294,0.2976,0.20992365,trees
0.02985,0.0463,0.02875,0.2677,0.21602102,trees
0.02915,0.0476,0.0289,0.2716,0.24039088,trees
0.03205,0.05365,0.03085,0.2955,0.25204203,trees
0.02875,0.0498,0.0289,0.2971,0.26798218,trees
0.0269,0.04665,0.02695,0.2758,0.2685248,trees
0.0301,0.05305,0.02945,0.2881,0.27600724,trees
0.0312,0.05565,0.03025,0.31,0.28151986,trees
0.03085,0.05445,0.0307,0.31,0.27667058,trees
0.03015,0.0552,0.02975,0.3175,0.29349735,trees
0.0307,0.05795,0.0298,0.3235,0.3073886,trees
0.02955,0.05375,0.02975,0.2996,0.29051623,trees
0.027,0.0449,0.02575,0.2582,0.24895687,trees
0.0302,0.04905,0.02785,0.2633,0.23785487,trees
0.02885,0.04755,0.02745,0.27295,0.2447644,trees
0.02855,0.04455,0.02655,0.2814,0.21887825,trees
0.026,0.0453,0.0236,0.2753,0.27068722,trees
0.02365,0.045,0.02185,0.2714,0.31099784,trees
0.0271,0.04865,0.024,0.3021,0.28448844,trees
0.0289,0.0537,0.0276,0.3307,0.30024216,trees
0.02885,0.05295,0.0282,0.3402,0.29462102,trees
0.0303,0.0547,0.02865,0.3427,0.2870588,trees
0.03225,0.0582,0.02965,0.3624,0.28689885,trees
0.03225,0.0582,0.02965,0.3624,0.28689885,trees
0.0306,0.057,0.03025,0.3416,0.30136985,trees
0.03315,0.05685,0.03235,0.33515,0.26333335,trees
0.03235,0.0554,0.03195,0.3272,0.26267806,trees
0.0311,0.0529,0.03115,0.3193,0.25952384,trees
0.03225,0.05285,0.03195,0.3168,0.2420682,trees
0.0277,0.04675,0.0251,0.2924,0.25587645,trees
0.02765,0.04635,0.0258,0.2893,0.25270268,trees
0.0303,0.04855,0.0265,0.301,0.23145209,trees
0.0298,0.049,0.0278,0.2907,0.2436548,trees
0.0284,0.04415,0.0261,0.2709,0.21709165,trees
0.029,0.0473,0.0293,0.2734,0.23984274,trees
0.0302,0.0467,0.0287,0.2814,0.21456435,trees
0.0297,0.0519,0.027,0.3312,0.27205884,trees
0.0301,0.0537,0.0287,0.3328,0.28162292,trees
0.0311,0.0537,0.0297,0.326,0.26650944,trees
0.03,0.0546,0.0281,0.3226,0.29078016,trees
0.02925,0.0514,0.0271,0.2954,0.2746435,trees
0.03045,0.0539,0.0299,0.3034,0.2780083,trees
0.0311,0.0511,0.0306,0.3073,0.24330902,trees
0.0313,0.0518,0.03105,0.3087,0.24669072,trees
0.03295,0.05465,0.0308,0.3111,0.24771692,trees
0.03085,0.0533,0.0283,0.30565,0.2667855,trees
0.0307,0.0513,0.0296,0.2952,0.2512195,trees
0.0317,0.0509,0.0309,0.305,0.23244554,trees
0.0313,0.0524,0.0293,0.3332,0.25209078,trees
0.0303,0.054,0.0282,0.3266,0.28113878,trees
0.0305,0.0524,0.0271,0.334,0.2641737,trees
0.0305,0.0497,0.032,0.2997,0.23940147,trees
0.0295,0.05065,0.03005,0.2975,0.26388022,trees
0.0282,0.0455,0.02845,0.27965,0.23473541,trees
0.0282,0.0455,0.02845,0.27965,0.23473541,trees
0.02725,0.04585,0.0261,0.2585,0.254446,trees
0.02835,0.0494,0.02885,0.2651,0.2707396,trees
0.0305,0.04925,0.02925,0.2692,0.2351097,trees
0.0311,0.04925,0.03025,0.282,0.22588675,trees
0.0318,0.05255,0.03035,0.3139,0.24599877,trees
0.02965,0.0522,0.0296,0.32535,0.27550396,trees
0.0298,0.05185,0.02985,0.3271,0.27005512,trees
0.03035,0.052,0.02845,0.32,0.26290226,trees
0.03065,0.04945,0.0297,0.2854,0.23470661,trees
0.0312,0.05235,0.0306,0.3046,0.25314185,trees
0.03065,0.055,0.02975,0.3027,0.28429657,trees
0.0278,0.04785,0.0271,0.27985,0.26503637,trees
0.02615,0.04535,0.02695,0.2496,0.26853147,trees
0.02965,0.05245,0.02915,0.2985,0.2777101,trees
0.02975,0.05345,0.02865,0.3009,0.28485575,trees
0.02975,0.0531,0.029,0.3011,0.28183463,trees
0.0297,0.055,0.0288,0.3125,0.2987013,trees
0.03265,0.0593,0.03125,0.329,0.28983143,trees
0.0312,0.05945,0.0298,0.3154,0.31163818,trees
0.02945,0.05225,0.02995,0.27655,0.2790698,trees
0.0303,0.05295,0.0312,0.2912,0.27207205,trees
0.02905,0.04835,0.02795,0.2803,0.24935399,trees
0.02805,0.0497,0.02665,0.3009,0.2784566,trees
0.0275,0.0492,0.0243,0.2912,0.28292045,trees
0.0232,0.04265,0.02195,0.2488,0.29536825,trees
0.02535,0.0447,0.02245,0.2694,0.27623126,trees
0.02655,0.05015,0.0256,0.3195,0.3076923,trees
0.02835,0.0546,0.026,0.3332,0.31645572,trees
0.02835,0.05425,0.02675,0.3387,0.31355932,trees
0.0301,0.0553,0.02805,0.3401,0.295082,trees
0.0301,0.0553,0.02805,0.3401,0.295082,trees
0.03065,0.0525,0.0298,0.3231,0.2627781,trees
0.0309,0.0529,0.0307,0.3226,0.26252985,trees
0.031,0.05255,0.02835,0.3302,0.25792938,trees
0.0298,0.05175,0.0279,0.3223,0.26916003,trees
0.02755,0.04955,0.02655,0.2882,0.2853437,trees
0.02535,0.0428,0.02375,0.2497,0.25605285,trees
0.028,0.0472,0.0261,0.2836,0.25531915,trees
0.02915,0.0453,0.02635,0.28,0.2169241,trees
0.0285,0.04635,0.02585,0.2736,0.23847693,trees
0.02905,0.0466,0.0281,0.2841,0.23198941,trees
0.0294,0.0493,0.0294,0.2912,0.25285897,trees
0.0307,0.0481,0.0288,0.3006,0.22081216,trees
0.0299,0.0518,0.0276,0.3392,0.2680539,trees
0.03,0.0532,0.0284,0.3374,0.27884614,trees
0.0316,0.0519,0.0288,0.3134,0.24311379,trees
0.0316,0.0538,0.0263,0.3142,0.2599532,trees
0.0314,0.0551,0.02925,0.3175,0.27398846,trees
0.03375,0.06205,0.0327,0.3476,0.2954071,trees
0.03195,0.05885,0.0326,0.34425,0.2962555,trees
0.03165,0.05725,0.0317,0.3362,0.28796402,trees
0.03255,0.0566,0.031,0.3417,0.2697701,trees
0.0312,0.0532,0.02815,0.3289,0.2606635,trees
0.0312,0.0507,0.0282,0.3096,0.23809527,trees
0.0305,0.0529,0.0287,0.3182,0.26858515,trees
0.0301,0.0524,0.0265,0.322,0.27030307,trees
0.0285,0.0501,0.0268,0.298,0.27480915,trees
0.0308,0.0524,0.0285,0.3132,0.2596154,trees
0.0318,0.0501,0.0322,0.3234,0.22344318,trees
0.03105,0.05345,0.0313,0.3112,0.26508874,trees
0.0284,0.0471,0.02825,0.2886,0.24768212,trees
0.0284,0.0471,0.02825,0.2886,0.24768212,trees
0.02835,0.048,0.02865,0.288,0.2573674,trees
0.03005,0.04745,0.0283,0.2883,0.22451611,trees
0.02915,0.0486,0.0279,0.2835,0.25016078,trees
0.03045,0.04775,0.0306,0.2914,0.22122763,trees
0.02985,0.05075,0.03045,0.3064,0.25930518,trees
0.0286,0.05045,0.0302,0.2886,0.27640733,trees
0.0301,0.04965,0.0288,0.2826,0.24514106,trees
0.02935,0.0499,0.0279,0.3096,0.25930598,trees
0.0287,0.05025,0.0278,0.2929,0.2729576,trees
0.0298,0.0541,0.02965,0.3156,0.28963053,trees
0.02855,0.05175,0.0272,0.3055,0.28891656,trees
0.0264,0.0484,0.0256,0.2801,0.29411766,trees
0.02585,0.04615,0.02585,0.2577,0.28194445,trees
0.0295,0.05385,0.0286,0.3034,0.29214156,trees
0.029,0.05155,0.02915,0.2985,0.27995035,trees
0.02805,0.0494,0.0282,0.304,0.27566174,trees
0.0295,0.0558,0.0281,0.3153,0.30832356,trees
0.0334,0.0592,0.0314,0.3403,0.2786177,trees
0.03035,0.0587,0.0308,0.3234,0.31836048,trees
0.02855,0.0507,0.02995,0.2804,0.27949527,trees
0.0293,0.0512,0.02935,0.2844,0.27204967,trees
0.0272,0.0467,0.02705,0.2804,0.2638701,trees
0.027,0.04715,0.0256,0.3038,0.27174646,trees
0.02675,0.0498,0.02385,0.3166,0.3011104,trees
0.02475,0.0437,0.02165,0.2681,0.2768444,trees
0.02365,0.043,0.0212,0.2809,0.2903226,trees
0.02685,0.0486,0.02465,0.3193,0.28827035,trees
0.0274,0.0524,0.02555,0.3276,0.3132832,trees
0.02615,0.0519,0.0248,0.3081,0.32991672,trees
0.02635,0.05315,0.0249,0.3187,0.33710688,trees
0.02635,0.05315,0.0249,0.3187,0.33710688,trees
0.02955,0.0504,0.0298,0.3157,0.26078802,trees
0.0317,0.0528,0.03275,0.3179,0.24970414,trees
0.02945,0.0502,0.02865,0.2994,0.26051477,trees
0.02775,0.04885,0.0266,0.2955,0.2754569,trees
0.02715,0.04535,0.0251,0.2693,0.2510345,trees
0.0264,0.04255,0.0261,0.2399,0.23422773,trees
0.02995,0.0487,0.0284,0.273,0.23839799,trees
0.02935,0.04605,0.0271,0.2559,0.22148542,trees
0.02965,0.04625,0.0291,0.2665,0.21870881,trees
0.02865,0.04625,0.02715,0.2684,0.23497997,trees
0.0286,0.0487,0.0276,0.2834,0.2600259,trees
0.0315,0.0488,0.0298,0.3072,0.21544206,trees
0.0315,0.0523,0.0294,0.3294,0.24821,trees
0.0285,0.0513,0.0276,0.3254,0.28571427,trees
0.0284,0.0511,0.0259,0.3076,0.2855346,trees
0.0303,0.0535,0.0265,0.3176,0.27684963,trees
0.03145,0.0572,0.0292,0.3203,0.29046813,trees
0.0331,0.06545,0.0338,0.3374,0.32825974,trees
0.03345,0.06365,0.0339,0.35455,0.31101954,trees
0.03295,0.06025,0.03125,0.3554,0.29291847,trees
0.03205,0.0617,0.0307,0.3566,0.3162667,trees
0.0296,0.0549,0.0285,0.3292,0.29940832,trees
0.029,0.0494,0.0282,0.3168,0.2602041,trees
0.0298,0.0534,0.0281,0.337,0.28365383,trees
0.0294,0.0517,0.0266,0.3296,0.27496916,trees
0.0297,0.0526,0.0278,0.3164,0.2782503,trees
0.0297,0.0519,0.0291,0.3254,0.27205884,trees
0.0307,0.0495,0.0322,0.3299,0.23441395,trees
0.03015,0.0487,0.03045,0.3086,0.23525682,trees
0.0293,0.04565,0.02715,0.29075,0.21814544,trees
0.0293,0.04565,0.02715,0.29075,0.21814544,trees
0.0309,0.04745,0.0278,0.3057,0.21123163,trees
0.03065,0.05045,0.03005,0.29455,0.24414305,trees
0.0304,0.0494,0.0289,0.2941,0.23809525,trees
0.0293,0.0474,0.02935,0.28545,0.23598436,trees
0.02925,0.0492,0.0305,0.2795,0.2543021,trees
0.0295,0.0471,0.0302,0.2677,0.22976501,trees
0.0301,0.0488,0.02855,0.2879,0.23700888,trees
0.029,0.04745,0.02755,0.2924,0.2413342,trees
0.02875,0.04575,0.02625,0.2809,0.2281879,trees
0.0292,0.05235,0.0296,0.2977,0.2838749,trees
0.0272,0.04865,0.02695,0.2857,0.28279498,trees
0.0267,0.0446,0.02545,0.2806,0.25105187,trees
0.0269,0.0477,0.02645,0.2803,0.27882037,trees
0.03035,0.0526,0.0282,0.3112,0.2682339,trees
0.02925,0.04845,0.02785,0.2889,0.24710424,trees
0.02835,0.0522,0.02775,0.3027,0.2960894,trees
0.02915,0.0572,0.02775,0.3303,0.32484075,trees
0.03075,0.05885,0.0294,0.3379,0.31361607,trees
0.03055,0.05755,0.0318,0.3134,0.30646992,trees
0.0281,0.0477,0.0286,0.2635,0.25857517,trees
0.02675,0.0427,0.02745,0.2754,0.22966163,trees
0.0256,0.04315,0.02505,0.2656,0.25527275,trees
0.02605,0.04455,0.0243,0.295,0.2620397,trees
0.0252,0.0434,0.023,0.2994,0.26530614,trees
0.02355,0.04295,0.0219,0.2791,0.29172933,trees
0.02375,0.04545,0.02245,0.2976,0.31358382,trees
0.02715,0.05145,0.02525,0.3255,0.30916032,trees
0.02695,0.0497,0.02505,0.3138,0.29680365,trees
0.0262,0.0441,0.02395,0.268,0.25462306,trees
0.0262,0.0441,0.02395,0.268,0.25462306,trees
0.02655,0.04715,0.02415,0.3001,0.2795115,trees
0.02835,0.0508,0.0285,0.3063,0.28363866,trees
0.0303,0.05035,0.0307,0.3025,0.24860506,trees
0.02895,0.0476,0.02785,0.2757,0.24363163,trees
0.02935,0.048,0.0286,0.2812,0.24111184,trees
0.02725,0.0467,0.02715,0.2617,0.26301557,trees
0.02875,0.04765,0.03015,0.2646,0.24738218,trees
0.0308,0.05275,0.031,0.2805,0.26271692,trees
0.0296,0.04605,0.02875,0.2695,0.21744879,trees
0.03115,0.0482,0.03075,0.2768,0.21487083,trees
0.0295,0.04395,0.0284,0.2559,0.19673246,trees
0.0299,0.0455,0.0303,0.2696,0.20689656,trees
0.0321,0.0496,0.0325,0.299,0.21419832,trees
0.0324,0.0544,0.0335,0.3128,0.2534562,trees
0.0305,0.0509,0.0285,0.3122,0.25061426,trees
0.0308,0.0512,0.0273,0.3074,0.24878047,trees
0.0292,0.0544,0.0278,0.3084,0.3014354,trees
0.0291,0.05355,0.0271,0.311,0.29582575,trees
0.03025,0.05635,0.0283,0.3282,0.3013857,trees
0.0349,0.06585,0.03235,0.3698,0.30719602,trees
0.03385,0.066,0.0321,0.352,0.32198298,trees
0.0333,0.06115,0.03,0.3524,0.294865,trees
0.0307,0.05695,0.02885,0.3348,0.29948658,trees
0.0288,0.053,0.0281,0.3166,0.2958435,trees
0.0296,0.055,0.0276,0.3416,0.3002364,trees
0.0303,0.0559,0.0285,0.3418,0.29698375,trees
0.0329,0.0564,0.0302,0.3474,0.26315787,trees
0.0305,0.0555,0.03,0.3414,0.29069766,trees
0.0307,0.04835,0.03015,0.3265,0.2232764,trees
0.0289,0.04655,0.02795,0.293,0.23392975,trees
0.0289,0.04655,0.02795,0.293,0.23392975,trees
0.02805,0.0467,0.0269,0.2895,0.24949834,trees
0.0296,0.0483,0.02895,0.3004,0.24005137,trees
0.0323,0.0522,0.03215,0.304,0.23550297,trees
0.03145,0.04955,0.03065,0.3117,0.2234568,trees
0.0301,0.04935,0.02905,0.3027,0.24229078,trees
0.0306,0.0522,0.03055,0.2941,0.26086956,trees
0.0312,0.05085,0.03045,0.2882,0.23948814,trees
0.03105,0.0508,0.0301,0.2979,0.24129504,trees
0.02885,0.0451,0.02685,0.278,0.21974306,trees
0.0286,0.0442,0.02565,0.2675,0.21428572,trees
0.0294,0.05475,0.0287,0.3004,0.30124775,trees
0.0288,0.0491,0.0284,0.2826,0.26059052,trees
0.03005,0.051,0.02735,0.3013,0.2584824,trees
0.0282,0.04975,0.0282,0.2879,0.27645928,trees
0.02915,0.05085,0.02975,0.294,0.27125,trees
0.02935,0.0487,0.02915,0.2672,0.24791801,trees
0.02905,0.05195,0.0284,0.2891,0.28271607,trees
0.0288,0.0566,0.0271,0.328,0.32552695,trees
0.02745,0.05105,0.0273,0.3157,0.30063692,trees
0.02965,0.0535,0.0308,0.2971,0.28683102,trees
0.02945,0.05075,0.0297,0.2863,0.26558602,trees
0.02685,0.0456,0.0257,0.2753,0.2587992,trees
0.0261,0.04255,0.0255,0.2788,0.23962128,trees
0.0256,0.0444,0.0242,0.2806,0.26857144,trees
0.0242,0.0455,0.023,0.2746,0.3055954,trees
0.0247,0.0451,0.0235,0.2842,0.29226357,trees
0.0252,0.0515,0.0253,0.3062,0.34289438,trees
0.0271,0.0532,0.025,0.3094,0.3250311,trees
0.0264,0.0484,0.0239,0.2966,0.29411766,trees
0.02615,0.04335,0.02405,0.2604,0.24748203,trees
0.02615,0.04335,0.02405,0.2604,0.24748203,trees
0.0279,0.04545,0.02755,0.2688,0.2392638,trees
0.03085,0.04845,0.03215,0.28235,0.221942,trees
0.0308,0.04755,0.02865,0.2771,0.2137843,trees
0.03155,0.0497,0.0325,0.2982,0.2233846,trees
0.03055,0.0517,0.0321,0.303,0.25714287,trees
0.0291,0.0515,0.0293,0.2888,0.27791563,trees
0.0324,0.0522,0.0351,0.3006,0.23404254,trees
0.0331,0.0531,0.0349,0.2946,0.23201856,trees
0.0318,0.0483,0.0326,0.28,0.2059925,trees
0.0321,0.048,0.0314,0.285,0.19850188,trees
0.0294,0.0453,0.0275,0.2584,0.2128514,trees
0.0316,0.047,0.0303,0.264,0.19592877,trees
0.03275,0.0498,0.03335,0.2937,0.20654151,trees
0.0311,0.05085,0.0319,0.2926,0.24100062,trees
0.03115,0.05115,0.0303,0.3125,0.24301338,trees
0.0329,0.05535,0.03205,0.3126,0.2543909,trees
0.0312,0.05285,0.02875,0.3022,0.25758478,trees
0.03055,0.05315,0.02675,0.3214,0.27001193,trees
0.03015,0.0583,0.0273,0.351,0.3182589,trees
0.03625,0.06995,0.03425,0.3781,0.31732583,trees
0.0358,0.0686,0.03315,0.36425,0.31417626,trees
0.03345,0.0629,0.03005,0.3657,0.30565646,trees
0.03135,0.05445,0.0272,0.3316,0.26923075,trees
0.0299,0.0528,0.0266,0.3076,0.2769045,trees
0.0314,0.0544,0.0279,0.3352,0.2680653,trees
0.0332,0.0585,0.0295,0.3474,0.27589968,trees
0.0339,0.0601,0.0314,0.356,0.27872342,trees
0.0325,0.0564,0.0293,0.3438,0.26884142,trees
0.02985,0.0459,0.0281,0.3034,0.21188116,trees
0.0309,0.04715,0.02675,0.292,0.20819989,trees
0.0309,0.04715,0.02675,0.292,0.20819989,trees
0.03045,0.05075,0.02915,0.3019,0.25,trees
0.0313,0.0498,0.03135,0.3068,0.22811344,trees
0.0327,0.054,0.03365,0.3205,0.24567477,trees
0.0305,0.0507,0.03165,0.3183,0.24876848,trees
0.03005,0.0486,0.0288,0.3127,0.23585506,trees
0.03115,0.05145,0.03165,0.3052,0.2457627,trees
0.03185,0.0519,0.0316,0.3198,0.23940301,trees
0.0315,0.0521,0.031,0.3014,0.24641147,trees
0.0268,0.0455,0.02645,0.26615,0.25864452,trees
0.0296,0.05055,0.02715,0.2782,0.26138487,trees
0.03225,0.0593,0.0292,0.30845,0.295467,trees
0.03065,0.0589,0.03015,0.3042,0.31546623,trees
0.0309,0.06,0.02905,0.3107,0.32013202,trees
0.0295,0.05505,0.0287,0.2865,0.30218807,trees
0.0283,0.0481,0.0302,0.271,0.25916228,trees
0.0292,0.05035,0.0306,0.2685,0.2658705,trees
0.02965,0.0528,0.0284,0.293,0.2807762,trees
0.0296,0.05765,0.02755,0.3226,0.32148996,trees
0.02935,0.05735,0.02795,0.30185,0.3229527,trees
0.0302,0.05705,0.0302,0.3287,0.3077364,trees
0.0296,0.0494,0.0289,0.3019,0.2506329,trees
0.02555,0.04375,0.02255,0.2621,0.26262626,trees
0.0272,0.0448,0.0267,0.2765,0.24444443,trees
0.0258,0.047,0.0255,0.2834,0.29120877,trees
0.0255,0.0449,0.0235,0.2792,0.2755682,trees
0.0262,0.0481,0.0256,0.283,0.294751,trees
0.0286,0.0538,0.0273,0.3084,0.30582526,trees
0.0284,0.0521,0.0254,0.3134,0.29440993,trees
0.0275,0.0473,0.026,0.2958,0.2647059,trees
0.0273,0.0465,0.0267,0.2878,0.26016262,trees
0.0273,0.0465,0.0267,0.2878,0.26016262,trees
0.02945,0.0488,0.0315,0.2923,0.24728435,trees
0.03025,0.04665,0.03075,0.2836,0.21326399,trees
0.02905,0.0452,0.02835,0.269,0.21750845,trees
0.03235,0.05135,0.03365,0.2932,0.2270012,trees
0.03265,0.05175,0.03365,0.3083,0.22630331,trees
0.032,0.0541,0.0331,0.312,0.25667825,trees
0.0325,0.0556,0.0332,0.299,0.26220202,trees
0.0307,0.0523,0.0329,0.2966,0.26024097,trees
0.0307,0.0494,0.0308,0.2852,0.2334582,trees
0.0287,0.0469,0.0291,0.2714,0.24074076,trees
0.0278,0.0453,0.0279,0.2508,0.23939808,trees
0.0314,0.04815,0.03055,0.2576,0.21055941,trees
0.0318,0.05015,0.0335,0.27995,0.22391699,trees
0.0321,0.0486,0.029,0.2876,0.20446098,trees
0.0325,0.0535,0.0312,0.32485,0.24418607,trees
0.0334,0.05825,0.0328,0.3303,0.27114022,trees
0.02975,0.05,0.02855,0.2852,0.2539185,trees
0.02985,0.0552,0.02885,0.3313,0.29805994,trees
0.03125,0.0594,0.02915,0.3504,0.310535,trees
0.0344,0.0654,0.0335,0.3552,0.3106212,trees
0.03535,0.06635,0.03315,0.355,0.3048181,trees
0.03215,0.06215,0.03005,0.356,0.31813362,trees
0.0282,0.05205,0.0268,0.298,0.29719624,trees
0.0295,0.0521,0.0289,0.2698,0.2769608,trees
0.0308,0.0568,0.0314,0.3128,0.29680365,trees
0.0315,0.0575,0.0305,0.336,0.29213482,trees
0.0309,0.0568,0.0301,0.3286,0.29532498,trees
0.0318,0.0515,0.0281,0.327,0.23649457,trees
0.0281,0.04695,0.02755,0.301,0.2511659,trees
0.0296,0.0496,0.0295,0.2966,0.25252527,trees
0.0296,0.0496,0.0295,0.2966,0.25252527,trees
0.0331,0.0517,0.03325,0.3235,0.2193396,trees
0.0328,0.0505,0.0341,0.3044,0.21248502,trees
0.0325,0.0532,0.0335,0.3215,0.24154027,trees
0.02905,0.0521,0.03025,0.3129,0.2840419,trees
0.0288,0.0474,0.02855,0.30065,0.2440945,trees
0.0322,0.04875,0.032,0.2915,0.20444715,trees
0.0314,0.0542,0.03135,0.315,0.26635516,trees
0.03005,0.04945,0.0322,0.3125,0.24402516,trees
0.02885,0.05015,0.0294,0.2869,0.26962027,trees
0.03105,0.0563,0.02915,0.3089,0.28906697,trees
0.0327,0.05805,0.03075,0.3299,0.27933887,trees
0.03125,0.05785,0.03195,0.32,0.29854095,trees
0.03085,0.05745,0.03135,0.3185,0.30124572,trees
0.0291,0.051,0.0288,0.2967,0.2734082,trees
0.0302,0.05015,0.0295,0.2787,0.24828874,trees
0.0305,0.05505,0.0295,0.2953,0.28696668,trees
0.02935,0.05655,0.0289,0.3143,0.31664726,trees
0.03075,0.0577,0.02855,0.3218,0.3046919,trees
0.0305,0.05715,0.03025,0.3341,0.30405018,trees
0.03135,0.0571,0.02995,0.3365,0.29112494,trees
0.026,0.04665,0.02705,0.2854,0.2842395,trees
0.02445,0.04275,0.024,0.251,0.2723214,trees
0.02775,0.04675,0.02555,0.27605,0.25503355,trees
0.0273,0.0466,0.0276,0.2788,0.2611637,trees
0.0251,0.0439,0.0232,0.2566,0.27246377,trees
0.0263,0.0495,0.0252,0.2798,0.3060686,trees
0.0278,0.0481,0.0275,0.3028,0.2674572,trees
0.0278,0.0484,0.0263,0.2898,0.27034122,trees
0.0279,0.0498,0.0273,0.3132,0.2818533,trees
0.02955,0.0487,0.03015,0.3016,0.24472846,trees
0.02955,0.0487,0.03015,0.3016,0.24472846,trees
0.03265,0.05155,0.0325,0.3006,0.22446555,trees
0.02955,0.0478,0.03,0.2853,0.23594056,trees
0.02865,0.048,0.0295,0.2728,0.25244617,trees
0.03145,0.0483,0.03335,0.2822,0.2112853,trees
0.0315,0.05095,0.03235,0.2917,0.2359005,trees
0.0311,0.0512,0.0306,0.3072,0.24422842,trees
0.0315,0.0526,0.0337,0.3,0.25089177,trees
0.032,0.052,0.033,0.3062,0.23809521,trees
0.0298,0.0496,0.03,0.2812,0.24937029,trees
0.0285,0.0474,0.0286,0.2584,0.24901186,trees
0.0284,0.0453,0.0287,0.2452,0.22930801,trees
0.0308,0.0468,0.03285,0.241,0.20618555,trees
0.03085,0.04995,0.03255,0.2632,0.23638614,trees
0.0311,0.04885,0.03035,0.2837,0.22201377,trees
0.0326,0.05305,0.0294,0.31775,0.23876241,trees
0.03085,0.05555,0.0305,0.3174,0.28587964,trees
0.031,0.0491,0.0305,0.2742,0.22596756,trees
0.03185,0.0583,0.03335,0.3176,0.2933999,trees
0.03215,0.05725,0.03115,0.3395,0.28076062,trees
0.03575,0.06645,0.0334,0.3617,0.30039138,trees
0.03425,0.0627,0.03215,0.3366,0.29345027,trees
0.0314,0.0549,0.0292,0.3259,0.27230594,trees
0.0296,0.0523,0.02795,0.293,0.27716726,trees
0.03,0.0498,0.0295,0.2942,0.24812032,trees
0.0326,0.0573,0.0337,0.327,0.27474973,trees
0.0296,0.0524,0.03,0.3124,0.27804878,trees
0.0288,0.0524,0.0277,0.3112,0.29064038,trees
0.0307,0.0554,0.0284,0.3222,0.28687572,trees
0.02875,0.049,0.03025,0.2998,0.26045015,trees
0.0304,0.05095,0.0323,0.3087,0.25261214,trees
0.0304,0.05095,0.0323,0.3087,0.25261214,trees
0.03115,0.0531,0.03285,0.32635,0.26053414,trees
0.03035,0.05,0.0312,0.2983,0.2445551,trees
0.03155,0.0514,0.03215,0.3048,0.23930076,trees
0.02915,0.05105,0.03045,0.2981,0.27306733,trees
0.03255,0.0503,0.0328,0.2991,0.2142426,trees
0.03265,0.05525,0.0355,0.3138,0.25711036,trees
0.0321,0.0525,0.0344,0.3047,0.24113473,trees
0.0326,0.05435,0.0363,0.3098,0.25014374,trees
0.0311,0.055,0.0323,0.3107,0.27758422,trees
0.03265,0.0584,0.0327,0.3331,0.28281164,trees
0.0305,0.05625,0.03075,0.3142,0.29682994,trees
0.03,0.05765,0.03165,0.3094,0.31545922,trees
0.0301,0.05635,0.03225,0.3195,0.30364376,trees
0.02975,0.051,0.02775,0.3018,0.26315787,trees
0.0309,0.0537,0.0287,0.2868,0.26950353,trees
0.0312,0.05655,0.02885,0.2978,0.2888889,trees
0.02975,0.05725,0.02895,0.3172,0.31609195,trees
0.0302,0.05565,0.0284,0.3225,0.29644728,trees
0.03275,0.0574,0.03005,0.3324,0.27343318,trees
0.02825,0.04995,0.02755,0.3006,0.27749363,trees
0.02545,0.0451,0.0257,0.2719,0.27852586,trees
0.02625,0.044,0.02535,0.2906,0.25266907,trees
0.02715,0.0468,0.02685,0.30115,0.26572007,trees
0.0275,0.047,0.0266,0.2768,0.26174498,trees
0.0247,0.0462,0.0236,0.2608,0.303244,trees
0.0252,0.0455,0.0246,0.281,0.28712872,trees
0.0254,0.0468,0.0256,0.2956,0.29639888,trees
0.0284,0.0484,0.0266,0.3226,0.26041666,trees
0.0294,0.051,0.0301,0.3244,0.2686567,trees
0.0294,0.051,0.0301,0.3244,0.2686567,trees
0.02985,0.05065,0.0316,0.2867,0.2583851,trees
0.03215,0.0527,0.0359,0.2921,0.24219212,trees
0.0294,0.04625,0.03175,0.2798,0.22273628,trees
0.029,0.0464,0.0305,0.27415,0.23076925,trees
0.03175,0.04965,0.03355,0.289,0.2199017,trees
0.03105,0.0514,0.033,0.272,0.24681622,trees
0.0289,0.0494,0.0319,0.2814,0.26181358,trees
0.0324,0.0541,0.0338,0.3146,0.250867,trees
0.0301,0.0507,0.0306,0.3032,0.25495052,trees
0.0313,0.0476,0.031,0.285,0.20659062,trees
0.0304,0.0492,0.0301,0.2768,0.23618089,trees
0.0293,0.0463,0.0305,0.2654,0.22486775,trees
0.03195,0.0493,0.03545,0.2646,0.21353847,trees
0.0327,0.0509,0.03425,0.2808,0.21770339,trees
0.0321,0.05165,0.02975,0.2886,0.23343284,trees
0.033,0.0548,0.0322,0.3192,0.24829158,trees
0.03145,0.05305,0.0329,0.3126,0.2556213,trees
0.03225,0.053,0.03305,0.2766,0.24340178,trees
0.0331,0.05835,0.03275,0.293,0.27610713,trees
0.0326,0.05575,0.0316,0.3185,0.26202604,trees
0.0345,0.06045,0.0323,0.3588,0.27330175,trees
0.0326,0.05405,0.02945,0.3235,0.24754758,trees
0.0292,0.0519,0.02825,0.3004,0.27990133,trees
0.03045,0.0538,0.02905,0.2921,0.27715135,trees
0.0304,0.0519,0.0288,0.3166,0.26123935,trees
0.0323,0.0584,0.0321,0.365,0.28776187,trees
0.0291,0.0543,0.0287,0.3194,0.30215827,trees
0.0283,0.051,0.0271,0.2996,0.2862547,trees
0.0308,0.0596,0.0308,0.3306,0.31858408,trees
0.0306,0.0489,0.03065,0.2815,0.23018867,trees
0.0306,0.0489,0.03065,0.2815,0.23018867,trees
0.03015,0.0522,0.0324,0.3103,0.26775956,trees
0.0323,0.05445,0.0327,0.3287,0.25533143,trees
0.03225,0.0555,0.03295,0.3142,0.26495728,trees
0.0335,0.0548,0.0373,0.3169,0.24122308,trees
0.0319,0.0519,0.03415,0.2985,0.23866346,trees
0.0326,0.05415,0.03285,0.3077,0.24841498,trees
0.0341,0.05525,0.0359,0.32565,0.23670958,trees
0.03325,0.0541,0.0364,0.3212,0.2386949,trees
0.032,0.0522,0.0337,0.3284,0.23990497,trees
0.0314,0.0551,0.0324,0.3325,0.27398846,trees
0.0317,0.05785,0.0313,0.3535,0.2920156,trees
0.0294,0.0533,0.02995,0.3211,0.28899637,trees
0.02915,0.0551,0.02905,0.3021,0.3080119,trees
0.02965,0.05165,0.02885,0.3004,0.2706027,trees
0.02845,0.04995,0.0291,0.2905,0.2742347,trees
0.0303,0.0534,0.0288,0.294,0.27598563,trees
0.0295,0.0532,0.02795,0.288,0.28657797,trees
0.0311,0.0587,0.02865,0.3167,0.30734965,trees
0.0306,0.0532,0.0288,0.316,0.2696897,trees
0.03055,0.05285,0.0279,0.3118,0.2673861,trees
0.02675,0.0466,0.02615,0.2573,0.27062032,trees
0.0279,0.0462,0.02745,0.2799,0.24696356,trees
0.02785,0.0508,0.02755,0.3231,0.2917991,trees
0.0279,0.0512,0.02765,0.31045,0.29456386,trees
0.0272,0.0473,0.0259,0.2818,0.26979864,trees
0.026,0.0474,0.0245,0.2752,0.2915531,trees
0.0263,0.0481,0.0262,0.302,0.29301074,trees
0.0281,0.0502,0.0277,0.3238,0.28224775,trees
0.0299,0.0508,0.0296,0.3472,0.2589839,trees
0.0307,0.0514,0.0307,0.3204,0.25213155,trees
0.0307,0.0514,0.0307,0.3204,0.25213155,trees
0.03,0.0487,0.02895,0.2757,0.2376112,trees
0.03355,0.052,0.0352,0.2851,0.21566334,trees
0.02885,0.0469,0.0314,0.2793,0.23828383,trees
0.0298,0.04675,0.0303,0.2822,0.22142394,trees
0.032,0.0513,0.03205,0.3066,0.23169266,trees
0.0317,0.0513,0.0332,0.29005,0.23614457,trees
0.0307,0.0499,0.0316,0.2884,0.23821339,trees
0.0318,0.0525,0.0336,0.3042,0.24555157,trees
0.03,0.0495,0.0307,0.2884,0.24528304,trees
0.0313,0.049,0.0337,0.2912,0.22042337,trees
0.0307,0.0501,0.0328,0.2958,0.240099,trees
0.0309,0.0496,0.0323,0.282,0.23229817,trees
0.0338,0.05045,0.03725,0.2876,0.19762613,trees
0.03295,0.05125,0.0332,0.303,0.2173397,trees
0.03105,0.0511,0.03015,0.3048,0.24406575,trees
0.03425,0.0549,0.03195,0.3206,0.23163213,trees
0.03325,0.0546,0.03625,0.3051,0.24302788,trees
0.0335,0.0534,0.0354,0.2887,0.22899884,trees
0.03205,0.0556,0.03285,0.302,0.26868224,trees
0.0302,0.05105,0.02995,0.2869,0.25661537,trees
0.0297,0.0529,0.0281,0.303,0.2808717,trees
0.02925,0.0485,0.027,0.3072,0.24758846,trees
0.02955,0.0486,0.0274,0.2731,0.24376202,trees
0.02935,0.0492,0.02865,0.2667,0.25270528,trees
0.0302,0.0504,0.0277,0.2938,0.25062034,trees
0.0324,0.0583,0.0302,0.3406,0.28555676,trees
0.0298,0.0539,0.0287,0.3234,0.28793308,trees
0.0291,0.0536,0.0281,0.3132,0.29625148,trees
0.0325,0.0618,0.0322,0.364,0.3107105,trees
0.0311,0.0493,0.0315,0.2926,0.22636817,trees
0.0311,0.0493,0.0315,0.2926,0.22636817,trees
0.0307,0.05,0.03,0.3075,0.23915738,trees
0.0299,0.04915,0.0296,0.3153,0.24351677,trees
0.0307,0.05235,0.0315,0.3217,0.26068634,trees
0.0324,0.0538,0.0346,0.3249,0.24825987,trees
0.02975,0.0495,0.03045,0.3118,0.24921134,trees
0.0311,0.0491,0.03125,0.3185,0.2244389,trees
0.03125,0.0545,0.0309,0.323,0.27113703,trees
0.03125,0.0535,0.0307,0.3407,0.26253688,trees
0.0293,0.04965,0.0284,0.3261,0.25775805,trees
0.02935,0.05165,0.0278,0.33825,0.27530864,trees
0.02975,0.05385,0.02685,0.3494,0.28827748,trees
0.0284,0.04975,0.0257,0.3133,0.27319255,trees
0.02865,0.0508,0.02735,0.2866,0.2787917,trees
0.0288,0.04535,0.0268,0.2675,0.22319625,trees
0.0288,0.04985,0.02845,0.28475,0.26764145,trees
0.03015,0.052,0.02865,0.3029,0.2659769,trees
0.02985,0.05175,0.0281,0.296,0.26838234,trees
0.0319,0.0581,0.02965,0.3192,0.2911111,trees
0.03035,0.05595,0.03,0.3086,0.29663965,trees
0.03,0.05175,0.02875,0.2883,0.26605508,trees
0.0275,0.04625,0.02845,0.2618,0.2542373,trees
0.0301,0.0499,0.02995,0.2893,0.2475,trees
0.02975,0.05095,0.02985,0.3315,0.26270136,trees
0.0279,0.05175,0.02955,0.313,0.29943505,trees
0.0272,0.05,0.0269,0.2846,0.29533678,trees
0.0271,0.0513,0.0268,0.2834,0.30867347,trees
0.0282,0.0525,0.0282,0.304,0.30111524,trees
0.03,0.0523,0.0302,0.3305,0.27095988,trees
0.031,0.0543,0.0306,0.3291,0.27315357,trees
0.0294,0.0513,0.0293,0.3131,0.27137545,trees
0.0294,0.0513,0.0293,0.3131,0.27137545,trees
0.02775,0.0454,0.02915,0.2781,0.24128504,trees
0.0311,0.04865,0.03255,0.2728,0.2200627,trees
0.0292,0.0465,0.03125,0.2638,0.22853369,trees
0.0289,0.0481,0.0303,0.278,0.24935064,trees
0.0301,0.0481,0.03,0.3069,0.23017903,trees
0.0305,0.05105,0.03045,0.3032,0.25199264,trees
0.0306,0.0513,0.0313,0.2888,0.25274727,trees
0.033,0.0534,0.036,0.2806,0.23611109,trees
0.0361,0.0547,0.0371,0.2852,0.20484579,trees
0.0332,0.0547,0.0361,0.2964,0.24459612,trees
0.0314,0.0504,0.0337,0.2886,0.23227386,trees
0.031,0.0506,0.0329,0.295,0.2401961,trees
0.03245,0.05225,0.03475,0.3116,0.23376623,trees
0.0314,0.05195,0.0318,0.3191,0.2465507,trees
0.03125,0.0515,0.0291,0.3201,0.244713,trees
0.03335,0.05545,0.0323,0.3271,0.24887389,trees
0.032,0.0514,0.03185,0.2866,0.23261388,trees
0.03215,0.05065,0.03245,0.28225,0.22342995,trees
0.03225,0.05275,0.03105,0.2957,0.2411765,trees
0.0286,0.05035,0.02905,0.27725,0.2754908,trees
0.03055,0.05045,0.02865,0.2795,0.24567904,trees
0.0302,0.048,0.03085,0.2783,0.22762148,trees
0.028,0.0457,0.0299,0.2564,0.2401628,trees
0.0298,0.0476,0.031,0.253,0.22997418,trees
0.0303,0.0489,0.0297,0.261,0.23484848,trees
0.0312,0.053,0.0309,0.2874,0.25890738,trees
0.0304,0.0553,0.0303,0.3186,0.2905484,trees
0.0328,0.0648,0.0316,0.356,0.32786888,trees
0.0315,0.0626,0.0302,0.3648,0.3304995,trees
0.0302,0.0498,0.0293,0.2908,0.245,trees
0.0302,0.0498,0.0293,0.2908,0.245,trees
0.0279,0.0465,0.0273,0.298,0.25000003,trees
0.0277,0.0486,0.0271,0.309,0.27391875,trees
0.0302,0.0495,0.0295,0.303,0.24215807,trees
0.0301,0.0518,0.031,0.3195,0.26495728,trees
0.0285,0.051,0.0262,0.3128,0.28301886,trees
0.0286,0.0518,0.0286,0.316,0.2885572,trees
0.0316,0.0561,0.0291,0.3494,0.2793615,trees
0.0303,0.0554,0.0271,0.3488,0.29288214,trees
0.0282,0.0502,0.0248,0.3256,0.28061223,trees
0.0281,0.0512,0.0258,0.3328,0.29129884,trees
0.0282,0.0471,0.0251,0.3072,0.250996,trees
0.0279,0.048,0.0248,0.2742,0.26482213,trees
0.0313,0.053,0.0289,0.298,0.25741398,trees
0.0314,0.0514,0.0271,0.2818,0.24154589,trees
0.0312,0.0496,0.0276,0.2898,0.22772281,trees
0.0309,0.0499,0.028,0.277,0.23514852,trees
0.0306,0.0486,0.029,0.292,0.22727272,trees
0.0308,0.0552,0.0306,0.312,0.28372094,trees
0.0307,0.0551,0.0308,0.2818,0.2843823,trees
0.0313,0.0541,0.0302,0.2696,0.26697892,trees
0.0298,0.0512,0.0298,0.2698,0.26419753,trees
0.0304,0.0526,0.0291,0.293,0.26746985,trees
0.0287,0.0505,0.0303,0.3024,0.27525255,trees
0.0274,0.0486,0.0254,0.2668,0.27894738,trees
0.0268,0.0474,0.0258,0.2622,0.27762803,trees
0.0273,0.0507,0.0263,0.2966,0.3,trees
0.0286,0.0488,0.0263,0.3216,0.26098192,trees
0.0296,0.0542,0.03,0.3249,0.2935561,trees
0.029,0.0515,0.0303,0.3162,0.2795031,trees
0.0278,0.0523,0.0283,0.3132,0.30586767,trees
0.0278,0.0523,0.0283,0.3132,0.30586767,trees
0.027,0.04665,0.02845,0.2858,0.26680243,trees
0.0288,0.04565,0.03015,0.2723,0.22632642,trees
0.02715,0.0458,0.02965,0.2554,0.25565457,trees
0.0295,0.05005,0.02885,0.2747,0.2583281,trees
0.02835,0.0507,0.0304,0.3059,0.28273246,trees
0.0281,0.04855,0.0286,0.2965,0.2667971,trees
0.028,0.0492,0.0277,0.2844,0.27461138,trees
0.0299,0.0487,0.0316,0.2648,0.23918575,trees
0.0305,0.0505,0.0328,0.2714,0.2469136,trees
0.0297,0.048,0.0324,0.2912,0.23552123,trees
0.0322,0.0527,0.0328,0.2846,0.24146053,trees
0.0328,0.0538,0.0356,0.3076,0.24249423,trees
0.032,0.05215,0.0337,0.32845,0.23945333,trees
0.03035,0.05025,0.03095,0.32465,0.24689828,trees
0.03195,0.05175,0.02995,0.3294,0.23655914,trees
0.03235,0.05275,0.0311,0.3243,0.23971798,trees
0.02965,0.04945,0.02805,0.2924,0.25031602,trees
0.02875,0.0494,0.0286,0.2755,0.26423544,trees
0.03045,0.051,0.03165,0.2846,0.25230202,trees
0.0299,0.04965,0.03165,0.2928,0.24827152,trees
0.03075,0.0515,0.03175,0.2858,0.25227964,trees
0.03105,0.05035,0.0333,0.2824,0.23710072,trees
0.03085,0.04875,0.03065,0.2726,0.22487435,trees
0.0301,0.04845,0.0306,0.2568,0.2336092,trees
0.0297,0.04865,0.03085,0.2428,0.24186344,trees
0.0298,0.05005,0.0312,0.2589,0.2536005,trees
0.03185,0.05665,0.03325,0.28595,0.28022602,trees
0.03055,0.05505,0.03405,0.2997,0.28621495,trees
0.02985,0.0518,0.0298,0.2931,0.26883036,trees
0.0284,0.0477,0.0271,0.3038,0.25361365,trees
0.0284,0.0477,0.0271,0.3038,0.25361365,trees
0.0263,0.0448,0.0242,0.2922,0.2601969,trees
0.0284,0.0483,0.0274,0.2924,0.25945243,trees
0.0292,0.0521,0.0295,0.3078,0.2816728,trees
0.0298,0.0518,0.0264,0.3218,0.26960784,trees
0.0277,0.0488,0.0238,0.3096,0.275817,trees
0.028,0.0537,0.0257,0.3188,0.31456548,trees
0.0296,0.0565,0.0279,0.376,0.3124274,trees
0.0298,0.0544,0.0255,0.3492,0.29216152,trees
0.0282,0.0496,0.0245,0.3244,0.27506426,trees
0.027,0.0495,0.0243,0.306,0.29411763,trees
0.0264,0.0451,0.0229,0.2972,0.26153845,trees
0.0297,0.0505,0.0258,0.3038,0.25935164,trees
0.0333,0.0564,0.0315,0.305,0.2575251,trees
0.0332,0.0506,0.0281,0.3018,0.20763722,trees
0.0304,0.0514,0.0277,0.2908,0.2567237,trees
0.0304,0.0489,0.0287,0.2702,0.2332913,trees
0.03,0.0522,0.0309,0.294,0.27007303,trees
0.0301,0.0502,0.0306,0.2964,0.25031134,trees
0.0307,0.0576,0.0324,0.2962,0.30464327,trees
0.0312,0.0535,0.0312,0.304,0.26328218,trees
0.0304,0.0497,0.028,0.289,0.2409488,trees
0.0284,0.0485,0.0275,0.2722,0.2613784,trees
0.0265,0.0487,0.0267,0.2746,0.29521278,trees
0.0268,0.0477,0.0252,0.258,0.28053692,trees
0.0264,0.0487,0.0218,0.2774,0.2969374,trees
0.0282,0.0522,0.0242,0.299,0.29850745,trees
0.0298,0.0506,0.028,0.3264,0.25870648,trees
0.0302,0.0514,0.0312,0.3286,0.2598039,trees
0.0282,0.0499,0.0273,0.3099,0.2778489,trees
0.0282,0.0499,0.0273,0.3099,0.2778489,trees
0.0278,0.0513,0.028,0.3232,0.29709232,trees
0.0302,0.04985,0.02865,0.306,0.24547155,trees
0.0298,0.0508,0.0298,0.2954,0.2605459,trees
0.03025,0.05035,0.03085,0.2702,0.24937963,trees
0.031,0.0515,0.03185,0.29165,0.24848486,trees
0.03105,0.0535,0.0297,0.315,0.26552334,trees
0.0286,0.04785,0.0276,0.3053,0.25179857,trees
0.0283,0.05,0.0285,0.2854,0.27713922,trees
0.0294,0.0509,0.0293,0.2894,0.26774594,trees
0.0288,0.0493,0.0283,0.2888,0.262484,trees
0.0295,0.0472,0.0293,0.289,0.23076925,trees
0.0316,0.0518,0.0322,0.291,0.24220628,trees
0.0337,0.0551,0.036,0.3064,0.24099101,trees
0.03335,0.0533,0.03255,0.3327,0.23023662,trees
0.0316,0.05165,0.02985,0.3285,0.24084084,trees
0.0299,0.0543,0.03115,0.32645,0.28978625,trees
0.0331,0.0524,0.0331,0.3047,0.22573097,trees
0.03125,0.0508,0.0341,0.2823,0.23826936,trees
0.02925,0.0479,0.0292,0.264,0.24173686,trees
0.03165,0.0512,0.03135,0.2807,0.23596862,trees
0.03115,0.05255,0.03335,0.3014,0.25567502,trees
0.03075,0.05105,0.03235,0.2845,0.24816625,trees
0.0317,0.0511,0.0327,0.2911,0.23429953,trees
0.03155,0.0503,0.03115,0.2875,0.22907755,trees
0.0304,0.04785,0.0296,0.25995,0.2230032,trees
0.03065,0.04805,0.031,0.2385,0.22109279,trees
0.02925,0.04815,0.03055,0.24525,0.24418604,trees
0.02885,0.05005,0.03195,0.2625,0.26869455,trees
0.0297,0.04675,0.03,0.2516,0.2230216,trees
0.0281,0.04765,0.0282,0.2603,0.2580858,trees
0.028,0.047,0.0247,0.3362,0.2533333,trees
0.0287,0.0468,0.025,0.3184,0.2397351,trees
0.0282,0.0449,0.0256,0.2854,0.22845416,trees
0.03,0.05,0.0284,0.3042,0.25000003,trees
0.0292,0.0528,0.0281,0.3266,0.28780487,trees
0.0277,0.0505,0.0254,0.3272,0.29156014,trees
0.0276,0.0456,0.0251,0.292,0.24590164,trees
0.0286,0.0534,0.0248,0.3338,0.302439,trees
0.0281,0.055,0.027,0.3666,0.32370636,trees
0.0281,0.0476,0.0245,0.3266,0.25759578,trees
0.027,0.0471,0.0237,0.2818,0.27125505,trees
0.0282,0.048,0.0256,0.2986,0.25984251,trees
0.0276,0.049,0.0244,0.3122,0.27937335,trees
0.0305,0.0506,0.028,0.3334,0.24784216,trees
0.0316,0.0553,0.0307,0.312,0.2727273,trees
0.0315,0.0506,0.0283,0.3054,0.2326431,trees
0.0319,0.0532,0.0286,0.2976,0.2502938,trees
0.0311,0.0549,0.0292,0.2958,0.27674422,trees
0.0308,0.055,0.03,0.3046,0.2820513,trees
0.0301,0.0523,0.0298,0.293,0.2694175,trees
0.0311,0.0576,0.0304,0.3034,0.29875988,trees
0.0291,0.0512,0.0297,0.305,0.2752179,trees
0.0288,0.0472,0.0266,0.2908,0.24210528,trees
0.027,0.0463,0.0251,0.28,0.2633015,trees
0.0264,0.0438,0.0233,0.2584,0.24786326,trees
0.0285,0.0497,0.0276,0.289,0.27109975,trees
0.028,0.0495,0.0257,0.303,0.27741933,trees
0.0268,0.0487,0.0255,0.3076,0.29006627,trees
0.0299,0.0527,0.0291,0.3179,0.27602908,trees
0.03,0.0519,0.0299,0.3178,0.26739925,trees
0.0282,0.0505,0.0284,0.306,0.2833545,trees
0.0282,0.0505,0.0284,0.306,0.2833545,trees
0.027,0.0503,0.0284,0.304,0.301423,trees
0.0279,0.0507,0.0265,0.2992,0.29007635,trees
0.0303,0.05515,0.03035,0.31745,0.29081333,trees
0.03195,0.054,0.03095,0.3006,0.2565445,trees
0.0333,0.053,0.0332,0.3072,0.22827344,trees
0.0313,0.05345,0.02935,0.32125,0.26135692,trees
0.02755,0.04865,0.02635,0.2973,0.27690288,trees
0.0288,0.0478,0.0271,0.2708,0.2480418,trees
0.0312,0.052,0.031,0.3032,0.25000003,trees
0.0308,0.0512,0.0317,0.3018,0.24878047,trees
0.029,0.048,0.0297,0.3006,0.24675326,trees
0.0299,0.0505,0.0303,0.282,0.2562189,trees
0.0308,0.0515,0.0327,0.281,0.25151885,trees
0.0311,0.051,0.03195,0.2857,0.24238734,trees
0.0305,0.05035,0.02985,0.3007,0.24551637,trees
0.02975,0.0489,0.03,0.306,0.2434838,trees
0.03295,0.0495,0.0349,0.2756,0.20072772,trees
0.0345,0.0515,0.03655,0.2663,0.19767444,trees
0.02965,0.0483,0.03215,0.2531,0.23925595,trees
0.03095,0.05145,0.03315,0.2695,0.24878639,trees
0.03,0.0474,0.03125,0.2687,0.22480623,trees
0.02995,0.05005,0.0315,0.2604,0.25125003,trees
0.0313,0.05115,0.0327,0.2792,0.24075197,trees
0.03075,0.04945,0.032,0.2784,0.23316705,trees
0.0304,0.0474,0.03175,0.2699,0.21850899,trees
0.02995,0.0481,0.0305,0.2463,0.23254322,trees
0.0303,0.0505,0.0314,0.2629,0.25,trees
0.02895,0.05085,0.03115,0.28,0.2744361,trees
0.02965,0.0486,0.0313,0.2649,0.24217251,trees
0.0303,0.04685,0.02915,0.2665,0.21451716,trees
0.0289,0.0489,0.0279,0.355,0.25706944,trees
0.0284,0.0499,0.0267,0.3305,0.27458492,trees
0.0287,0.0504,0.0271,0.2998,0.2743363,trees
0.0308,0.0529,0.0302,0.3034,0.26403823,trees
0.0287,0.0503,0.0281,0.3186,0.2734177,trees
0.0281,0.0486,0.0264,0.311,0.26727507,trees
0.0275,0.0465,0.0257,0.3142,0.25675678,trees
0.0299,0.0562,0.0264,0.3664,0.3054588,trees
0.0303,0.0529,0.0263,0.3739,0.2716346,trees
0.0275,0.0461,0.0246,0.309,0.2527174,trees
0.0276,0.0449,0.0244,0.2858,0.2386207,trees
0.0298,0.0486,0.0262,0.3064,0.23979591,trees
0.0305,0.0488,0.0262,0.3294,0.23076922,trees
0.0297,0.052,0.0294,0.3343,0.27294984,trees
0.0313,0.0518,0.0299,0.3067,0.24669072,trees
0.0312,0.0502,0.0289,0.301,0.23341525,trees
0.0324,0.0541,0.0304,0.2964,0.250867,trees
0.031,0.0522,0.0288,0.292,0.2548077,trees
0.0306,0.0545,0.0296,0.3142,0.28084606,trees
0.0307,0.0537,0.0303,0.3084,0.27251184,trees
0.0307,0.0527,0.0291,0.2952,0.26378897,trees
0.0282,0.0462,0.0271,0.2684,0.24193548,trees
0.0275,0.0449,0.0258,0.288,0.24033149,trees
0.0268,0.0448,0.0248,0.2769,0.25139666,trees
0.0251,0.0397,0.0208,0.257,0.22530866,trees
0.0259,0.0422,0.024,0.2868,0.23935388,trees
0.0285,0.0469,0.0255,0.304,0.24403183,trees
0.0269,0.0498,0.0256,0.3098,0.29856583,trees
0.0291,0.0505,0.0277,0.3078,0.26884422,trees
0.0306,0.0514,0.0279,0.2986,0.2536585,trees
0.0291,0.0542,0.0298,0.3024,0.30132052,trees
0.0291,0.0542,0.0298,0.3024,0.30132052,trees
0.0262,0.0466,0.0283,0.28,0.2802198,trees
0.0265,0.0478,0.02505,0.3101,0.28667566,trees
0.02945,0.05385,0.029,0.3389,0.2929172,trees
0.03085,0.05345,0.0303,0.33005,0.26809016,trees
0.03275,0.0559,0.0334,0.3394,0.2611393,trees
0.03245,0.05255,0.02845,0.3158,0.23647055,trees
0.02705,0.0479,0.02625,0.28665,0.27818546,trees
0.0294,0.0499,0.0293,0.284,0.25851196,trees
0.0311,0.053,0.0325,0.2932,0.2604043,trees
0.0311,0.051,0.0303,0.2984,0.24238734,trees
0.0294,0.0493,0.0289,0.2958,0.25285897,trees
0.0289,0.0479,0.0288,0.279,0.24739584,trees
0.0297,0.0494,0.0314,0.264,0.24905187,trees
0.0271,0.04595,0.02825,0.2338,0.25804242,trees
0.0297,0.0476,0.02965,0.2484,0.23156536,trees
0.029,0.04905,0.02945,0.2716,0.2568866,trees
0.0302,0.0461,0.0305,0.2667,0.20838794,trees
0.034,0.0502,0.03565,0.271,0.19239902,trees
0.0324,0.0532,0.03515,0.2751,0.24299063,trees
0.0304,0.0479,0.0319,0.2731,0.22349934,trees
0.02845,0.04315,0.02835,0.2517,0.20530729,trees
0.0297,0.0485,0.0312,0.25525,0.24040924,trees
0.0287,0.04865,0.0316,0.2439,0.25791857,trees
0.03005,0.0462,0.0316,0.2377,0.21180327,trees
0.032,0.0494,0.0332,0.2726,0.2137592,trees
0.0322,0.0505,0.03185,0.2709,0.22128175,trees
0.03065,0.05025,0.03115,0.2715,0.24227445,trees
0.0318,0.0515,0.0324,0.27585,0.23649457,trees
0.02975,0.0472,0.0312,0.26065,0.22677065,trees
0.02955,0.0467,0.02925,0.2726,0.22491805,trees
0.0304,0.0519,0.0308,0.3188,0.26123935,trees
0.0312,0.0508,0.0298,0.324,0.23902439,trees
0.0302,0.0512,0.0285,0.3274,0.25798523,trees
0.0304,0.0508,0.0294,0.3152,0.2512315,trees
0.028,0.0502,0.0285,0.291,0.28388748,trees
0.0279,0.0482,0.0263,0.2938,0.2667543,trees
0.028,0.0494,0.0254,0.3242,0.2764858,trees
0.0286,0.0547,0.0269,0.3742,0.31332535,trees
0.03,0.052,0.0247,0.3784,0.2682927,trees
0.0285,0.0503,0.0253,0.3412,0.2766497,trees
0.0307,0.0504,0.0265,0.3042,0.24290998,trees
0.0304,0.0504,0.0278,0.3172,0.24752475,trees
0.0303,0.0516,0.028,0.3222,0.26007327,trees
0.0301,0.0534,0.0275,0.3064,0.27904192,trees
0.0303,0.0511,0.0274,0.2884,0.25552827,trees
0.0312,0.0505,0.028,0.2876,0.23623015,trees
0.0292,0.0498,0.028,0.2802,0.26075947,trees
0.0287,0.0498,0.0265,0.2746,0.26878983,trees
0.0301,0.0521,0.0289,0.3086,0.2676399,trees
0.0313,0.0563,0.0308,0.3042,0.2853881,trees
0.0282,0.0465,0.0278,0.2644,0.24497993,trees
0.0264,0.043,0.0248,0.2543,0.23919311,trees
0.0269,0.0458,0.0263,0.2768,0.25997248,trees
0.0266,0.0486,0.0257,0.2846,0.2925532,trees
0.0245,0.0413,0.0219,0.2654,0.25531915,trees
0.0247,0.0436,0.0224,0.2988,0.27672035,trees
0.0264,0.0467,0.0259,0.3086,0.2777018,trees
0.0279,0.0477,0.0258,0.3186,0.26190478,trees
0.0273,0.0523,0.0262,0.3132,0.31407034,trees
0.0304,0.0492,0.0268,0.306,0.23618089,trees
0.0312,0.055,0.0315,0.3123,0.2761021,trees
0.0312,0.055,0.0315,0.3123,0.2761021,trees
0.0276,0.051,0.03,0.3104,0.29770994,trees
0.02655,0.04885,0.0266,0.3127,0.29575595,trees
0.02995,0.0532,0.0302,0.3291,0.27961513,trees
0.0293,0.0557,0.0296,0.3339,0.31058824,trees
0.03095,0.05745,0.031,0.3364,0.29977375,trees
0.0292,0.05185,0.0302,0.3069,0.2794571,trees
0.02965,0.04915,0.02835,0.2862,0.24746193,trees
0.0319,0.0514,0.033,0.3006,0.23409364,trees
0.0319,0.0537,0.0332,0.2954,0.25467288,trees
0.0316,0.0518,0.0333,0.2976,0.24220628,trees
0.0312,0.0535,0.0336,0.2964,0.26328218,trees
0.0284,0.0516,0.0303,0.2862,0.29000002,trees
0.0284,0.0466,0.0283,0.2796,0.24266665,trees
0.02955,0.0432,0.028,0.2504,0.18762888,trees
0.0308,0.04525,0.02885,0.25005,0.19000657,trees
0.02995,0.04765,0.02995,0.2645,0.22809274,trees
0.02885,0.0452,0.0301,0.2773,0.22079676,trees
0.0333,0.0529,0.0355,0.2802,0.22737819,trees
0.0349,0.05685,0.0374,0.2993,0.2392371,trees
0.03145,0.0513,0.03155,0.3091,0.23987916,trees
0.02935,0.0448,0.0285,0.2769,0.20836143,trees
0.0296,0.0485,0.03105,0.26475,0.24199745,trees
0.03015,0.04705,0.0311,0.2477,0.21891192,trees
0.03035,0.0462,0.0321,0.2455,0.20705421,trees
0.03165,0.0529,0.0335,0.2708,0.25133058,trees
0.0307,0.0483,0.03135,0.2713,0.22278482,trees
0.0289,0.04725,0.0306,0.2488,0.24097176,trees
0.03125,0.05035,0.0318,0.2691,0.23406863,trees
0.03,0.04555,0.03045,0.2488,0.20582397,trees
0.03,0.04555,0.03045,0.2488,0.20582397,trees
0.0296,0.0483,0.0287,0.3078,0.24005137,trees
0.03,0.0536,0.0302,0.3374,0.28229663,trees
0.0309,0.0506,0.0281,0.3438,0.24171779,trees
0.0314,0.0495,0.0284,0.3325,0.22373302,trees
0.0279,0.0493,0.0262,0.3172,0.2772021,trees
0.0275,0.0469,0.026,0.3056,0.2607527,trees
0.0286,0.0499,0.0252,0.3436,0.27133757,trees
0.0276,0.0494,0.0266,0.3249,0.2831169,trees
0.0299,0.0514,0.0258,0.3648,0.26445264,trees
0.0298,0.0547,0.0276,0.3746,0.29467455,trees
0.0308,0.054,0.0284,0.335,0.2735849,trees
0.0297,0.05,0.0279,0.3176,0.25470516,trees
0.0283,0.048,0.0271,0.2824,0.25819135,trees
0.0283,0.049,0.0258,0.263,0.2677878,trees
0.0292,0.0465,0.0278,0.2784,0.22853369,trees
0.0294,0.0499,0.0276,0.2648,0.25851196,trees
0.0298,0.054,0.0267,0.2802,0.28878284,trees
0.0314,0.0534,0.0276,0.2822,0.25943395,trees
0.0307,0.0561,0.0288,0.314,0.2926267,trees
0.0295,0.0541,0.0278,0.3078,0.29425836,trees
0.0275,0.0437,0.0249,0.2558,0.22752808,trees
0.0276,0.0443,0.0248,0.2645,0.23226705,trees
0.0285,0.0475,0.0266,0.283,0.25,trees
0.0277,0.0454,0.0274,0.3022,0.24213408,trees
0.0258,0.0433,0.0226,0.284,0.2532561,trees
0.0255,0.0484,0.0234,0.3068,0.30987823,trees
0.0269,0.0509,0.0259,0.3248,0.30848327,trees
0.0286,0.0518,0.0289,0.3278,0.2885572,trees
0.029,0.0514,0.028,0.3292,0.27860695,trees
0.0308,0.0534,0.0327,0.3178,0.26840857,trees
0.0308,0.0534,0.0327,0.3178,0.26840857,trees
0.0333,0.0591,0.035,0.3362,0.27922076,trees
0.032,0.0574,0.031,0.3382,0.2841163,trees
0.0303,0.0513,0.02925,0.3257,0.25735292,trees
0.02995,0.0518,0.03005,0.3219,0.26727828,trees
0.02995,0.0559,0.03195,0.3239,0.3022714,trees
0.0308,0.0566,0.0317,0.3325,0.2951945,trees
0.02925,0.05195,0.02965,0.296,0.27955663,trees
0.0303,0.04665,0.0301,0.2995,0.21247563,trees
0.0307,0.0537,0.033,0.3208,0.27251184,trees
0.0309,0.0495,0.0307,0.304,0.23134328,trees
0.0294,0.0528,0.0323,0.3062,0.28467155,trees
0.0283,0.052,0.0331,0.2954,0.29514322,trees
0.0279,0.0519,0.0314,0.294,0.3007519,trees
0.0292,0.0485,0.0298,0.2874,0.24839124,trees
0.0287,0.0465,0.02925,0.2693,0.23670214,trees
0.02935,0.04385,0.02945,0.2536,0.19808744,trees
0.02935,0.04715,0.0304,0.267,0.23267975,trees
0.02825,0.04755,0.03045,0.2936,0.25461742,trees
0.0331,0.05115,0.0343,0.3013,0.21424332,trees
0.03625,0.05795,0.0382,0.3278,0.23036095,trees
0.0318,0.0542,0.0324,0.3579,0.2604651,trees
0.0297,0.04905,0.029,0.301,0.24571428,trees
0.0303,0.0504,0.03205,0.2757,0.24907061,trees
0.0297,0.0471,0.03175,0.2586,0.22656249,trees
0.0318,0.04905,0.03285,0.256,0.21335803,trees
0.03035,0.0507,0.03185,0.2704,0.2510796,trees
0.0268,0.0443,0.02945,0.2424,0.24613225,trees
0.02935,0.0458,0.02895,0.2373,0.21889555,trees
0.0308,0.04775,0.0311,0.2731,0.21578613,trees
0.02805,0.0436,0.02985,0.2407,0.21702723,trees
0.02805,0.0436,0.02985,0.2407,0.21702723,trees
0.02945,0.0489,0.02725,0.2923,0.24824508,trees
0.0309,0.05225,0.0272,0.3442,0.25676492,trees
0.0318,0.0516,0.0286,0.3394,0.23741005,trees
0.0321,0.0519,0.0292,0.3232,0.23571429,trees
0.0293,0.0494,0.0264,0.3138,0.25540024,trees
0.0271,0.048,0.0252,0.3238,0.27829558,trees
0.0285,0.0488,0.0253,0.3376,0.2626132,trees
0.028,0.0464,0.0243,0.2978,0.2473118,trees
0.0294,0.0523,0.0261,0.3284,0.28029373,trees
0.0304,0.054,0.0283,0.3638,0.27962086,trees
0.0299,0.0545,0.0273,0.361,0.2914692,trees
0.0286,0.0515,0.0261,0.341,0.28589264,trees
0.0273,0.0469,0.0255,0.2922,0.26415092,trees
0.0291,0.0511,0.0252,0.2856,0.2743142,trees
0.0311,0.0559,0.0286,0.3086,0.2850575,trees
0.031,0.0539,0.0274,0.2962,0.2697291,trees
0.031,0.0541,0.028,0.3034,0.27144536,trees
0.0308,0.0549,0.0279,0.3082,0.28121355,trees
0.0313,0.0569,0.0284,0.3322,0.2902494,trees
0.0305,0.0502,0.0262,0.3104,0.244114,trees
0.02655,0.0467,0.02395,0.2586,0.27508533,trees
0.027,0.04655,0.02575,0.2689,0.26580554,trees
0.0269,0.04455,0.02345,0.271,0.24702589,trees
0.02475,0.04005,0.0221,0.27995,0.2361111,trees
0.0239,0.0429,0.0221,0.2942,0.28443113,trees
0.02445,0.04485,0.0222,0.3033,0.2943723,trees
0.0278,0.05105,0.027,0.3211,0.29486367,trees
0.02815,0.0534,0.02815,0.3169,0.30962598,trees
0.02795,0.05145,0.0265,0.3332,0.29596975,trees
0.0309,0.05415,0.0297,0.3178,0.2733686,trees
0.0309,0.05415,0.0297,0.3178,0.2733686,trees
0.03195,0.0582,0.03175,0.3295,0.2911814,trees
0.02835,0.0542,0.02955,0.3136,0.31314355,trees
0.0287,0.05085,0.0279,0.3104,0.27844125,trees
0.03015,0.05,0.0275,0.31875,0.24766064,trees
0.0299,0.0543,0.0305,0.3155,0.28978625,trees
0.0299,0.0528,0.0296,0.2917,0.2769045,trees
0.02775,0.0475,0.02705,0.2649,0.26245847,trees
0.02865,0.0484,0.0284,0.31295,0.25632703,trees
0.0301,0.0539,0.0291,0.3364,0.28333333,trees
0.0286,0.0515,0.0272,0.3132,0.28589264,trees
0.0281,0.051,0.0291,0.2884,0.28950694,trees
0.028,0.0486,0.0301,0.2702,0.26892948,trees
0.0282,0.0509,0.0295,0.2954,0.2869785,trees
0.0285,0.0496,0.0299,0.294,0.27016646,trees
0.02935,0.04885,0.03025,0.282,0.24936062,trees
0.02825,0.04455,0.02905,0.2562,0.22390112,trees
0.0293,0.04805,0.02965,0.2776,0.24240464,trees
0.0296,0.05075,0.03115,0.3155,0.26322338,trees
0.03105,0.04825,0.0311,0.2914,0.21689786,trees
0.0331,0.054,0.0336,0.3018,0.23995408,trees
0.0338,0.05615,0.03345,0.3466,0.24847141,trees
0.0286,0.0492,0.0298,0.3083,0.26478148,trees
0.02965,0.04705,0.03015,0.2684,0.22685786,trees
0.03025,0.04945,0.03285,0.2567,0.24090338,trees
0.03075,0.0485,0.0316,0.2546,0.22397476,trees
0.03075,0.0497,0.0306,0.2831,0.23555002,trees
0.02995,0.04715,0.0313,0.2471,0.22308691,trees
0.02935,0.04355,0.02935,0.2401,0.19478738,trees
0.03,0.05015,0.03225,0.2653,0.25140363,trees
0.02765,0.04465,0.0279,0.2435,0.23513138,trees
0.02765,0.04465,0.0279,0.2435,0.23513138,trees
0.02955,0.04985,0.0292,0.291,0.2556675,trees
0.03145,0.04995,0.0284,0.3347,0.22727273,trees
0.0296,0.0522,0.029,0.3288,0.27628362,trees
0.0313,0.0513,0.029,0.3094,0.24213076,trees
0.0294,0.0499,0.0266,0.311,0.25851196,trees
0.0289,0.0514,0.0264,0.3386,0.28019926,trees
0.0307,0.0509,0.027,0.3272,0.24754903,trees
0.0292,0.0483,0.0293,0.2866,0.24645163,trees
0.0314,0.0551,0.0319,0.3152,0.27398846,trees
0.0314,0.0527,0.0288,0.3306,0.25326994,trees
0.0309,0.0541,0.0278,0.3342,0.27294117,trees
0.031,0.0518,0.0276,0.32,0.25120774,trees
0.0282,0.0462,0.0244,0.2769,0.24193548,trees
0.0299,0.049,0.0274,0.2861,0.24207859,trees
0.0318,0.0584,0.0313,0.3272,0.29490018,trees
0.031,0.0547,0.0281,0.3118,0.2765461,trees
0.0315,0.0556,0.0291,0.3042,0.27669343,trees
0.0316,0.0533,0.0298,0.3122,0.25559485,trees
0.0292,0.0504,0.028,0.3164,0.26633164,trees
0.0261,0.0434,0.0238,0.2686,0.24892087,trees
0.02675,0.04455,0.02505,0.2715,0.24964939,trees
0.02885,0.04915,0.0267,0.294,0.2602564,trees
0.0245,0.04225,0.02265,0.271,0.26591763,trees
0.02345,0.0433,0.02085,0.28265,0.29737827,trees
0.02455,0.0471,0.0231,0.3091,0.31472436,trees
0.026,0.04675,0.02435,0.3103,0.28522336,trees
0.0284,0.05045,0.02695,0.3151,0.2796449,trees
0.0274,0.0518,0.02715,0.29945,0.30808082,trees
0.0278,0.05255,0.02575,0.3316,0.3080274,trees
0.0286,0.0545,0.0275,0.3396,0.3116727,trees
0.0286,0.0545,0.0275,0.3396,0.3116727,trees
0.029,0.0554,0.0288,0.3117,0.3127962,trees
0.0297,0.05345,0.0285,0.3009,0.28562838,trees
0.02835,0.0507,0.0268,0.2989,0.28273246,trees
0.0287,0.0514,0.0275,0.31265,0.28339574,trees
0.0298,0.05155,0.02885,0.3064,0.26736325,trees
0.0274,0.0485,0.0268,0.2785,0.27799737,trees
0.02885,0.0477,0.0274,0.2878,0.24624427,trees
0.03005,0.05275,0.0297,0.33185,0.27415457,trees
0.0304,0.0531,0.0281,0.3248,0.2718563,trees
0.0294,0.0531,0.027,0.3062,0.28727272,trees
0.028,0.047,0.0275,0.2765,0.2533333,trees
0.0291,0.0485,0.0304,0.284,0.25,trees
0.0308,0.0491,0.0313,0.2814,0.22903632,trees
0.0295,0.0487,0.0298,0.2924,0.24552432,trees
0.02985,0.04845,0.0312,0.2941,0.23754789,trees
0.02985,0.0466,0.0275,0.2665,0.21909744,trees
0.03055,0.0488,0.03105,0.2851,0.22999372,trees
0.0296,0.05195,0.03185,0.3069,0.274065,trees
0.029,0.0465,0.02885,0.277,0.23178811,trees
0.03015,0.04975,0.03185,0.268,0.24530664,trees
0.03135,0.05245,0.0329,0.3003,0.25178996,trees
0.0282,0.0478,0.03055,0.2911,0.25789472,trees
0.028,0.04715,0.0303,0.26775,0.25482368,trees
0.02915,0.04755,0.03095,0.2606,0.2398957,trees
0.0307,0.0496,0.031,0.2725,0.23536739,trees
0.03135,0.04975,0.0303,0.2855,0.22688037,trees
0.02755,0.0451,0.0293,0.2472,0.24156915,trees
0.0291,0.04455,0.02975,0.2365,0.20977597,trees
0.02925,0.045,0.0298,0.2444,0.21212125,trees
0.02825,0.04175,0.0265,0.2434,0.19285713,trees
0.02825,0.04175,0.0265,0.2434,0.19285713,trees
0.0326,0.0544,0.03345,0.312,0.2505747,trees
0.03105,0.05315,0.0324,0.3226,0.2624703,trees
0.0318,0.0523,0.031,0.3047,0.2437574,trees
0.0312,0.0475,0.0282,0.2902,0.20711564,trees
0.0298,0.0499,0.0273,0.3146,0.25219572,trees
0.032,0.0518,0.028,0.341,0.23627684,trees
0.0309,0.0506,0.0284,0.3178,0.24171779,trees
0.0311,0.0509,0.0323,0.2968,0.24146342,trees
0.033,0.055,0.0328,0.3178,0.25,trees
0.0316,0.0538,0.0305,0.306,0.2599532,trees
0.0315,0.0513,0.0289,0.2868,0.23913044,trees
0.0295,0.0502,0.0281,0.2864,0.25972396,trees
0.029,0.0468,0.0261,0.2788,0.23482849,trees
0.0309,0.051,0.0283,0.29,0.24542123,trees
0.0326,0.056,0.031,0.3144,0.26410836,trees
0.031,0.0547,0.029,0.3012,0.2765461,trees
0.0317,0.0544,0.0289,0.304,0.26364693,trees
0.0309,0.0525,0.0288,0.3066,0.2589928,trees
0.0283,0.0504,0.0273,0.2862,0.28081322,trees
0.028,0.0467,0.0247,0.2764,0.25033468,trees
0.0291,0.04855,0.0269,0.2921,0.25048292,trees
0.02935,0.0496,0.0269,0.2992,0.25649145,trees
0.0228,0.0445,0.022,0.268,0.32243687,trees
0.0236,0.0452,0.0212,0.2882,0.3139535,trees
0.0262,0.0461,0.02445,0.3258,0.27524206,trees
0.02635,0.05135,0.0262,0.3177,0.3217503,trees
0.02675,0.0516,0.02585,0.307,0.31716657,trees
0.0275,0.05215,0.0258,0.2947,0.30947897,trees
0.02815,0.05395,0.02605,0.3253,0.31425092,trees
0.0282,0.0543,0.0264,0.3445,0.31636363,trees
0.0282,0.0543,0.0264,0.3445,0.31636363,trees
0.02815,0.0514,0.02725,0.3169,0.292269,trees
0.0304,0.0515,0.02895,0.3031,0.25763124,trees
0.0291,0.0503,0.02845,0.2934,0.26700246,trees
0.02935,0.0555,0.02885,0.3082,0.30819094,trees
0.0309,0.0522,0.0298,0.317,0.2563177,trees
0.02715,0.04985,0.02805,0.2984,0.29480517,trees
0.0301,0.05155,0.0298,0.304,0.2627067,trees
0.03155,0.0545,0.03055,0.331,0.26670536,trees
0.0302,0.0532,0.0292,0.3132,0.27577937,trees
0.0283,0.0456,0.0264,0.282,0.23410015,trees
0.0302,0.0503,0.0281,0.2832,0.24968942,trees
0.0316,0.0509,0.0316,0.3098,0.23393944,trees
0.031,0.0473,0.0294,0.2792,0.20817369,trees
0.0287,0.0484,0.0296,0.268,0.25551233,trees
0.02885,0.0473,0.032,0.2815,0.24228495,trees
0.02875,0.0458,0.0267,0.2677,0.22870556,trees
0.02965,0.048,0.029,0.2717,0.23631679,trees
0.0303,0.0502,0.0281,0.292,0.24720497,trees
0.02915,0.04745,0.0276,0.2937,0.23890337,trees
0.0299,0.0504,0.03135,0.2873,0.25529265,trees
0.0309,0.05155,0.032,0.2821,0.25045484,trees
0.03,0.0487,0.02895,0.28025,0.2376112,trees
0.02805,0.04435,0.0294,0.2745,0.22513811,trees
0.0293,0.0441,0.03,0.2677,0.20163487,trees
0.03035,0.0464,0.02975,0.267,0.20912053,trees
0.0296,0.0471,0.03015,0.2617,0.22816166,trees
0.02865,0.04555,0.02825,0.2572,0.22776277,trees
0.0304,0.04665,0.0313,0.2519,0.210902,trees
0.03045,0.04715,0.03015,0.255,0.21520619,trees
0.03045,0.04715,0.03015,0.255,0.21520619,trees
0.02885,0.04575,0.02775,0.2583,0.22654155,trees
0.03115,0.05175,0.0308,0.3127,0.24849215,trees
0.03155,0.0518,0.032,0.31415,0.24295141,trees
0.0308,0.0499,0.0332,0.3006,0.23667906,trees
0.0305,0.0506,0.0291,0.3134,0.24784216,trees
0.0312,0.0506,0.0274,0.345,0.23716383,trees
0.0304,0.0499,0.0279,0.336,0.24283932,trees
0.0315,0.0524,0.0306,0.3238,0.24910606,trees
0.0323,0.0508,0.0323,0.3112,0.22262335,trees
0.0328,0.0554,0.0357,0.3124,0.2562358,trees
0.0309,0.055,0.0323,0.3226,0.2805588,trees
0.0315,0.0481,0.0314,0.3078,0.20854269,trees
0.0306,0.0479,0.029,0.314,0.22038214,trees
0.0323,0.0505,0.0301,0.3056,0.21980679,trees
0.0339,0.0531,0.0332,0.2934,0.22068967,trees
0.0339,0.0552,0.0313,0.3142,0.23905723,trees
0.0296,0.0516,0.0277,0.3112,0.27093598,trees
0.0313,0.0521,0.0286,0.3104,0.24940047,trees
0.0297,0.051,0.0284,0.3064,0.2639405,trees
0.0305,0.0524,0.0281,0.3088,0.2641737,trees
0.0299,0.0509,0.0263,0.2942,0.25990102,trees
0.029,0.0478,0.02555,0.3043,0.24479167,trees
0.0276,0.04595,0.025,0.2825,0.24949013,trees
0.02425,0.0424,0.0222,0.2701,0.27231804,trees
0.02595,0.04845,0.02255,0.3013,0.30241936,trees
0.02785,0.0477,0.02555,0.3269,0.2627399,trees
0.0279,0.0522,0.02625,0.3217,0.3033708,trees
0.0281,0.0521,0.0264,0.3177,0.29925185,trees
0.0274,0.0525,0.0262,0.30795,0.31414267,trees
0.02895,0.05355,0.0263,0.33205,0.29818183,trees
0.02895,0.05355,0.0263,0.33205,0.29818183,trees
0.02805,0.0547,0.0254,0.33,0.32205436,trees
0.0271,0.0489,0.02645,0.3244,0.28684208,trees
0.02865,0.04925,0.02835,0.2967,0.26444158,trees
0.02915,0.04765,0.0282,0.2781,0.2408854,trees
0.03055,0.05345,0.0289,0.3086,0.27261907,trees
0.03115,0.05255,0.02985,0.3165,0.25567502,trees
0.0302,0.05305,0.02885,0.3156,0.27447447,trees
0.0299,0.05235,0.0299,0.3021,0.27294832,trees
0.03115,0.0541,0.03135,0.30965,0.26920822,trees
0.029,0.0521,0.0299,0.3042,0.28483352,trees
0.028,0.0502,0.0272,0.3012,0.28388748,trees
0.0315,0.0515,0.0298,0.3073,0.24096383,trees
0.0301,0.0503,0.0306,0.304,0.25124377,trees
0.0292,0.0478,0.0283,0.268,0.24155845,trees
0.0281,0.0455,0.0282,0.2432,0.23641302,trees
0.02755,0.0476,0.03,0.2647,0.26679975,trees
0.02865,0.0448,0.02925,0.2568,0.21987744,trees
0.0297,0.04885,0.03155,0.266,0.24379377,trees
0.02965,0.0483,0.029,0.2775,0.23925595,trees
0.02975,0.05285,0.031,0.3071,0.27966103,trees
0.03075,0.05355,0.03095,0.3114,0.27046263,trees
0.03095,0.05225,0.0319,0.2884,0.25600964,trees
0.03035,0.05305,0.03205,0.2863,0.2721823,trees
0.0297,0.04865,0.032,0.2867,0.24186344,trees
0.0301,0.049,0.0305,0.2801,0.23893805,trees
0.0282,0.04845,0.03135,0.2511,0.26418787,trees
0.02805,0.04345,0.0292,0.2498,0.21538463,trees
0.0288,0.04705,0.03085,0.2605,0.24060647,trees
0.0301,0.0494,0.0295,0.2714,0.24276732,trees
0.03015,0.0487,0.031,0.2785,0.23525682,trees
0.03015,0.0487,0.031,0.2785,0.23525682,trees
0.03035,0.0518,0.0296,0.2791,0.26110777,trees
0.02945,0.0497,0.0283,0.3116,0.25584334,trees
0.031,0.0498,0.02935,0.3169,0.2326733,trees
0.0292,0.0477,0.0287,0.32,0.24057215,trees
0.0279,0.0517,0.0265,0.3294,0.298995,trees
0.0295,0.0524,0.0282,0.345,0.2796093,trees
0.0292,0.0519,0.0286,0.3382,0.27990133,trees
0.0335,0.0535,0.0304,0.3436,0.22988506,trees
0.0309,0.05,0.0308,0.3252,0.23609397,trees
0.0328,0.0537,0.0316,0.3484,0.24161848,trees
0.0322,0.0556,0.0336,0.3306,0.26651478,trees
0.0304,0.048,0.0294,0.299,0.2244898,trees
0.0297,0.0501,0.0299,0.3366,0.2556391,trees
0.0339,0.0535,0.0317,0.316,0.22425629,trees
0.035,0.0584,0.0358,0.3062,0.25053534,trees
0.0311,0.0533,0.0324,0.3096,0.2630332,trees
0.029,0.0526,0.0275,0.3162,0.2892157,trees
0.0294,0.0496,0.0283,0.3242,0.2556962,trees
0.0283,0.0494,0.0263,0.3286,0.27155727,trees
0.0296,0.0515,0.0263,0.3242,0.270037,trees
0.0287,0.0467,0.0246,0.2976,0.2387268,trees
0.02515,0.0422,0.02295,0.2759,0.25315517,trees
0.0236,0.04155,0.0228,0.2664,0.275518,trees
0.02425,0.04095,0.02325,0.2754,0.25613496,trees
0.02735,0.0462,0.02585,0.2981,0.25628823,trees
0.02785,0.0462,0.025,0.3177,0.24780552,trees
0.02715,0.0504,0.0266,0.3231,0.29980657,trees
0.02835,0.0534,0.0268,0.3239,0.30642202,trees
0.02735,0.0515,0.0267,0.3165,0.30627775,trees
0.0294,0.0581,0.0281,0.3426,0.328,trees
0.0294,0.0581,0.0281,0.3426,0.328,trees
0.0279,0.0538,0.0257,0.3337,0.3170135,trees
0.0273,0.047,0.02475,0.3148,0.2651413,trees
0.02845,0.0512,0.02845,0.3131,0.2856246,trees
0.02925,0.05105,0.02995,0.3112,0.27148193,trees
0.0289,0.0503,0.02995,0.2988,0.270202,trees
0.0298,0.0519,0.0311,0.3151,0.27050185,trees
0.02865,0.05225,0.02865,0.3084,0.29171818,trees
0.02935,0.05275,0.0287,0.3064,0.28501827,trees
0.0308,0.054,0.03205,0.3074,0.2735849,trees
0.0297,0.0505,0.0303,0.2994,0.25935164,trees
0.0301,0.0535,0.0294,0.3,0.27990434,trees
0.0297,0.0541,0.03,0.3162,0.29116943,trees
0.0296,0.0513,0.0305,0.3066,0.2682324,trees
0.0279,0.0491,0.028,0.2814,0.2753247,trees
0.0272,0.0451,0.0284,0.249,0.24757951,trees
0.0282,0.0467,0.0295,0.2489,0.246996,trees
0.0293,0.0469,0.0299,0.2539,0.23097113,trees
0.0301,0.05205,0.0315,0.272,0.26719415,trees
0.02905,0.0495,0.0301,0.2918,0.26034373,trees
0.03045,0.05185,0.03165,0.282,0.26002428,trees
0.0302,0.0508,0.0312,0.2994,0.25432098,trees
0.0295,0.05295,0.0318,0.2839,0.28441477,trees
0.0296,0.0523,0.031,0.2726,0.27716726,trees
0.03065,0.0499,0.03145,0.2774,0.23898199,trees
0.0306,0.05015,0.0325,0.2685,0.24210525,trees
0.02905,0.0502,0.03135,0.25225,0.26687697,trees
0.0278,0.04715,0.03005,0.2551,0.25817212,trees
0.0311,0.0496,0.03215,0.2609,0.22924413,trees
0.0276,0.04665,0.02885,0.2598,0.25656566,trees
0.0298,0.0507,0.0295,0.275,0.25962734,trees
0.0298,0.0507,0.0295,0.275,0.25962734,trees
0.02975,0.0523,0.0308,0.2814,0.2748324,trees
0.02695,0.0469,0.02655,0.3152,0.2701422,trees
0.02885,0.04665,0.02785,0.319,0.2357616,trees
0.028,0.0487,0.0255,0.3042,0.26988265,trees
0.0273,0.0452,0.0241,0.3046,0.24689655,trees
0.0296,0.0484,0.0267,0.3204,0.24102563,trees
0.0301,0.0494,0.0287,0.323,0.24276732,trees
0.0306,0.0498,0.0295,0.3272,0.23880596,trees
0.0294,0.0484,0.0296,0.3187,0.24421594,trees
0.0304,0.0526,0.0304,0.3428,0.26746985,trees
0.0307,0.0515,0.0295,0.3076,0.25304136,trees
0.0271,0.0447,0.0262,0.2828,0.24512534,trees
0.0289,0.0512,0.0276,0.3242,0.278402,trees
0.0321,0.0516,0.0307,0.314,0.23297493,trees
0.0338,0.0586,0.0344,0.3049,0.26839828,trees
0.03,0.0531,0.0328,0.2918,0.27797836,trees
0.0261,0.0435,0.0267,0.28,0.24999997,trees
0.0277,0.0458,0.0252,0.2918,0.24625851,trees
0.0276,0.0483,0.0258,0.3186,0.27272728,trees
0.0268,0.0488,0.0265,0.2952,0.29100528,trees
0.0249,0.042,0.0223,0.263,0.25560537,trees
0.02455,0.04065,0.0207,0.2594,0.24693249,trees
0.02415,0.0439,0.0222,0.2603,0.29022777,trees
0.02495,0.043,0.0231,0.2753,0.2656365,trees
0.02705,0.04755,0.02615,0.2719,0.27479896,trees
0.02675,0.046,0.02535,0.2823,0.2646048,trees
0.0275,0.04945,0.0254,0.3018,0.28525016,trees
0.02865,0.0519,0.02755,0.304,0.2886406,trees
0.02755,0.0508,0.02625,0.3153,0.29674536,trees
0.0301,0.05595,0.0269,0.3377,0.30040675,trees
0.0301,0.05595,0.0269,0.3377,0.30040675,trees
0.028,0.05325,0.0253,0.3321,0.31076923,trees
0.0277,0.0506,0.02525,0.30705,0.29246488,trees
0.0309,0.05505,0.03185,0.32645,0.2809773,trees
0.03185,0.05405,0.032,0.3159,0.25844005,trees
0.03055,0.05115,0.0314,0.30035,0.252142,trees
0.0311,0.05185,0.0331,0.297,0.2501507,trees
0.02785,0.05005,0.02775,0.2832,0.28498077,trees
0.0294,0.0489,0.02775,0.2896,0.24904215,trees
0.03105,0.05265,0.0314,0.29785,0.2580645,trees
0.0291,0.0511,0.0299,0.28,0.2743142,trees
0.0294,0.0532,0.0317,0.2908,0.2881356,trees
0.029,0.0541,0.0305,0.306,0.30204573,trees
0.0305,0.0555,0.0302,0.3144,0.29069766,trees
0.0292,0.0512,0.0289,0.2954,0.2736318,trees
0.0299,0.0466,0.029,0.2588,0.21830066,trees
0.02865,0.04565,0.0282,0.2439,0.22880214,trees
0.03035,0.04945,0.03005,0.262,0.23934838,trees
0.0315,0.0532,0.03195,0.3042,0.25619832,trees
0.0313,0.0488,0.02825,0.2939,0.21847688,trees
0.03005,0.04845,0.0289,0.2713,0.23439491,trees
0.0282,0.0512,0.02925,0.2753,0.28967252,trees
0.03105,0.05135,0.02945,0.2801,0.24635923,trees
0.02975,0.04915,0.03015,0.2773,0.24588086,trees
0.0295,0.04935,0.02995,0.2662,0.25174382,trees
0.02865,0.04785,0.03015,0.249,0.2509804,trees
0.0298,0.04975,0.03,0.2397,0.25078568,trees
0.03,0.04875,0.03235,0.2517,0.23809522,trees
0.02975,0.0492,0.0322,0.2611,0.24635841,trees
0.02665,0.04705,0.02895,0.2565,0.27679783,trees
0.0296,0.05125,0.0298,0.25835,0.26777983,trees
0.0296,0.05125,0.0298,0.25835,0.26777983,trees
0.0264,0.04655,0.02935,0.2522,0.27621657,trees
0.03,0.04835,0.0276,0.3078,0.23420548,trees
0.0312,0.04875,0.02745,0.314,0.2195122,trees
0.02865,0.04435,0.02445,0.3105,0.21506846,trees
0.0282,0.0448,0.024,0.3286,0.22739723,trees
0.0307,0.04845,0.0272,0.3102,0.22425775,trees
0.03075,0.0501,0.02735,0.3202,0.23933208,trees
0.03035,0.04885,0.02925,0.3196,0.23358586,trees
0.0297,0.0499,0.0292,0.307,0.25376883,trees
0.03,0.0487,0.0278,0.2974,0.2376112,trees
0.0292,0.048,0.0292,0.2764,0.2435233,trees
0.0265,0.0441,0.0261,0.2578,0.24929179,trees
0.0296,0.0494,0.0289,0.294,0.2506329,trees
0.0275,0.0468,0.0278,0.2934,0.25975773,trees
0.0282,0.0503,0.03,0.2814,0.28152862,trees
0.03145,0.0489,0.0314,0.2709,0.21717489,trees
0.0266,0.043,0.0273,0.2617,0.23563221,trees
0.0288,0.0462,0.02655,0.266,0.232,trees
0.03025,0.04805,0.0282,0.28635,0.2273308,trees
0.0276,0.0488,0.02735,0.2592,0.27748692,trees
0.0257,0.04205,0.02495,0.2608,0.24132843,trees
0.02505,0.04375,0.02345,0.2618,0.2718023,trees
0.02535,0.0427,0.024,0.2668,0.25495958,trees
0.02885,0.04985,0.02685,0.2949,0.26683608,trees
0.0293,0.0503,0.02925,0.2859,0.26381907,trees
0.02785,0.0492,0.02825,0.2877,0.27709278,trees
0.0293,0.04935,0.02745,0.3027,0.2549269,trees
0.0283,0.04835,0.02625,0.2852,0.2615786,trees
0.0273,0.0484,0.02585,0.2873,0.27873182,trees
0.02835,0.05425,0.02755,0.312,0.31355932,trees
0.02835,0.05425,0.02755,0.312,0.31355932,trees
0.02775,0.0522,0.0267,0.3114,0.3058161,trees
0.0279,0.0521,0.027,0.3045,0.3025,trees
0.03055,0.05675,0.03095,0.3329,0.30011454,trees
0.0303,0.0548,0.0299,0.3122,0.28789657,trees
0.0283,0.0494,0.0278,0.2754,0.27155727,trees
0.0293,0.0511,0.0309,0.2702,0.27114427,trees
0.0287,0.0472,0.0276,0.2668,0.24374178,trees
0.0288,0.0505,0.0286,0.274,0.27364442,trees
0.0288,0.0481,0.029,0.2766,0.25097528,trees
0.029,0.05095,0.03035,0.2764,0.2745466,trees
0.0304,0.0545,0.03165,0.2869,0.28386334,trees
0.02945,0.0547,0.0282,0.2899,0.3000594,trees
0.0301,0.05335,0.03045,0.2996,0.27860996,trees
0.0287,0.0523,0.0282,0.2865,0.29135802,trees
0.0295,0.047,0.02915,0.2649,0.22875816,trees
0.0268,0.0437,0.026,0.247,0.23971629,trees
0.032,0.0515,0.0318,0.2836,0.23353292,trees
0.032,0.0529,0.0321,0.3176,0.24617195,trees
0.0277,0.0469,0.0267,0.2742,0.25737268,trees
0.0301,0.0482,0.0283,0.2614,0.2311622,trees
0.0298,0.0499,0.029,0.2808,0.25219572,trees
0.0308,0.04955,0.0306,0.2881,0.23335409,trees
0.03015,0.05145,0.03035,0.3049,0.26102942,trees
0.0301,0.05085,0.0311,0.2846,0.2563311,trees
0.0293,0.0486,0.0301,0.253,0.24775352,trees
0.0289,0.04505,0.03,0.2421,0.2183908,trees
0.0283,0.04475,0.0304,0.2425,0.22518824,trees
0.0267,0.046,0.0309,0.2392,0.26547456,trees
0.029,0.047,0.0302,0.2554,0.2368421,trees
0.029,0.047,0.0302,0.2554,0.2368421,trees
0.0278,0.0492,0.0292,0.2558,0.27792206,trees
0.0277,0.0423,0.0268,0.2316,0.20857145,trees
0.02855,0.04805,0.0272,0.2867,0.2545692,trees
0.0295,0.0457,0.0258,0.28455,0.21542552,trees
0.0292,0.04555,0.0258,0.3103,0.2187291,trees
0.0289,0.0476,0.0254,0.3209,0.24444447,trees
0.02945,0.0478,0.02675,0.2857,0.23754045,trees
0.02875,0.0478,0.0261,0.2939,0.24885696,trees
0.02775,0.04875,0.0284,0.3273,0.2745098,trees
0.0288,0.0485,0.0281,0.311,0.25485125,trees
0.0292,0.0472,0.0269,0.284,0.2356021,trees
0.029,0.0472,0.028,0.2858,0.23884517,trees
0.0283,0.045,0.0275,0.2654,0.22783084,trees
0.0296,0.0479,0.028,0.2872,0.23612902,trees
0.029,0.0464,0.0269,0.3028,0.23076925,trees
0.0292,0.046,0.0281,0.2746,0.22340424,trees
0.0303,0.04535,0.0309,0.261,0.1989425,trees
0.0278,0.04415,0.02855,0.2677,0.22724114,trees
0.02885,0.04595,0.02685,0.25885,0.2286096,trees
0.0307,0.04815,0.03,0.2686,0.22130626,trees
0.02895,0.04735,0.02955,0.2647,0.24115334,trees
0.027,0.0443,0.02845,0.267,0.24263676,trees
0.02595,0.04235,0.0262,0.2633,0.24011715,trees
0.0269,0.0431,0.02595,0.2672,0.23142855,trees
0.03045,0.05145,0.0294,0.3003,0.25641024,trees
0.02945,0.0511,0.031,0.3094,0.26877716,trees
0.0294,0.05045,0.0311,0.3091,0.26361927,trees
0.02895,0.0491,0.0286,0.3108,0.25816783,trees
0.02655,0.0424,0.0251,0.264,0.22987671,trees
0.02695,0.0457,0.0261,0.2629,0.2580867,trees
0.02695,0.0457,0.0261,0.2629,0.2580867,trees
0.02775,0.0498,0.02755,0.2867,0.2843327,trees
0.0297,0.05485,0.0284,0.3014,0.29745713,trees
0.0293,0.05265,0.02905,0.2966,0.28492984,trees
0.0302,0.05505,0.03085,0.30865,0.2914956,trees
0.0299,0.0544,0.0291,0.2972,0.29062873,trees
0.0276,0.0495,0.028,0.2656,0.28404668,trees
0.0281,0.0522,0.0299,0.264,0.30012453,trees
0.0292,0.0519,0.0307,0.2744,0.27990133,trees
0.0285,0.0521,0.0306,0.2752,0.29280394,trees
0.0291,0.0481,0.0298,0.2756,0.24611397,trees
0.0292,0.05335,0.0309,0.2786,0.29254997,trees
0.02825,0.0517,0.02845,0.2786,0.29330832,trees
0.0282,0.0496,0.02715,0.2631,0.27506426,trees
0.02885,0.0542,0.02895,0.27535,0.30523783,trees
0.0295,0.05425,0.02895,0.294,0.2955224,trees
0.02805,0.0477,0.02785,0.2807,0.25940594,trees
0.0276,0.0451,0.025,0.2546,0.24071527,trees
0.0313,0.0529,0.0303,0.2964,0.25653207,trees
0.0313,0.0517,0.0304,0.3116,0.2457831,trees
0.0275,0.0471,0.0265,0.2964,0.2627346,trees
0.0286,0.0486,0.0293,0.2812,0.25906736,trees
0.0303,0.052,0.0305,0.291,0.26366952,trees
0.02905,0.0489,0.02885,0.2811,0.2546504,trees
0.03095,0.052,0.03045,0.2781,0.2537673,trees
0.02985,0.0485,0.03085,0.2573,0.23803447,trees
0.0295,0.04825,0.03115,0.2457,0.24115758,trees
0.03055,0.04505,0.0307,0.2427,0.19179894,trees
0.02695,0.0437,0.02805,0.2398,0.23708421,trees
0.027,0.0436,0.0292,0.234,0.23512746,trees
0.0293,0.047,0.0295,0.2608,0.23197901,trees
0.0293,0.047,0.0295,0.2608,0.23197901,trees
0.0276,0.0483,0.0292,0.2526,0.27272728,trees
0.0274,0.0459,0.0289,0.2348,0.25238743,trees
0.0273,0.0436,0.0243,0.2561,0.22990127,trees
0.0293,0.04465,0.0254,0.2518,0.20757267,trees
0.02995,0.0467,0.02865,0.2735,0.21852577,trees
0.031,0.04825,0.0287,0.2733,0.21766563,trees
0.03125,0.04605,0.02755,0.2779,0.19146186,trees
0.02695,0.0459,0.02635,0.2869,0.26012352,trees
0.02715,0.0478,0.0271,0.3084,0.27551702,trees
0.0288,0.04885,0.02775,0.3323,0.25820994,trees
0.0289,0.0476,0.0292,0.3138,0.24444447,trees
0.027,0.0473,0.0292,0.2956,0.2732167,trees
0.0276,0.0457,0.0272,0.2902,0.24693042,trees
0.0289,0.0469,0.0271,0.3046,0.23746702,trees
0.0291,0.0459,0.0272,0.2954,0.22399996,trees
0.0279,0.0462,0.0283,0.292,0.24696356,trees
0.02905,0.0478,0.029,0.2646,0.24398181,trees
0.02805,0.04405,0.0284,0.26,0.22191402,trees
0.0291,0.04475,0.02855,0.2602,0.21191603,trees
0.0305,0.04935,0.0307,0.2732,0.23606762,trees
0.0283,0.04725,0.029,0.2777,0.25082725,trees
0.0283,0.04605,0.0288,0.2741,0.23873572,trees
0.0258,0.0423,0.02505,0.2764,0.24229074,trees
0.02825,0.04485,0.0269,0.2757,0.22708617,trees
0.02945,0.04875,0.0299,0.2948,0.24680306,trees
0.02895,0.04965,0.0294,0.3107,0.26335877,trees
0.029,0.0502,0.0302,0.2978,0.26767677,trees
0.0284,0.04735,0.0277,0.2904,0.25016502,trees
0.02795,0.04695,0.02835,0.2762,0.2536716,trees
0.02855,0.04995,0.0288,0.2806,0.27261144,trees
0.02855,0.04995,0.0288,0.2806,0.27261144,trees
0.0292,0.05035,0.0286,0.3003,0.2658705,trees
0.0298,0.0565,0.03005,0.3131,0.30938587,trees
0.0309,0.0539,0.0311,0.3041,0.27122644,trees
0.0305,0.05615,0.0322,0.3018,0.29601848,trees
0.0305,0.0543,0.031,0.3,0.28066036,trees
0.0282,0.0512,0.0288,0.2698,0.28967252,trees
0.0281,0.0501,0.029,0.2784,0.2813299,trees
0.0304,0.0565,0.0306,0.2872,0.3003452,trees
0.03,0.0572,0.0306,0.2784,0.3119266,trees
0.0292,0.0592,0.0301,0.2924,0.33936653,trees
0.0292,0.05635,0.02965,0.28255,0.31735826,trees
0.0284,0.0552,0.02885,0.27265,0.32057416,trees
0.0286,0.05005,0.0284,0.2708,0.2727273,trees
0.03,0.05795,0.0295,0.2921,0.31779423,trees
0.03035,0.0606,0.03135,0.3215,0.33260036,trees
0.0276,0.0476,0.0273,0.30535,0.26595747,trees
0.0289,0.0475,0.0261,0.2806,0.24345551,trees
0.0311,0.0516,0.0314,0.2872,0.24788395,trees
0.0308,0.0509,0.0308,0.3008,0.24602206,trees
0.0292,0.0534,0.0286,0.3066,0.2929782,trees
0.0285,0.0525,0.029,0.2876,0.29629627,trees
0.0292,0.0521,0.0301,0.2994,0.2816728,trees
0.0257,0.04755,0.02775,0.26015,0.29829356,trees
0.0287,0.0467,0.02825,0.2522,0.2387268,trees
0.03045,0.0472,0.03005,0.2543,0.21571155,trees
0.0301,0.046,0.0282,0.2425,0.20893562,trees
0.02935,0.04485,0.03105,0.25,0.20889488,trees
0.02605,0.04595,0.02765,0.2502,0.27638888,trees
0.0264,0.0448,0.0291,0.2436,0.25842696,trees
0.0301,0.0482,0.0326,0.2526,0.2311622,trees
0.0301,0.0482,0.0326,0.2526,0.2311622,trees
0.0277,0.0475,0.0305,0.2482,0.2632979,trees
0.028,0.0448,0.03,0.2308,0.23076922,trees
0.0265,0.04395,0.02535,0.2484,0.24769339,trees
0.0297,0.04465,0.02895,0.2634,0.20107599,trees
0.0313,0.0473,0.0297,0.2843,0.20356232,trees
0.03165,0.04835,0.03045,0.28,0.20875,trees
0.03315,0.04915,0.03015,0.2823,0.19441073,trees
0.028,0.0459,0.0284,0.27855,0.24221918,trees
0.0285,0.0456,0.02765,0.2955,0.23076923,trees
0.0305,0.0499,0.0293,0.3579,0.24129352,trees
0.0285,0.0496,0.0295,0.3416,0.27016646,trees
0.026,0.0468,0.025,0.2858,0.28571427,trees
0.028,0.0474,0.029,0.2874,0.25729442,trees
0.0275,0.0472,0.0281,0.292,0.2637216,trees
0.0271,0.0458,0.0255,0.2739,0.25651577,trees
0.0276,0.0453,0.0257,0.2916,0.24279836,trees
0.02645,0.04445,0.0271,0.2765,0.25387868,trees
0.0289,0.0453,0.02885,0.2551,0.22102427,trees
0.0294,0.0471,0.0284,0.2658,0.23137255,trees
0.0315,0.04955,0.0292,0.2834,0.22270203,trees
0.02725,0.04575,0.02915,0.2929,0.25342467,trees
0.0261,0.04405,0.02635,0.2736,0.25588024,trees
0.0261,0.0445,0.0246,0.2739,0.26062322,trees
0.0291,0.046,0.02685,0.2774,0.22503327,trees
0.0284,0.04815,0.0292,0.2836,0.2580013,trees
0.0287,0.04865,0.02825,0.3025,0.25791857,trees
0.02945,0.04855,0.02905,0.3064,0.24487181,trees
0.02815,0.0472,0.02725,0.2881,0.2528202,trees
0.029,0.04845,0.0284,0.2984,0.25112978,trees
0.02865,0.05105,0.02985,0.3069,0.28105393,trees
0.02865,0.05105,0.02985,0.3069,0.28105393,trees
0.0304,0.0499,0.0296,0.3124,0.24283932,trees
0.0301,0.0534,0.0304,0.3007,0.27904192,trees
0.03145,0.0541,0.03115,0.3101,0.26475745,trees
0.03185,0.0563,0.03245,0.3115,0.27736816,trees
0.0325,0.0557,0.033,0.3098,0.26303855,trees
0.0309,0.0505,0.0294,0.2773,0.24078627,trees
0.0296,0.0509,0.0296,0.292,0.26459628,trees
0.0314,0.0558,0.0304,0.306,0.2798165,trees
0.0321,0.0592,0.0309,0.3078,0.29682368,trees
0.0317,0.0611,0.0317,0.3256,0.31681034,trees
0.03035,0.0608,0.0308,0.29975,0.33406475,trees
0.03185,0.06025,0.031,0.2948,0.3083605,trees
0.0312,0.0561,0.0323,0.2911,0.28522336,trees
0.0319,0.05675,0.0305,0.3096,0.28031585,trees
0.0323,0.05845,0.03165,0.3297,0.28815427,trees
0.02805,0.0505,0.0268,0.3164,0.28580523,trees
0.0279,0.0491,0.0256,0.2878,0.2753247,trees
0.0288,0.0517,0.0298,0.2919,0.28447205,trees
0.0297,0.0522,0.0308,0.2994,0.2747253,trees
0.0294,0.053,0.0281,0.293,0.28640774,trees
0.0296,0.0503,0.0282,0.2884,0.25907382,trees
0.0308,0.0531,0.0293,0.2966,0.2657926,trees
0.0267,0.04475,0.02685,0.2596,0.25262424,trees
0.0294,0.04615,0.02765,0.2457,0.22170746,trees
0.03075,0.0482,0.02965,0.2632,0.22102594,trees
0.02995,0.0458,0.02935,0.2486,0.20924093,trees
0.028,0.04525,0.0287,0.2519,0.23549487,trees
0.02675,0.04485,0.02825,0.25715,0.25279328,trees
0.0285,0.0481,0.0294,0.26,0.25587466,trees
0.0285,0.0481,0.0294,0.26,0.25587466,trees
0.0285,0.0477,0.0307,0.2547,0.2519685,trees
0.0253,0.0427,0.0301,0.2313,0.25588235,trees
0.0258,0.0422,0.0286,0.2266,0.24117643,trees
0.0279,0.043,0.0267,0.264,0.21297605,trees
0.02975,0.0468,0.02885,0.2822,0.22273022,trees
0.02995,0.0474,0.03125,0.2891,0.22559793,trees
0.03165,0.0504,0.0317,0.2996,0.22851922,trees
0.03085,0.0517,0.0313,0.3019,0.25257418,trees
0.0284,0.04525,0.02815,0.286,0.22878477,trees
0.03005,0.0458,0.02845,0.2844,0.20764667,trees
0.03165,0.0529,0.0307,0.3324,0.25133058,trees
0.029,0.0538,0.0293,0.335,0.29951695,trees
0.0271,0.048,0.028,0.2752,0.27829558,trees
0.0282,0.0442,0.0267,0.2652,0.22099444,trees
0.0274,0.047,0.0268,0.2644,0.26344085,trees
0.0276,0.0451,0.0257,0.2564,0.24071527,trees
0.0267,0.0449,0.0267,0.2908,0.25418997,trees
0.02555,0.0449,0.0264,0.2705,0.27466288,trees
0.0268,0.0434,0.02615,0.25285,0.23646727,trees
0.0293,0.0466,0.02825,0.2555,0.22793145,trees
0.0301,0.0487,0.0297,0.2876,0.23604064,trees
0.02665,0.0445,0.02695,0.2977,0.25087842,trees
0.0254,0.04265,0.02605,0.2639,0.2534901,trees
0.0265,0.0443,0.0276,0.2771,0.25141245,trees
0.0286,0.04415,0.0271,0.2691,0.21374568,trees
0.02715,0.0458,0.0281,0.2685,0.25565457,trees
0.0284,0.04965,0.02745,0.3033,0.27226135,trees
0.0281,0.05085,0.02745,0.315,0.28815705,trees
0.0274,0.046,0.02835,0.2873,0.253406,trees
0.0292,0.0514,0.0289,0.2893,0.27543423,trees
0.02985,0.0499,0.02995,0.3111,0.25141063,trees
0.02985,0.0499,0.02995,0.3111,0.25141063,trees
0.029,0.0497,0.0291,0.3166,0.26302415,trees
0.0302,0.05345,0.0304,0.3153,0.2779438,trees
0.03005,0.05395,0.02995,0.3121,0.28452381,trees
0.03175,0.05365,0.0312,0.3087,0.25644025,trees
0.0315,0.0534,0.0312,0.3077,0.2579505,trees
0.0293,0.0483,0.0292,0.2922,0.24484538,trees
0.0299,0.0478,0.0277,0.2858,0.23037323,trees
0.0309,0.0532,0.0289,0.31,0.2651605,trees
0.0306,0.0572,0.0307,0.314,0.3029613,trees
0.031,0.0599,0.0306,0.335,0.3179318,trees
0.03165,0.058,0.0296,0.2963,0.2939208,trees
0.0321,0.05725,0.0329,0.2944,0.28147736,trees
0.03385,0.0566,0.0339,0.2972,0.2515202,trees
0.0319,0.0581,0.03185,0.3237,0.2911111,trees
0.03235,0.06005,0.0307,0.3409,0.29978356,trees
0.0286,0.05055,0.0268,0.3024,0.27732155,trees
0.0299,0.0496,0.0268,0.301,0.24779876,trees
0.0292,0.0507,0.0294,0.311,0.26908636,trees
0.028,0.052,0.0289,0.2976,0.3,trees
0.0291,0.0489,0.0271,0.2872,0.25384614,trees
0.029,0.0504,0.0284,0.2842,0.26952142,trees
0.0314,0.0534,0.0313,0.2916,0.25943395,trees
0.0272,0.04505,0.0276,0.2496,0.2470588,trees
0.0291,0.04625,0.0293,0.253,0.22760451,trees
0.0297,0.0485,0.0324,0.263,0.24040924,trees
0.0295,0.04605,0.02995,0.2609,0.21906023,trees
0.02745,0.04475,0.02655,0.2516,0.23961219,trees
0.02735,0.0442,0.0281,0.2475,0.23549967,trees
0.0263,0.0476,0.0304,0.2382,0.28822735,trees
0.0263,0.0476,0.0304,0.2382,0.28822735,trees
0.0262,0.0448,0.0303,0.2498,0.26197183,trees
0.0274,0.0428,0.0289,0.2438,0.21937323,trees
0.0276,0.0458,0.0298,0.2376,0.24795642,trees
0.02995,0.0458,0.0281,0.2708,0.20924093,trees
0.03,0.04805,0.02905,0.2907,0.23126203,trees
0.02925,0.04745,0.03045,0.289,0.23728812,trees
0.03075,0.048,0.0284,0.2893,0.21904762,trees
0.03025,0.0485,0.0297,0.302,0.23174605,trees
0.02705,0.0453,0.0271,0.2922,0.25224605,trees
0.0289,0.04675,0.0283,0.2885,0.23595509,trees
0.0325,0.0531,0.02995,0.30345,0.24065422,trees
0.0312,0.0549,0.0296,0.3124,0.27526137,trees
0.0276,0.0478,0.0274,0.2756,0.26790452,trees
0.027,0.0458,0.0284,0.2746,0.25824174,trees
0.0264,0.0464,0.0272,0.271,0.2747253,trees
0.0272,0.0438,0.0269,0.2658,0.23380281,trees
0.0263,0.0471,0.0272,0.2898,0.28337875,trees
0.02515,0.0456,0.0255,0.2827,0.28904596,trees
0.02415,0.04285,0.02365,0.2539,0.27910444,trees
0.0271,0.0453,0.0263,0.259,0.2513812,trees
0.0279,0.04805,0.02765,0.2852,0.26530617,trees
0.02355,0.04185,0.0234,0.2642,0.2798165,trees
0.0259,0.04195,0.02385,0.28295,0.23655118,trees
0.028,0.04685,0.02805,0.2889,0.251837,trees
0.0273,0.04445,0.02815,0.2712,0.23902439,trees
0.02655,0.04345,0.02615,0.2621,0.24142858,trees
0.02955,0.048,0.02745,0.2909,0.23791103,trees
0.02795,0.0484,0.0272,0.3015,0.26784542,trees
0.0279,0.04475,0.0284,0.28145,0.23193395,trees
0.03185,0.05145,0.03115,0.2872,0.23529413,trees
0.03185,0.05145,0.03115,0.2872,0.23529413,trees
0.0298,0.05115,0.03055,0.3056,0.26374307,trees
0.0293,0.0508,0.02785,0.3477,0.26841447,trees
0.0307,0.05455,0.0297,0.3553,0.2797654,trees
0.02995,0.0532,0.0294,0.316,0.27961513,trees
0.0296,0.05035,0.02755,0.3033,0.25953722,trees
0.0294,0.0509,0.0291,0.3076,0.26774594,trees
0.0283,0.049,0.0289,0.301,0.2677878,trees
0.0287,0.0484,0.0276,0.2906,0.25551233,trees
0.0316,0.0556,0.0301,0.3138,0.27522936,trees
0.0303,0.0598,0.0305,0.3104,0.32741398,trees
0.0294,0.0532,0.0278,0.305,0.2881356,trees
0.03025,0.0543,0.0289,0.30265,0.28444707,trees
0.0317,0.05465,0.03115,0.30425,0.2657788,trees
0.03235,0.056,0.0323,0.3087,0.26768535,trees
0.03285,0.058,0.03275,0.3168,0.27682993,trees
0.0328,0.0595,0.03,0.3418,0.28927413,trees
0.0308,0.0537,0.0302,0.315,0.27100593,trees
0.0318,0.0546,0.0326,0.3108,0.26388887,trees
0.0311,0.0543,0.0322,0.304,0.27166277,trees
0.031,0.0533,0.03,0.2928,0.26453146,trees
0.0303,0.0495,0.0289,0.288,0.24060148,trees
0.0301,0.0527,0.0301,0.2774,0.2729469,trees
0.0303,0.0511,0.0309,0.2707,0.25552827,trees
0.0291,0.0463,0.0286,0.2538,0.2281167,trees
0.02945,0.04845,0.03095,0.2581,0.24390246,trees
0.0291,0.04565,0.0288,0.2582,0.22140467,trees
0.0273,0.04365,0.02745,0.2567,0.23044398,trees
0.02555,0.04125,0.02645,0.2304,0.23502997,trees
0.0258,0.04295,0.0279,0.2426,0.24945454,trees
0.0255,0.0452,0.0289,0.247,0.27864215,trees
0.0255,0.0452,0.0289,0.247,0.27864215,trees
0.0267,0.0462,0.0309,0.2564,0.26748973,trees
0.0271,0.0469,0.0296,0.2518,0.26756757,trees
0.0264,0.0455,0.031,0.2452,0.26564673,trees
0.0283,0.0442,0.0284,0.2796,0.21931034,trees
0.0294,0.0457,0.0293,0.295,0.21704392,trees
0.02745,0.0457,0.0279,0.2679,0.24948733,trees
0.03035,0.04605,0.0276,0.2805,0.20549741,trees
0.0293,0.04715,0.02765,0.2955,0.23348592,trees
0.02665,0.04335,0.0254,0.2851,0.23857142,trees
0.0283,0.04555,0.0267,0.29825,0.23358159,trees
0.03035,0.05095,0.02965,0.30455,0.25338253,trees
0.0305,0.0536,0.03,0.314,0.27467299,trees
0.0277,0.0474,0.0272,0.2756,0.2623169,trees
0.0276,0.0448,0.027,0.274,0.23756905,trees
0.0266,0.0477,0.0261,0.2852,0.28398386,trees
0.0265,0.0437,0.0253,0.2784,0.24501424,trees
0.0263,0.0437,0.0252,0.2912,0.24857141,trees
0.0279,0.0449,0.0241,0.2884,0.23351651,trees
0.0244,0.0431,0.0252,0.2714,0.27703705,trees
0.0254,0.0428,0.023,0.2486,0.255132,trees
0.0263,0.0457,0.0259,0.278,0.26944444,trees
0.0268,0.0493,0.026,0.298,0.29566363,trees
0.0272,0.0505,0.0295,0.2986,0.2998713,trees
0.03,0.0502,0.0309,0.3008,0.25187033,trees
0.0292,0.0465,0.028,0.2938,0.22853369,trees
0.0268,0.0449,0.0267,0.2658,0.25244075,trees
0.0296,0.0483,0.0296,0.2788,0.24005137,trees
0.0294,0.0455,0.0273,0.288,0.21495324,trees
0.0289,0.0484,0.0284,0.2891,0.25226393,trees
0.0302,0.04995,0.03205,0.279,0.24641296,trees
0.0302,0.04995,0.03205,0.279,0.24641296,trees
0.0293,0.049,0.03135,0.2979,0.2515964,trees
0.0307,0.05245,0.0287,0.3516,0.2615755,trees
0.0288,0.0539,0.0296,0.369,0.30350664,trees
0.02945,0.0526,0.02705,0.3252,0.28214505,trees
0.02925,0.049,0.0274,0.3036,0.25239617,trees
0.0305,0.0545,0.0305,0.298,0.28235292,trees
0.0282,0.0518,0.0293,0.2984,0.29500002,trees
0.0288,0.0489,0.0292,0.2934,0.25868726,trees
0.0314,0.0558,0.0317,0.3098,0.2798165,trees
0.0312,0.0564,0.0287,0.3084,0.28767127,trees
0.0292,0.0518,0.0274,0.299,0.27901235,trees
0.03,0.0535,0.0292,0.2996,0.28143716,trees
0.0307,0.0543,0.0299,0.3112,0.27764705,trees
0.031,0.0567,0.0307,0.2976,0.29304448,trees
0.0318,0.0587,0.0318,0.3098,0.29723755,trees
0.0337,0.0622,0.0313,0.3356,0.29718456,trees
0.0318,0.0576,0.0316,0.3252,0.28859058,trees
0.0314,0.0516,0.0316,0.2858,0.24337351,trees
0.0311,0.0539,0.0313,0.2852,0.2682353,trees
0.0312,0.0514,0.0316,0.2852,0.24455206,trees
0.0298,0.0507,0.0307,0.2968,0.25962734,trees
0.03,0.0518,0.0299,0.2688,0.2665037,trees
0.0293,0.0464,0.0295,0.2612,0.22589166,trees
0.028,0.0472,0.02825,0.2491,0.25531915,trees
0.0274,0.0448,0.0286,0.2539,0.24099721,trees
0.0291,0.0441,0.0282,0.2514,0.20491804,trees
0.028,0.0461,0.0303,0.2521,0.24426451,trees
0.0255,0.04185,0.0265,0.2414,0.2427617,trees
0.027,0.04625,0.03005,0.2624,0.2627986,trees
0.02465,0.0427,0.0288,0.25,0.26800296,trees
0.02465,0.0427,0.0288,0.25,0.26800296,trees
0.0258,0.0446,0.0276,0.24365,0.26704544,trees
0.02495,0.04465,0.03045,0.2504,0.28304598,trees
0.02505,0.0434,0.0295,0.2516,0.2680789,trees
0.0283,0.0473,0.028,0.3108,0.25132275,trees
0.0291,0.0467,0.0286,0.2918,0.23218997,trees
0.02705,0.0445,0.02595,0.2794,0.24388543,trees
0.03075,0.049,0.0291,0.28265,0.2288401,trees
0.03005,0.04785,0.0299,0.2934,0.22849809,trees
0.0276,0.04385,0.02645,0.2854,0.22743177,trees
0.02685,0.0467,0.02615,0.29755,0.26988444,trees
0.03015,0.04975,0.02985,0.3273,0.24530664,trees
0.0302,0.0527,0.0305,0.3216,0.27141133,trees
0.0277,0.0449,0.0275,0.2714,0.2369146,trees
0.0274,0.045,0.0269,0.284,0.24309394,trees
0.0246,0.0436,0.0249,0.2891,0.2785924,trees
0.0236,0.0412,0.0234,0.2908,0.27160493,trees
0.0255,0.043,0.0247,0.293,0.25547448,trees
0.0288,0.045,0.0244,0.2917,0.21951224,trees
0.026,0.0433,0.0239,0.2828,0.24963924,trees
0.0254,0.0404,0.0217,0.2646,0.22796352,trees
0.0286,0.0468,0.0242,0.2906,0.2413793,trees
0.0294,0.0519,0.0287,0.2946,0.27675277,trees
0.031,0.0516,0.0339,0.3134,0.24939471,trees
0.0306,0.0506,0.0299,0.3198,0.2463054,trees
0.03,0.0478,0.0284,0.3054,0.2287918,trees
0.0265,0.0469,0.0261,0.2674,0.2779292,trees
0.0304,0.0444,0.0288,0.2676,0.18716575,trees
0.0305,0.0469,0.0292,0.2834,0.2118863,trees
0.0309,0.0504,0.0314,0.2876,0.23985241,trees
0.03065,0.0494,0.0324,0.27135,0.23422864,trees
0.03065,0.0494,0.0324,0.27135,0.23422864,trees
0.0293,0.0499,0.0311,0.2828,0.260101,trees
0.0296,0.05305,0.0307,0.3179,0.28372657,trees
0.0284,0.0551,0.0288,0.3385,0.3197605,trees
0.0292,0.05235,0.02775,0.32055,0.2838749,trees
0.0308,0.0496,0.0301,0.319,0.23383085,trees
0.0317,0.0548,0.0312,0.3216,0.267052,trees
0.0291,0.0509,0.0281,0.2994,0.2725,trees
0.0305,0.0526,0.0288,0.293,0.26594466,trees
0.0314,0.0557,0.0313,0.3044,0.2789897,trees
0.0307,0.0555,0.0291,0.2978,0.28770304,trees
0.0303,0.0539,0.0298,0.293,0.28028503,trees
0.0315,0.0561,0.0321,0.291,0.28082192,trees
0.0304,0.0553,0.0313,0.3046,0.2905484,trees
0.0308,0.0582,0.03,0.2896,0.30786517,trees
0.0323,0.0604,0.0316,0.3078,0.3031284,trees
0.0347,0.0605,0.0341,0.3344,0.2710084,trees
0.0332,0.058,0.0326,0.3219,0.27192983,trees
0.0323,0.0549,0.0316,0.2968,0.25917435,trees
0.0318,0.0547,0.0327,0.2852,0.26473984,trees
0.0313,0.0517,0.0339,0.2918,0.2457831,trees
0.032,0.0537,0.0324,0.3068,0.25320885,trees
0.0322,0.0517,0.0323,0.2844,0.23241952,trees
0.0295,0.0498,0.0313,0.2632,0.2559899,trees
0.02665,0.04565,0.0284,0.2519,0.26279393,trees
0.02735,0.0427,0.0285,0.26885,0.2191292,trees
0.0277,0.0472,0.0301,0.2643,0.26034716,trees
0.0288,0.04755,0.0332,0.2511,0.24557957,trees
0.02695,0.0459,0.0311,0.25145,0.26012352,trees
0.02735,0.0479,0.0307,0.2749,0.2730897,trees
0.02735,0.0479,0.0307,0.2749,0.2730897,trees
0.02395,0.04335,0.0278,0.2505,0.28826153,trees
0.0242,0.04215,0.0274,0.2266,0.27053502,trees
0.0283,0.04335,0.0289,0.237,0.21004885,trees
0.0277,0.04635,0.02995,0.2599,0.25185686,trees
0.0258,0.0471,0.026,0.3118,0.29218107,trees
0.0274,0.0476,0.0262,0.2918,0.26933333,trees
0.02825,0.04625,0.02775,0.2896,0.24161075,trees
0.0291,0.05075,0.03015,0.2944,0.27113333,trees
0.02685,0.0459,0.0283,0.2712,0.26185563,trees
0.0262,0.0438,0.02705,0.2718,0.25142857,trees
0.02615,0.0431,0.0261,0.2969,0.24476534,trees
0.02795,0.05025,0.02895,0.3372,0.28516626,trees
0.0289,0.0541,0.0292,0.3284,0.30361447,trees
0.0269,0.0483,0.0275,0.2708,0.28457445,trees
0.0259,0.0458,0.0261,0.2773,0.27754533,trees
0.0239,0.0432,0.0231,0.2884,0.2876304,trees
0.0223,0.0397,0.0218,0.289,0.2806452,trees
0.026,0.0434,0.0252,0.288,0.25072047,trees
0.0254,0.0467,0.0264,0.2766,0.29542303,trees
0.0234,0.0395,0.0225,0.2498,0.2559619,trees
0.0246,0.0396,0.023,0.2556,0.23364487,trees
0.0269,0.045,0.0272,0.291,0.25173852,trees
0.0303,0.0491,0.0311,0.2886,0.2367758,trees
0.0302,0.0506,0.0329,0.2954,0.25247523,trees
0.0298,0.0481,0.0291,0.3162,0.23491654,trees
0.03,0.0479,0.0303,0.2998,0.22978176,trees
0.0298,0.0485,0.0286,0.283,0.23882505,trees
0.0316,0.0489,0.0304,0.2768,0.21490686,trees
0.0328,0.0501,0.0339,0.2858,0.20868514,trees
0.0301,0.049,0.0304,0.2773,0.23893805,trees
0.0301,0.049,0.0304,0.2773,0.23893805,trees
0.0287,0.04655,0.0321,0.2693,0.23720929,trees
0.0306,0.0516,0.0327,0.2771,0.25547445,trees
0.03205,0.05405,0.0307,0.3148,0.25551686,trees
0.0294,0.05595,0.02965,0.3098,0.31107205,trees
0.0299,0.0545,0.0296,0.3176,0.2914692,trees
0.0303,0.0556,0.0311,0.3351,0.29452848,trees
0.0307,0.0555,0.0307,0.3366,0.28770304,trees
0.0295,0.0512,0.0287,0.3157,0.26889715,trees
0.0314,0.0553,0.0312,0.305,0.27566323,trees
0.0315,0.0565,0.0321,0.31,0.2840909,trees
0.0326,0.0576,0.0314,0.3006,0.27716184,trees
0.0312,0.0585,0.0332,0.3038,0.30434784,trees
0.0316,0.058,0.0336,0.3216,0.29464287,trees
0.0306,0.0555,0.0314,0.3084,0.2891986,trees
0.0313,0.0591,0.0315,0.3068,0.30752212,trees
0.0324,0.0619,0.0341,0.335,0.31283137,trees
0.033,0.0602,0.0343,0.3604,0.29184547,trees
0.0349,0.0598,0.0351,0.3376,0.2629356,trees
0.0344,0.0591,0.0372,0.3146,0.2641711,trees
0.0303,0.0536,0.0323,0.292,0.27771154,trees
0.0298,0.0539,0.0328,0.3088,0.28793308,trees
0.0304,0.0531,0.0318,0.3232,0.2718563,trees
0.029,0.052,0.03,0.3028,0.28395063,trees
0.0294,0.0488,0.0292,0.2934,0.24808183,trees
0.02765,0.0444,0.02935,0.2876,0.23247743,trees
0.0269,0.0456,0.0285,0.2865,0.25793102,trees
0.02575,0.0464,0.0264,0.28,0.2862093,trees
0.0267,0.0452,0.02965,0.2489,0.25730184,trees
0.02615,0.0467,0.02815,0.247,0.2820865,trees
0.0266,0.046,0.0285,0.2662,0.26721764,trees
0.0266,0.046,0.0285,0.2662,0.26721764,trees
0.02475,0.0464,0.0262,0.2538,0.30428672,trees
0.02625,0.0415,0.0249,0.2365,0.22509225,trees
0.0262,0.0479,0.0284,0.2521,0.29284748,trees
0.02695,0.04745,0.02875,0.2517,0.2755376,trees
0.0272,0.0473,0.026,0.3306,0.26979864,trees
0.0302,0.0491,0.0275,0.3072,0.23833543,trees
0.0286,0.0507,0.0295,0.3193,0.27868855,trees
0.02815,0.04655,0.02795,0.3019,0.2463186,trees
0.02785,0.04705,0.0266,0.2784,0.2563418,trees
0.02725,0.04595,0.0256,0.2756,0.25546446,trees
0.0253,0.0416,0.02425,0.2649,0.24364723,trees
0.0265,0.04515,0.02405,0.2802,0.2602931,trees
0.0253,0.0426,0.0245,0.2786,0.25478643,trees
0.0251,0.0397,0.0235,0.2564,0.22530866,trees
0.0251,0.0389,0.0227,0.2698,0.215625,trees
0.0234,0.0415,0.0225,0.2814,0.2788906,trees
0.0219,0.0387,0.0218,0.2768,0.27722773,trees
0.0241,0.0432,0.0237,0.2644,0.28380388,trees
0.0254,0.0425,0.0238,0.2422,0.25184095,trees
0.0232,0.0382,0.0216,0.2622,0.24429967,trees
0.0263,0.0449,0.0258,0.2836,0.26123595,trees
0.0289,0.049,0.028,0.2834,0.2580231,trees
0.0286,0.0446,0.031,0.2792,0.21857922,trees
0.029,0.0494,0.0306,0.282,0.2602041,trees
0.031,0.0494,0.032,0.299,0.22885573,trees
0.0294,0.0493,0.0322,0.3024,0.25285897,trees
0.029,0.0477,0.0316,0.298,0.24380703,trees
0.0316,0.0521,0.0344,0.3002,0.24492234,trees
0.0332,0.0531,0.036,0.3062,0.23059098,trees
0.0292,0.049,0.0321,0.2912,0.25319692,trees
0.0292,0.049,0.0321,0.2912,0.25319692,trees
0.02935,0.0475,0.03145,0.2854,0.23617437,trees
0.03115,0.05275,0.03305,0.2961,0.25744933,trees
0.0309,0.05695,0.03075,0.3238,0.2965282,trees
0.03005,0.0546,0.03115,0.3112,0.29001772,trees
0.03055,0.0552,0.03135,0.316,0.28746358,trees
0.03085,0.05565,0.03175,0.3088,0.28670517,trees
0.0316,0.0564,0.0327,0.3288,0.2818182,trees
0.0301,0.0579,0.0311,0.323,0.31590912,trees
0.0307,0.0553,0.0309,0.3096,0.2860465,trees
0.0319,0.0552,0.0324,0.2994,0.2675086,trees
0.0336,0.0575,0.0345,0.314,0.2623491,trees
0.0332,0.0598,0.0364,0.3146,0.28602153,trees
0.0329,0.0603,0.0357,0.3218,0.29399142,trees
0.0307,0.0577,0.0314,0.3206,0.30542988,trees
0.0331,0.0602,0.0322,0.3204,0.29046085,trees
0.0349,0.0607,0.034,0.3392,0.2698745,trees
0.0338,0.0598,0.0317,0.3496,0.2777778,trees
0.0346,0.0594,0.0349,0.3296,0.2638298,trees
0.0333,0.0576,0.0332,0.3086,0.26732668,trees
0.0309,0.0545,0.0307,0.3056,0.2763466,trees
0.0314,0.0598,0.032,0.3212,0.31140354,trees
0.0297,0.0554,0.03,0.3403,0.30199766,trees
0.0284,0.0538,0.0289,0.337,0.30900243,trees
0.0284,0.0506,0.0282,0.3206,0.28101265,trees
0.02715,0.045,0.02865,0.3124,0.24740128,trees
0.0275,0.0486,0.02805,0.3082,0.27726674,trees
0.0257,0.0485,0.02635,0.2865,0.30727765,trees
0.02495,0.0449,0.0267,0.2501,0.28561205,trees
0.02675,0.0456,0.0272,0.2659,0.26053905,trees
0.02735,0.0489,0.02965,0.2774,0.28262296,trees
0.02735,0.0489,0.02965,0.2774,0.28262296,trees
0.02445,0.04555,0.02825,0.262,0.30142856,trees
0.0258,0.04595,0.0268,0.2527,0.28083622,trees
0.0276,0.0457,0.02795,0.2591,0.24693042,trees
0.02665,0.04645,0.02775,0.2559,0.27086183,trees
0.0287,0.0499,0.0273,0.353,0.2697201,trees
0.0298,0.0494,0.0274,0.3262,0.24747477,trees
0.02775,0.04945,0.02825,0.3157,0.28108808,trees
0.0271,0.04605,0.02685,0.3004,0.25905675,trees
0.0286,0.0479,0.02695,0.2889,0.25228757,trees
0.0285,0.04565,0.0264,0.2791,0.23128794,trees
0.02525,0.04195,0.0243,0.251,0.24851188,trees
0.0246,0.0394,0.02315,0.2507,0.23125003,trees
0.0233,0.0391,0.022,0.2648,0.25320512,trees
0.0241,0.0386,0.0215,0.28,0.23125997,trees
0.0245,0.0393,0.0223,0.2714,0.23197491,trees
0.0239,0.0414,0.0225,0.2624,0.26799387,trees
0.0236,0.0426,0.0214,0.258,0.287009,trees
0.024,0.0435,0.022,0.2458,0.2888889,trees
0.0229,0.0399,0.0234,0.2574,0.27070063,trees
0.0241,0.042,0.0225,0.279,0.2708018,trees
0.0274,0.0456,0.0276,0.284,0.24931508,trees
0.0289,0.0472,0.03,0.2734,0.24047309,trees
0.0271,0.0429,0.0281,0.262,0.22571428,trees
0.0292,0.0441,0.0286,0.2728,0.20327422,trees
0.032,0.049,0.0306,0.2946,0.20987651,trees
0.0302,0.0488,0.0319,0.2984,0.23544303,trees
0.0308,0.0477,0.0332,0.2946,0.21528661,trees
0.0324,0.0545,0.0335,0.306,0.2543153,trees
0.0342,0.0534,0.0339,0.3196,0.21917805,trees
0.0318,0.0511,0.0349,0.3104,0.2328106,trees
0.0318,0.0511,0.0349,0.3104,0.2328106,trees
0.03145,0.0517,0.032,0.3017,0.24353579,trees
0.03255,0.0549,0.03535,0.3187,0.25557464,trees
0.0314,0.05715,0.03135,0.3154,0.29079616,trees
0.0301,0.0532,0.02975,0.2919,0.27731094,trees
0.02845,0.05215,0.0308,0.2706,0.29404467,trees
0.0305,0.0556,0.03315,0.2919,0.2915215,trees
0.0313,0.06,0.034,0.3182,0.31434828,trees
0.0301,0.0554,0.0298,0.3118,0.29590642,trees
0.0288,0.0536,0.0285,0.2998,0.30097088,trees
0.0296,0.0517,0.03,0.2934,0.27183273,trees
0.033,0.057,0.0336,0.3056,0.26666665,trees
0.0332,0.0596,0.0369,0.3156,0.28448275,trees
0.0334,0.0606,0.0347,0.3164,0.28936175,trees
0.0312,0.0579,0.0325,0.3046,0.2996633,trees
0.0319,0.0562,0.0328,0.3082,0.27582294,trees
0.0328,0.0581,0.0332,0.333,0.27832782,trees
0.0309,0.0572,0.0312,0.3142,0.2985244,trees
0.0332,0.0546,0.0328,0.2978,0.24373579,trees
0.0319,0.0543,0.0328,0.31,0.25986078,trees
0.0317,0.0546,0.0317,0.3022,0.2653534,trees
0.0353,0.0629,0.0341,0.3366,0.28105903,trees
0.0333,0.0633,0.032,0.3566,0.310559,trees
0.0316,0.0604,0.03,0.35,0.3130435,trees
0.0286,0.0551,0.0283,0.3353,0.31660694,trees
0.02685,0.04885,0.0273,0.3133,0.29062086,trees
0.02795,0.05405,0.02805,0.3203,0.31829265,trees
0.0269,0.05005,0.0288,0.3084,0.30084473,trees
0.0246,0.04505,0.0264,0.2683,0.29361093,trees
0.0272,0.0487,0.0298,0.2729,0.28326747,trees
0.027,0.05085,0.02975,0.2829,0.30635837,trees
0.027,0.05085,0.02975,0.2829,0.30635837,trees
0.025,0.0471,0.02875,0.2683,0.30651873,trees
0.0264,0.04755,0.02855,0.2611,0.28600407,trees
0.02815,0.04635,0.0305,0.2631,0.2442953,trees
0.02745,0.04685,0.02965,0.2775,0.26110363,trees
0.028,0.053,0.027,0.3636,0.30864197,trees
0.028,0.0502,0.0268,0.3242,0.28388748,trees
0.0261,0.0437,0.02555,0.303,0.252149,trees
0.0266,0.04445,0.02545,0.2887,0.25123152,trees
0.02795,0.0467,0.02735,0.29465,0.25117213,trees
0.02745,0.0472,0.0272,0.3004,0.26456797,trees
0.02635,0.03995,0.0247,0.2607,0.20512818,trees
0.0261,0.04315,0.02535,0.2573,0.24620938,trees
0.0241,0.0386,0.0224,0.2596,0.23125997,trees
0.024,0.0382,0.0206,0.2806,0.2282958,trees
0.0232,0.0391,0.0222,0.28,0.2552167,trees
0.0244,0.0412,0.0218,0.2728,0.25609758,trees
0.0242,0.0417,0.0217,0.2734,0.26555392,trees
0.0225,0.0384,0.0207,0.2674,0.26108375,trees
0.025,0.042,0.0234,0.2862,0.2537313,trees
0.0256,0.0412,0.0241,0.2818,0.23353297,trees
0.0275,0.0451,0.0278,0.2732,0.24242425,trees
0.0269,0.0435,0.0276,0.2705,0.23579542,trees
0.0267,0.0429,0.0265,0.2566,0.23275863,trees
0.0278,0.047,0.0286,0.273,0.25668448,trees
0.0306,0.049,0.03,0.289,0.23115577,trees
0.0292,0.0467,0.0293,0.2976,0.23056653,trees
0.03,0.0476,0.0308,0.2962,0.22680414,trees
0.0312,0.0535,0.032,0.2958,0.26328218,trees
0.0329,0.0536,0.032,0.316,0.2393063,trees
0.0314,0.0527,0.034,0.3052,0.25326994,trees
0.0314,0.0527,0.034,0.3052,0.25326994,trees
0.0295,0.04905,0.0322,0.3014,0.24888606,trees
0.03195,0.0553,0.03115,0.3148,0.2676218,trees
0.0304,0.0551,0.0295,0.3049,0.2888889,trees
0.02845,0.0514,0.0275,0.2718,0.2874139,trees
0.0295,0.0538,0.02895,0.2918,0.2917167,trees
0.03145,0.06,0.0319,0.3284,0.31219244,trees
0.0304,0.058,0.0302,0.3116,0.31221718,trees
0.0287,0.0534,0.0277,0.3076,0.30085263,trees
0.0288,0.0525,0.028,0.3044,0.2915129,trees
0.0304,0.0505,0.0284,0.2916,0.2484549,trees
0.0322,0.054,0.0329,0.3042,0.25290024,trees
0.0303,0.0545,0.032,0.295,0.28537735,trees
0.0305,0.0559,0.0296,0.2896,0.29398146,trees
0.0288,0.055,0.0291,0.2706,0.31264916,trees
0.0323,0.0551,0.0318,0.2854,0.2608696,trees
0.0326,0.0563,0.0312,0.3152,0.26659167,trees
0.0308,0.0537,0.0306,0.2863,0.27100593,trees
0.0321,0.0547,0.0342,0.2768,0.26036867,trees
0.0337,0.0567,0.0352,0.3012,0.25442478,trees
0.0322,0.0528,0.0325,0.2806,0.24235292,trees
0.0345,0.0634,0.0361,0.3218,0.2951992,trees
0.0368,0.0678,0.0365,0.3702,0.2963671,trees
0.0362,0.0678,0.0329,0.382,0.30384612,trees
0.0302,0.059,0.0302,0.3277,0.32286993,trees
0.02835,0.04725,0.0253,0.2768,0.25,trees
0.03245,0.05615,0.033,0.3237,0.26749435,trees
0.03135,0.0571,0.033,0.345,0.29112494,trees
0.0262,0.0454,0.02845,0.2751,0.2681564,trees
0.02715,0.04685,0.02895,0.2846,0.26621622,trees
0.02715,0.04685,0.02895,0.2846,0.26621622,trees
0.02595,0.0467,0.02745,0.2768,0.28561598,trees
0.02675,0.046,0.0282,0.2616,0.2646048,trees
0.0271,0.04905,0.03105,0.2752,0.28824687,trees
0.0271,0.04565,0.03025,0.2723,0.25498283,trees
0.0271,0.05115,0.0297,0.2925,0.30734822,trees
0.0282,0.0543,0.0277,0.3364,0.31636363,trees
0.0279,0.0502,0.0258,0.3094,0.2855314,trees
0.02715,0.04335,0.02505,0.2816,0.22978723,trees
0.02765,0.04395,0.02715,0.279,0.22765362,trees
0.0269,0.04265,0.0267,0.2782,0.22645576,trees
0.02505,0.0456,0.02625,0.2828,0.29087052,trees
0.02385,0.0423,0.02445,0.2738,0.27891156,trees
0.0277,0.0464,0.02735,0.2754,0.25236166,trees
0.0258,0.04435,0.0246,0.2715,0.2644333,trees
0.02485,0.041,0.02105,0.2695,0.24525437,trees
0.02245,0.03905,0.02065,0.2856,0.2699187,trees
0.0236,0.04075,0.0218,0.28145,0.26651126,trees
0.0253,0.0448,0.02465,0.2881,0.27817404,trees
0.02235,0.0423,0.0217,0.2834,0.3085847,trees
0.02535,0.0475,0.02425,0.3069,0.30404937,trees
0.02605,0.04325,0.0258,0.2802,0.24819624,trees
0.02855,0.04745,0.0291,0.2823,0.24868418,trees
0.0284,0.0444,0.0271,0.2755,0.21978022,trees
0.02685,0.04355,0.0253,0.2726,0.2372159,trees
0.0263,0.0478,0.02815,0.2814,0.29014844,trees
0.0293,0.0476,0.0289,0.279,0.23797138,trees
0.0298,0.0462,0.0313,0.3002,0.21578948,trees
0.0302,0.0503,0.032,0.312,0.24968942,trees
0.031,0.0491,0.0289,0.2958,0.22596756,trees
0.0298,0.0509,0.0304,0.294,0.2614622,trees
0.0298,0.0509,0.0304,0.294,0.2614622,trees
0.0307,0.0508,0.0301,0.2872,0.24662575,trees
0.0303,0.0529,0.03125,0.3011,0.2716346,trees
0.0314,0.0521,0.0304,0.31005,0.2479042,trees
0.02985,0.05165,0.0286,0.2912,0.26748464,trees
0.0283,0.05305,0.0289,0.2898,0.30424094,trees
0.0312,0.0565,0.02865,0.3014,0.28848347,trees
0.0323,0.06125,0.0321,0.3241,0.30946022,trees
0.0312,0.0605,0.0308,0.321,0.31952018,trees
0.0312,0.0597,0.0319,0.3222,0.31353137,trees
0.0298,0.0558,0.0298,0.313,0.30373833,trees
0.0299,0.0524,0.0298,0.2986,0.27339005,trees
0.0313,0.0536,0.0327,0.302,0.26266193,trees
0.029,0.0525,0.0313,0.2912,0.28834358,trees
0.0305,0.0536,0.0292,0.2792,0.27467299,trees
0.0295,0.055,0.0298,0.271,0.30177516,trees
0.0316,0.0548,0.0325,0.2868,0.26851854,trees
0.0308,0.055,0.0307,0.2934,0.2820513,trees
0.0304,0.0501,0.0295,0.264,0.24472047,trees
0.0332,0.0539,0.0352,0.2836,0.23765787,trees
0.0326,0.0579,0.0351,0.301,0.27955803,trees
0.0307,0.0561,0.0322,0.2828,0.2926267,trees
0.0336,0.0602,0.0343,0.309,0.2835821,trees
0.0365,0.0655,0.0359,0.3606,0.2843137,trees
0.0337,0.0669,0.0352,0.3732,0.33001986,trees
0.0314,0.0602,0.0313,0.337,0.31441048,trees
0.029,0.0501,0.029,0.2941,0.26675096,trees
0.03615,0.0606,0.03865,0.3461,0.25271317,trees
0.03355,0.06305,0.03565,0.3712,0.30538303,trees
0.0264,0.045,0.02595,0.2969,0.26050422,trees
0.0262,0.0459,0.02985,0.3045,0.2732316,trees
0.0262,0.0459,0.02985,0.3045,0.2732316,trees
0.0252,0.04465,0.02945,0.2843,0.27845383,trees
0.0271,0.0496,0.02845,0.2849,0.29335073,trees
0.02755,0.05005,0.02985,0.2916,0.28994846,trees
0.02635,0.0438,0.02705,0.2941,0.24875265,trees
0.02685,0.05155,0.02875,0.3005,0.31505102,trees
0.029,0.0533,0.0274,0.3262,0.29526126,trees
0.0283,0.0502,0.0276,0.321,0.27898088,trees
0.0281,0.0458,0.027,0.2878,0.23951286,trees
0.02775,0.048,0.02745,0.2754,0.26732674,trees
0.0267,0.046,0.0275,0.2673,0.26547456,trees
0.02745,0.04575,0.0277,0.2756,0.24999997,trees
0.0261,0.0418,0.02545,0.2832,0.23122238,trees
0.0266,0.0463,0.0266,0.28695,0.27023324,trees
0.0257,0.04405,0.02355,0.2727,0.26308247,trees
0.0239,0.0383,0.0213,0.24245,0.23151124,trees
0.02285,0.03625,0.0203,0.2571,0.22673436,trees
0.0247,0.04395,0.02245,0.2794,0.28040785,trees
0.026,0.0451,0.02365,0.297,0.26863572,trees
0.02345,0.04175,0.02105,0.2912,0.28067482,trees
0.02355,0.0448,0.02335,0.30335,0.31089973,trees
0.02535,0.0449,0.0254,0.28625,0.2782918,trees
0.0277,0.0453,0.0273,0.2824,0.24109589,trees
0.02575,0.0447,0.02635,0.2786,0.2689851,trees
0.02585,0.0444,0.02485,0.2771,0.26405695,trees
0.02915,0.04855,0.02835,0.2957,0.24967824,trees
0.031,0.0498,0.0317,0.2964,0.2326733,trees
0.0298,0.0495,0.0326,0.3074,0.24842371,trees
0.03,0.0534,0.0318,0.3141,0.28057554,trees
0.0287,0.0482,0.0291,0.2918,0.2535761,trees
0.032,0.0521,0.0301,0.2978,0.23900115,trees
0.032,0.0521,0.0301,0.2978,0.23900115,trees
0.0304,0.0508,0.0312,0.2972,0.2512315,trees
0.03135,0.0533,0.0316,0.312,0.259303,trees
0.02855,0.0545,0.0296,0.3126,0.31246236,trees
0.02865,0.0519,0.0274,0.2803,0.2886406,trees
0.02885,0.05935,0.0297,0.3008,0.34580496,trees
0.0309,0.05915,0.0302,0.3031,0.3137146,trees
0.03245,0.0631,0.03095,0.3182,0.32077447,trees
0.0323,0.0595,0.0312,0.3168,0.2962963,trees
0.0337,0.0636,0.0314,0.3348,0.30729702,trees
0.0309,0.0581,0.0312,0.3232,0.305618,trees
0.0317,0.0548,0.032,0.2974,0.267052,trees
0.0311,0.0561,0.0343,0.3016,0.28669724,trees
0.0311,0.0555,0.0328,0.3104,0.2817552,trees
0.0302,0.0579,0.0314,0.2964,0.31441543,trees
0.0302,0.0577,0.0318,0.2986,0.3128555,trees
0.0309,0.0579,0.0318,0.2941,0.30405408,trees
0.0305,0.055,0.0307,0.277,0.2865497,trees
0.0297,0.0469,0.0291,0.258,0.2245431,trees
0.0314,0.0539,0.0338,0.2884,0.26377493,trees
0.0338,0.0601,0.0353,0.314,0.28008524,trees
0.0298,0.0557,0.0312,0.2906,0.30292398,trees
0.0297,0.0576,0.0316,0.2996,0.31958762,trees
0.0335,0.0611,0.0318,0.3138,0.29175472,trees
0.0353,0.0639,0.0308,0.3476,0.28830644,trees
0.033,0.0615,0.0343,0.3528,0.3015873,trees
0.03125,0.05855,0.03305,0.3333,0.3040089,trees
0.03675,0.0645,0.03915,0.3764,0.27407405,trees
0.03295,0.06515,0.0349,0.3805,0.32823652,trees
0.0268,0.04675,0.0264,0.3051,0.27124408,trees
0.0266,0.0479,0.02895,0.3018,0.28590605,trees
0.0266,0.0479,0.02895,0.3018,0.28590605,trees
0.0272,0.0467,0.02995,0.2945,0.2638701,trees
0.0272,0.05185,0.02925,0.3164,0.31182796,trees
0.0264,0.0492,0.02655,0.319,0.30158728,trees
0.0267,0.04705,0.02485,0.3088,0.27593222,trees
0.0276,0.05295,0.0274,0.3203,0.31471133,trees
0.0292,0.0529,0.0292,0.319,0.28867236,trees
0.028,0.0508,0.0281,0.321,0.28934008,trees
0.02695,0.04645,0.0287,0.3067,0.2656676,trees
0.0272,0.0469,0.0291,0.287,0.26585695,trees
0.0279,0.04685,0.0304,0.2849,0.25351173,trees
0.0263,0.0446,0.02425,0.2838,0.25811,trees
0.0248,0.04345,0.025,0.2895,0.2732601,trees
0.0257,0.0467,0.02495,0.3018,0.29005525,trees
0.0265,0.0455,0.02595,0.2804,0.2638889,trees
0.0247,0.0412,0.02365,0.2657,0.25037938,trees
0.0238,0.03925,0.02185,0.2739,0.24504362,trees
0.0235,0.0413,0.0236,0.2858,0.27469137,trees
0.02375,0.04455,0.0232,0.297,0.30453882,trees
0.0225,0.03945,0.0211,0.2825,0.27360773,trees
0.0244,0.04355,0.02315,0.3108,0.2818249,trees
0.02515,0.04715,0.02565,0.3011,0.3042877,trees
0.02835,0.0458,0.0276,0.287,0.23533382,trees
0.0271,0.0456,0.0275,0.2663,0.25447044,trees
0.0263,0.04375,0.02665,0.2831,0.24910776,trees
0.02875,0.04735,0.0302,0.3026,0.24441525,trees
0.0304,0.0511,0.0338,0.3044,0.25398773,trees
0.0318,0.0533,0.0355,0.3056,0.2526439,trees
0.0296,0.0507,0.0327,0.2896,0.26276463,trees
0.0311,0.0526,0.0323,0.2976,0.25686976,trees
0.0315,0.0559,0.0358,0.3204,0.27917618,trees
0.0315,0.0559,0.0358,0.3204,0.27917618,trees
0.0314,0.0576,0.0359,0.3184,0.294382,trees
0.03065,0.0557,0.0336,0.3234,0.29009846,trees
0.02905,0.05545,0.0296,0.3236,0.31242603,trees
0.02975,0.0527,0.0309,0.2954,0.27835053,trees
0.0314,0.05885,0.03345,0.3004,0.30415514,trees
0.0316,0.0612,0.0311,0.3103,0.31896555,trees
0.03165,0.05975,0.0307,0.32,0.30743983,trees
0.0315,0.0589,0.0304,0.3168,0.30309734,trees
0.0323,0.0622,0.031,0.3308,0.3164021,trees
0.0312,0.0579,0.0302,0.3188,0.2996633,trees
0.0316,0.0591,0.0339,0.305,0.30319735,trees
0.0332,0.0613,0.0354,0.3124,0.2973545,trees
0.0335,0.0603,0.0338,0.3154,0.28571427,trees
0.0318,0.0575,0.031,0.302,0.28779393,trees
0.0314,0.0589,0.0324,0.2934,0.30454043,trees
0.0309,0.0589,0.0325,0.2942,0.311804,trees
0.0306,0.0549,0.0327,0.2874,0.28421053,trees
0.0308,0.0521,0.0339,0.2828,0.25693604,trees
0.0314,0.0558,0.0335,0.2888,0.2798165,trees
0.0298,0.0596,0.0343,0.2952,0.3333333,trees
0.0286,0.0539,0.0297,0.28,0.30666667,trees
0.0302,0.0585,0.03,0.293,0.319053,trees
0.0323,0.0609,0.0316,0.311,0.30686694,trees
0.0327,0.0581,0.0327,0.3074,0.27973568,trees
0.0328,0.0604,0.0354,0.3252,0.29613736,trees
0.03045,0.05675,0.03125,0.333,0.3016055,trees
0.03395,0.0599,0.03505,0.368,0.27650505,trees
0.03275,0.0621,0.0349,0.3743,0.30943596,trees
0.02735,0.0525,0.0284,0.3332,0.31496558,trees
0.02735,0.04905,0.0281,0.3112,0.28403142,trees
0.02735,0.04905,0.0281,0.3112,0.28403142,trees
0.0273,0.0501,0.0282,0.3192,0.29457363,trees
0.02815,0.0536,0.02715,0.3567,0.31131497,trees
0.02695,0.05115,0.0252,0.3417,0.30985916,trees
0.02665,0.0508,0.02515,0.3305,0.31181407,trees
0.0292,0.0535,0.0277,0.3457,0.29383314,trees
0.0303,0.0509,0.0295,0.3129,0.25369456,trees
0.0295,0.0491,0.0296,0.3118,0.24936385,trees
0.0284,0.04865,0.0282,0.316,0.26281634,trees
0.0271,0.0473,0.02855,0.3093,0.27150536,trees
0.0264,0.04585,0.02845,0.2987,0.26920417,trees
0.02375,0.0419,0.024,0.28565,0.27646613,trees
0.0248,0.0455,0.02625,0.3015,0.29445234,trees
0.0249,0.04615,0.0241,0.3105,0.2990851,trees
0.02455,0.0449,0.02535,0.2885,0.29301655,trees
0.0251,0.04215,0.0228,0.2758,0.25353158,trees
0.02335,0.04145,0.0228,0.2803,0.27932099,trees
0.024,0.0406,0.02215,0.2787,0.25696594,trees
0.02275,0.04095,0.02165,0.2878,0.2857143,trees
0.02465,0.0399,0.022,0.26065,0.236251,trees
0.02785,0.0456,0.0254,0.3043,0.24166101,trees
0.0267,0.0466,0.0263,0.3155,0.27148706,trees
0.02735,0.04585,0.0271,0.294,0.25273225,trees
0.0277,0.04415,0.02695,0.273,0.22894917,trees
0.02665,0.04285,0.02515,0.27485,0.2330935,trees
0.02815,0.0472,0.02955,0.2866,0.2528202,trees
0.03,0.0478,0.0297,0.2718,0.2287918,trees
0.0308,0.0511,0.0315,0.2842,0.24786326,trees
0.0303,0.048,0.0308,0.2944,0.22605364,trees
0.0336,0.0522,0.0352,0.3032,0.21678324,trees
0.034,0.0594,0.0379,0.3264,0.27194858,trees
0.034,0.0594,0.0379,0.3264,0.27194858,trees
0.0343,0.0589,0.0365,0.3212,0.2639485,trees
0.0302,0.05535,0.03175,0.3145,0.29398012,trees
0.0299,0.0545,0.0297,0.32285,0.2914692,trees
0.03095,0.05545,0.0326,0.3081,0.2835648,trees
0.03295,0.0613,0.0338,0.2956,0.30079576,trees
0.0327,0.06005,0.03215,0.307,0.29487872,trees
0.0318,0.0606,0.0315,0.3293,0.3116883,trees
0.0313,0.0593,0.0308,0.3166,0.3090508,trees
0.0316,0.0594,0.0313,0.3152,0.30549452,trees
0.0318,0.0591,0.0316,0.3084,0.30032998,trees
0.0306,0.0625,0.0349,0.3188,0.34264234,trees
0.0332,0.0635,0.0357,0.3188,0.31334025,trees
0.0345,0.0623,0.0366,0.3265,0.2871901,trees
0.0344,0.0614,0.0357,0.3134,0.28183717,trees
0.0328,0.0622,0.0345,0.3032,0.30947366,trees
0.0303,0.0583,0.0335,0.2868,0.31602708,trees
0.0308,0.057,0.0327,0.295,0.29840547,trees
0.0314,0.0575,0.0323,0.3012,0.29358834,trees
0.0312,0.0583,0.0342,0.2954,0.30279332,trees
0.0299,0.059,0.0321,0.2854,0.3273341,trees
0.0298,0.0557,0.0305,0.2822,0.30292398,trees
0.0303,0.0572,0.0294,0.303,0.30742857,trees
0.0315,0.0566,0.0316,0.3086,0.28490353,trees
0.0301,0.0557,0.0319,0.3,0.2983683,trees
0.0304,0.0568,0.0316,0.3068,0.3027523,trees
0.031,0.05495,0.02985,0.2934,0.27865037,trees
0.03285,0.0595,0.0338,0.3322,0.28857607,trees
0.0335,0.0643,0.03575,0.3615,0.3149284,trees
0.03,0.0582,0.0305,0.3559,0.3197279,trees
0.03,0.0582,0.0305,0.3559,0.3197279,trees
0.02845,0.0557,0.02805,0.3424,0.32382652,trees
0.02905,0.0559,0.03005,0.3503,0.31606826,trees
0.02855,0.0563,0.02875,0.3533,0.3270477,trees
0.02725,0.0541,0.0278,0.3614,0.33005533,trees
0.02755,0.0543,0.031,0.3457,0.32681733,trees
0.0306,0.0587,0.0315,0.3614,0.31466964,trees
0.0314,0.0508,0.0301,0.2986,0.23600975,trees
0.029,0.0489,0.0286,0.3012,0.25545573,trees
0.02905,0.04935,0.0276,0.32305,0.25892857,trees
0.0285,0.0486,0.0269,0.3127,0.26070037,trees
0.0266,0.04595,0.0269,0.2759,0.2667126,trees
0.02605,0.0405,0.02365,0.2784,0.21712998,trees
0.02505,0.0453,0.0239,0.29225,0.28784648,trees
0.02285,0.0445,0.02205,0.3006,0.3214551,trees
0.02205,0.03735,0.02255,0.27505,0.25757572,trees
0.02455,0.0408,0.02195,0.2846,0.24866106,trees
0.0241,0.0422,0.02225,0.2893,0.2730015,trees
0.0259,0.0422,0.02325,0.2885,0.23935388,trees
0.02335,0.0408,0.0237,0.2853,0.2720187,trees
0.0264,0.04375,0.0243,0.2667,0.24732713,trees
0.02915,0.04515,0.0275,0.3031,0.21534322,trees
0.0275,0.04825,0.02765,0.3164,0.2739274,trees
0.02745,0.0468,0.0271,0.3136,0.26060605,trees
0.0268,0.0466,0.02615,0.2876,0.26975477,trees
0.0257,0.04405,0.0258,0.2755,0.26308247,trees
0.02825,0.0456,0.0265,0.2628,0.2349357,trees
0.0287,0.0462,0.0304,0.269,0.23364486,trees
0.0318,0.0506,0.0315,0.2872,0.22815531,trees
0.0305,0.0497,0.0322,0.293,0.23940147,trees
0.0328,0.0522,0.0355,0.2921,0.2282353,trees
0.0328,0.0522,0.0355,0.2921,0.2282353,trees
0.035,0.0595,0.0415,0.3244,0.25925925,trees
0.0336,0.0583,0.0332,0.3226,0.26877043,trees
0.02915,0.05175,0.02815,0.3034,0.27935725,trees
0.0303,0.0533,0.0306,0.3298,0.27511963,trees
0.0325,0.05895,0.03355,0.3267,0.2892291,trees
0.03185,0.06005,0.03305,0.3049,0.3068553,trees
0.03285,0.05895,0.0332,0.3004,0.2843137,trees
0.03315,0.0623,0.03235,0.3443,0.3053955,trees
0.0311,0.0614,0.032,0.3332,0.32756758,trees
0.0307,0.0615,0.0331,0.3138,0.3340564,trees
0.0315,0.0605,0.0328,0.3064,0.31521738,trees
0.0316,0.0602,0.0337,0.3108,0.31154686,trees
0.0334,0.0625,0.0356,0.3164,0.3034411,trees
0.0348,0.0648,0.0393,0.3222,0.30120483,trees
0.036,0.0629,0.0395,0.316,0.27199194,trees
0.0335,0.059,0.037,0.3072,0.27567565,trees
0.0319,0.0557,0.0339,0.284,0.2716895,trees
0.0316,0.0553,0.0327,0.2958,0.2727273,trees
0.0309,0.0561,0.0322,0.2852,0.28965518,trees
0.0292,0.0572,0.0328,0.2746,0.32407406,trees
0.0303,0.0583,0.0313,0.2808,0.31602708,trees
0.0312,0.0561,0.0305,0.2852,0.28522336,trees
0.0293,0.0556,0.0307,0.292,0.3097762,trees
0.0298,0.0549,0.0334,0.2972,0.29634005,trees
0.0293,0.0583,0.0326,0.319,0.33105022,trees
0.0291,0.0567,0.0321,0.3304,0.3216783,trees
0.0297,0.055,0.03025,0.3223,0.2987013,trees
0.03165,0.0595,0.03195,0.3351,0.30554035,trees
0.0336,0.06395,0.03345,0.3641,0.3111225,trees
0.03215,0.06235,0.03345,0.3653,0.3195767,trees
0.03215,0.06235,0.03345,0.3653,0.3195767,trees
0.0296,0.0571,0.0316,0.3503,0.31718573,trees
0.0287,0.05255,0.0301,0.319,0.29353848,trees
0.02745,0.05205,0.02785,0.3052,0.30943394,trees
0.03055,0.05785,0.0305,0.3706,0.30882353,trees
0.0312,0.05705,0.0322,0.3496,0.29291788,trees
0.032,0.05855,0.033,0.3296,0.29320815,trees
0.0298,0.0504,0.0289,0.3052,0.25685784,trees
0.029,0.0502,0.0273,0.3042,0.26767677,trees
0.02945,0.0502,0.02905,0.31785,0.26051477,trees
0.0312,0.05045,0.02915,0.323,0.23576242,trees
0.02615,0.04755,0.0255,0.2854,0.29036638,trees
0.0252,0.0436,0.02545,0.26375,0.26744187,trees
0.02605,0.0471,0.02435,0.2787,0.28776488,trees
0.0241,0.0437,0.02395,0.293,0.2890855,trees
0.02345,0.0411,0.02265,0.2829,0.27343145,trees
0.0245,0.04315,0.0229,0.2959,0.2756837,trees
0.02385,0.04335,0.02295,0.2893,0.2901786,trees
0.0255,0.04645,0.0226,0.3137,0.2911744,trees
0.0256,0.04325,0.0249,0.29815,0.2563544,trees
0.02815,0.04545,0.02555,0.2849,0.23505434,trees
0.02955,0.0478,0.0289,0.3114,0.23594056,trees
0.0283,0.0482,0.0285,0.3168,0.26013073,trees
0.02685,0.04715,0.0257,0.3113,0.27432433,trees
0.0266,0.04435,0.0256,0.2769,0.25017616,trees
0.02695,0.04365,0.02695,0.2739,0.23654392,trees
0.0285,0.0456,0.02725,0.26385,0.23076923,trees
0.0307,0.047,0.0309,0.28,0.2097812,trees
0.0308,0.05,0.0316,0.289,0.23762378,trees
0.031,0.0472,0.0298,0.2854,0.20716116,trees
0.0306,0.049,0.0329,0.281,0.23115577,trees
0.0306,0.049,0.0329,0.281,0.23115577,trees
0.0338,0.0583,0.0396,0.3046,0.26601523,trees
0.0326,0.0546,0.0346,0.2938,0.2522936,trees
0.03075,0.0522,0.0302,0.2923,0.2585895,trees
0.0328,0.05895,0.03555,0.3364,0.28501362,trees
0.03325,0.05775,0.03545,0.3194,0.26923075,trees
0.0305,0.05445,0.03245,0.285,0.28193057,trees
0.03205,0.0585,0.0329,0.3128,0.29210383,trees
0.034,0.06115,0.03325,0.33,0.2853389,trees
0.0325,0.0609,0.0328,0.3276,0.3040685,trees
0.0312,0.0606,0.033,0.3288,0.32026145,trees
0.0325,0.0594,0.0346,0.3176,0.29270947,trees
0.032,0.0592,0.034,0.3118,0.29824558,trees
0.0328,0.0616,0.0342,0.3094,0.30508474,trees
0.034,0.0641,0.0365,0.3094,0.30682972,trees
0.0337,0.0599,0.035,0.2985,0.27991453,trees
0.0329,0.0578,0.0352,0.2972,0.2745314,trees
0.0325,0.0567,0.0361,0.278,0.27130046,trees
0.0328,0.0573,0.0353,0.279,0.27192008,trees
0.0321,0.0564,0.0342,0.268,0.27457628,trees
0.0315,0.0577,0.0356,0.2706,0.29372197,trees
0.0319,0.059,0.0354,0.2818,0.2981298,trees
0.0303,0.056,0.0322,0.2846,0.2977984,trees
0.0296,0.0535,0.03,0.294,0.28760532,trees
0.03,0.0583,0.033,0.3019,0.32049832,trees
0.0307,0.0602,0.0343,0.3162,0.32453245,trees
0.0304,0.0612,0.0345,0.3272,0.33624452,trees
0.03005,0.0581,0.032,0.3288,0.3182076,trees
0.03,0.05975,0.0318,0.3389,0.3314763,trees
0.03295,0.0652,0.03205,0.3689,0.32857874,trees
0.03235,0.0604,0.0338,0.3465,0.3024259,trees
0.03235,0.0604,0.0338,0.3465,0.3024259,trees
0.02845,0.0489,0.02905,0.2899,0.2643827,trees
0.0254,0.04645,0.0264,0.2577,0.29297146,trees
0.0283,0.0492,0.02825,0.2708,0.2696774,trees
0.0325,0.0564,0.0306,0.3359,0.26884142,trees
0.0321,0.05825,0.03115,0.3512,0.28943,trees
0.03205,0.05885,0.03255,0.3321,0.2948295,trees
0.0309,0.0551,0.0302,0.316,0.28139535,trees
0.0311,0.0512,0.0292,0.315,0.24422842,trees
0.031,0.0542,0.0299,0.3448,0.2723005,trees
0.0302,0.0519,0.0282,0.3308,0.2643118,trees
0.0255,0.0469,0.0257,0.2856,0.29558012,trees
0.0242,0.0439,0.025,0.268,0.28928047,trees
0.0274,0.0459,0.0252,0.2852,0.25238743,trees
0.025,0.0433,0.0237,0.279,0.26793554,trees
0.0247,0.0451,0.024,0.2954,0.29226357,trees
0.026,0.0472,0.026,0.3098,0.2896175,trees
0.0248,0.0463,0.0231,0.3096,0.302391,trees
0.0263,0.0493,0.0232,0.3259,0.3042328,trees
0.0263,0.045,0.0227,0.3074,0.26227212,trees
0.0281,0.0473,0.0265,0.303,0.2546419,trees
0.0294,0.0497,0.0285,0.3286,0.25663716,trees
0.029,0.0478,0.0272,0.3104,0.24479167,trees
0.028,0.0476,0.0244,0.3072,0.25925925,trees
0.0282,0.0462,0.0278,0.2852,0.24193548,trees
0.0288,0.0477,0.029,0.2834,0.24705882,trees
0.0299,0.0471,0.0266,0.2832,0.22337663,trees
0.0314,0.0492,0.0305,0.2924,0.22084369,trees
0.0311,0.0499,0.028,0.3008,0.23209876,trees
0.0307,0.0472,0.0286,0.2778,0.21181004,trees
0.0312,0.0485,0.0315,0.2812,0.21706402,trees
0.0312,0.0485,0.0315,0.2812,0.21706402,trees
0.0314,0.0518,0.0341,0.2854,0.24519233,trees
0.0332,0.0537,0.0347,0.2808,0.23590335,trees
0.0306,0.05545,0.03345,0.2881,0.28878558,trees
0.03315,0.05935,0.03695,0.3122,0.28324324,trees
0.0336,0.0589,0.03805,0.3086,0.2735135,trees
0.02985,0.05125,0.032,0.277,0.26387176,trees
0.0315,0.0618,0.03335,0.3127,0.32475883,trees
0.03265,0.05975,0.033,0.3146,0.29329002,trees
0.0317,0.0599,0.0323,0.3178,0.30786026,trees
0.0318,0.0613,0.0324,0.3384,0.31686357,trees
0.0326,0.0585,0.0328,0.3118,0.28430295,trees
0.0308,0.0572,0.0333,0.3078,0.3,trees
0.0317,0.059,0.0335,0.3056,0.30099228,trees
0.0336,0.063,0.035,0.324,0.30434787,trees
0.0304,0.0573,0.0339,0.291,0.30672747,trees
0.0294,0.0564,0.0319,0.273,0.3146853,trees
0.0316,0.0538,0.0349,0.2718,0.2599532,trees
0.0325,0.0558,0.0347,0.2806,0.26387316,trees
0.0321,0.0575,0.0338,0.2898,0.28348216,trees
0.0321,0.0585,0.0346,0.2864,0.29139072,trees
0.0317,0.0586,0.0354,0.2812,0.2978959,trees
0.0298,0.056,0.0318,0.279,0.30536133,trees
0.0298,0.0567,0.0313,0.2928,0.31098267,trees
0.0302,0.0588,0.0317,0.3096,0.3213483,trees
0.0301,0.0577,0.034,0.3132,0.31435084,trees
0.0307,0.0586,0.0345,0.3194,0.31243002,trees
0.03015,0.0582,0.0322,0.3133,0.3174873,trees
0.02915,0.0571,0.03075,0.3084,0.324058,trees
0.0319,0.0628,0.03165,0.339,0.32629356,trees
0.0325,0.062,0.03225,0.3586,0.3121693,trees
0.0325,0.062,0.03225,0.3586,0.3121693,trees
0.0274,0.0519,0.0281,0.3053,0.30895332,trees
0.02755,0.05135,0.02825,0.2779,0.30164766,trees
0.0301,0.0577,0.0296,0.3157,0.31435084,trees
0.03155,0.06085,0.03145,0.3436,0.31709954,trees
0.03145,0.0581,0.03225,0.3221,0.2975991,trees
0.0316,0.0611,0.03255,0.3541,0.31823087,trees
0.0309,0.0532,0.0306,0.3106,0.2651605,trees
0.0304,0.0534,0.0302,0.3234,0.27446297,trees
0.0283,0.0548,0.0283,0.3452,0.3188929,trees
0.0284,0.0467,0.026,0.312,0.2436751,trees
0.0256,0.0461,0.0248,0.278,0.28591356,trees
0.0269,0.045,0.0244,0.2692,0.25173852,trees
0.0265,0.0439,0.023,0.2834,0.24715912,trees
0.0239,0.0422,0.0237,0.2724,0.27685323,trees
0.0266,0.0468,0.0272,0.3146,0.27520436,trees
0.0272,0.0498,0.0256,0.327,0.2935065,trees
0.0263,0.0478,0.0238,0.3194,0.29014844,trees
0.0268,0.0496,0.0242,0.3226,0.29842937,trees
0.0262,0.0471,0.0255,0.3122,0.28512958,trees
0.0283,0.0502,0.0285,0.3262,0.27898088,trees
0.0298,0.0497,0.0287,0.3278,0.25031447,trees
0.0287,0.0463,0.026,0.293,0.23466668,trees
0.0288,0.0462,0.0252,0.301,0.232,trees
0.0297,0.0474,0.0276,0.2932,0.229572,trees
0.0313,0.0484,0.029,0.2984,0.21455456,trees
0.0306,0.0504,0.0295,0.3008,0.24444444,trees
0.0321,0.053,0.0309,0.3256,0.24559343,trees
0.0303,0.0502,0.0285,0.3128,0.24720497,trees
0.0287,0.046,0.0275,0.279,0.23159306,trees
0.0324,0.0496,0.032,0.277,0.2097561,trees
0.0324,0.0496,0.032,0.277,0.2097561,trees
0.0332,0.05,0.0328,0.2732,0.20192309,trees
0.0334,0.0554,0.0366,0.289,0.24774775,trees
0.02895,0.05195,0.0321,0.2842,0.2843016,trees
0.0314,0.05865,0.0327,0.3079,0.30260965,trees
0.03305,0.0592,0.0345,0.3035,0.2834688,trees
0.03065,0.05355,0.03125,0.2844,0.27197152,trees
0.03105,0.05905,0.0323,0.3137,0.3107658,trees
0.03245,0.0597,0.0326,0.3077,0.29571348,trees
0.0302,0.0589,0.0323,0.3094,0.32210994,trees
0.0332,0.0619,0.0317,0.3364,0.3017876,trees
0.0324,0.059,0.0319,0.3322,0.29102844,trees
0.0308,0.059,0.0324,0.3164,0.31403118,trees
0.0306,0.0589,0.0319,0.2972,0.31620112,trees
0.0313,0.0609,0.0325,0.2868,0.3210412,trees
0.0281,0.0535,0.031,0.2678,0.3112745,trees
0.0293,0.0559,0.0302,0.2796,0.31220657,trees
0.0304,0.0569,0.0315,0.2872,0.30355093,trees
0.0317,0.058,0.032,0.2938,0.29319954,trees
0.0318,0.0586,0.0341,0.2912,0.29646015,trees
0.0319,0.0587,0.0348,0.3018,0.29580572,trees
0.0314,0.0567,0.0341,0.2876,0.28717366,trees
0.0309,0.057,0.033,0.282,0.29692835,trees
0.0306,0.0573,0.0319,0.2956,0.3037543,trees
0.0294,0.0572,0.0317,0.2863,0.32101616,trees
0.0291,0.0545,0.0318,0.2902,0.30382773,trees
0.0294,0.054,0.031,0.2896,0.29496402,trees
0.0291,0.0545,0.03175,0.2809,0.30382773,trees
0.0294,0.055,0.03065,0.2658,0.30331755,trees
0.0313,0.0629,0.03435,0.3088,0.33545646,trees
0.0313,0.0629,0.03435,0.3088,0.33545646,trees
0.033,0.0633,0.03545,0.3479,0.31464174,trees
0.02855,0.0553,0.0317,0.3169,0.31902206,trees
0.0288,0.0523,0.03145,0.3002,0.28976572,trees
0.0304,0.0603,0.03235,0.3297,0.3296582,trees
0.0312,0.0615,0.03045,0.3297,0.32686085,trees
0.03175,0.05785,0.03035,0.3167,0.29129463,trees
0.0339,0.06315,0.0369,0.3451,0.30139107,trees
0.0309,0.0501,0.0286,0.2938,0.23703702,trees
0.0297,0.0504,0.0298,0.3252,0.25842696,trees
0.0276,0.0466,0.0277,0.3164,0.25606468,trees
0.0258,0.0442,0.0252,0.2906,0.2628571,trees
0.0275,0.047,0.0255,0.2852,0.26174498,trees
0.0282,0.0452,0.0253,0.2718,0.23160763,trees
0.0254,0.0455,0.0245,0.2778,0.28349787,trees
0.0251,0.0427,0.0245,0.2586,0.25958702,trees
0.0256,0.0466,0.0285,0.3072,0.29085872,trees
0.0268,0.0475,0.0252,0.3242,0.27860028,trees
0.026,0.0491,0.0235,0.3238,0.30758986,trees
0.027,0.0507,0.0248,0.34,0.3050193,trees
0.0277,0.0515,0.0256,0.3282,0.30050507,trees
0.0319,0.055,0.0308,0.3374,0.2658228,trees
0.0315,0.0516,0.0312,0.3066,0.24187726,trees
0.0302,0.0484,0.0304,0.2906,0.23155214,trees
0.0289,0.0495,0.0289,0.3066,0.2627551,trees
0.0301,0.0507,0.0297,0.303,0.25495052,trees
0.032,0.0507,0.0306,0.3124,0.2261185,trees
0.0303,0.05,0.0308,0.294,0.24533,trees
0.0326,0.0536,0.0313,0.3052,0.24361947,trees
0.031,0.0518,0.0303,0.3088,0.25120774,trees
0.0299,0.0487,0.0282,0.2932,0.23918575,trees
0.0299,0.0487,0.0282,0.2932,0.23918575,trees
0.0317,0.0502,0.0295,0.2912,0.22588523,trees
0.0324,0.0524,0.0335,0.2856,0.23584904,trees
0.0326,0.0539,0.0383,0.3018,0.24624276,trees
0.02915,0.0524,0.031,0.2919,0.28510118,trees
0.03195,0.05955,0.03155,0.3102,0.30163932,trees
0.0303,0.05345,0.0315,0.281,0.27641788,trees
0.0305,0.05185,0.0308,0.2749,0.25925922,trees
0.02975,0.05455,0.0317,0.2941,0.29418743,trees
0.02925,0.05575,0.03245,0.2791,0.31176472,trees
0.03,0.0598,0.0314,0.2996,0.33184856,trees
0.0304,0.0628,0.0322,0.3462,0.34763947,trees
0.0307,0.0604,0.0329,0.343,0.32601538,trees
0.0307,0.0588,0.0315,0.3206,0.31396648,trees
0.0306,0.0581,0.0312,0.3034,0.31003383,trees
0.0303,0.0572,0.0305,0.2974,0.30742857,trees
0.0295,0.0541,0.0292,0.2878,0.29425836,trees
0.0304,0.0578,0.0305,0.303,0.31065756,trees
0.0295,0.0586,0.0316,0.3008,0.33030647,trees
0.0304,0.0571,0.033,0.2884,0.30514285,trees
0.0314,0.0576,0.0346,0.2938,0.294382,trees
0.0311,0.0575,0.034,0.2964,0.29796842,trees
0.0297,0.0547,0.0341,0.282,0.29620853,trees
0.0301,0.0543,0.0333,0.292,0.28672987,trees
0.03,0.0551,0.0337,0.3,0.29494715,trees
0.0301,0.0564,0.0318,0.2792,0.30404624,trees
0.0291,0.0547,0.0301,0.278,0.3054892,trees
0.0295,0.0526,0.0297,0.278,0.28136417,trees
0.02875,0.0564,0.02955,0.2771,0.32472107,trees
0.0304,0.0566,0.0313,0.2797,0.30114943,trees
0.0323,0.06205,0.0357,0.3307,0.31531534,trees
0.0323,0.06205,0.0357,0.3307,0.31531534,trees
0.03415,0.06545,0.0394,0.3357,0.314257,trees
0.0315,0.05525,0.0351,0.307,0.27377522,trees
0.0297,0.05435,0.0324,0.3049,0.2932778,trees
0.03,0.05945,0.03165,0.3126,0.3292342,trees
0.03005,0.05995,0.031,0.3241,0.33222222,trees
0.0318,0.0618,0.03335,0.3403,0.32051277,trees
0.03735,0.06995,0.03925,0.3617,0.30382106,trees
0.0289,0.0487,0.0295,0.2842,0.25515464,trees
0.0305,0.0522,0.0315,0.3054,0.2623942,trees
0.0279,0.0508,0.0284,0.309,0.2909784,trees
0.0262,0.0478,0.0267,0.3132,0.2918919,trees
0.0269,0.0469,0.025,0.2908,0.2710027,trees
0.0249,0.0446,0.0243,0.2664,0.28345323,trees
0.026,0.0447,0.0248,0.277,0.26449785,trees
0.0239,0.0434,0.024,0.272,0.28974742,trees
0.0254,0.046,0.026,0.2968,0.28851542,trees
0.027,0.0467,0.0264,0.3265,0.26729986,trees
0.028,0.0484,0.0281,0.3306,0.2670157,trees
0.0269,0.0506,0.0259,0.3388,0.30580643,trees
0.0293,0.0537,0.0286,0.3288,0.2939759,trees
0.0305,0.0584,0.0332,0.3276,0.31383577,trees
0.0314,0.0566,0.0343,0.3044,0.28636366,trees
0.0309,0.0523,0.0338,0.2966,0.25721154,trees
0.032,0.0517,0.0301,0.313,0.23536438,trees
0.0308,0.0517,0.0291,0.314,0.25333333,trees
0.0296,0.0504,0.0296,0.2922,0.26000002,trees
0.0296,0.0455,0.0284,0.2614,0.21171771,trees
0.0311,0.0509,0.0305,0.2906,0.24146342,trees
0.0299,0.0539,0.0331,0.311,0.28639618,trees
0.0317,0.0529,0.032,0.3206,0.25059104,trees
0.0317,0.0529,0.032,0.3206,0.25059104,trees
0.0317,0.0509,0.0308,0.3184,0.23244554,trees
0.0322,0.0527,0.0321,0.3274,0.24146053,trees
0.0321,0.0546,0.0346,0.321,0.25951558,trees
0.0289,0.04895,0.0294,0.2824,0.2575466,trees
0.0307,0.057,0.031,0.2937,0.29988596,trees
0.02975,0.0517,0.03005,0.27485,0.26949048,trees
0.03085,0.05485,0.0302,0.283,0.28004667,trees
0.02815,0.0503,0.0308,0.2702,0.28234544,trees
0.02865,0.05205,0.0303,0.2741,0.2899628,trees
0.0306,0.0592,0.0319,0.3212,0.31848553,trees
0.0304,0.0601,0.0334,0.3384,0.3281768,trees
0.0294,0.0573,0.0317,0.3176,0.3217993,trees
0.0297,0.0556,0.0296,0.2962,0.30363423,trees
0.0303,0.0565,0.0294,0.2897,0.3018433,trees
0.029,0.059,0.031,0.2964,0.3409091,trees
0.0298,0.056,0.0303,0.2916,0.30536133,trees
0.0291,0.0564,0.031,0.2944,0.31929824,trees
0.0293,0.0576,0.0304,0.3046,0.3256617,trees
0.0293,0.056,0.0304,0.2836,0.31301293,trees
0.0302,0.0565,0.0308,0.2942,0.30334485,trees
0.0302,0.0553,0.0328,0.295,0.29356724,trees
0.0282,0.052,0.0319,0.2792,0.29675812,trees
0.0285,0.0544,0.0318,0.2775,0.3124246,trees
0.0297,0.057,0.0312,0.2822,0.31487888,trees
0.0298,0.0576,0.0305,0.2811,0.3180778,trees
0.0292,0.0542,0.0298,0.293,0.2997602,trees
0.0284,0.0551,0.0277,0.293,0.3197605,trees
0.0281,0.0571,0.0291,0.28775,0.34037557,trees
0.03035,0.05565,0.03085,0.2878,0.29418606,trees
0.03085,0.06015,0.0338,0.3304,0.321978,trees
0.03085,0.06015,0.0338,0.3304,0.321978,trees
0.0333,0.06225,0.0388,0.3287,0.30298272,trees
0.03255,0.0547,0.03595,0.2942,0.2538682,trees
0.0289,0.0521,0.02985,0.2835,0.28641975,trees
0.02975,0.0573,0.0315,0.3097,0.31648478,trees
0.03055,0.05725,0.0309,0.323,0.30410025,trees
0.0329,0.0613,0.03425,0.3372,0.30148616,trees
0.03805,0.07085,0.04125,0.3456,0.30119377,trees
0.0308,0.0514,0.0314,0.3128,0.25060827,trees
0.0315,0.0548,0.0312,0.3222,0.26998842,trees
0.0287,0.0517,0.0292,0.3162,0.28606966,trees
0.0287,0.0514,0.0282,0.3394,0.28339574,trees
0.0267,0.047,0.025,0.2974,0.275441,trees
0.024,0.0424,0.0229,0.2565,0.27710843,trees
0.0259,0.0454,0.0259,0.2724,0.2734923,trees
0.0255,0.0456,0.024,0.3052,0.28270045,trees
0.0261,0.0435,0.0241,0.3024,0.24999997,trees
0.0285,0.0487,0.0271,0.3205,0.26165804,trees
0.0292,0.0517,0.0272,0.3382,0.27812114,trees
0.0288,0.0518,0.0273,0.3256,0.28535983,trees
0.0284,0.0525,0.0291,0.3228,0.29789862,trees
0.0296,0.0541,0.0349,0.323,0.29271206,trees
0.0319,0.0555,0.0343,0.305,0.27002287,trees
0.0306,0.0547,0.0313,0.3046,0.28253222,trees
0.0312,0.0534,0.0305,0.3162,0.26241133,trees
0.0309,0.0529,0.031,0.3168,0.26252985,trees
0.0303,0.0488,0.0293,0.283,0.23388115,trees
0.0285,0.0465,0.027,0.2774,0.24000001,trees
0.0316,0.0529,0.0306,0.3112,0.25207105,trees
0.0324,0.0559,0.0329,0.3094,0.26613814,trees
0.0306,0.0525,0.0325,0.3122,0.26353788,trees
0.0306,0.0525,0.0325,0.3122,0.26353788,trees
0.0303,0.0526,0.0322,0.3142,0.26899877,trees
0.0322,0.0547,0.0317,0.3252,0.2589183,trees
0.0308,0.0566,0.032,0.3264,0.2951945,trees
0.027,0.048,0.02855,0.2863,0.27999997,trees
0.0296,0.0562,0.0296,0.2915,0.31002334,trees
0.03055,0.05765,0.0312,0.3073,0.30725622,trees
0.02895,0.0558,0.02975,0.3004,0.31681415,trees
0.0272,0.04795,0.02875,0.2651,0.27611443,trees
0.0297,0.0535,0.03015,0.2885,0.2860577,trees
0.0308,0.0595,0.0331,0.3206,0.31782946,trees
0.0303,0.0583,0.0321,0.3184,0.31602708,trees
0.0299,0.0582,0.0304,0.3028,0.3212259,trees
0.0288,0.0533,0.0297,0.291,0.29841655,trees
0.0297,0.0589,0.0301,0.3,0.3295711,trees
0.0296,0.0601,0.0318,0.299,0.3400223,trees
0.0295,0.0578,0.0306,0.292,0.32416952,trees
0.0299,0.0571,0.0309,0.2998,0.3126437,trees
0.0297,0.0573,0.0296,0.309,0.3172414,trees
0.0293,0.0538,0.0292,0.3074,0.2948255,trees
0.0304,0.0583,0.031,0.304,0.3145434,trees
0.0306,0.056,0.0311,0.2952,0.29330254,trees
0.0298,0.055,0.0339,0.2852,0.29716983,trees
0.0284,0.0541,0.0313,0.2724,0.31151515,trees
0.029,0.0573,0.031,0.2976,0.32792586,trees
0.0303,0.059,0.0291,0.3016,0.32138857,trees
0.0301,0.0564,0.029,0.299,0.30404624,trees
0.0283,0.0556,0.0275,0.298,0.32538736,trees
0.0285,0.05675,0.02855,0.2954,0.3313783,trees
0.02905,0.05705,0.0298,0.2961,0.32520327,trees
0.02845,0.0584,0.0308,0.3043,0.34484744,trees
0.02845,0.0584,0.0308,0.3043,0.34484744,trees
0.02905,0.06085,0.03425,0.3125,0.35372633,trees
0.0287,0.0523,0.03175,0.2824,0.29135802,trees
0.0263,0.04895,0.0285,0.2651,0.3009967,trees
0.02935,0.05675,0.03305,0.3096,0.31823462,trees
0.02955,0.05625,0.0311,0.3066,0.31118882,trees
0.0304,0.05805,0.0343,0.3093,0.31260598,trees
0.03285,0.06055,0.0359,0.329,0.29657388,trees
0.0328,0.0559,0.0331,0.3452,0.26042843,trees
0.0325,0.055,0.0326,0.3307,0.25714287,trees
0.0305,0.0535,0.0291,0.3226,0.27380952,trees
0.0287,0.0498,0.029,0.315,0.26878983,trees
0.0257,0.0436,0.0247,0.278,0.2582973,trees
0.0246,0.0414,0.0241,0.2566,0.25454548,trees
0.0269,0.0482,0.0286,0.2876,0.28362182,trees
0.0271,0.0487,0.0271,0.3152,0.28496042,trees
0.0252,0.0468,0.025,0.3082,0.29999998,trees
0.0269,0.0491,0.0253,0.3207,0.29210523,trees
0.029,0.0525,0.0274,0.3328,0.28834358,trees
0.0291,0.0507,0.0285,0.326,0.2706767,trees
0.0292,0.0544,0.0282,0.3244,0.3014354,trees
0.0299,0.0546,0.0305,0.3096,0.2923077,trees
0.03,0.0541,0.0325,0.29,0.2865636,trees
0.0313,0.0511,0.0317,0.2986,0.24029125,trees
0.0306,0.0522,0.0313,0.3238,0.26086956,trees
0.0322,0.0544,0.0338,0.3142,0.25635102,trees
0.031,0.05,0.0305,0.282,0.23456791,trees
0.0302,0.0491,0.0301,0.2978,0.23833543,trees
0.0323,0.0551,0.0325,0.3194,0.2608696,trees
0.0312,0.0536,0.0322,0.315,0.26415095,trees
0.0305,0.055,0.0322,0.3348,0.2865497,trees
0.0305,0.055,0.0322,0.3348,0.2865497,trees
0.0301,0.0539,0.0323,0.3108,0.28333333,trees
0.0301,0.0504,0.0304,0.3068,0.25217393,trees
0.0309,0.0544,0.0322,0.3198,0.27549827,trees
0.02805,0.05225,0.0293,0.2808,0.30136988,trees
0.0299,0.05515,0.0301,0.3074,0.29688418,trees
0.0311,0.0591,0.03315,0.3331,0.3104213,trees
0.029,0.0544,0.0313,0.2948,0.3045564,trees
0.0276,0.0505,0.02705,0.2946,0.29321384,trees
0.0305,0.059,0.0305,0.3197,0.31843576,trees
0.0308,0.0593,0.0335,0.311,0.3163152,trees
0.0313,0.059,0.0327,0.3198,0.30675524,trees
0.0306,0.0583,0.0301,0.3272,0.31158605,trees
0.0303,0.0576,0.0309,0.2956,0.3105802,trees
0.031,0.0589,0.0305,0.3098,0.31034482,trees
0.0296,0.0603,0.0306,0.2978,0.34149054,trees
0.0286,0.0576,0.0305,0.2966,0.3364269,trees
0.0292,0.0598,0.0312,0.3098,0.3438202,trees
0.0293,0.0569,0.0311,0.3156,0.3201856,trees
0.0295,0.0578,0.0305,0.3028,0.32416952,trees
0.0303,0.0594,0.0317,0.2988,0.3244147,trees
0.032,0.0552,0.033,0.2944,0.26605502,trees
0.03,0.053,0.0324,0.2718,0.27710843,trees
0.0271,0.051,0.0268,0.267,0.30601794,trees
0.0297,0.055,0.0298,0.2934,0.2987013,trees
0.03,0.0579,0.0302,0.2841,0.31740618,trees
0.031,0.0587,0.0304,0.3019,0.30880713,trees
0.0285,0.055,0.0285,0.2958,0.3173653,trees
0.02695,0.0571,0.02915,0.3041,0.3587151,trees
0.0282,0.0582,0.0292,0.2928,0.34722224,trees
0.0282,0.0582,0.0292,0.2928,0.34722224,trees
0.02925,0.05925,0.02935,0.2958,0.33898306,trees
0.0295,0.0605,0.0312,0.3089,0.34444442,trees
0.02685,0.0507,0.02715,0.2858,0.30754355,trees
0.02665,0.0525,0.02755,0.28335,0.32659504,trees
0.02805,0.0586,0.0321,0.3134,0.35256782,trees
0.0281,0.05525,0.0308,0.3019,0.32573482,trees
0.03165,0.05685,0.03345,0.2909,0.28474578,trees
0.0319,0.05875,0.0345,0.3191,0.29619417,trees
0.0327,0.057,0.0324,0.3296,0.27090302,trees
0.0325,0.0574,0.0323,0.3266,0.2769744,trees
0.03045,0.05605,0.031,0.3122,0.29595375,trees
0.0265,0.04535,0.02705,0.2744,0.26235214,trees
0.0246,0.04205,0.0234,0.2638,0.26181546,trees
0.0256,0.04275,0.02455,0.262,0.25091442,trees
0.02905,0.04675,0.0295,0.2815,0.23350926,trees
0.0267,0.0491,0.02685,0.3043,0.29551452,trees
0.02895,0.05235,0.029,0.3197,0.28782287,trees
0.0284,0.05065,0.0278,0.324,0.2814674,trees
0.02965,0.05245,0.0292,0.3304,0.2777101,trees
0.02995,0.0525,0.0291,0.32185,0.27349907,trees
0.0293,0.05195,0.02965,0.321,0.27876922,trees
0.0312,0.05395,0.0307,0.3115,0.26717559,trees
0.03075,0.055,0.0312,0.2949,0.28279883,trees
0.02995,0.0572,0.03325,0.3102,0.3126793,trees
0.0316,0.0562,0.0325,0.3247,0.28018227,trees
0.0315,0.05695,0.03315,0.31275,0.28773317,trees
0.03075,0.05285,0.031,0.2933,0.26435405,trees
0.03185,0.05315,0.0297,0.2938,0.25058824,trees
0.0311,0.0531,0.0329,0.294,0.26128268,trees
0.0305,0.0527,0.032,0.315,0.26682693,trees
0.0305,0.0527,0.032,0.315,0.26682693,trees
0.0325,0.0581,0.0319,0.3462,0.28256074,trees
0.0329,0.0585,0.0343,0.3252,0.2800875,trees
0.0323,0.0568,0.0316,0.3206,0.27497193,trees
0.0306,0.0548,0.0302,0.2888,0.28337237,trees
0.0278,0.04845,0.0286,0.2548,0.2708197,trees
0.0299,0.0547,0.0309,0.3052,0.2931442,trees
0.0315,0.05785,0.03295,0.3104,0.29490766,trees
0.0291,0.05045,0.02905,0.2776,0.26838467,trees
0.02825,0.0554,0.02885,0.2931,0.32456663,trees
0.03085,0.0603,0.03205,0.3206,0.3230938,trees
0.0323,0.0608,0.0334,0.3066,0.30612248,trees
0.0311,0.0602,0.0323,0.313,0.31872946,trees
0.0303,0.0594,0.0324,0.319,0.3244147,trees
0.0302,0.0586,0.0301,0.2946,0.31981984,trees
0.0319,0.0596,0.0304,0.3098,0.30273223,trees
0.0292,0.0585,0.0303,0.3006,0.33409348,trees
0.0317,0.0595,0.0308,0.3152,0.30482456,trees
0.0321,0.0625,0.0328,0.3188,0.32135308,trees
0.0309,0.0598,0.0322,0.3204,0.31863284,trees
0.0299,0.0587,0.0314,0.3096,0.32505643,trees
0.0312,0.0576,0.0318,0.298,0.2972973,trees
0.0309,0.0576,0.033,0.2922,0.3016949,trees
0.0288,0.0531,0.0303,0.2678,0.2967033,trees
0.0275,0.0518,0.0285,0.262,0.3064313,trees
0.0293,0.0535,0.0297,0.2886,0.29227054,trees
0.0297,0.0546,0.0297,0.2727,0.29537368,trees
0.029,0.0577,0.0292,0.288,0.33102655,trees
0.0292,0.0549,0.0291,0.2864,0.3055886,trees
0.02765,0.0553,0.02885,0.2883,0.3333333,trees
0.028,0.05885,0.03,0.291,0.35521013,trees
0.028,0.05885,0.03,0.291,0.35521013,trees
0.0293,0.0616,0.03035,0.3121,0.3553355,trees
0.0307,0.0603,0.03085,0.3185,0.32527474,trees
0.02885,0.0563,0.0279,0.3091,0.32237226,trees
0.0264,0.0531,0.02805,0.3083,0.33584905,trees
0.02695,0.05745,0.0297,0.3075,0.3613744,trees
0.0284,0.05375,0.03055,0.2997,0.3085819,trees
0.0298,0.05715,0.03485,0.2926,0.31454858,trees
0.0336,0.06275,0.0375,0.3261,0.3025428,trees
0.0281,0.0531,0.0311,0.2994,0.30788177,trees
0.0327,0.0563,0.0325,0.31,0.26516855,trees
0.02905,0.05675,0.031,0.304,0.32284382,trees
0.0253,0.04485,0.02515,0.2743,0.2786885,trees
0.02545,0.0449,0.0247,0.2836,0.27647477,trees
0.02435,0.0454,0.02625,0.2779,0.30179211,trees
0.02635,0.0469,0.02715,0.2764,0.28054607,trees
0.02895,0.0509,0.0279,0.3122,0.27489042,trees
0.03145,0.05635,0.03065,0.3262,0.2835991,trees
0.03065,0.0534,0.0289,0.3297,0.2706722,trees
0.029,0.05425,0.02895,0.3342,0.3033033,trees
0.0306,0.05465,0.0288,0.3333,0.28211144,trees
0.02985,0.0551,0.03085,0.3284,0.29723367,trees
0.0325,0.0588,0.0347,0.3273,0.28806138,trees
0.03675,0.05985,0.0366,0.3309,0.23913044,trees
0.0349,0.06185,0.03695,0.3343,0.27855298,trees
0.03185,0.05645,0.0336,0.3177,0.2785957,trees
0.03125,0.05535,0.0314,0.3056,0.278291,trees
0.02955,0.049,0.02905,0.2832,0.247613,trees
0.0285,0.05195,0.03055,0.2904,0.2914854,trees
0.0277,0.0525,0.0283,0.2954,0.3092269,trees
0.0328,0.0538,0.0331,0.3056,0.24249423,trees
0.0328,0.0538,0.0331,0.3056,0.24249423,trees
0.0338,0.058,0.0367,0.3154,0.26361656,trees
0.0319,0.0572,0.034,0.2954,0.2839506,trees
0.033,0.0539,0.0326,0.2924,0.24050634,trees
0.0291,0.05,0.0317,0.269,0.2642225,trees
0.0282,0.04695,0.03145,0.2708,0.24950102,trees
0.0307,0.05695,0.03275,0.3177,0.29948658,trees
0.0301,0.05665,0.0331,0.2939,0.3060519,trees
0.02795,0.052,0.02955,0.2689,0.300813,trees
0.0296,0.0563,0.03095,0.3031,0.31082654,trees
0.03085,0.0595,0.03185,0.3201,0.31710017,trees
0.0314,0.0582,0.0323,0.3006,0.2991072,trees
0.0314,0.0617,0.0311,0.3104,0.32545653,trees
0.0302,0.0593,0.0305,0.3028,0.32513967,trees
0.0299,0.0564,0.0307,0.3034,0.30706838,trees
0.0306,0.0583,0.0313,0.3,0.31158605,trees
0.0295,0.0579,0.0316,0.2966,0.32494277,trees
0.0329,0.0623,0.0322,0.3218,0.3088235,trees
0.0317,0.0624,0.0331,0.325,0.32624865,trees
0.0308,0.0578,0.0326,0.3124,0.3047404,trees
0.031,0.0582,0.0308,0.3006,0.30493274,trees
0.0322,0.0566,0.0326,0.2974,0.2747748,trees
0.0319,0.0566,0.0317,0.2956,0.27909607,trees
0.0298,0.0548,0.0315,0.2814,0.29550827,trees
0.0292,0.0536,0.0299,0.2828,0.29468596,trees
0.0291,0.0525,0.0301,0.2758,0.28676468,trees
0.0289,0.0538,0.0291,0.2818,0.3010883,trees
0.0289,0.0586,0.0294,0.2942,0.3394286,trees
0.0294,0.0551,0.0279,0.2842,0.30414203,trees
0.02855,0.05385,0.0283,0.2884,0.3070388,trees
0.02895,0.0598,0.03035,0.2981,0.34760565,trees
0.02895,0.0598,0.03035,0.2981,0.34760565,trees
0.02965,0.0614,0.03155,0.3137,0.34870952,trees
0.0301,0.06125,0.0324,0.3243,0.34099618,trees
0.02925,0.05845,0.0313,0.3309,0.33295324,trees
0.02735,0.0549,0.02935,0.3249,0.33495444,trees
0.0275,0.0574,0.03045,0.313,0.35217902,trees
0.02905,0.05695,0.03275,0.30125,0.3244186,trees
0.0321,0.0599,0.03605,0.3153,0.3021739,trees
0.0367,0.0667,0.0395,0.3278,0.29013538,trees
0.0292,0.0512,0.0305,0.2916,0.2736318,trees
0.0328,0.0586,0.0337,0.3008,0.28227574,trees
0.02775,0.05565,0.0302,0.3076,0.33453238,trees
0.02615,0.0478,0.02465,0.301,0.2927654,trees
0.02655,0.04615,0.0249,0.3002,0.26960108,trees
0.02655,0.04595,0.0271,0.28975,0.2675862,trees
0.02645,0.04625,0.0263,0.2895,0.27235213,trees
0.0292,0.05165,0.02925,0.3131,0.2776747,trees
0.03085,0.05515,0.0293,0.3348,0.28255814,trees
0.0312,0.0545,0.0302,0.3378,0.27187866,trees
0.03,0.05645,0.02855,0.3297,0.3059572,trees
0.0308,0.0547,0.02965,0.3243,0.27953213,trees
0.0313,0.05545,0.0311,0.328,0.27838615,trees
0.03325,0.0605,0.03655,0.3345,0.29066667,trees
0.0334,0.0618,0.0391,0.3059,0.2983193,trees
0.034,0.0556,0.03785,0.29205,0.2410714,trees
0.03245,0.05335,0.03495,0.2985,0.24358973,trees
0.03025,0.0515,0.03165,0.3012,0.25993884,trees
0.0303,0.0515,0.0306,0.3039,0.2591687,trees
0.03095,0.053,0.0301,0.2917,0.26265633,trees
0.0286,0.0512,0.0313,0.3096,0.283208,trees
0.0315,0.0536,0.0347,0.2934,0.25969446,trees
0.0315,0.0536,0.0347,0.2934,0.25969446,trees
0.0344,0.0555,0.0372,0.292,0.23470522,trees
0.0324,0.0554,0.0349,0.3056,0.261959,trees
0.0319,0.0533,0.0341,0.2924,0.25117373,trees
0.0295,0.0498,0.0319,0.2774,0.2559899,trees
0.02965,0.0501,0.03195,0.2875,0.2564263,trees
0.03095,0.05945,0.0324,0.3235,0.31526548,trees
0.02925,0.05585,0.0321,0.2865,0.31257346,trees
0.0287,0.05565,0.03055,0.2873,0.3195021,trees
0.03175,0.0598,0.03245,0.3154,0.30638993,trees
0.03115,0.05765,0.03215,0.3194,0.29842344,trees
0.0312,0.058,0.0321,0.3054,0.30044842,trees
0.0312,0.0598,0.0319,0.3028,0.31428573,trees
0.03,0.0568,0.03,0.3138,0.30875576,trees
0.0307,0.0564,0.0307,0.3208,0.29506317,trees
0.0299,0.0571,0.032,0.3078,0.3126437,trees
0.0312,0.0571,0.0318,0.3012,0.29331824,trees
0.0316,0.062,0.0335,0.3318,0.32478634,trees
0.0294,0.0577,0.0312,0.3254,0.3249139,trees
0.0304,0.0584,0.0318,0.2924,0.31531534,trees
0.0312,0.058,0.0331,0.285,0.30044842,trees
0.0314,0.0565,0.0318,0.2828,0.2855518,trees
0.0308,0.0573,0.032,0.288,0.30079457,trees
0.0304,0.0558,0.0322,0.2852,0.29466355,trees
0.0302,0.0544,0.0316,0.2952,0.286052,trees
0.0294,0.0531,0.0305,0.2824,0.28727272,trees
0.0298,0.0558,0.0301,0.29,0.30373833,trees
0.0285,0.057,0.0299,0.3098,0.3333333,trees
0.0275,0.0539,0.029,0.2972,0.3243243,trees
0.0283,0.05295,0.0278,0.2968,0.3033846,trees
0.02855,0.05625,0.03055,0.3048,0.32665092,trees
0.02855,0.05625,0.03055,0.3048,0.32665092,trees
0.0299,0.0588,0.031,0.3118,0.32581738,trees
0.0297,0.05995,0.03135,0.3196,0.33742332,trees
0.0286,0.05535,0.0316,0.3128,0.31864205,trees
0.0278,0.05655,0.0305,0.3211,0.34084174,trees
0.02875,0.06005,0.03125,0.31625,0.3524775,trees
0.02915,0.059,0.03505,0.30945,0.33862734,trees
0.0326,0.0633,0.03785,0.3336,0.3201251,trees
0.04065,0.07175,0.04355,0.3578,0.27669042,trees
0.0284,0.0496,0.0327,0.2686,0.2717949,trees
0.0315,0.0548,0.0332,0.28,0.26998842,trees
0.02875,0.05275,0.0298,0.3041,0.2944785,trees
0.027,0.0504,0.02705,0.3227,0.30232558,trees
0.0265,0.04795,0.0255,0.3094,0.28811282,trees
0.02775,0.04645,0.028,0.2918,0.25202155,trees
0.0287,0.05085,0.0294,0.2992,0.27844125,trees
0.02985,0.05145,0.0295,0.3159,0.26568264,trees
0.0308,0.0538,0.0295,0.3358,0.27186763,trees
0.0332,0.05815,0.03195,0.3427,0.27312535,trees
0.0322,0.0585,0.0325,0.3383,0.2899669,trees
0.031,0.05415,0.0306,0.3282,0.27187318,trees
0.03275,0.05765,0.0314,0.3258,0.2754425,trees
0.03325,0.0592,0.03515,0.333,0.28069225,trees
0.0316,0.0546,0.03445,0.30465,0.26682138,trees
0.03205,0.0526,0.03715,0.2959,0.24276435,trees
0.03255,0.0553,0.03495,0.29235,0.25896415,trees
0.03045,0.05085,0.0316,0.30645,0.25092253,trees
0.03,0.0539,0.03075,0.316,0.28486294,trees
0.03095,0.05285,0.03105,0.2984,0.2613365,trees
0.0319,0.052,0.035,0.2842,0.23957092,trees
0.0306,0.0518,0.037,0.2702,0.25728157,trees
0.0306,0.0518,0.037,0.2702,0.25728157,trees
0.0324,0.0551,0.0362,0.2999,0.25942856,trees
0.033,0.0575,0.0337,0.341,0.27071825,trees
0.0324,0.056,0.0339,0.316,0.2669683,trees
0.03,0.0529,0.0306,0.2852,0.27623644,trees
0.0296,0.05425,0.0309,0.2902,0.29397732,trees
0.032,0.06155,0.0322,0.3281,0.31587386,trees
0.03075,0.0564,0.0315,0.3017,0.29432014,trees
0.0312,0.05775,0.03355,0.3099,0.29848233,trees
0.03175,0.06055,0.0344,0.3208,0.312026,trees
0.03115,0.0573,0.03255,0.307,0.29564726,trees
0.0305,0.0585,0.0325,0.3152,0.31460673,trees
0.0309,0.0559,0.0327,0.2972,0.28801844,trees
0.0313,0.0538,0.0316,0.2954,0.26439482,trees
0.0308,0.0574,0.0314,0.3106,0.30158728,trees
0.0301,0.0581,0.0322,0.3128,0.31746033,trees
0.0314,0.0589,0.0326,0.3128,0.30454043,trees
0.0308,0.0622,0.0323,0.3334,0.3376344,trees
0.0285,0.0585,0.0311,0.3266,0.3448276,trees
0.0309,0.0608,0.0316,0.2962,0.32606325,trees
0.0308,0.0581,0.0328,0.2854,0.30708662,trees
0.0302,0.0554,0.0312,0.2802,0.2943925,trees
0.0309,0.055,0.0315,0.2856,0.2805588,trees
0.0303,0.0555,0.0325,0.2912,0.2937063,trees
0.0308,0.0575,0.0316,0.3028,0.30237827,trees
0.0296,0.0524,0.0303,0.2854,0.27804878,trees
0.0296,0.0558,0.0298,0.314,0.30679154,trees
0.0282,0.0564,0.0296,0.3222,0.33333334,trees
0.0276,0.0521,0.0281,0.3084,0.30740276,trees
0.0272,0.0518,0.0272,0.2907,0.3113924,trees
0.0272,0.0518,0.0272,0.2907,0.3113924,trees
0.028,0.05295,0.02995,0.3023,0.30821493,trees
0.02745,0.05495,0.0292,0.3147,0.33373782,trees
0.02805,0.06015,0.02995,0.3252,0.36394557,trees
0.02795,0.05545,0.0302,0.3079,0.32973623,trees
0.02835,0.0583,0.03025,0.3185,0.3456434,trees
0.03,0.0581,0.03195,0.3214,0.31895575,trees
0.0311,0.05835,0.0358,0.3191,0.30463946,trees
0.0344,0.0661,0.0383,0.3469,0.3154229,trees
0.04085,0.0752,0.0468,0.3698,0.29599312,trees
0.0294,0.0527,0.0338,0.2842,0.28380024,trees
0.0305,0.0522,0.0331,0.283,0.2623942,trees
0.02855,0.0503,0.0298,0.2849,0.27584016,trees
0.02625,0.04975,0.0259,0.3067,0.30921054,trees
0.0245,0.0446,0.0247,0.2925,0.29088277,trees
0.0269,0.04525,0.02695,0.2856,0.25433123,trees
0.03125,0.05475,0.0299,0.3233,0.27325583,trees
0.02985,0.05295,0.02935,0.3106,0.27898547,trees
0.0305,0.05285,0.0299,0.31405,0.26814637,trees
0.03445,0.05685,0.03165,0.3296,0.24534506,trees
0.0325,0.0592,0.03295,0.344,0.29116684,trees
0.0318,0.0588,0.03275,0.3316,0.29801324,trees
0.03405,0.06085,0.03355,0.3397,0.28240252,trees
0.03475,0.06225,0.0377,0.3414,0.28350514,trees
0.0335,0.0619,0.03735,0.324,0.2976939,trees
0.0353,0.0622,0.04075,0.3357,0.2758974,trees
0.03385,0.0619,0.03625,0.3257,0.2929504,trees
0.0308,0.05565,0.03335,0.3132,0.2874494,trees
0.03145,0.0534,0.03175,0.3042,0.25869182,trees
0.0304,0.05135,0.0313,0.2994,0.2562691,trees
0.0284,0.0523,0.0328,0.2802,0.2961586,trees
0.0284,0.0523,0.0328,0.2802,0.2961586,trees
0.0325,0.0539,0.0359,0.2902,0.2476852,trees
0.0323,0.0581,0.0363,0.3232,0.28539824,trees
0.0319,0.06,0.0335,0.3372,0.30576712,trees
0.0295,0.0535,0.0281,0.2832,0.28915662,trees
0.0307,0.052,0.0288,0.28,0.25755745,trees
0.0325,0.05575,0.0309,0.3081,0.26345614,trees
0.0331,0.06175,0.0322,0.3267,0.30205584,trees
0.03145,0.0612,0.03265,0.3069,0.32110095,trees
0.0328,0.0627,0.03515,0.3205,0.313089,trees
0.03325,0.0595,0.0339,0.316,0.2830189,trees
0.03175,0.0574,0.03315,0.3124,0.2877173,trees
0.0308,0.0572,0.033,0.2964,0.3,trees
0.032,0.0552,0.0336,0.2824,0.26605502,trees
0.0316,0.0578,0.0333,0.2986,0.2930649,trees
0.0299,0.0573,0.0305,0.3056,0.3142202,trees
0.0296,0.0594,0.0308,0.3064,0.33483145,trees
0.0296,0.0603,0.0306,0.313,0.34149054,trees
0.0293,0.0623,0.0315,0.3152,0.360262,trees
0.0296,0.0591,0.0318,0.3082,0.33258173,trees
0.0299,0.0604,0.0317,0.2954,0.33776304,trees
0.0294,0.0573,0.0336,0.2786,0.3217993,trees
0.0297,0.058,0.0337,0.2952,0.322691,trees
0.0302,0.0585,0.0317,0.3042,0.319053,trees
0.0306,0.0543,0.0327,0.2996,0.27915195,trees
0.0316,0.0573,0.0322,0.3038,0.2890889,trees
0.0291,0.054,0.0307,0.2964,0.299639,trees
0.0295,0.0564,0.0292,0.3194,0.31315485,trees
0.0282,0.0557,0.0289,0.3254,0.32777113,trees
0.0275,0.0532,0.029,0.309,0.31846344,trees
0.02655,0.0526,0.02715,0.3033,0.32912192,trees
0.02655,0.0526,0.02715,0.3033,0.32912192,trees
0.0269,0.05365,0.0292,0.3067,0.33209184,trees
0.02735,0.0579,0.0292,0.3185,0.3583578,trees
0.02855,0.0549,0.0282,0.3326,0.31575793,trees
0.0274,0.05045,0.02955,0.3146,0.29608223,trees
0.02875,0.0575,0.03065,0.3264,0.33333334,trees
0.03105,0.06125,0.03365,0.3251,0.32719395,trees
0.0321,0.06035,0.0369,0.3289,0.3055706,trees
0.034,0.0668,0.0388,0.3476,0.32539678,trees
0.0402,0.07335,0.0425,0.3673,0.29194188,trees
0.0316,0.0536,0.0331,0.314,0.25821596,trees
0.0321,0.0523,0.032,0.2966,0.23933649,trees
0.0265,0.04265,0.0266,0.2643,0.23355025,trees
0.02765,0.04695,0.0277,0.2868,0.25871313,trees
0.0254,0.04395,0.0263,0.2941,0.26748377,trees
0.02725,0.0482,0.0295,0.3047,0.2776673,trees
0.03255,0.0551,0.03075,0.3429,0.25727326,trees
0.0303,0.0547,0.02975,0.3244,0.2870588,trees
0.0306,0.05065,0.0289,0.3028,0.24676925,trees
0.0336,0.05745,0.03105,0.3298,0.261944,trees
0.03365,0.06075,0.0331,0.3414,0.28707626,trees
0.03295,0.06045,0.0336,0.3408,0.29443255,trees
0.0336,0.05965,0.03415,0.3312,0.2793566,trees
0.03395,0.061,0.0366,0.3343,0.28488678,trees
0.0356,0.0633,0.03895,0.3486,0.28008088,trees
0.0379,0.06595,0.03915,0.35995,0.2701011,trees
0.03605,0.0649,0.03735,0.3496,0.28578508,trees
0.0337,0.06145,0.03385,0.323,0.29164478,trees
0.03025,0.0535,0.0292,0.289,0.27761194,trees
0.03105,0.05225,0.031,0.2902,0.25450182,trees
0.0302,0.0513,0.0307,0.2984,0.2588957,trees
0.0302,0.0513,0.0307,0.2984,0.2588957,trees
0.0334,0.0574,0.0336,0.3242,0.26431718,trees
0.0328,0.0564,0.0328,0.3232,0.264574,trees
0.0309,0.0536,0.0315,0.3032,0.26863903,trees
0.0283,0.051,0.0292,0.2876,0.2862547,trees
0.0312,0.0553,0.032,0.305,0.27861273,trees
0.03225,0.06035,0.03395,0.3333,0.30345574,trees
0.0332,0.0588,0.034,0.3127,0.2782609,trees
0.0332,0.0597,0.033,0.302,0.285253,trees
0.03355,0.05885,0.03525,0.31635,0.27380952,trees
0.0332,0.06065,0.0356,0.3226,0.292488,trees
0.0321,0.0584,0.03375,0.3141,0.29060775,trees
0.0307,0.0564,0.0332,0.2898,0.29506317,trees
0.0326,0.0573,0.034,0.2884,0.27474973,trees
0.0305,0.0586,0.0339,0.3006,0.31537598,trees
0.0297,0.0572,0.0301,0.3046,0.31645572,trees
0.0281,0.0571,0.0296,0.3108,0.34037557,trees
0.0289,0.0609,0.03,0.3168,0.3563474,trees
0.0309,0.0584,0.0318,0.3068,0.30795074,trees
0.0317,0.059,0.0327,0.3044,0.30099228,trees
0.0296,0.0599,0.0328,0.3042,0.3385475,trees
0.0299,0.0577,0.0338,0.289,0.3173516,trees
0.0315,0.0592,0.0375,0.3128,0.30540243,trees
0.0307,0.0548,0.0335,0.3018,0.28187135,trees
0.0301,0.0563,0.0321,0.293,0.30324075,trees
0.0297,0.0565,0.0306,0.3008,0.31090486,trees
0.0286,0.055,0.0309,0.2996,0.31578946,trees
0.0279,0.0543,0.0304,0.3074,0.3211679,trees
0.0292,0.0558,0.0298,0.3264,0.31294113,trees
0.0285,0.058,0.0283,0.3162,0.34104046,trees
0.02855,0.05465,0.02725,0.3061,0.31370193,trees
0.02855,0.05465,0.02725,0.3061,0.31370193,trees
0.0273,0.05465,0.02765,0.3002,0.3337401,trees
0.0283,0.05495,0.02905,0.3243,0.3201201,trees
0.02655,0.05025,0.0285,0.3216,0.30859375,trees
0.02715,0.0517,0.02945,0.31,0.31135067,trees
0.02985,0.0604,0.03165,0.3254,0.33850417,trees
0.03115,0.0611,0.0348,0.3268,0.32466125,trees
0.03145,0.06125,0.03505,0.3217,0.3214671,trees
0.03395,0.0586,0.03265,0.3196,0.26634252,trees
0.03805,0.06825,0.0389,0.3568,0.2841016,trees
0.03035,0.05135,0.033,0.2962,0.25703797,trees
0.028,0.0484,0.02995,0.28395,0.2670157,trees
0.0266,0.04295,0.02685,0.2569,0.23508269,trees
0.0299,0.0494,0.03165,0.3036,0.24590166,trees
0.0299,0.0519,0.03115,0.3087,0.26894864,trees
0.0298,0.04875,0.0301,0.3044,0.24124761,trees
0.03165,0.0569,0.0319,0.345,0.2851496,trees
0.03235,0.056,0.03195,0.3281,0.26768535,trees
0.0314,0.0516,0.03035,0.3194,0.24337351,trees
0.032,0.05715,0.03175,0.33725,0.28210878,trees
0.0332,0.059,0.03425,0.3411,0.2798265,trees
0.0335,0.06035,0.03315,0.3503,0.2860948,trees
0.03215,0.05845,0.03265,0.3348,0.29028696,trees
0.0316,0.05895,0.03305,0.3117,0.30204308,trees
0.03565,0.0606,0.037,0.3485,0.2592208,trees
0.03525,0.06385,0.03635,0.351,0.28859738,trees
0.0338,0.0612,0.035,0.3296,0.28842106,trees
0.03385,0.05935,0.0334,0.3233,0.27360514,trees
0.0303,0.0503,0.0271,0.2871,0.24813892,trees
0.03225,0.05345,0.03265,0.299,0.24737458,trees
0.0314,0.05445,0.03115,0.31565,0.2684916,trees
0.0314,0.05445,0.03115,0.31565,0.2684916,trees
0.03445,0.05805,0.03355,0.3385,0.25513515,trees
0.03425,0.05735,0.03205,0.3186,0.2521834,trees
0.03235,0.053,0.0321,0.3031,0.24194492,trees
0.03175,0.0555,0.03285,0.3032,0.2722063,trees
0.0316,0.05535,0.0331,0.2995,0.2731455,trees
0.0323,0.0556,0.0327,0.306,0.26507396,trees
0.0328,0.06,0.0323,0.3132,0.29310343,trees
0.0339,0.0634,0.0336,0.311,0.30318603,trees
0.0351,0.0621,0.0356,0.333,0.27777776,trees
0.0334,0.0639,0.0362,0.3316,0.31346354,trees
0.0325,0.0561,0.0336,0.3078,0.2663657,trees
0.0307,0.0531,0.0326,0.2802,0.2673031,trees
0.0317,0.056,0.0332,0.289,0.27708098,trees
0.0317,0.0572,0.0336,0.2872,0.28683913,trees
0.0312,0.0566,0.0325,0.291,0.2892939,trees
0.0295,0.0567,0.0306,0.2988,0.31554523,trees
0.0312,0.0613,0.0317,0.3296,0.3254054,trees
0.0306,0.0609,0.0324,0.313,0.33114752,trees
0.0322,0.0603,0.035,0.3082,0.30378377,trees
0.0317,0.0591,0.0329,0.3024,0.30176207,trees
0.0313,0.0591,0.0339,0.3006,0.30752212,trees
0.0313,0.0586,0.0354,0.3152,0.30367073,trees
0.0297,0.0535,0.0332,0.2916,0.2860577,trees
0.0301,0.0564,0.0323,0.2916,0.30404624,trees
0.0288,0.0556,0.0304,0.2924,0.31753555,trees
0.028,0.0553,0.0308,0.3008,0.32773107,trees
0.028,0.055,0.0299,0.3188,0.32530117,trees
0.029,0.0545,0.0298,0.3388,0.30538923,trees
0.0297,0.0567,0.0299,0.33,0.31249997,trees
0.02825,0.05635,0.0283,0.3161,0.3321513,trees
0.02825,0.05635,0.0283,0.3161,0.3321513,trees
0.02735,0.0543,0.0278,0.2964,0.33006737,trees
0.02995,0.0582,0.0311,0.3312,0.32047647,trees
0.0283,0.0537,0.0334,0.3271,0.30975607,trees
0.0285,0.0528,0.03235,0.3281,0.298893,trees
0.02915,0.0577,0.0335,0.3105,0.3287277,trees
0.0299,0.0589,0.03565,0.3225,0.32657656,trees
0.0295,0.05815,0.03265,0.3148,0.32686824,trees
0.0309,0.0583,0.0318,0.3186,0.3071749,trees
0.0387,0.07035,0.03915,0.3517,0.29023385,trees
0.0289,0.0496,0.0309,0.2783,0.2636943,trees
0.0274,0.0475,0.02695,0.2758,0.26835778,trees
0.0283,0.04595,0.02685,0.26945,0.23771043,trees
0.03235,0.05425,0.0338,0.32,0.25288683,trees
0.0313,0.05435,0.03145,0.3062,0.26911852,trees
0.0291,0.0519,0.0314,0.3152,0.28148147,trees
0.0322,0.05645,0.03195,0.3568,0.27354762,trees
0.03345,0.05835,0.0324,0.3467,0.2712418,trees
0.03125,0.05615,0.02995,0.3384,0.28489703,trees
0.0327,0.05775,0.03215,0.3401,0.2769486,trees
0.03335,0.05955,0.0351,0.3426,0.2820237,trees
0.03465,0.0611,0.03425,0.3664,0.27624017,trees
0.0337,0.0598,0.03205,0.3382,0.27914435,trees
0.0314,0.0547,0.03405,0.3102,0.27061558,trees
0.0355,0.06105,0.03825,0.3451,0.26462972,trees
0.0348,0.0659,0.03595,0.3573,0.3088381,trees
0.0329,0.0605,0.03345,0.3388,0.29550317,trees
0.0315,0.05955,0.0319,0.3129,0.30807248,trees
0.03005,0.05155,0.0282,0.3064,0.2634804,trees
0.03055,0.05205,0.03115,0.313,0.26029056,trees
0.0318,0.05475,0.033,0.3184,0.2651646,trees
0.0318,0.05475,0.033,0.3184,0.2651646,trees
0.0348,0.05785,0.03335,0.3314,0.24878575,trees
0.0356,0.058,0.03415,0.3201,0.23931624,trees
0.0314,0.0546,0.03255,0.3092,0.26976746,trees
0.03195,0.0566,0.0319,0.3112,0.2783738,trees
0.03055,0.0526,0.03185,0.2827,0.26518342,trees
0.0318,0.0556,0.0309,0.2984,0.27231115,trees
0.0335,0.0612,0.0323,0.3134,0.29250264,trees
0.0324,0.0633,0.0332,0.3244,0.322884,trees
0.0349,0.0631,0.0357,0.3396,0.28775513,trees
0.0324,0.0644,0.0372,0.3186,0.33057854,trees
0.0313,0.0533,0.0309,0.2902,0.2600473,trees
0.03,0.055,0.03,0.2884,0.29411766,trees
0.0312,0.0565,0.0324,0.3022,0.28848347,trees
0.0319,0.0606,0.0342,0.3016,0.31027028,trees
0.031,0.0584,0.0346,0.3008,0.3064877,trees
0.0305,0.058,0.0335,0.3156,0.31073445,trees
0.0321,0.0623,0.034,0.3316,0.31991526,trees
0.0305,0.0562,0.0341,0.3172,0.29642448,trees
0.0303,0.0568,0.0341,0.2994,0.30424798,trees
0.0319,0.0595,0.0335,0.3002,0.30196938,trees
0.0325,0.0588,0.0338,0.3086,0.28806138,trees
0.0298,0.0552,0.0346,0.2996,0.29882354,trees
0.0291,0.0544,0.0336,0.2974,0.302994,trees
0.0303,0.058,0.0336,0.2956,0.31370327,trees
0.0274,0.0538,0.0309,0.2928,0.32512316,trees
0.0279,0.0545,0.0321,0.2852,0.32281554,trees
0.0285,0.0581,0.0299,0.324,0.3418014,trees
0.0296,0.0587,0.0305,0.3404,0.3295583,trees
0.0308,0.0591,0.0333,0.3366,0.31479418,trees
0.0308,0.0591,0.0333,0.3366,0.31479418,trees
0.02915,0.0566,0.0321,0.32,0.32011664,trees
0.0293,0.0567,0.031,0.3199,0.31860465,trees
0.03265,0.06545,0.0376,0.3401,0.33435267,trees
0.0338,0.06235,0.0391,0.3222,0.29693192,trees
0.02935,0.0567,0.03295,0.3208,0.31783846,trees
0.02945,0.0566,0.0314,0.3065,0.31551424,trees
0.0308,0.0627,0.0343,0.3252,0.3411765,trees
0.0299,0.0585,0.031,0.3215,0.32352942,trees
0.03265,0.0608,0.03335,0.3463,0.30123058,trees
0.03935,0.06905,0.0406,0.3457,0.27398524,trees
0.03145,0.0508,0.03115,0.289,0.23525836,trees
0.028,0.04625,0.02935,0.2914,0.24579126,trees
0.02915,0.04835,0.0283,0.2809,0.24774192,trees
0.03265,0.05415,0.03335,0.3158,0.24769583,trees
0.0322,0.05125,0.03115,0.3066,0.22828038,trees
0.03095,0.05455,0.0319,0.3323,0.2760234,trees
0.0318,0.0558,0.0317,0.3476,0.27397257,trees
0.03325,0.05655,0.03165,0.3353,0.2594655,trees
0.03165,0.05815,0.03015,0.3344,0.29510024,trees
0.03355,0.0595,0.0315,0.3472,0.2788823,trees
0.0326,0.06115,0.0326,0.35305,0.30453333,trees
0.0342,0.0599,0.03425,0.3569,0.2731137,trees
0.0339,0.0575,0.0323,0.3151,0.2582057,trees
0.03245,0.05575,0.0334,0.322,0.26417232,trees
0.0351,0.0602,0.03785,0.3339,0.26337877,trees
0.03545,0.06645,0.0357,0.3739,0.30421984,trees
0.0339,0.0649,0.03295,0.3408,0.3137652,trees
0.03055,0.0555,0.0305,0.2991,0.28994772,trees
0.02995,0.05275,0.03065,0.2964,0.27569526,trees
0.03155,0.0538,0.033,0.3173,0.26069126,trees
0.03155,0.0538,0.033,0.3173,0.26069126,trees
0.0326,0.05675,0.0332,0.3438,0.2702854,trees
0.0313,0.0559,0.0321,0.3238,0.28211007,trees
0.03265,0.05485,0.0335,0.31,0.25371426,trees
0.031,0.05575,0.03235,0.323,0.2853026,trees
0.03,0.05715,0.03215,0.3341,0.31153184,trees
0.03185,0.0574,0.03465,0.3039,0.28627452,trees
0.0331,0.0586,0.0344,0.3152,0.27808067,trees
0.0322,0.061,0.0336,0.3252,0.3090129,trees
0.0323,0.0608,0.0321,0.3254,0.30612248,trees
0.0322,0.0611,0.0334,0.3238,0.30975345,trees
0.0315,0.0596,0.0348,0.3044,0.30845225,trees
0.0306,0.0556,0.0326,0.2908,0.29002318,trees
0.0303,0.0594,0.0309,0.3052,0.3244147,trees
0.0309,0.0608,0.032,0.3044,0.32606325,trees
0.0331,0.0612,0.0339,0.313,0.29798514,trees
0.032,0.0614,0.0355,0.309,0.31477514,trees
0.0297,0.0588,0.035,0.3086,0.32881355,trees
0.0296,0.0583,0.0317,0.3132,0.3265074,trees
0.0289,0.0532,0.0309,0.2944,0.2959805,trees
0.0285,0.0573,0.0317,0.283,0.33566436,trees
0.0316,0.0616,0.0337,0.3042,0.32188842,trees
0.031,0.0589,0.0337,0.2984,0.31034482,trees
0.0292,0.055,0.0335,0.2908,0.3064133,trees
0.0301,0.0572,0.0334,0.3118,0.31042382,trees
0.0303,0.0604,0.0348,0.316,0.33186328,trees
0.028,0.0525,0.0298,0.2798,0.30434778,trees
0.0295,0.0569,0.0313,0.2984,0.3171296,trees
0.0301,0.0573,0.0312,0.3242,0.31121284,trees
0.0299,0.0584,0.0339,0.3308,0.32276332,trees
0.0304,0.0596,0.035,0.3313,0.3244444,trees
0.0304,0.0596,0.035,0.3313,0.3244444,trees
0.03155,0.0562,0.03495,0.3127,0.28091168,trees
0.0324,0.05695,0.0361,0.3119,0.27476215,trees
0.0317,0.06205,0.0364,0.3223,0.32373333,trees
0.0334,0.06085,0.0372,0.3133,0.29124668,trees
0.0329,0.0616,0.03665,0.3289,0.30370367,trees
0.0317,0.0631,0.03455,0.3414,0.33122364,trees
0.0303,0.0595,0.03215,0.3313,0.32516703,trees
0.03055,0.05975,0.03215,0.3398,0.32336655,trees
0.033,0.06155,0.0347,0.3451,0.30195662,trees
0.03815,0.06505,0.0394,0.3299,0.2606589,trees
0.03215,0.05265,0.0312,0.3184,0.24174528,trees
0.0268,0.04745,0.02815,0.3042,0.27811447,trees
0.02985,0.04905,0.0306,0.2985,0.24334599,trees
0.03305,0.05235,0.03345,0.30865,0.2259953,trees
0.0307,0.0517,0.031,0.3004,0.25485435,trees
0.0302,0.0553,0.03075,0.3398,0.29356724,trees
0.0302,0.053,0.03015,0.33315,0.27403843,trees
0.0316,0.05115,0.032,0.30915,0.23625381,trees
0.02955,0.049,0.02985,0.2799,0.247613,trees
0.03255,0.0537,0.0343,0.3004,0.2452174,trees
0.0304,0.0485,0.03055,0.2826,0.22940432,trees
0.0308,0.04995,0.0308,0.2839,0.2371517,trees
0.0316,0.0538,0.0318,0.3169,0.2599532,trees
0.03365,0.05665,0.03295,0.3339,0.25470656,trees
0.03195,0.0574,0.03065,0.318,0.2848349,trees
0.0325,0.0607,0.03125,0.327,0.3025751,trees
0.03215,0.0589,0.0309,0.316,0.2937946,trees
0.02965,0.0532,0.03065,0.3026,0.28424862,trees
0.02985,0.05255,0.03235,0.3065,0.27548543,trees
0.03005,0.0519,0.03305,0.29925,0.26662597,trees
0.03005,0.0519,0.03305,0.29925,0.26662597,trees
0.0325,0.0574,0.03495,0.3319,0.2769744,trees
0.0312,0.05445,0.03275,0.3296,0.27145362,trees
0.02955,0.0512,0.03095,0.2988,0.26811147,trees
0.031,0.05525,0.0317,0.3182,0.28115943,trees
0.0307,0.06035,0.03185,0.3323,0.32564527,trees
0.03075,0.0579,0.0339,0.3241,0.30626056,trees
0.0326,0.0605,0.035,0.3298,0.29967776,trees
0.0331,0.0614,0.0343,0.3386,0.29947087,trees
0.0318,0.0585,0.0317,0.3414,0.29568103,trees
0.032,0.0642,0.0328,0.3447,0.3347193,trees
0.0308,0.0616,0.0322,0.3154,0.33333334,trees
0.0293,0.0566,0.0322,0.312,0.3178114,trees
0.0315,0.0605,0.032,0.303,0.31521738,trees
0.031,0.0596,0.0325,0.312,0.3156733,trees
0.0339,0.0608,0.0353,0.3218,0.2840549,trees
0.0357,0.0656,0.0396,0.3198,0.2951629,trees
0.0307,0.0611,0.035,0.3116,0.33115467,trees
0.0258,0.0515,0.0293,0.2829,0.3324709,trees
0.027,0.0515,0.0296,0.2668,0.3121019,trees
0.029,0.0586,0.0309,0.2868,0.33789957,trees
0.0309,0.0594,0.0332,0.2938,0.3156146,trees
0.0306,0.0558,0.0329,0.3018,0.29166663,trees
0.029,0.0537,0.0322,0.2868,0.2986699,trees
0.031,0.0594,0.0326,0.3156,0.3141593,trees
0.0295,0.0549,0.0319,0.3046,0.3009479,trees
0.0272,0.0495,0.0281,0.275,0.29074314,trees
0.0303,0.0594,0.0306,0.3019,0.3244147,trees
0.0299,0.0559,0.0319,0.3044,0.3030303,trees
0.0306,0.0623,0.036,0.3174,0.3412271,trees
0.0315,0.0609,0.0374,0.3233,0.3181818,trees
0.0315,0.0609,0.0374,0.3233,0.3181818,trees
0.03045,0.0589,0.0377,0.3051,0.31841072,trees
0.03165,0.05495,0.03615,0.306,0.26905313,trees
0.03015,0.0597,0.03355,0.3102,0.32888147,trees
0.03325,0.0619,0.0372,0.3172,0.30110353,trees
0.03745,0.0658,0.04055,0.3411,0.27457628,trees
0.04015,0.0709,0.04035,0.3574,0.2769023,trees
0.03435,0.06255,0.03725,0.3246,0.29102167,trees
0.0304,0.0597,0.0327,0.3236,0.3251942,trees
0.03285,0.05885,0.03275,0.3222,0.28353325,trees
0.03555,0.06265,0.0354,0.3421,0.27596745,trees
0.03005,0.05225,0.0303,0.3122,0.26974484,trees
0.02795,0.04895,0.0266,0.3013,0.27308193,trees
0.03005,0.0499,0.0295,0.2993,0.24828017,trees
0.0303,0.05115,0.03245,0.2979,0.2559853,trees
0.03005,0.0512,0.02925,0.3041,0.26030767,trees
0.0302,0.05345,0.0291,0.3199,0.2779438,trees
0.0305,0.05055,0.0296,0.2958,0.24737814,trees
0.03175,0.0504,0.03245,0.2856,0.22702374,trees
0.0304,0.04695,0.0302,0.2568,0.2139625,trees
0.0287,0.0458,0.03015,0.2529,0.2295302,trees
0.02985,0.0484,0.029,0.2501,0.2370607,trees
0.0299,0.0506,0.0314,0.2871,0.25714287,trees
0.0317,0.056,0.03405,0.3115,0.27708098,trees
0.032,0.0559,0.03395,0.3245,0.27189988,trees
0.0312,0.05875,0.0299,0.345,0.3062813,trees
0.0301,0.0576,0.0288,0.3224,0.313569,trees
0.02995,0.0534,0.03045,0.3071,0.2813437,trees
0.03055,0.0556,0.0312,0.3298,0.2907719,trees
0.0317,0.053,0.03135,0.311,0.25147578,trees
0.03055,0.04965,0.0321,0.2971,0.2381546,trees
0.03055,0.04965,0.0321,0.2971,0.2381546,trees
0.0334,0.05585,0.0363,0.323,0.25154063,trees
0.0323,0.05345,0.0342,0.3147,0.24664724,trees
0.0299,0.04935,0.03035,0.2802,0.24542588,trees
0.02995,0.0558,0.0326,0.3172,0.3014577,trees
0.0306,0.05945,0.0335,0.3314,0.3203776,trees
0.0318,0.0598,0.0319,0.3372,0.30567682,trees
0.0332,0.0616,0.0335,0.3536,0.29957807,trees
0.0317,0.0612,0.0346,0.3476,0.31754574,trees
0.0313,0.0584,0.0334,0.3326,0.30211818,trees
0.0322,0.0621,0.0333,0.3494,0.31707317,trees
0.0296,0.0568,0.0308,0.3232,0.3148148,trees
0.0305,0.0559,0.0289,0.3166,0.29398146,trees
0.0302,0.0591,0.0297,0.3066,0.3236282,trees
0.0301,0.0576,0.0313,0.2988,0.313569,trees
0.0339,0.062,0.035,0.3322,0.29301354,trees
0.0332,0.0622,0.0372,0.316,0.3039832,trees
0.0302,0.0537,0.0336,0.2686,0.28009534,trees
0.0257,0.0477,0.0274,0.2508,0.29972753,trees
0.0282,0.0552,0.0301,0.289,0.32374102,trees
0.0302,0.0605,0.032,0.3086,0.33406833,trees
0.0309,0.059,0.0331,0.3024,0.31256953,trees
0.0309,0.0567,0.0328,0.294,0.29452053,trees
0.0301,0.057,0.0303,0.3094,0.30884042,trees
0.0286,0.0602,0.0322,0.321,0.35585585,trees
0.0278,0.0536,0.0303,0.2906,0.3169533,trees
0.0268,0.0534,0.0264,0.2888,0.33167082,trees
0.0274,0.0559,0.03,0.3096,0.34213686,trees
0.0287,0.0583,0.0301,0.3038,0.3402299,trees
0.0314,0.0629,0.035,0.3182,0.33404028,trees
0.0314,0.0629,0.035,0.3182,0.33404028,trees
0.0326,0.0625,0.0409,0.319,0.3144059,trees
0.03045,0.05665,0.0363,0.2949,0.3008037,trees
0.0306,0.05705,0.03415,0.3087,0.3017684,trees
0.03145,0.05935,0.0341,0.3215,0.3072687,trees
0.03525,0.06575,0.0435,0.3247,0.3019802,trees
0.03755,0.06855,0.04345,0.3232,0.2921772,trees
0.04205,0.0759,0.0459,0.3439,0.28698602,trees
0.04175,0.07275,0.04605,0.3347,0.2707424,trees
0.0355,0.06435,0.0397,0.3154,0.2889334,trees
0.03295,0.05915,0.0338,0.3294,0.28447342,trees
0.0353,0.06445,0.03495,0.3476,0.29223058,trees
0.0293,0.04835,0.0281,0.2833,0.24533162,trees
0.02975,0.0511,0.02665,0.2974,0.26406926,trees
0.03045,0.05015,0.0292,0.3015,0.24441688,trees
0.0304,0.0503,0.02935,0.2962,0.2465923,trees
0.02875,0.05055,0.0298,0.2896,0.27490538,trees
0.03045,0.05065,0.02985,0.28235,0.24907522,trees
0.0312,0.0504,0.03205,0.2761,0.23529415,trees
0.03095,0.0543,0.035,0.3074,0.27390027,trees
0.0312,0.04835,0.03075,0.2882,0.21558768,trees
0.0298,0.04775,0.02865,0.27,0.23146357,trees
0.03225,0.0509,0.0325,0.2949,0.22429349,trees
0.03235,0.0518,0.0336,0.3046,0.23113489,trees
0.0326,0.05085,0.03225,0.2813,0.21869381,trees
0.03245,0.05095,0.0325,0.2899,0.22182252,trees
0.03255,0.05695,0.0318,0.3171,0.2726257,trees
0.02935,0.0533,0.03015,0.2894,0.28977618,trees
0.0314,0.0543,0.03145,0.299,0.2672112,trees
0.03075,0.05655,0.03245,0.3227,0.2955326,trees
0.0302,0.0526,0.0298,0.3063,0.2705314,trees
0.02905,0.05225,0.03225,0.29615,0.28536284,trees
0.02905,0.05225,0.03225,0.29615,0.28536284,trees
0.0313,0.05475,0.03355,0.31,0.27251595,trees
0.0308,0.0533,0.03315,0.2907,0.26753867,trees
0.0298,0.05075,0.032,0.2753,0.2600869,trees
0.0316,0.05545,0.03355,0.32195,0.2739805,trees
0.03135,0.0593,0.03375,0.3434,0.30832872,trees
0.0325,0.0627,0.03425,0.3563,0.31722695,trees
0.0311,0.0599,0.0339,0.365,0.31648353,trees
0.0315,0.0597,0.0353,0.3362,0.30921054,trees
0.0304,0.0568,0.0332,0.3264,0.3027523,trees
0.0315,0.0623,0.0336,0.3474,0.3283582,trees
0.0283,0.0534,0.0304,0.3226,0.30722153,trees
0.0295,0.0567,0.0297,0.3151,0.31554523,trees
0.0288,0.059,0.0301,0.3254,0.3439636,trees
0.032,0.0586,0.0324,0.3257,0.29359823,trees
0.0321,0.0619,0.0362,0.3274,0.3170213,trees
0.0294,0.055,0.0351,0.289,0.30331755,trees
0.0298,0.0539,0.0336,0.28,0.28793308,trees
0.028,0.0522,0.03,0.2688,0.30174562,trees
0.0291,0.0581,0.0307,0.302,0.3325688,trees
0.0302,0.0586,0.0308,0.323,0.31981984,trees
0.0312,0.0573,0.032,0.313,0.2949153,trees
0.0307,0.0607,0.0314,0.3206,0.32822758,trees
0.0295,0.0585,0.0321,0.3316,0.32954544,trees
0.029,0.0587,0.0317,0.3182,0.33865452,trees
0.0277,0.0584,0.0297,0.3061,0.35656217,trees
0.0288,0.0558,0.0293,0.3142,0.31914893,trees
0.0297,0.0575,0.0303,0.3178,0.31880736,trees
0.0297,0.0594,0.0331,0.3259,0.3333333,trees
0.031,0.0568,0.0335,0.326,0.29384968,trees
0.031,0.0568,0.0335,0.326,0.29384968,trees
0.0327,0.0611,0.0388,0.3184,0.30277187,trees
0.03035,0.055,0.0347,0.3084,0.2888108,trees
0.0308,0.0553,0.03385,0.311,0.28455287,trees
0.0329,0.0601,0.0361,0.3209,0.2924731,trees
0.03705,0.0638,0.04385,0.3188,0.2652454,trees
0.0359,0.0626,0.0395,0.2947,0.271066,trees
0.03955,0.07165,0.04785,0.3323,0.28866908,trees
0.04545,0.07895,0.05235,0.339,0.26929262,trees
0.0455,0.0736,0.0546,0.33595,0.2359362,trees
0.03795,0.06875,0.0447,0.3572,0.28865978,trees
0.03695,0.07045,0.0398,0.37055,0.31191808,trees
0.0295,0.0497,0.0284,0.3035,0.2550505,trees
0.03055,0.0525,0.03,0.3238,0.26429862,trees
0.0285,0.0509,0.0295,0.3128,0.28211588,trees
0.0285,0.0498,0.0308,0.2886,0.27203068,trees
0.0296,0.0534,0.0309,0.2918,0.28674698,trees
0.0293,0.0497,0.0316,0.292,0.25822785,trees
0.0316,0.0519,0.0323,0.288,0.24311379,trees
0.0331,0.0547,0.0328,0.309,0.24601364,trees
0.0303,0.04825,0.02915,0.3113,0.22851686,trees
0.0308,0.05005,0.03035,0.2997,0.23809524,trees
0.03255,0.051,0.03515,0.2976,0.22082585,trees
0.0318,0.05,0.03315,0.2811,0.22249387,trees
0.03035,0.05045,0.03215,0.2637,0.2487624,trees
0.03255,0.0531,0.0329,0.2794,0.23992997,trees
0.0322,0.05545,0.0335,0.2942,0.26525953,trees
0.03145,0.0538,0.0333,0.2824,0.2621701,trees
0.0314,0.05265,0.0339,0.2818,0.25282574,trees
0.0304,0.053,0.03475,0.30455,0.27098322,trees
0.03,0.05255,0.0294,0.3104,0.2731678,trees
0.03,0.05255,0.0294,0.3104,0.2731678,trees
0.03015,0.05185,0.03085,0.3115,0.26463413,trees
0.0294,0.0496,0.0298,0.2818,0.2556962,trees
0.03055,0.0476,0.0316,0.2695,0.2181702,trees
0.0302,0.04935,0.0358,0.2918,0.24072911,trees
0.03135,0.0547,0.0338,0.3293,0.2713538,trees
0.03195,0.0589,0.03355,0.344,0.2966428,trees
0.0323,0.0601,0.036,0.3576,0.30086583,trees
0.0328,0.0618,0.0379,0.3684,0.3065539,trees
0.0329,0.0601,0.0358,0.353,0.2924731,trees
0.0293,0.0562,0.0346,0.322,0.3146199,trees
0.0318,0.0594,0.0315,0.344,0.30263156,trees
0.0296,0.0566,0.0296,0.3422,0.31322506,trees
0.0301,0.0614,0.0319,0.3274,0.3420765,trees
0.031,0.0617,0.032,0.3364,0.33117583,trees
0.0319,0.0619,0.0342,0.3482,0.31982943,trees
0.0307,0.0578,0.0334,0.3188,0.30621466,trees
0.0298,0.0537,0.0318,0.2842,0.28622755,trees
0.0308,0.0572,0.0342,0.3002,0.3,trees
0.0292,0.0566,0.0305,0.3108,0.31934732,trees
0.03015,0.05785,0.0302,0.3258,0.31477273,trees
0.0304,0.05865,0.03115,0.3316,0.3172375,trees
0.0295,0.05865,0.0317,0.3248,0.33068633,trees
0.03,0.058,0.0316,0.3245,0.3181818,trees
0.0295,0.05835,0.0305,0.3097,0.32840067,trees
0.0301,0.05935,0.0301,0.3047,0.32699832,trees
0.0287,0.0555,0.03,0.315,0.3182898,trees
0.0297,0.0534,0.0309,0.3052,0.28519854,trees
0.0305,0.0576,0.031,0.3292,0.30760497,trees
0.03,0.0596,0.0356,0.3394,0.33035716,trees
0.0301,0.0603,0.0344,0.348,0.33407083,trees
0.0301,0.0603,0.0344,0.348,0.33407083,trees
0.0322,0.063,0.0343,0.3572,0.3235294,trees
0.03015,0.0578,0.0361,0.3357,0.31438315,trees
0.02995,0.0586,0.035,0.3191,0.32354602,trees
0.03495,0.0602,0.0396,0.3076,0.2653705,trees
0.03495,0.06205,0.03935,0.2964,0.27938145,trees
0.0329,0.0582,0.03805,0.2938,0.2777168,trees
0.03795,0.06765,0.0426,0.3264,0.28124997,trees
0.0422,0.0734,0.0481,0.3379,0.26989618,trees
0.04505,0.0783,0.0587,0.3491,0.2695582,trees
0.04055,0.0744,0.05185,0.3654,0.29447585,trees
0.0421,0.0729,0.04395,0.3461,0.26782608,trees
0.0295,0.0497,0.0284,0.3035,0.2550505,trees
0.0308,0.0564,0.03275,0.3333,0.293578,trees
0.0284,0.0506,0.0289,0.2744,0.28101265,trees
0.033,0.0573,0.0362,0.302,0.269103,trees
0.0353,0.0558,0.0392,0.3144,0.22502741,trees
0.0293,0.0483,0.0294,0.2844,0.24484538,trees
0.0301,0.0508,0.032,0.2688,0.25587144,trees
0.0341,0.0539,0.0339,0.2967,0.225,trees
0.0296,0.0464,0.03015,0.3021,0.22105263,trees
0.0299,0.04855,0.0304,0.3145,0.23773104,trees
0.03075,0.04915,0.0324,0.2919,0.23028785,trees
0.0323,0.05195,0.03555,0.2895,0.23323442,trees
0.03465,0.0523,0.03735,0.2827,0.20299017,trees
0.0329,0.05775,0.0364,0.30475,0.27413124,trees
0.0354,0.0596,0.03745,0.3326,0.25473684,trees
0.03465,0.0561,0.03685,0.3049,0.2363636,trees
0.03125,0.05095,0.0325,0.2801,0.23965935,trees
0.0309,0.05485,0.03305,0.2863,0.2793003,trees
0.0307,0.05425,0.03165,0.3126,0.2772219,trees
0.0307,0.05425,0.03165,0.3126,0.2772219,trees
0.03,0.05425,0.03145,0.3171,0.28783384,trees
0.02765,0.0454,0.02865,0.2677,0.24298427,trees
0.0325,0.0465,0.0326,0.282,0.17721523,trees
0.03255,0.05105,0.03675,0.3205,0.22129187,trees
0.0305,0.05085,0.0331,0.317,0.25015366,trees
0.0307,0.05195,0.0304,0.2936,0.2571083,trees
0.0319,0.05765,0.03565,0.3159,0.28754884,trees
0.0311,0.0601,0.0347,0.3458,0.31798247,trees
0.0315,0.0576,0.0328,0.345,0.29292926,trees
0.0284,0.0549,0.0334,0.3122,0.31812727,trees
0.0297,0.0578,0.0316,0.3504,0.32114285,trees
0.0304,0.0607,0.0298,0.346,0.33260152,trees
0.0305,0.0596,0.0322,0.3386,0.32297447,trees
0.031,0.0594,0.0317,0.332,0.3141593,trees
0.0316,0.0616,0.0323,0.337,0.32188842,trees
0.0304,0.0585,0.0311,0.3228,0.3160855,trees
0.0293,0.0535,0.031,0.2952,0.29227054,trees
0.0301,0.0565,0.0323,0.3028,0.3048499,trees
0.0305,0.0588,0.0315,0.3142,0.3169093,trees
0.02905,0.05775,0.0298,0.317,0.33064517,trees
0.0288,0.05785,0.0305,0.3186,0.3352568,trees
0.0304,0.0615,0.03095,0.335,0.3384113,trees
0.02975,0.0593,0.0314,0.3236,0.33183604,trees
0.02925,0.0594,0.03055,0.3103,0.3401015,trees
0.02955,0.06145,0.02895,0.33575,0.3505495,trees
0.0294,0.0552,0.0296,0.323,0.3049645,trees
0.0296,0.0543,0.0324,0.325,0.2943981,trees
0.031,0.0587,0.0326,0.3372,0.30880713,trees
0.0305,0.0621,0.0342,0.3494,0.34125268,trees
0.0343,0.0631,0.0384,0.3592,0.2956879,trees
0.0343,0.0631,0.0384,0.3592,0.2956879,trees
0.0347,0.0674,0.0395,0.3595,0.32027426,trees
0.03315,0.064,0.0371,0.349,0.31755024,trees
0.0336,0.06215,0.03775,0.31905,0.29817232,trees
0.03255,0.0579,0.03765,0.2938,0.28026533,trees
0.03245,0.06135,0.0357,0.288,0.3081023,trees
0.03025,0.0573,0.03575,0.289,0.30896634,trees
0.0326,0.0627,0.0352,0.3075,0.3158447,trees
0.03615,0.0649,0.04085,0.3249,0.28451264,trees
0.0388,0.0708,0.0477,0.352,0.2919708,trees
0.039,0.0722,0.04885,0.36005,0.29856113,trees
0.0405,0.0785,0.04495,0.35305,0.31932774,trees
0.0322,0.0537,0.0305,0.3399,0.25029102,trees
0.0308,0.0564,0.03275,0.3333,0.293578,trees
0.0267,0.0447,0.0275,0.2656,0.25210086,trees
0.0377,0.0611,0.0403,0.3194,0.23684207,trees
0.035,0.0548,0.041,0.3096,0.22048998,trees
0.0289,0.0474,0.0285,0.279,0.24246398,trees
0.0286,0.0474,0.0295,0.273,0.24736843,trees
0.031,0.0508,0.0342,0.2854,0.24205379,trees
0.02925,0.0478,0.03145,0.28875,0.24075277,trees
0.0281,0.04795,0.0306,0.2937,0.2610125,trees
0.02905,0.04795,0.0304,0.2893,0.24545453,trees
0.03455,0.0557,0.0378,0.3047,0.23434903,trees
0.0363,0.05835,0.0428,0.3018,0.23296356,trees
0.035,0.0553,0.03505,0.3124,0.2248062,trees
0.0363,0.05975,0.038,0.345,0.24414368,trees
0.03445,0.05565,0.03795,0.32085,0.23529413,trees
0.0331,0.053,0.0352,0.3008,0.23112658,trees
0.0313,0.054,0.0333,0.304,0.2661196,trees
0.0306,0.0488,0.03085,0.2914,0.22921912,trees
0.0306,0.0488,0.03085,0.2914,0.22921912,trees
0.03015,0.0529,0.0307,0.2993,0.27393138,trees
0.0286,0.05015,0.0301,0.2901,0.2736508,trees
0.0311,0.0511,0.03205,0.3133,0.24330902,trees
0.0303,0.0546,0.0342,0.33345,0.2862191,trees
0.02825,0.0498,0.0306,0.2805,0.27610508,trees
0.02875,0.04845,0.02945,0.2696,0.25518134,trees
0.0315,0.05685,0.0353,0.3144,0.286927,trees
0.0288,0.0543,0.0305,0.3206,0.3068592,trees
0.0298,0.0541,0.0289,0.334,0.28963053,trees
0.0298,0.0559,0.0294,0.332,0.30455077,trees
0.0312,0.0596,0.0314,0.3452,0.3127753,trees
0.0306,0.0594,0.0304,0.323,0.32,trees
0.0296,0.0591,0.0295,0.3238,0.33258173,trees
0.0286,0.0571,0.0294,0.3172,0.3325554,trees
0.0284,0.0586,0.0297,0.3182,0.34712645,trees
0.0306,0.0596,0.0325,0.3282,0.32150775,trees
0.0283,0.0565,0.0295,0.3154,0.33254716,trees
0.0307,0.0585,0.0319,0.3182,0.3116592,trees
0.0285,0.0542,0.0308,0.3194,0.3107618,trees
0.02745,0.05325,0.02845,0.2972,0.31970257,trees
0.02975,0.0559,0.0303,0.3207,0.30531234,trees
0.03005,0.0588,0.0323,0.3296,0.32357907,trees
0.0291,0.0556,0.03105,0.3055,0.31286892,trees
0.02885,0.05925,0.0307,0.3231,0.34506243,trees
0.02975,0.0582,0.0293,0.3402,0.32347924,trees
0.0282,0.0548,0.0291,0.3142,0.3204819,trees
0.0303,0.0564,0.0309,0.3308,0.30103806,trees
0.0306,0.0605,0.0326,0.352,0.32821074,trees
0.0324,0.0617,0.0342,0.3562,0.31137088,trees
0.0324,0.0617,0.0342,0.3562,0.31137088,trees
0.0352,0.0647,0.0429,0.3526,0.2952953,trees
0.0408,0.0716,0.0441,0.3454,0.27402133,trees
0.0385,0.0701,0.0436,0.3407,0.29097608,trees
0.0376,0.0684,0.0425,0.3231,0.29056606,trees
0.033,0.0574,0.0382,0.2787,0.26991153,trees
0.03185,0.059,0.03535,0.3049,0.29884428,trees
0.0306,0.058,0.03515,0.2978,0.30925506,trees
0.0315,0.05865,0.033,0.2906,0.30116472,trees
0.03315,0.0618,0.0349,0.2974,0.3017378,trees
0.0362,0.0634,0.0381,0.3191,0.27309236,trees
0.0396,0.06795,0.04155,0.3515,0.26359835,trees
0.04135,0.0762,0.04725,0.371,0.2964696,trees
0.0421,0.051,0.02635,0.0114,0.09559611,water
0.04315,0.0519,0.02435,0.0102,0.0920568,water
0.04395,0.05165,0.0245,0.0098,0.080543935,water
0.0415,0.0511,0.02435,0.0097,0.10367173,water
0.04185,0.05025,0.0235,0.00985,0.09120522,water
0.04175,0.04905,0.0227,0.00985,0.08039648,water
0.0432,0.0491,0.0233,0.0098,0.06392199,water
0.0418,0.0485,0.0239,0.0098,0.074197136,water
0.0414,0.049,0.0268,0.01,0.08407078,water
0.0419,0.0505,0.0277,0.01015,0.0930736,water
0.0422,0.0494,0.0279,0.0091,0.07860265,water
0.0422,0.0494,0.0279,0.009,0.07860265,water
0.0418,0.0481,0.0249,0.00845,0.070077844,water
0.04025,0.04885,0.0245,0.0086,0.09652077,water
0.0408,0.0468,0.02455,0.00845,0.06849312,water
0.0408,0.048,0.0245,0.00835,0.08108107,water
0.03965,0.0471,0.02405,0.0086,0.08587895,water
0.0408,0.0479,0.02435,0.0084,0.08004507,water
0.0398,0.0487,0.0244,0.0084,0.10056499,water
0.0411,0.05025,0.0248,0.00815,0.10016422,water
0.04065,0.05125,0.02535,0.0078,0.11534277,water
0.0414,0.05085,0.02615,0.0078,0.102439016,water
0.0414,0.05085,0.02615,0.0078,0.102439016,water
0.0418,0.0506,0.02685,0.00805,0.0952381,water
0.0427,0.05175,0.0273,0.00805,0.0958179,water
0.0433,0.0525,0.02765,0.0086,0.096033394,water
0.04245,0.05005,0.02845,0.00845,0.08216218,water
0.04235,0.0505,0.02875,0.0084,0.08777598,water
0.042,0.05035,0.02725,0.00825,0.09041689,water
0.0433,0.04925,0.0277,0.0086,0.06428958,water
0.04225,0.04985,0.0256,0.00885,0.08251899,water
0.0425,0.0514,0.0287,0.0089,0.09478167,water
0.0426,0.0509,0.0284,0.0089,0.08877008,water
0.0432,0.0509,0.0281,0.009,0.08182784,water
0.0444,0.0539,0.0281,0.0099,0.09664294,water
0.044,0.0539,0.0299,0.0099,0.101123594,water
0.0437,0.0534,0.0302,0.0107,0.09989702,water
0.0433,0.0531,0.0309,0.0106,0.101659775,water
0.0437,0.0525,0.0304,0.011,0.0914761,water
0.0448,0.0518,0.0308,0.012,0.0724638,water
0.0435,0.05,0.0308,0.0118,0.06951874,water
0.0422,0.0497,0.03,0.0124,0.08161045,water
0.0422,0.0492,0.0295,0.0134,0.076586425,water
0.043,0.0492,0.0298,0.0136,0.06724509,water
0.0435,0.0493,0.0299,0.0138,0.062500015,water
0.0437,0.0484,0.0296,0.0145,0.051031504,water
0.0415,0.048,0.0301,0.0148,0.07262573,water
0.042,0.048,0.0299,0.0152,0.06666668,water
0.0432,0.0503,0.0298,0.014,0.075935796,water
0.04275,0.0494,0.0292,0.01395,0.07216495,water
0.0441,0.05005,0.02895,0.01605,0.063197024,water
0.04485,0.05175,0.0305,0.0163,0.07142859,water
0.04485,0.05175,0.0305,0.0163,0.07142859,water
0.0455,0.05225,0.03045,0.01625,0.06905373,water
0.045,0.0534,0.0294,0.01465,0.085365824,water
0.04235,0.04965,0.02605,0.0108,0.07934779,water
0.04135,0.0503,0.024,0.01065,0.09765411,water
0.04165,0.0508,0.02495,0.0098,0.0989724,water
0.04265,0.0503,0.02365,0.00955,0.0823023,water
0.04185,0.04825,0.02295,0.00985,0.07103219,water
0.0427,0.04835,0.02305,0.0095,0.062053803,water
0.0427,0.0482,0.0225,0.0094,0.060506046,water
0.0418,0.0473,0.0224,0.01,0.06172839,water
0.0427,0.0516,0.0292,0.0101,0.094379656,water
0.0421,0.0509,0.0283,0.0099,0.094623655,water
0.0425,0.0486,0.0278,0.0093,0.06695937,water
0.0431,0.0485,0.0278,0.0092,0.058951985,water
0.0414,0.0481,0.0249,0.00835,0.07486032,water
0.04115,0.04785,0.0245,0.0083,0.07528092,water
0.0409,0.04645,0.02455,0.0083,0.06353751,water
0.0416,0.0477,0.02435,0.0083,0.06830906,water
0.04035,0.0469,0.0243,0.0085,0.07507162,water
0.0397,0.0476,0.0244,0.0084,0.09049255,water
0.0408,0.0495,0.0245,0.0084,0.09634549,water
0.04035,0.0507,0.02485,0.00815,0.113673806,water
0.0408,0.05105,0.0257,0.00785,0.111594975,water
0.0408,0.05105,0.0257,0.00785,0.111594975,water
0.04225,0.0502,0.026,0.0078,0.08599243,water
0.04125,0.0493,0.0267,0.0074,0.08890114,water
0.0421,0.0502,0.0274,0.00805,0.087757304,water
0.0427,0.0512,0.02765,0.00825,0.09052182,water
0.0411,0.0499,0.0289,0.00825,0.0967033,water
0.04165,0.0496,0.02925,0.00825,0.08712329,water
0.04135,0.0497,0.02705,0.0083,0.09170785,water
0.04225,0.04965,0.0269,0.00865,0.08052229,water
0.04205,0.0497,0.026,0.0086,0.08337874,water
0.0433,0.0522,0.0288,0.0089,0.09319373,water
0.0432,0.0508,0.0284,0.0089,0.08085105,water
0.0432,0.0509,0.0281,0.009,0.08182784,water
0.043,0.0536,0.0289,0.0098,0.109730825,water
0.0429,0.0542,0.029,0.0095,0.11637488,water
0.0437,0.0537,0.0295,0.0106,0.102669425,water
0.0425,0.0534,0.0305,0.0108,0.113660045,water
0.0442,0.0524,0.0304,0.0115,0.08488614,water
0.045,0.0513,0.0309,0.012,0.065420546,water
0.0426,0.0512,0.031,0.012,0.091684446,water
0.0411,0.0507,0.0296,0.0122,0.10457519,water
0.0404,0.0496,0.0293,0.0135,0.10222225,water
0.0433,0.0492,0.0289,0.0135,0.06378377,water
0.0438,0.0493,0.0294,0.0137,0.059076265,water
0.0411,0.0491,0.0298,0.0149,0.08869181,water
0.0418,0.047,0.0301,0.0156,0.058558546,water
0.0416,0.0473,0.0302,0.0157,0.064116985,water
0.0433,0.0488,0.0301,0.0148,0.0597177,water
0.04355,0.04925,0.02955,0.01455,0.06142241,water
0.0447,0.0499,0.0293,0.0157,0.05496827,water
0.0447,0.05065,0.0303,0.0156,0.062401682,water
0.0447,0.05065,0.0303,0.0156,0.062401682,water
0.04525,0.0535,0.03005,0.0155,0.08354433,water
0.04645,0.05395,0.03005,0.0153,0.0747012,water
0.0418,0.0483,0.02485,0.01075,0.07214208,water
0.0419,0.04855,0.0228,0.01055,0.07352125,water
0.04225,0.0482,0.02465,0.0101,0.0657822,water
0.0424,0.04765,0.02315,0.0097,0.05830094,water
0.04155,0.0471,0.02285,0.00935,0.06260576,water
0.0412,0.048,0.02505,0.0093,0.07623318,water
0.0418,0.0476,0.0276,0.0097,0.06487697,water
0.0416,0.0471,0.0278,0.01,0.062006768,water
0.0421,0.0493,0.0292,0.0099,0.07877461,water
0.0416,0.0518,0.0305,0.01,0.10920772,water
0.0422,0.0502,0.0302,0.0092,0.0865801,water
0.0415,0.0513,0.028,0.0092,0.10560347,water
0.04095,0.04925,0.02695,0.0089,0.092017725,water
0.0408,0.048,0.02545,0.0083,0.08108107,water
0.04035,0.0462,0.02455,0.0085,0.067590974,water
0.0398,0.0467,0.02425,0.0088,0.0797688,water
0.0391,0.04735,0.0246,0.0085,0.09543091,water
0.04035,0.0471,0.0244,0.0084,0.07718695,water
0.0417,0.0505,0.0247,0.00805,0.09544468,water
0.0418,0.0503,0.02585,0.0084,0.092290975,water
0.0423,0.05045,0.027,0.00845,0.08787062,water
0.0423,0.05045,0.027,0.00845,0.08787062,water
0.0423,0.0514,0.02645,0.0081,0.09711844,water
0.04125,0.05085,0.02665,0.0075,0.10423451,water
0.0427,0.0504,0.0277,0.0075,0.08270677,water
0.03935,0.04785,0.0251,0.00785,0.09747709,water
0.0378,0.04725,0.0254,0.008,0.111111104,water
0.04015,0.0469,0.02515,0.00805,0.07754163,water
0.03865,0.0477,0.02355,0.0079,0.104806036,water
0.0395,0.0476,0.0248,0.0084,0.092996545,water
0.0424,0.05,0.02665,0.0087,0.0822511,water
0.042,0.0504,0.0288,0.0089,0.0909091,water
0.0404,0.0511,0.0283,0.0089,0.11693992,water
0.0433,0.0509,0.0286,0.009,0.080679424,water
0.043,0.0536,0.0289,0.0098,0.109730825,water
0.043,0.0539,0.0285,0.0097,0.11248708,water
0.0442,0.0532,0.029,0.0106,0.092402466,water
0.0433,0.0525,0.0304,0.0107,0.096033394,water
0.0448,0.052,0.0309,0.0108,0.0743802,water
0.0428,0.0512,0.0312,0.012,0.089361675,water
0.0424,0.0514,0.0312,0.012,0.09594883,water
0.0445,0.0506,0.0292,0.0117,0.064142995,water
0.0437,0.0502,0.0293,0.0135,0.0692226,water
0.0432,0.0492,0.0291,0.0131,0.064935036,water
0.0425,0.0493,0.0289,0.0137,0.07407407,water
0.0404,0.0491,0.0296,0.0148,0.097206734,water
0.0433,0.049,0.0293,0.0156,0.061755143,water
0.042,0.0486,0.0296,0.0155,0.07284768,water
0.0432,0.0487,0.0298,0.0158,0.059847657,water
0.04405,0.04905,0.0304,0.0151,0.053705685,water
0.0438,0.05005,0.02975,0.01535,0.066595644,water
0.0449,0.05095,0.03085,0.0162,0.06311944,water
0.0449,0.05095,0.03085,0.0162,0.06311944,water
0.04565,0.0534,0.03135,0.01575,0.078243285,water
0.04675,0.05385,0.03155,0.01595,0.07057651,water
0.0415,0.04795,0.02335,0.01095,0.07210734,water
0.0413,0.0474,0.0226,0.01055,0.06877117,water
0.0433,0.0474,0.02195,0.01005,0.045203995,water
0.0411,0.0469,0.0217,0.0094,0.06590911,water
0.0418,0.0484,0.02315,0.00995,0.07317073,water
0.0422,0.048,0.0246,0.00945,0.064301565,water
0.04225,0.04625,0.0253,0.0093,0.045197748,water
0.0422,0.0466,0.0262,0.00965,0.04954955,water
0.0418,0.0476,0.02675,0.00985,0.06487697,water
0.0419,0.0507,0.02945,0.00925,0.095032394,water
0.04175,0.0532,0.0296,0.0087,0.120589785,water
0.0416,0.05315,0.0296,0.00875,0.12189972,water
0.0413,0.0524,0.0306,0.0091,0.118463196,water
0.0422,0.0512,0.0306,0.0087,0.09635974,water
0.0399,0.0487,0.0285,0.0087,0.099322796,water
0.0405,0.0468,0.0282,0.0089,0.07216493,water
0.0391,0.0477,0.0281,0.0088,0.09907835,water
0.0402,0.0484,0.0281,0.0084,0.09255081,water
0.04185,0.04985,0.026,0.0083,0.08724097,water
0.04195,0.04975,0.02695,0.008,0.08505999,water
0.04225,0.04955,0.0276,0.00845,0.0795207,water
0.04225,0.04955,0.0276,0.00845,0.0795207,water
0.0431,0.0505,0.0271,0.00885,0.07905985,water
0.042,0.0513,0.0266,0.00805,0.099678464,water
0.0395,0.048,0.0245,0.00705,0.09714284,water
0.0383,0.04805,0.02405,0.00755,0.11291257,water
0.0388,0.04765,0.02445,0.00785,0.10237128,water
0.0395,0.04705,0.02385,0.00765,0.08723278,water
0.03895,0.04695,0.0237,0.008,0.093131565,water
0.0393,0.0473,0.02355,0.00825,0.09237877,water
0.03955,0.04715,0.02355,0.0082,0.087658614,water
0.0404,0.0485,0.026,0.0089,0.09111364,water
0.0402,0.0485,0.0296,0.009,0.093573876,water
0.0422,0.0527,0.0288,0.0092,0.11064281,water
0.0428,0.0536,0.0283,0.0092,0.11203316,water
0.043,0.0536,0.0277,0.0099,0.109730825,water
0.0425,0.0529,0.0285,0.0102,0.109014675,water
0.0429,0.0524,0.0309,0.0107,0.09968521,water
0.042,0.0518,0.0303,0.0109,0.10447763,water
0.045,0.0512,0.0312,0.0108,0.06444903,water
0.0431,0.0518,0.0312,0.0114,0.091675475,water
0.044,0.0505,0.0292,0.0118,0.06878309,water
0.0436,0.0497,0.0291,0.012,0.065380484,water
0.0422,0.0492,0.0292,0.0129,0.076586425,water
0.0408,0.0491,0.0283,0.0137,0.09232479,water
0.0419,0.0499,0.0296,0.0145,0.08714594,water
0.0427,0.049,0.0292,0.0149,0.06870227,water
0.0438,0.049,0.0291,0.0139,0.056034468,water
0.0425,0.0491,0.0301,0.014,0.072052404,water
0.04355,0.0492,0.03025,0.01475,0.06091643,water
0.0427,0.04965,0.0308,0.01515,0.07525716,water
0.04505,0.051,0.03025,0.0168,0.061946906,water
0.04505,0.051,0.03025,0.0168,0.061946906,water
0.0462,0.0533,0.0321,0.0166,0.071356796,water
0.04775,0.0538,0.0329,0.01655,0.059576582,water
0.04135,0.0477,0.02345,0.01065,0.071308255,water
0.04065,0.0481,0.0228,0.0105,0.08394366,water
0.04155,0.0472,0.02225,0.00985,0.063662,water
0.0416,0.0457,0.022,0.0096,0.046964474,water
0.04195,0.0477,0.0227,0.0101,0.06413832,water
0.04225,0.0474,0.02265,0.00945,0.057445634,water
0.04175,0.04655,0.0241,0.0098,0.05436013,water
0.0415,0.047,0.02545,0.0097,0.0621469,water
0.04215,0.0462,0.02555,0.00895,0.045840427,water
0.0418,0.05045,0.02855,0.00945,0.09376694,water
0.0411,0.05055,0.02885,0.0088,0.10310966,water
0.0411,0.0504,0.02875,0.0088,0.10163935,water
0.0419,0.0526,0.0289,0.0088,0.113227494,water
0.0414,0.0521,0.0287,0.0087,0.11443848,water
0.0408,0.0487,0.0242,0.0084,0.088268146,water
0.0391,0.0462,0.0253,0.0087,0.08323565,water
0.0394,0.0469,0.0261,0.0083,0.08690614,water
0.0395,0.0477,0.0256,0.008,0.09403666,water
0.04275,0.04725,0.02535,0.00815,0.049999975,water
0.0418,0.04965,0.02715,0.00785,0.08583924,water
0.04225,0.04925,0.02755,0.00845,0.076502725,water
0.04225,0.04925,0.02755,0.00845,0.076502725,water
0.04285,0.0501,0.0272,0.00875,0.07799892,water
0.0402,0.04695,0.0242,0.0081,0.0774527,water
0.0392,0.0474,0.0234,0.00705,0.09468823,water
0.0397,0.04825,0.02335,0.00745,0.09721431,water
0.04095,0.0481,0.0236,0.00755,0.08029196,water
0.0399,0.0475,0.02385,0.00745,0.0869565,water
0.04055,0.047,0.0238,0.00775,0.07367216,water
0.03995,0.048,0.02385,0.008,0.0915293,water
0.0402,0.0492,0.0251,0.0085,0.10067114,water
0.0415,0.0498,0.0288,0.00885,0.09090912,water
0.0409,0.0531,0.0296,0.0089,0.12978725,water
0.0424,0.0536,0.0292,0.0091,0.11666666,water
0.0435,0.0529,0.0285,0.0092,0.0975104,water
0.043,0.0536,0.0277,0.0099,0.109730825,water
0.042,0.0529,0.0281,0.0108,0.11485777,water
0.0426,0.0523,0.0295,0.0107,0.10221286,water
0.0426,0.0516,0.0304,0.0116,0.09554144,water
0.0444,0.0512,0.0312,0.0114,0.07112971,water
0.043,0.051,0.0312,0.0118,0.08510636,water
0.0444,0.0505,0.0312,0.0125,0.064278215,water
0.043,0.0513,0.03,0.013,0.08801696,water
0.043,0.0513,0.0304,0.0136,0.08801696,water
0.0426,0.0503,0.0291,0.0137,0.082884826,water
0.0417,0.0501,0.029,0.0132,0.09150323,water
0.0412,0.0494,0.0287,0.0131,0.09050774,water
0.0411,0.05,0.0295,0.0131,0.09769486,water
0.0427,0.0498,0.0304,0.0138,0.07675677,water
0.0437,0.04905,0.03035,0.0139,0.057681955,water
0.0428,0.04925,0.0311,0.01495,0.07007059,water
0.0428,0.04925,0.0311,0.01495,0.07007059,water
0.04425,0.0518,0.03095,0.0175,0.07860491,water
0.0464,0.0532,0.03065,0.0172,0.06827309,water
0.04615,0.05385,0.03295,0.0171,0.07700001,water
0.0403,0.0466,0.02305,0.01035,0.07249711,water
0.04015,0.047,0.02255,0.01025,0.07860008,water
0.04075,0.0467,0.02215,0.0097,0.06803888,water
0.04085,0.04495,0.0219,0.0096,0.047785576,water
0.03985,0.0464,0.0219,0.0094,0.07594202,water
0.04085,0.04695,0.0223,0.00975,0.06947611,water
0.04195,0.04715,0.02365,0.0099,0.058361415,water
0.041,0.04745,0.0254,0.00945,0.07292253,water
0.04085,0.04695,0.02655,0.0098,0.06947611,water
0.04155,0.0472,0.02665,0.00945,0.063662,water
0.04195,0.05075,0.0287,0.00845,0.09492988,water
0.0412,0.05015,0.0282,0.0087,0.09797481,water
0.0425,0.0532,0.0287,0.0088,0.11180773,water
0.0419,0.053,0.028,0.0089,0.116965204,water
0.0402,0.048,0.0272,0.0082,0.08843539,water
0.04,0.047,0.0247,0.0087,0.080459766,water
0.0398,0.0473,0.0236,0.0082,0.086107925,water
0.0394,0.0469,0.0242,0.0081,0.08690614,water
0.0405,0.047,0.02535,0.00795,0.07428569,water
0.04135,0.04655,0.0264,0.00765,0.05915812,water
0.04135,0.04655,0.0264,0.00765,0.05915812,water
0.0416,0.04955,0.0268,0.0082,0.08721887,water
0.043,0.0503,0.0268,0.0084,0.0782422,water
0.04115,0.0487,0.02545,0.0084,0.08402895,water
0.03885,0.0488,0.02555,0.00795,0.11351969,water
0.0389,0.05025,0.02545,0.00765,0.12731354,water
0.03955,0.0488,0.02625,0.0083,0.10469723,water
0.04065,0.0478,0.0274,0.00785,0.08083665,water
0.04125,0.04795,0.02745,0.00815,0.07511208,water
0.0422,0.04975,0.02755,0.00785,0.08210985,water
0.041,0.04925,0.02765,0.0084,0.09141272,water
0.0417,0.0522,0.0283,0.0084,0.11182107,water
0.043,0.0529,0.028,0.0086,0.10323253,water
0.0435,0.0523,0.0285,0.0091,0.09185804,water
0.0434,0.053,0.0285,0.0092,0.09958505,water
0.0428,0.0529,0.0281,0.0095,0.10553813,water
0.042,0.0529,0.0281,0.0108,0.11485777,water
0.041,0.0525,0.0295,0.011,0.12299462,water
0.0436,0.0516,0.0308,0.0115,0.08403362,water
0.0448,0.0512,0.0312,0.011,0.06666667,water
0.0424,0.0509,0.0312,0.0118,0.09110399,water
0.043,0.0507,0.0311,0.0126,0.082177155,water
0.0438,0.0514,0.0317,0.0118,0.07983191,water
0.0429,0.0513,0.0319,0.013,0.08917198,water
0.0436,0.0514,0.0305,0.0138,0.08210524,water
0.0407,0.0507,0.0288,0.0137,0.10940921,water
0.0414,0.0502,0.0286,0.0129,0.096069865,water
0.0406,0.0508,0.0296,0.0136,0.11159735,water
0.0428,0.0507,0.0303,0.0139,0.08449197,water
0.04345,0.04975,0.03085,0.0134,0.067596555,water
0.04355,0.05065,0.0317,0.01345,0.07537156,water
0.04355,0.05065,0.0317,0.01345,0.07537156,water
0.04405,0.0519,0.03135,0.0154,0.08181343,water
0.04545,0.0524,0.03135,0.01755,0.07102711,water
0.04605,0.05435,0.03285,0.01735,0.08266931,water
0.03805,0.0469,0.02275,0.0104,0.104178935,water
0.03815,0.04675,0.02225,0.0103,0.101295635,water
0.03865,0.0461,0.0218,0.0091,0.087905645,water
0.0381,0.0456,0.02155,0.009,0.089605734,water
0.0398,0.04595,0.0219,0.0092,0.071720116,water
0.04,0.046,0.02245,0.0088,0.06976746,water
0.0422,0.0476,0.0259,0.0096,0.06013365,water
0.0406,0.04725,0.0267,0.0094,0.075697176,water
0.0409,0.0495,0.02705,0.0099,0.09513275,water
0.041,0.04955,0.0272,0.00915,0.09442296,water
0.04105,0.04955,0.0266,0.0087,0.093819015,water
0.04205,0.04995,0.0273,0.0087,0.08586956,water
0.0426,0.0529,0.0306,0.009,0.107853435,water
0.0416,0.052,0.0284,0.0084,0.11111111,water
0.0405,0.0484,0.0257,0.0084,0.08886389,water
0.0408,0.0464,0.0239,0.0088,0.06422016,water
0.0404,0.0465,0.0237,0.008,0.07019566,water
0.0399,0.046,0.0243,0.0076,0.071012795,water
0.0397,0.04605,0.0253,0.00765,0.074052475,water
0.04,0.04625,0.0254,0.0075,0.07246379,water
0.04,0.04625,0.0254,0.0075,0.07246379,water
0.0423,0.04615,0.02675,0.0079,0.043527395,water
0.04205,0.05055,0.0267,0.0079,0.091792636,water
0.04175,0.0504,0.0269,0.008,0.0938687,water
0.0411,0.05035,0.026,0.0079,0.10114817,water
0.0414,0.05015,0.02645,0.0076,0.095576175,water
0.04095,0.04955,0.0268,0.0077,0.09502763,water
0.0411,0.0488,0.02715,0.00795,0.08565072,water
0.04085,0.049,0.02735,0.00805,0.09070674,water
0.0426,0.04935,0.0275,0.00825,0.07340949,water
0.04105,0.04915,0.02785,0.00845,0.08980048,water
0.0426,0.0522,0.0276,0.0085,0.101265855,water
0.0408,0.0524,0.0274,0.0086,0.12446351,water
0.0435,0.0524,0.0274,0.0087,0.09280502,water
0.0419,0.0518,0.0277,0.0088,0.10565634,water
0.0426,0.0529,0.0281,0.0097,0.107853435,water
0.0426,0.0527,0.0285,0.0109,0.10598114,water
0.041,0.0525,0.0295,0.011,0.12299462,water
0.0437,0.0518,0.029,0.011,0.08481678,water
0.0428,0.0517,0.0295,0.0115,0.09417987,water
0.0429,0.051,0.0312,0.0113,0.08626198,water
0.0426,0.0507,0.0317,0.0118,0.08681675,water
0.0426,0.0513,0.0319,0.0118,0.092651784,water
0.042,0.0513,0.0319,0.0119,0.099678464,water
0.0426,0.0514,0.0322,0.0122,0.09361702,water
0.0432,0.0514,0.0295,0.0128,0.08668073,water
0.0419,0.0514,0.0292,0.0123,0.10182205,water
0.0428,0.0515,0.0295,0.0132,0.09225873,water
0.0425,0.0513,0.0303,0.0133,0.09381663,water
0.0422,0.05015,0.0309,0.01375,0.08608555,water
0.04325,0.05065,0.03185,0.0137,0.07880727,water
0.04325,0.05065,0.03185,0.0137,0.07880727,water
0.04405,0.0519,0.03075,0.014,0.08181343,water
0.04515,0.05405,0.0314,0.0156,0.08971772,water
0.04805,0.05495,0.03165,0.01715,0.06699027,water
0.03805,0.04575,0.0227,0.0106,0.09188544,water
0.03855,0.04665,0.022,0.00975,0.095070414,water
0.0388,0.0456,0.02185,0.00905,0.080568716,water
0.0381,0.04615,0.02165,0.0088,0.09554894,water
0.0382,0.0458,0.0218,0.00915,0.090476215,water
0.03885,0.04495,0.0228,0.00895,0.07279239,water
0.0404,0.04875,0.0262,0.00945,0.093662366,water
0.04045,0.0496,0.0272,0.0092,0.10161024,water
0.04245,0.0505,0.0279,0.00935,0.08660572,water
0.0427,0.0509,0.0277,0.00905,0.08760684,water
0.0419,0.04995,0.02705,0.00885,0.08764288,water
0.04155,0.0506,0.02735,0.0086,0.09820944,water
0.0425,0.0537,0.0303,0.0086,0.116424106,water
0.0409,0.0469,0.0263,0.0083,0.06833714,water
0.0409,0.0477,0.0276,0.0085,0.07674944,water
0.0408,0.0465,0.0279,0.0083,0.06529209,water
0.0409,0.0472,0.0269,0.008,0.071509674,water
0.0398,0.0465,0.0283,0.0077,0.077636175,water
0.03915,0.0453,0.02625,0.00755,0.07282416,water
0.04005,0.04585,0.0267,0.00765,0.06752039,water
0.04005,0.04585,0.0267,0.00765,0.06752039,water
0.03935,0.0481,0.027,0.0079,0.10005717,water
0.03915,0.04555,0.0243,0.00695,0.0755608,water
0.0397,0.04625,0.024,0.00715,0.07620709,water
0.0411,0.05035,0.0263,0.00745,0.10114817,water
0.0421,0.05025,0.02685,0.0077,0.08825121,water
0.0419,0.05015,0.02715,0.00755,0.08962518,water
0.04135,0.0493,0.02735,0.00805,0.08769995,water
0.0405,0.04905,0.0276,0.0081,0.09547738,water
0.0421,0.04905,0.028,0.0083,0.07624792,water
0.04155,0.04915,0.02855,0.00845,0.083792746,water
0.043,0.0522,0.0282,0.0091,0.09663864,water
0.0411,0.0522,0.0279,0.0085,0.11897108,water
0.041,0.0512,0.0284,0.0085,0.110629044,water
0.0414,0.0508,0.0277,0.0086,0.10195227,water
0.042,0.0516,0.0283,0.0086,0.10256412,water
0.0425,0.0534,0.029,0.0098,0.113660045,water
0.0399,0.0524,0.0294,0.0108,0.13542795,water
0.0419,0.0533,0.0302,0.0107,0.11974789,water
0.043,0.0518,0.0289,0.011,0.092827,water
0.0429,0.0518,0.0299,0.0113,0.093981005,water
0.042,0.0518,0.0316,0.0117,0.10447763,water
0.041,0.0514,0.0319,0.012,0.11255408,water
0.0422,0.0514,0.0321,0.0119,0.09829059,water
0.0451,0.0514,0.0326,0.0124,0.06528496,water
0.0437,0.0507,0.0298,0.012,0.074152574,water
0.043,0.0507,0.031,0.0129,0.082177155,water
0.0465,0.0513,0.0313,0.0125,0.049079746,water
0.0449,0.0515,0.0305,0.0135,0.068464726,water
0.04345,0.0508,0.03085,0.01375,0.07798406,water
0.04335,0.0512,0.0312,0.0145,0.083024845,water
0.04335,0.0512,0.0312,0.0145,0.083024845,water
0.0447,0.05235,0.0314,0.01525,0.07882534,water
0.04525,0.0547,0.03075,0.01615,0.09454727,water
0.0451,0.05275,0.03035,0.01685,0.07818089,water
0.0411,0.04765,0.02275,0.01065,0.07380281,water
0.03925,0.04645,0.02255,0.00985,0.08401398,water
0.0388,0.04695,0.0219,0.0094,0.09504373,water
0.03875,0.0464,0.02185,0.00855,0.08984144,water
0.04005,0.04585,0.02235,0.0095,0.06752039,water
0.0389,0.04505,0.02375,0.00915,0.07325789,water
0.0392,0.04645,0.0237,0.00865,0.08464682,water
0.0417,0.0493,0.02745,0.00955,0.083516456,water
0.04285,0.0507,0.02845,0.0096,0.08391237,water
0.0431,0.05065,0.02865,0.0085,0.08053335,water
0.04285,0.0502,0.02785,0.00905,0.078989804,water
0.04215,0.05045,0.0273,0.00875,0.089632854,water
0.0428,0.0539,0.0278,0.0089,0.11478799,water
0.0408,0.0542,0.0274,0.0083,0.14105263,water
0.0401,0.0542,0.0279,0.0088,0.1495228,water
0.0412,0.0487,0.0279,0.0083,0.08342603,water
0.0412,0.0499,0.0277,0.0088,0.09549943,water
0.0401,0.0491,0.0282,0.0082,0.10089685,water
0.03925,0.0459,0.02525,0.00805,0.07809744,water
0.04035,0.04985,0.0257,0.0078,0.105321474,water
0.04035,0.04985,0.0257,0.0078,0.105321474,water
0.0401,0.0452,0.0237,0.0073,0.059788987,water
0.0401,0.0456,0.02445,0.007,0.06417736,water
0.0395,0.04645,0.0246,0.0078,0.08086094,water
0.0418,0.0501,0.02715,0.00735,0.09031555,water
0.0422,0.0498,0.02755,0.00775,0.082608715,water
0.04165,0.0507,0.028,0.00765,0.09799675,water
0.04135,0.04935,0.0282,0.0079,0.08820288,water
0.04175,0.0493,0.0282,0.00795,0.08292148,water
0.04185,0.0493,0.0287,0.0084,0.0817334,water
0.04175,0.0492,0.02795,0.0085,0.081913136,water
0.0422,0.052,0.0289,0.0088,0.10403399,water
0.0413,0.0514,0.0272,0.0086,0.10895361,water
0.0412,0.0504,0.0281,0.0086,0.10043667,water
0.0409,0.0505,0.0275,0.0091,0.105032854,water
0.0417,0.0516,0.0282,0.0092,0.10610932,water
0.0421,0.0534,0.0292,0.0093,0.118324585,water
0.042,0.0528,0.0287,0.0109,0.11392406,water
0.0419,0.0533,0.0302,0.0107,0.11974789,water
0.0431,0.0516,0.0291,0.0109,0.08975715,water
0.043,0.0519,0.029,0.011,0.09378291,water
0.0436,0.0513,0.0291,0.0111,0.081138045,water
0.0435,0.0509,0.029,0.0114,0.07838985,water
0.04095,0.04995,0.0303,0.011,0.099009894,water
0.0419,0.04995,0.03065,0.01125,0.08764288,water
0.04175,0.0501,0.0301,0.01185,0.09090909,water
0.04245,0.0499,0.03065,0.0121,0.080671355,water
0.04365,0.0499,0.0314,0.0127,0.06680917,water
0.0445,0.0502,0.03145,0.0134,0.06019007,water
0.0436,0.05075,0.03175,0.0133,0.07578165,water
0.0436,0.05075,0.03175,0.0133,0.07578165,water
0.0433,0.0521,0.0319,0.01325,0.09224319,water
0.0448,0.0534,0.03185,0.01455,0.08757638,water
0.04555,0.05415,0.03065,0.0154,0.08625878,water
0.04505,0.05145,0.02925,0.01565,0.066321254,water
0.04235,0.0469,0.0228,0.0107,0.050980378,water
0.03925,0.0467,0.0232,0.0101,0.0866783,water
0.04065,0.04695,0.02255,0.0096,0.07191783,water
0.04035,0.0463,0.02175,0.00885,0.068667054,water
0.0411,0.0457,0.02195,0.0092,0.05299539,water
0.0405,0.04535,0.0235,0.0094,0.056493886,water
0.04025,0.04715,0.02425,0.0097,0.07894738,water
0.0418,0.05065,0.02805,0.0099,0.09572743,water
0.04235,0.05045,0.0285,0.00925,0.08728447,water
0.04245,0.0516,0.0292,0.0085,0.09728869,water
0.04195,0.04985,0.02865,0.009,0.08605664,water
0.04205,0.05045,0.028,0.0087,0.09081081,water
0.04295,0.0504,0.02765,0.00865,0.07980717,water
0.04075,0.0502,0.02755,0.0083,0.10390324,water
0.04095,0.05015,0.0267,0.00855,0.10098792,water
0.04135,0.0497,0.02655,0.0081,0.09170785,water
0.0409,0.054,0.0286,0.00795,0.13804007,water
0.04125,0.0536,0.02855,0.0076,0.13020554,water
0.0387,0.0486,0.0277,0.0081,0.11340206,water
0.0387,0.0486,0.0277,0.0081,0.11340206,water
0.04,0.0478,0.0243,0.0081,0.088838294,water
0.0401,0.0455,0.0253,0.0077,0.06308409,water
0.0416,0.0554,0.0276,0.00785,0.14226803,water
0.043,0.055,0.0278,0.00795,0.12244896,water
0.0428,0.0536,0.0284,0.0077,0.11203316,water
0.04105,0.04945,0.0283,0.0078,0.09281769,water
0.0415,0.0495,0.02875,0.00745,0.087912105,water
0.0423,0.04955,0.0287,0.0076,0.078933045,water
0.04225,0.04955,0.02835,0.0077,0.0795207,water
0.04235,0.04915,0.0286,0.0082,0.074316934,water
0.0425,0.0492,0.0284,0.00775,0.07306431,water
0.0422,0.051,0.0289,0.0084,0.094420604,water
0.0416,0.0508,0.027,0.0085,0.09956709,water
0.0417,0.05,0.0278,0.0084,0.09051253,water
0.0421,0.0514,0.0273,0.0087,0.099465206,water
0.0422,0.0524,0.0281,0.0093,0.107822426,water
0.0421,0.054,0.0289,0.0093,0.12382934,water
0.0415,0.0533,0.0287,0.0098,0.1244726,water
0.0425,0.0546,0.03,0.0107,0.12461379,water
0.0431,0.0516,0.0291,0.0109,0.08975715,water
0.0423,0.0521,0.0304,0.0111,0.10381354,water
0.0427,0.0513,0.0306,0.011,0.09148937,water
0.043,0.0498,0.0295,0.0116,0.07327586,water
0.04155,0.04945,0.02855,0.0108,0.08681318,water
0.0422,0.04995,0.02885,0.01085,0.08410201,water
0.0432,0.05035,0.0301,0.01185,0.0764297,water
0.0442,0.0504,0.03065,0.01215,0.06553912,water
0.0432,0.05,0.03045,0.01175,0.07296137,water
0.0436,0.05065,0.03045,0.01315,0.074801065,water
0.0447,0.0509,0.03205,0.0142,0.064853564,water
0.0447,0.0509,0.03205,0.0142,0.064853564,water
0.044,0.0517,0.0321,0.0143,0.08045977,water
0.04445,0.05345,0.03205,0.01515,0.09193053,water
0.04405,0.0538,0.03185,0.01565,0.09964232,water
0.04335,0.0536,0.03015,0.0152,0.10572459,water
0.0418,0.04665,0.0226,0.01035,0.05483324,water
0.0416,0.04615,0.0233,0.0102,0.051851835,water
0.0413,0.0462,0.0223,0.00985,0.056000013,water
0.0403,0.0461,0.022,0.00915,0.06712964,water
0.04095,0.0457,0.02185,0.00875,0.054818217,water
0.0404,0.0481,0.02385,0.0095,0.08700565,water
0.0414,0.0506,0.02665,0.00975,0.099999994,water
0.04165,0.05145,0.02815,0.00985,0.105263144,water
0.04135,0.0492,0.0287,0.00915,0.08669242,water
0.0416,0.05105,0.02915,0.00835,0.101996765,water
0.0427,0.0502,0.0287,0.0089,0.08073197,water
0.0432,0.05055,0.02795,0.00865,0.07839998,water
0.0416,0.0498,0.0269,0.0086,0.08971555,water
0.0411,0.05025,0.0269,0.00825,0.10016422,water
0.04095,0.0501,0.0271,0.0082,0.10049422,water
0.04215,0.05435,0.02825,0.0083,0.1264249,water
0.0422,0.05405,0.0286,0.00805,0.12311688,water
0.04345,0.0537,0.02815,0.00795,0.105506934,water
0.0417,0.0537,0.0275,0.0082,0.12578614,water
0.0417,0.0537,0.0275,0.0082,0.12578614,water
0.0422,0.0541,0.0275,0.0085,0.12357218,water
0.0437,0.0548,0.0276,0.0077,0.112690374,water
0.042,0.0556,0.0276,0.008,0.13934426,water
0.0426,0.0549,0.0276,0.0077,0.12615389,water
0.0437,0.0538,0.0275,0.0079,0.10358978,water
0.04205,0.04985,0.0282,0.0075,0.084874846,water
0.04195,0.04935,0.02915,0.00745,0.081051506,water
0.04245,0.0489,0.0287,0.0078,0.070607565,water
0.0426,0.04885,0.0285,0.0077,0.06834337,water
0.0418,0.04935,0.0286,0.00765,0.08283051,water
0.041,0.04925,0.0284,0.00765,0.09141272,water
0.0422,0.0508,0.0283,0.0085,0.09247313,water
0.0426,0.0508,0.0283,0.0085,0.08779444,water
0.0435,0.0505,0.0278,0.0086,0.07446812,water
0.043,0.0524,0.0274,0.0086,0.098532476,water
0.0424,0.054,0.0283,0.0089,0.12033198,water
0.0427,0.0536,0.0286,0.0091,0.11318794,water
0.0436,0.0551,0.0291,0.0094,0.1165147,water
0.0425,0.0554,0.0299,0.0102,0.1317671,water
0.0428,0.0512,0.0305,0.0107,0.089361675,water
0.0444,0.0524,0.0308,0.011,0.08264464,water
0.0434,0.0521,0.0314,0.0112,0.091099456,water
0.0431,0.0514,0.0292,0.0111,0.08783068,water
0.04275,0.04985,0.02705,0.01065,0.076673836,water
0.04145,0.05055,0.02695,0.01085,0.098913014,water
0.0431,0.0507,0.02795,0.01145,0.08102348,water
0.04325,0.0514,0.02835,0.01215,0.08610671,water
0.04355,0.0522,0.02845,0.01255,0.09033944,water
0.0441,0.0526,0.02875,0.01335,0.08790071,water
0.04565,0.0521,0.03205,0.0148,0.06598463,water
0.04565,0.0521,0.03205,0.0148,0.06598463,water
0.0453,0.05215,0.032,0.01505,0.07029246,water
0.04495,0.053,0.03215,0.01525,0.08218478,water
0.04455,0.0538,0.03215,0.0151,0.09405185,water
0.04455,0.05335,0.0314,0.01475,0.089887634,water
0.0415,0.04645,0.02235,0.01035,0.056282,water
0.0421,0.04625,0.02195,0.01035,0.046972264,water
0.04125,0.04615,0.0222,0.00985,0.05606404,water
0.0407,0.04585,0.02145,0.00955,0.059503198,water
0.04105,0.04535,0.02215,0.00925,0.04976854,water
0.0397,0.0476,0.0248,0.0095,0.09049255,water
0.04195,0.05075,0.02525,0.0098,0.09492988,water
0.0427,0.05105,0.0261,0.0098,0.08906666,water
0.0427,0.05035,0.0288,0.00855,0.08221385,water
0.0432,0.0506,0.029,0.00835,0.07889124,water
0.04285,0.0507,0.029,0.00865,0.08391237,water
0.042,0.05035,0.0281,0.0086,0.09041689,water
0.04125,0.05035,0.027,0.0079,0.099344954,water
0.04165,0.05055,0.0269,0.0084,0.09652927,water
0.04095,0.05065,0.02715,0.008,0.1058952,water
0.0422,0.05345,0.02825,0.00825,0.11761631,water
0.04105,0.05215,0.02865,0.00805,0.11909873,water
0.04115,0.0499,0.02655,0.0081,0.09610104,water
0.0422,0.0535,0.0275,0.0085,0.118077345,water
0.0422,0.0535,0.0275,0.0085,0.118077345,water
0.0433,0.0532,0.0275,0.0083,0.10259068,water
0.0433,0.0535,0.0276,0.0077,0.105371915,water
0.0422,0.0538,0.0276,0.0077,0.12083336,water
0.0422,0.053,0.0278,0.0077,0.11344538,water
0.0423,0.053,0.0272,0.0074,0.112277,water
0.04175,0.0499,0.028,0.00745,0.088925265,water
0.04265,0.04945,0.0289,0.00755,0.07383279,water
0.0427,0.04915,0.02825,0.00795,0.070223205,water
0.0431,0.04875,0.0285,0.0075,0.061513327,water
0.04255,0.049,0.02865,0.00765,0.07045328,water
0.0424,0.04935,0.0282,0.0078,0.075749345,water
0.0426,0.0512,0.0282,0.0085,0.091684446,water
0.0434,0.0516,0.0283,0.0083,0.0863158,water
0.0441,0.0521,0.028,0.0092,0.08316006,water
0.0433,0.0538,0.0284,0.0086,0.10813596,water
0.0422,0.0549,0.0289,0.0086,0.13079302,water
0.0427,0.0549,0.0289,0.0094,0.12500001,water
0.0444,0.056,0.0289,0.0093,0.115537874,water
0.0429,0.0544,0.029,0.0095,0.11819117,water
0.0422,0.0526,0.0301,0.0105,0.10970466,water
0.0444,0.0524,0.0308,0.011,0.08264464,water
0.0442,0.0541,0.0305,0.0111,0.10071211,water
0.0439,0.0551,0.0287,0.0112,0.1131313,water
0.0438,0.0507,0.02805,0.0102,0.07301588,water
0.04155,0.0509,0.02735,0.0103,0.10113577,water
0.04335,0.05105,0.02795,0.0111,0.081567794,water
0.0432,0.0519,0.0287,0.01205,0.09148263,water
0.04375,0.0536,0.0283,0.0124,0.10118129,water
0.0423,0.05415,0.0287,0.0139,0.12286158,water
0.04295,0.0537,0.02925,0.0134,0.11122606,water
0.04295,0.0537,0.02925,0.0134,0.11122606,water
0.045,0.05285,0.0305,0.01705,0.08022482,water
0.04495,0.053,0.0321,0.0152,0.08218478,water
0.0449,0.05375,0.03195,0.01505,0.08971111,water
0.0448,0.05315,0.0314,0.01625,0.085247576,water
0.0403,0.04635,0.02255,0.01035,0.0698211,water
0.0416,0.0463,0.02215,0.00975,0.05346987,water
0.0405,0.04545,0.02135,0.00975,0.0575916,water
0.0405,0.04525,0.02185,0.00955,0.05539357,water
0.04085,0.04515,0.02265,0.0094,0.050000027,water
0.0395,0.04675,0.02245,0.00895,0.084057964,water
0.0399,0.04715,0.02475,0.0088,0.08328546,water
0.04125,0.0482,0.0268,0.0088,0.07769702,water
0.04275,0.0512,0.0279,0.00855,0.089941435,water
0.0429,0.051,0.02835,0.00865,0.08626198,water
0.0433,0.0507,0.02775,0.0086,0.07872343,water
0.0429,0.05035,0.02835,0.00855,0.079892755,water
0.0423,0.0505,0.0277,0.00815,0.088362075,water
0.0419,0.0506,0.02735,0.00795,0.094054036,water
0.0407,0.0508,0.02685,0.00835,0.11038251,water
0.0422,0.05135,0.02625,0.00825,0.09780868,water
0.042,0.0512,0.0278,0.00805,0.09871244,water
0.04135,0.0517,0.0287,0.008,0.11123052,water
0.0442,0.0549,0.0296,0.0087,0.107971765,water
0.0442,0.0549,0.0296,0.0087,0.107971765,water
0.0431,0.0535,0.0287,0.0077,0.10766047,water
0.0419,0.0526,0.0276,0.0073,0.113227494,water
0.0417,0.0526,0.0276,0.0079,0.11558852,water
0.0422,0.052,0.0278,0.0075,0.10403399,water
0.041,0.053,0.0277,0.0074,0.12765956,water
0.0418,0.05015,0.0278,0.0075,0.090810224,water
0.0427,0.0505,0.0287,0.0076,0.08369101,water
0.04265,0.0501,0.0281,0.00785,0.08032344,water
0.04225,0.0491,0.0285,0.0077,0.074986316,water
0.0418,0.04915,0.02885,0.0077,0.080813654,water
0.04145,0.04955,0.02835,0.00795,0.089010976,water
0.0429,0.0517,0.028,0.008,0.093023255,water
0.0435,0.0522,0.0285,0.0082,0.090909116,water
0.0441,0.053,0.0277,0.0084,0.091658056,water
0.0439,0.055,0.0282,0.009,0.112234555,water
0.0429,0.0549,0.0281,0.0094,0.1226994,water
0.0431,0.056,0.0285,0.0101,0.13017157,water
0.0452,0.0556,0.0295,0.0094,0.103174575,water
0.0426,0.0553,0.0286,0.0095,0.12972423,water
0.0431,0.054,0.0304,0.011,0.112255424,water
0.0442,0.0534,0.031,0.0112,0.09426229,water
0.0442,0.0541,0.0305,0.0111,0.10071211,water
0.0459,0.0566,0.0292,0.0111,0.10439027,water
0.0433,0.05095,0.0312,0.01085,0.0811671,water
0.042,0.0519,0.0305,0.0106,0.10543132,water
0.0433,0.0518,0.0275,0.0108,0.08937962,water
0.0437,0.05115,0.0284,0.01195,0.0785451,water
0.0443,0.0539,0.02875,0.01255,0.09775966,water
0.04175,0.0539,0.02955,0.0135,0.12702562,water
0.04175,0.0539,0.02955,0.0135,0.12702562,water
0.04175,0.0535,0.0297,0.0142,0.1233596,water
0.0442,0.05265,0.0299,0.01675,0.08724834,water
0.0456,0.05245,0.03155,0.0153,0.06986232,water
0.04505,0.05305,0.0312,0.01615,0.08154945,water
0.04665,0.05305,0.03095,0.0156,0.06419258,water
0.03945,0.04625,0.0221,0.0103,0.079346545,water
0.0414,0.0459,0.0214,0.00975,0.051546365,water
0.03975,0.0451,0.0211,0.0094,0.06305246,water
0.04045,0.04505,0.0217,0.00975,0.053801164,water
0.04075,0.04495,0.02265,0.00885,0.04900817,water
0.04025,0.04605,0.0234,0.0084,0.06720743,water
0.0395,0.0468,0.0247,0.00865,0.08458861,water
0.0387,0.0467,0.02565,0.0079,0.09367683,water
0.04215,0.04965,0.02845,0.00855,0.08169935,water
0.0425,0.0502,0.028,0.00835,0.08306364,water
0.0425,0.05085,0.02765,0.00855,0.08944831,water
0.0426,0.05105,0.0275,0.00845,0.09022959,water
0.0422,0.05095,0.0276,0.00815,0.093934506,water
0.0419,0.0508,0.02735,0.00795,0.096008606,water
0.04105,0.0513,0.0275,0.0083,0.11099082,water
0.0416,0.0511,0.02775,0.00815,0.10248113,water
0.04335,0.0534,0.0284,0.0081,0.10387596,water
0.0437,0.0554,0.02865,0.008,0.11806258,water
0.0437,0.0554,0.02865,0.008,0.11806258,water
0.0443,0.0552,0.0295,0.0084,0.10954772,water
0.0434,0.0554,0.0288,0.0079,0.121457465,water
0.0401,0.0528,0.0276,0.0075,0.13670613,water
0.0413,0.053,0.0276,0.0078,0.12407211,water
0.0413,0.0528,0.0277,0.0074,0.12221043,water
0.0428,0.054,0.0277,0.0076,0.11570247,water
0.04275,0.051,0.02775,0.00765,0.08799998,water
0.0433,0.0511,0.0284,0.0078,0.08262713,water
0.04295,0.0501,0.0278,0.00775,0.076840386,water
0.04285,0.0493,0.02805,0.0079,0.069994584,water
0.0429,0.0496,0.02845,0.0079,0.07243245,water
0.0433,0.0501,0.0284,0.008,0.07280514,water
0.0433,0.052,0.0288,0.008,0.091290675,water
0.0438,0.0526,0.029,0.0083,0.09128631,water
0.0444,0.0534,0.0275,0.0084,0.092024535,water
0.0439,0.0544,0.0288,0.0092,0.10681586,water
0.0442,0.0556,0.0281,0.0094,0.11422845,water
0.0443,0.056,0.028,0.0107,0.11665006,water
0.0449,0.0558,0.0295,0.0095,0.10824229,water
0.0438,0.0557,0.0297,0.0096,0.119597994,water
0.0439,0.0549,0.0304,0.0097,0.11133603,water
0.0439,0.0535,0.0306,0.0112,0.09856261,water
0.0455,0.0554,0.0299,0.0111,0.09811695,water
0.0459,0.0566,0.0292,0.0111,0.10439027,water
0.0429,0.0555,0.0308,0.01145,0.12804879,water
0.0422,0.05255,0.03085,0.01105,0.109234825,water
0.0436,0.0524,0.03075,0.01075,0.09166667,water
0.04425,0.0508,0.0284,0.01235,0.06891109,water
0.04375,0.05375,0.0295,0.01355,0.102564126,water
0.04195,0.0535,0.0301,0.0135,0.12100578,water
0.04195,0.0535,0.0301,0.0135,0.12100578,water
0.04255,0.0517,0.03035,0.01365,0.09708221,water
0.0437,0.05185,0.03095,0.0162,0.085295655,water
0.04595,0.0513,0.0313,0.0159,0.055012867,water
0.04555,0.05265,0.03105,0.01645,0.07230143,water
0.0471,0.0537,0.0312,0.0157,0.06547619,water
0.04125,0.04635,0.0218,0.0094,0.058219142,water
0.04135,0.04585,0.02155,0.00945,0.051605523,water
0.0402,0.04525,0.0211,0.009,0.059098892,water
0.03995,0.04545,0.0212,0.00935,0.06440281,water
0.0403,0.0457,0.02205,0.00865,0.062790684,water
0.0403,0.0462,0.02295,0.0085,0.06820808,water
0.0396,0.0468,0.02375,0.00825,0.08333332,water
0.0398,0.04595,0.02455,0.0077,0.071720116,water
0.0411,0.04585,0.0259,0.0083,0.05462912,water
0.0424,0.04965,0.02835,0.0083,0.07876154,water
0.0424,0.05005,0.02665,0.0087,0.08274746,water
0.0422,0.04815,0.02515,0.00815,0.06585501,water
0.04255,0.0479,0.0256,0.0081,0.05914867,water
0.0425,0.05075,0.02735,0.00775,0.08847183,water
0.042,0.05145,0.0277,0.0081,0.1011236,water
0.0413,0.05335,0.02875,0.008,0.12731117,water
0.0421,0.05615,0.0287,0.00805,0.14300254,water
0.04315,0.0558,0.02835,0.0079,0.12784232,water
0.04315,0.0558,0.02835,0.0079,0.12784232,water
0.0443,0.0564,0.0285,0.0083,0.12015888,water
0.0434,0.0559,0.0287,0.0079,0.12588117,water
0.0405,0.0529,0.0276,0.0077,0.13276233,water
0.0418,0.0534,0.0276,0.0076,0.121848725,water
0.0422,0.0537,0.0277,0.0074,0.11991659,water
0.0422,0.0545,0.0277,0.0074,0.12719752,water
0.043,0.05115,0.0276,0.00775,0.08656399,water
0.0434,0.05125,0.02805,0.0079,0.08293712,water
0.04315,0.05,0.0281,0.00765,0.073537305,water
0.0427,0.0496,0.0276,0.0079,0.07475624,water
0.0422,0.0497,0.02835,0.00815,0.08161045,water
0.0427,0.05,0.02855,0.00815,0.07874865,water
0.043,0.0522,0.0289,0.0079,0.09663864,water
0.0439,0.0528,0.0284,0.0081,0.09203721,water
0.0447,0.0528,0.028,0.0081,0.08307692,water
0.0447,0.053,0.0277,0.0086,0.08495393,water
0.0445,0.0549,0.028,0.0088,0.10462778,water
0.0443,0.056,0.0283,0.0098,0.11665006,water
0.045,0.0559,0.0282,0.0095,0.108027734,water
0.045,0.0555,0.0288,0.0099,0.1044776,water
0.0448,0.0554,0.0298,0.0095,0.10578843,water
0.0454,0.0521,0.0287,0.0097,0.06871793,water
0.0456,0.0551,0.0283,0.0104,0.094339624,water
0.0451,0.0562,0.0287,0.0113,0.10957553,water
0.0448,0.05585,0.0306,0.0119,0.1097864,water
0.04395,0.0561,0.03025,0.0112,0.121439286,water
0.04395,0.05305,0.03045,0.01135,0.09381444,water
0.0436,0.0528,0.02945,0.01265,0.09543568,water
0.04265,0.05485,0.02895,0.01395,0.12512822,water
0.04245,0.0525,0.03175,0.01405,0.10584517,water
0.04245,0.0525,0.03175,0.01405,0.10584517,water
0.0434,0.05165,0.02975,0.0153,0.0867964,water
0.04425,0.052,0.0305,0.0161,0.08051949,water
0.0462,0.0528,0.0311,0.01565,0.06666667,water
0.0448,0.0546,0.03125,0.01545,0.09859157,water
0.04685,0.05485,0.0312,0.01675,0.078662746,water
0.0411,0.0458,0.0212,0.009,0.054085173,water
0.0415,0.0455,0.0215,0.00875,0.04597702,water
0.04075,0.0452,0.0211,0.0081,0.051774297,water
0.03975,0.0458,0.0213,0.0084,0.07071891,water
0.03965,0.0451,0.02135,0.0085,0.06430677,water
0.0392,0.04515,0.02135,0.00845,0.070539415,water
0.03905,0.04655,0.0214,0.00815,0.08761678,water
0.041,0.04755,0.0257,0.00855,0.0739695,water
0.04125,0.05035,0.0273,0.0082,0.099344954,water
0.0413,0.04785,0.02715,0.00805,0.07347171,water
0.04175,0.04565,0.025,0.0082,0.044622455,water
0.0421,0.0454,0.0247,0.00765,0.037714284,water
0.04145,0.0457,0.0248,0.00775,0.048766464,water
0.0427,0.04695,0.0258,0.0075,0.04740659,water
0.0417,0.0503,0.02685,0.00805,0.093478225,water
0.0415,0.0551,0.0288,0.008,0.14078678,water
0.0412,0.05615,0.0283,0.0078,0.1535696,water
0.0422,0.0563,0.02865,0.00775,0.14314722,water
0.0422,0.0563,0.02865,0.00775,0.14314722,water
0.04185,0.0555,0.0279,0.0082,0.14021571,water
0.0418,0.05475,0.0283,0.00775,0.13412738,water
0.04055,0.04985,0.0261,0.0074,0.10287608,water
0.0415,0.04965,0.0265,0.0074,0.089413054,water
0.0422,0.05035,0.02685,0.00735,0.08806051,water
0.04285,0.05085,0.0274,0.00735,0.085378885,water
0.0442,0.054,0.0278,0.0078,0.099796355,water
0.0438,0.0535,0.0281,0.008,0.099691674,water
0.0443,0.0522,0.0298,0.0078,0.08186528,water
0.0423,0.0512,0.0291,0.0079,0.09518714,water
0.0444,0.0512,0.0288,0.008,0.07112971,water
0.0444,0.0517,0.0282,0.0079,0.07596254,water
0.0434,0.0524,0.0288,0.0082,0.09394572,water
0.044,0.053,0.0285,0.0079,0.092783496,water
0.0448,0.0532,0.0287,0.0082,0.085714296,water
0.0445,0.053,0.0281,0.0085,0.087179475,water
0.0432,0.0542,0.0278,0.0091,0.11293634,water
0.0441,0.0556,0.0281,0.0095,0.11534601,water
0.0449,0.0559,0.0282,0.0096,0.109126985,water
0.0443,0.0553,0.0298,0.0094,0.11044177,water
0.045,0.053,0.0288,0.0091,0.08163262,water
0.0455,0.0543,0.0301,0.0093,0.088176355,water
0.0462,0.0543,0.0292,0.0106,0.080597006,water
0.0444,0.0556,0.029,0.0113,0.112,water
0.0448,0.05585,0.0306,0.0119,0.1097864,water
0.04505,0.0549,0.03005,0.0112,0.0985493,water
0.0444,0.05565,0.03025,0.0111,0.11244378,water
0.0443,0.0537,0.03085,0.0124,0.09591835,water
0.04325,0.05435,0.0314,0.0139,0.11372953,water
0.04325,0.05435,0.0314,0.0139,0.11372953,water
0.0434,0.05265,0.03145,0.0149,0.09630401,water
0.044,0.0533,0.0312,0.0156,0.09558069,water
0.0453,0.0532,0.02975,0.0158,0.08020304,water
0.04615,0.0541,0.0318,0.01605,0.07930175,water
0.0455,0.0551,0.0321,0.01575,0.09542745,water
0.04685,0.0547,0.0326,0.0177,0.07730181,water
0.04155,0.04625,0.02125,0.0088,0.053530768,water
0.0415,0.04585,0.0215,0.0078,0.049799692,water
0.04115,0.04545,0.0214,0.00755,0.04965356,water
0.04065,0.04565,0.02165,0.0073,0.05793746,water
0.0413,0.0453,0.02165,0.00715,0.046189386,water
0.04015,0.0455,0.02175,0.0084,0.062463485,water
0.0392,0.0454,0.02155,0.00825,0.07328606,water
0.0391,0.0456,0.0247,0.00825,0.076741464,water
0.04115,0.04815,0.02565,0.008,0.078387454,water
0.04115,0.0459,0.02545,0.0077,0.054566324,water
0.04165,0.0445,0.02505,0.0083,0.03308183,water
0.0422,0.0453,0.02465,0.00765,0.035428576,water
0.04155,0.0462,0.02495,0.00755,0.052991457,water
0.0412,0.0461,0.0256,0.0076,0.056128304,water
0.04215,0.0476,0.0263,0.008,0.060724266,water
0.043,0.05215,0.0279,0.008,0.096163936,water
0.0428,0.0558,0.02835,0.0077,0.1318458,water
0.0428,0.0558,0.02835,0.0077,0.1318458,water
0.043,0.05575,0.0285,0.00795,0.12911391,water
0.04245,0.0553,0.0283,0.008,0.13145782,water
0.0414,0.05475,0.02835,0.00745,0.13884555,water
0.04085,0.0496,0.0262,0.00705,0.096738555,water
0.0417,0.05,0.02645,0.00765,0.09051253,water
0.04205,0.0509,0.02675,0.00745,0.09521249,water
0.04315,0.0511,0.0274,0.0072,0.08435014,water
0.0433,0.0538,0.0278,0.0076,0.10813596,water
0.0432,0.0529,0.0288,0.008,0.100936525,water
0.0434,0.0524,0.0291,0.0079,0.09394572,water
0.0426,0.052,0.0291,0.0079,0.09936578,water
0.0446,0.0514,0.0283,0.0081,0.070833325,water
0.0445,0.0522,0.028,0.0083,0.079627715,water
0.0445,0.0528,0.0288,0.0085,0.08530317,water
0.044,0.0534,0.0289,0.0086,0.09650923,water
0.0447,0.0542,0.0288,0.0083,0.096056625,water
0.0442,0.0536,0.0289,0.0085,0.09611451,water
0.042,0.0544,0.0283,0.0092,0.12863071,water
0.0435,0.0554,0.0281,0.0095,0.12032356,water
0.0446,0.0559,0.0282,0.0095,0.11243782,water
0.0449,0.055,0.029,0.0096,0.1011011,water
0.045,0.0538,0.029,0.0093,0.08906882,water
0.0449,0.0546,0.0292,0.0097,0.09748744,water
0.0451,0.0545,0.03,0.0109,0.094377495,water
0.0451,0.0544,0.0294,0.0112,0.09346735,water
0.04615,0.05455,0.03015,0.0114,0.0834161,water
0.04505,0.0549,0.03005,0.0112,0.0985493,water
0.04565,0.05465,0.03055,0.0116,0.08973081,water
0.04295,0.0552,0.0307,0.0128,0.12480895,water
0.04445,0.05585,0.03125,0.01375,0.11365902,water
0.04445,0.05585,0.03125,0.01375,0.11365902,water
0.0451,0.0547,0.0321,0.0145,0.096192375,water
0.04505,0.054,0.03175,0.01515,0.09035843,water
0.0456,0.05455,0.033,0.01595,0.08936594,water
0.04585,0.0552,0.0333,0.0167,0.092528425,water
0.0458,0.0543,0.0338,0.01775,0.08491507,water
0.04685,0.0545,0.03245,0.01825,0.075481005,water
0.04155,0.04695,0.02235,0.0093,0.061016973,water
0.04115,0.04585,0.0212,0.0081,0.054023005,water
0.04115,0.0454,0.0214,0.0076,0.04910458,water
0.0411,0.0455,0.02165,0.0075,0.050808314,water
0.04095,0.04565,0.02165,0.00705,0.05427253,water
0.0406,0.04465,0.02185,0.00715,0.0475073,water
0.0394,0.04425,0.02165,0.00755,0.057979677,water
0.0393,0.04525,0.02195,0.0081,0.07037257,water
0.03965,0.04675,0.02495,0.0082,0.08217593,water
0.04145,0.04535,0.02505,0.0078,0.044930864,water
0.04185,0.04545,0.0249,0.00805,0.041237086,water
0.04145,0.046,0.0248,0.00745,0.052029718,water
0.04055,0.046,0.0251,0.0073,0.06296937,water
0.0394,0.04635,0.0256,0.00755,0.08104955,water
0.0416,0.04675,0.02705,0.00805,0.058290906,water
0.04255,0.05075,0.02825,0.00805,0.0878885,water
0.0437,0.0534,0.027,0.0075,0.09989702,water
0.0437,0.0534,0.027,0.0075,0.09989702,water
0.04355,0.0549,0.02815,0.00775,0.11528696,water
0.0427,0.0544,0.02825,0.00765,0.120494336,water
0.0413,0.0516,0.0284,0.0074,0.11087193,water
0.0411,0.0494,0.0264,0.0072,0.09171274,water
0.0421,0.0505,0.02595,0.00755,0.09071275,water
0.0423,0.05215,0.02655,0.00745,0.104287975,water
0.0436,0.0508,0.0272,0.0072,0.07627117,water
0.0436,0.0534,0.028,0.0075,0.10103091,water
0.0453,0.0529,0.028,0.008,0.07739309,water
0.0442,0.052,0.0284,0.0079,0.08108109,water
0.0435,0.052,0.0284,0.0081,0.08900526,water
0.0441,0.0514,0.0286,0.0081,0.07643976,water
0.0427,0.0524,0.029,0.0083,0.1019979,water
0.0444,0.0534,0.0289,0.0087,0.092024535,water
0.044,0.0534,0.0288,0.0087,0.09650923,water
0.0436,0.054,0.0289,0.0082,0.10655739,water
0.044,0.0541,0.029,0.0086,0.10295616,water
0.043,0.0544,0.0281,0.0095,0.11704311,water
0.0424,0.0546,0.0281,0.0096,0.1257732,water
0.0442,0.0544,0.0282,0.0096,0.10344829,water
0.0446,0.0553,0.0284,0.0096,0.10710713,water
0.045,0.0535,0.0284,0.0094,0.086294405,water
0.045,0.0536,0.0287,0.0091,0.08722106,water
0.0451,0.0536,0.0283,0.0102,0.08611954,water
0.0451,0.0527,0.0289,0.0105,0.07770963,water
0.04445,0.05335,0.03005,0.0109,0.09100206,water
0.0444,0.0533,0.03045,0.01045,0.09109521,water
0.04565,0.05465,0.03055,0.0116,0.08973081,water
0.04615,0.0574,0.03245,0.01335,0.10864317,water
0.04685,0.05825,0.03175,0.0146,0.10846812,water
0.04685,0.05825,0.03175,0.0146,0.10846812,water
0.04825,0.05835,0.0334,0.0156,0.09474671,water
0.04725,0.0576,0.0328,0.01515,0.09871245,water
0.04535,0.05495,0.0328,0.016,0.09571285,water
0.04575,0.05545,0.03335,0.0174,0.095849805,water
0.0459,0.054,0.03455,0.0175,0.081081115,water
0.04665,0.0547,0.0324,0.0182,0.07942771,water
0.0412,0.0467,0.02395,0.00915,0.06257111,water
0.03985,0.046,0.0219,0.00845,0.07163657,water
0.04055,0.0456,0.02135,0.00765,0.058618683,water
0.0399,0.04565,0.0216,0.00745,0.06721216,water
0.03925,0.04385,0.02175,0.0071,0.055354986,water
0.03975,0.0445,0.02165,0.00685,0.056379847,water
0.0387,0.0457,0.02145,0.00805,0.08293838,water
0.0388,0.04535,0.0218,0.008,0.077837184,water
0.03905,0.04555,0.02175,0.0078,0.07683213,water
0.03915,0.045,0.0224,0.0077,0.06951874,water
0.04025,0.04665,0.0239,0.00785,0.07364788,water
0.0406,0.0465,0.02515,0.0075,0.06773823,water
0.03955,0.046,0.02525,0.0076,0.075394526,water
0.03895,0.04535,0.0255,0.0076,0.075919345,water
0.0414,0.04795,0.02815,0.0079,0.07330721,water
0.04295,0.05045,0.0282,0.008,0.08029979,water
0.04435,0.05065,0.02695,0.0076,0.066315815,water
0.04435,0.05065,0.02695,0.0076,0.066315815,water
0.0427,0.0547,0.0281,0.0078,0.12320328,water
0.04265,0.05425,0.02805,0.00755,0.11971103,water
0.0413,0.0501,0.02635,0.00755,0.09628009,water
0.042,0.04975,0.02645,0.00705,0.08446868,water
0.0425,0.0509,0.02585,0.00745,0.089935765,water
0.04285,0.05195,0.02645,0.00715,0.09599158,water
0.044,0.05045,0.0272,0.00725,0.068290114,water
0.0442,0.0538,0.0276,0.0078,0.097959206,water
0.0458,0.0541,0.028,0.008,0.08308307,water
0.0457,0.053,0.0285,0.0079,0.073961504,water
0.0433,0.0528,0.0281,0.008,0.09885536,water
0.0443,0.0516,0.0291,0.0083,0.076120965,water
0.0444,0.0529,0.0295,0.0084,0.087358706,water
0.0442,0.0528,0.0289,0.0084,0.08865979,water
0.0446,0.054,0.0289,0.0087,0.095334716,water
0.0439,0.0545,0.0304,0.0082,0.10772355,water
0.0446,0.0541,0.029,0.0084,0.09625127,water
0.0434,0.0541,0.0281,0.0091,0.10974358,water
0.0417,0.0533,0.0281,0.0094,0.122105256,water
0.044,0.0524,0.0282,0.0095,0.08713694,water
0.0446,0.0527,0.0282,0.0096,0.08324772,water
0.0449,0.0528,0.0282,0.0097,0.08085977,water
0.0454,0.0525,0.0282,0.0103,0.07252295,water
0.0436,0.0514,0.0286,0.01,0.08210524,water
0.0416,0.0513,0.0283,0.0097,0.10441335,water
0.04345,0.05165,0.03105,0.0104,0.086224996,water
0.04405,0.05445,0.0326,0.01035,0.105583765,water
0.0449,0.05715,0.0325,0.0116,0.12003919,water
0.04815,0.0579,0.0325,0.01415,0.09193777,water
0.04785,0.0588,0.03255,0.0144,0.10267228,water
0.04785,0.0588,0.03255,0.0144,0.10267228,water
0.0481,0.05755,0.0328,0.0152,0.08944629,water
0.0488,0.05455,0.0333,0.01605,0.055636194,water
0.0493,0.0549,0.03335,0.01585,0.053742815,water
0.0463,0.05565,0.0331,0.0173,0.0917116,water
0.0462,0.05385,0.0334,0.01775,0.076461755,water
0.04595,0.0549,0.0327,0.0177,0.08874568,water
0.0408,0.04635,0.02375,0.00885,0.06368327,water
0.04085,0.04595,0.0217,0.00855,0.05875577,water
0.04,0.04545,0.0212,0.0078,0.06377998,water
0.03955,0.0463,0.0216,0.00755,0.07862554,water
0.03905,0.0443,0.02175,0.00705,0.062987395,water
0.03915,0.0447,0.0215,0.00785,0.06618964,water
0.0385,0.04575,0.02135,0.0081,0.08605341,water
0.0385,0.0455,0.0218,0.008,0.08333333,water
0.0388,0.04495,0.02185,0.0078,0.07343283,water
0.0392,0.0449,0.02205,0.0076,0.06777645,water
0.0393,0.0458,0.0219,0.00775,0.07638076,water
0.0411,0.04645,0.0253,0.00765,0.061107952,water
0.04115,0.0456,0.0254,0.00735,0.051296838,water
0.04005,0.04515,0.0255,0.0074,0.059859164,water
0.03985,0.04845,0.0281,0.0079,0.09739524,water
0.0423,0.0508,0.02825,0.00795,0.09129967,water
0.04255,0.0503,0.0276,0.00755,0.08346793,water
0.04255,0.0503,0.0276,0.00755,0.08346793,water
0.0434,0.0526,0.02645,0.0078,0.095833324,water
0.0425,0.0547,0.02815,0.0075,0.12551439,water
0.0414,0.0496,0.02655,0.0072,0.09010989,water
0.04255,0.05035,0.02635,0.00705,0.083961226,water
0.04235,0.0513,0.0252,0.00715,0.0955686,water
0.0424,0.0514,0.0265,0.00715,0.09594883,water
0.0428,0.05085,0.02715,0.00725,0.08595834,water
0.0433,0.0553,0.0279,0.0081,0.12170387,water
0.0444,0.0548,0.0282,0.0089,0.10483872,water
0.045,0.055,0.0284,0.0087,0.09999998,water
0.044,0.0536,0.0284,0.0084,0.09836064,water
0.0451,0.0524,0.0287,0.0079,0.0748718,water
0.045,0.0536,0.0287,0.0085,0.08722106,water
0.0442,0.0534,0.0289,0.0087,0.09426229,water
0.0453,0.0542,0.0295,0.0087,0.08944725,water
0.0446,0.0546,0.0305,0.0083,0.100806475,water
0.0446,0.054,0.0288,0.0084,0.095334716,water
0.0432,0.0541,0.0281,0.0088,0.11202465,water
0.043,0.0534,0.0281,0.0089,0.10788379,water
0.0441,0.0525,0.0282,0.009,0.08695649,water
0.044,0.0523,0.031,0.0094,0.08618898,water
0.0456,0.0524,0.0312,0.0095,0.06938775,water
0.0432,0.0517,0.0306,0.0099,0.08956795,water
0.0427,0.051,0.0312,0.0098,0.08858056,water
0.0426,0.0505,0.0298,0.0101,0.084855035,water
0.0439,0.0551,0.0323,0.0102,0.1131313,water
0.04745,0.05475,0.0325,0.0111,0.071428575,water
0.0458,0.05575,0.0323,0.0126,0.0979813,water
0.04815,0.0579,0.0325,0.01415,0.09193777,water
0.04805,0.05885,0.0327,0.01445,0.101028994,water
0.04815,0.05595,0.03225,0.0148,0.07492796,water
0.04795,0.05575,0.0321,0.01515,0.07521699,water
0.0464,0.0538,0.03255,0.0168,0.07385232,water
0.04795,0.0549,0.03365,0.01685,0.06757416,water
0.0453,0.05905,0.0341,0.0175,0.1317681,water
0.04675,0.0556,0.03385,0.01775,0.086467974,water
0.04705,0.0572,0.0333,0.01845,0.097362116,water
0.04045,0.0461,0.02455,0.0088,0.065280214,water
0.04065,0.04625,0.0233,0.0085,0.06444191,water
0.04075,0.04545,0.0213,0.00755,0.054524336,water
0.03965,0.0456,0.0216,0.00755,0.06979472,water
0.0393,0.04545,0.02165,0.0074,0.072566375,water
0.0393,0.0455,0.0214,0.00705,0.07311322,water
0.0392,0.04525,0.0214,0.00795,0.07164,water
0.0396,0.0462,0.0218,0.00785,0.07692308,water
0.0397,0.0455,0.0219,0.0076,0.06807509,water
0.0404,0.0448,0.0222,0.00755,0.051643193,water
0.0403,0.047,0.02505,0.00745,0.07674682,water
0.04155,0.046,0.0255,0.0074,0.050828107,water
0.0414,0.0446,0.02545,0.00705,0.037209284,water
0.04125,0.04575,0.0255,0.00705,0.051724117,water
0.04075,0.04575,0.02625,0.00735,0.057803452,water
0.0423,0.05045,0.02745,0.00765,0.08787062,water
0.0423,0.05045,0.02745,0.00765,0.08787062,water
0.04205,0.05035,0.0265,0.00755,0.08982683,water
0.0421,0.05105,0.0262,0.0078,0.09608157,water
0.04265,0.0539,0.02765,0.00745,0.11651994,water
0.04195,0.05085,0.02805,0.00735,0.09590519,water
0.04235,0.0504,0.0262,0.0072,0.08679244,water
0.04235,0.05065,0.0256,0.00725,0.0892473,water
0.04315,0.0512,0.02695,0.0072,0.0853206,water
0.04325,0.05135,0.02705,0.00745,0.08562371,water
0.0445,0.0566,0.0278,0.0083,0.11968348,water
0.0442,0.057,0.0284,0.0092,0.12648222,water
0.044,0.0562,0.0286,0.0092,0.12175651,water
0.0443,0.054,0.0287,0.0083,0.098677516,water
0.0448,0.0533,0.029,0.0081,0.0866463,water
0.0429,0.0542,0.0289,0.0085,0.11637488,water
0.0439,0.0542,0.029,0.0087,0.104994886,water
0.0451,0.0546,0.0293,0.0087,0.09528586,water
0.0446,0.0546,0.0292,0.0089,0.100806475,water
0.044,0.054,0.0288,0.0083,0.10204083,water
0.0443,0.0544,0.0281,0.0089,0.10233029,water
0.044,0.0546,0.0281,0.009,0.107505076,water
0.0435,0.0537,0.0297,0.0093,0.10493828,water
0.046,0.0526,0.031,0.009,0.06693712,water
0.0459,0.0526,0.0306,0.0092,0.06802032,water
0.0448,0.0529,0.0306,0.0098,0.08290689,water
0.0446,0.0519,0.0307,0.0093,0.07564768,water
0.0467,0.0513,0.0309,0.0096,0.04693877,water
0.0463,0.0551,0.03135,0.0102,0.086785,water
0.0463,0.0543,0.03175,0.01145,0.07952283,water
0.04745,0.0563,0.0322,0.01265,0.08530121,water
0.04805,0.05885,0.0327,0.01445,0.101028994,water
0.04805,0.05885,0.0327,0.01445,0.101028994,water
0.048,0.0612,0.0336,0.0154,0.12087912,water
0.0469,0.0583,0.0327,0.0156,0.108365014,water
0.0457,0.0576,0.0336,0.0165,0.115198456,water
0.0485,0.0584,0.0344,0.0168,0.09260991,water
0.0511,0.0619,0.0346,0.0178,0.09557522,water
0.0487,0.0615,0.0339,0.0185,0.11615245,water
0.0495,0.0608,0.0346,0.0189,0.102447875,water
0.04115,0.0463,0.02455,0.00865,0.058890812,water
0.0412,0.04615,0.0242,0.00865,0.056668557,water
0.0407,0.0452,0.02145,0.0078,0.052386515,water
0.04035,0.0454,0.02135,0.00745,0.058892127,water
0.04075,0.04555,0.0214,0.0076,0.05561992,water
0.0385,0.0453,0.0215,0.007,0.08114558,water
0.0399,0.0459,0.02185,0.00735,0.06993004,water
0.03995,0.0462,0.0216,0.007,0.0725479,water
0.0392,0.0455,0.02185,0.00725,0.074380144,water
0.03885,0.0453,0.0222,0.00745,0.07664885,water
0.0405,0.04575,0.0249,0.0074,0.06086956,water
0.04195,0.0459,0.02515,0.00725,0.044963006,water
0.04095,0.04455,0.02555,0.0071,0.042105276,water
0.0407,0.04575,0.0258,0.0071,0.05841527,water
0.0411,0.04525,0.0255,0.00705,0.048060216,water
0.0417,0.04575,0.0258,0.00735,0.046312153,water
0.0417,0.04575,0.0258,0.00735,0.046312153,water
0.0405,0.04575,0.02685,0.00715,0.06086956,water
0.0407,0.0467,0.02625,0.00775,0.068649895,water
0.04105,0.04735,0.02555,0.00735,0.071266994,water
0.0427,0.0503,0.02615,0.0074,0.08172042,water
0.0429,0.0496,0.0262,0.00715,0.07243245,water
0.04245,0.05105,0.0265,0.00725,0.09197861,water
0.0431,0.05075,0.02715,0.0074,0.08151304,water
0.04335,0.0525,0.0268,0.00775,0.095461644,water
0.0459,0.0567,0.0277,0.0086,0.105263166,water
0.0447,0.0579,0.0286,0.0092,0.12865497,water
0.0443,0.057,0.0286,0.0092,0.12537017,water
0.0451,0.054,0.0287,0.0078,0.08980829,water
0.0435,0.0544,0.0293,0.0078,0.111338116,water
0.0429,0.0548,0.0293,0.0086,0.121801436,water
0.0449,0.0546,0.0293,0.0087,0.09748744,water
0.0446,0.0548,0.029,0.0087,0.10261571,water
0.0445,0.0546,0.0279,0.0088,0.10191725,water
0.0438,0.0549,0.0303,0.0086,0.11246202,water
0.0448,0.0544,0.0297,0.0087,0.09677422,water
0.0446,0.0548,0.03,0.0092,0.10261571,water
0.0448,0.055,0.0318,0.0093,0.10220443,water
0.0478,0.057,0.0326,0.0096,0.08778625,water
0.0465,0.0598,0.0325,0.0095,0.12511757,water
0.0488,0.0587,0.0332,0.0098,0.09209302,water
0.0483,0.0583,0.0334,0.0098,0.093808606,water
0.0481,0.0578,0.0321,0.0099,0.09159585,water
0.048,0.056,0.0322,0.0114,0.07692309,water
0.0484,0.0572,0.0329,0.0116,0.083333336,water
0.0481,0.0564,0.0337,0.0136,0.079425864,water
0.0484,0.0592,0.0336,0.0148,0.10037175,water
0.0484,0.0592,0.0336,0.0148,0.10037175,water
0.048,0.0601,0.0334,0.0154,0.111933395,water
0.0455,0.0583,0.0332,0.0156,0.123314075,water
0.0468,0.0595,0.0335,0.016,0.11947322,water
0.0482,0.0614,0.0347,0.0165,0.12043796,water
0.048,0.0614,0.0345,0.0175,0.12248628,water
0.0474,0.0614,0.0336,0.0183,0.12867646,water
0.0499,0.0603,0.0346,0.0185,0.094373874,water
0.04135,0.0458,0.02395,0.0085,0.0510614,water
0.0412,0.0461,0.0241,0.0084,0.056128304,water
0.0408,0.04605,0.02185,0.00815,0.06044904,water
0.04075,0.04515,0.02135,0.0081,0.05122235,water
0.04065,0.04545,0.0214,0.0076,0.055749122,water
0.0403,0.0451,0.0218,0.00735,0.05620608,water
0.03995,0.04545,0.0221,0.0073,0.06440281,water
0.04,0.0454,0.02155,0.0071,0.06323187,water
0.03995,0.0455,0.0217,0.0069,0.06495028,water
0.03995,0.0458,0.0228,0.0075,0.0682216,water
0.03895,0.04575,0.0246,0.0074,0.080283344,water
0.0393,0.04585,0.02545,0.0074,0.07692311,water
0.04055,0.04525,0.0257,0.00735,0.054778527,water
0.0406,0.046,0.02565,0.0071,0.062355634,water
0.0421,0.04585,0.0255,0.00705,0.042637862,water
0.04295,0.0464,0.02575,0.00695,0.038612187,water
0.04295,0.0464,0.02575,0.00695,0.038612187,water
0.04145,0.0445,0.02545,0.00675,0.03548574,water
0.0408,0.0455,0.02505,0.00705,0.054461155,water
0.0408,0.04575,0.02505,0.00705,0.057192355,water
0.0427,0.05085,0.0266,0.00715,0.08711919,water
0.0431,0.05025,0.02675,0.0072,0.07659348,water
0.04215,0.0514,0.027,0.0072,0.09887761,water
0.0426,0.0511,0.0274,0.0076,0.09071507,water
0.04305,0.0524,0.0273,0.0079,0.09795707,water
0.0439,0.0573,0.0284,0.0085,0.13241106,water
0.044,0.0579,0.0289,0.009,0.13640825,water
0.0432,0.057,0.029,0.0092,0.13772455,water
0.046,0.0544,0.0284,0.0078,0.08366534,water
0.0458,0.0554,0.0283,0.0076,0.09486165,water
0.0422,0.0554,0.0287,0.008,0.1352459,water
0.0441,0.0552,0.0289,0.0085,0.11178246,water
0.0445,0.0548,0.0297,0.0087,0.10372608,water
0.0439,0.0546,0.0303,0.0088,0.10862943,water
0.0438,0.0555,0.0303,0.0088,0.117824785,water
0.0446,0.0549,0.0297,0.0088,0.103517614,water
0.0432,0.0544,0.0298,0.0088,0.114754096,water
0.0459,0.0595,0.0323,0.0097,0.12903228,water
0.0469,0.0551,0.0326,0.0097,0.08039217,water
0.0475,0.0539,0.0328,0.0093,0.06311637,water
0.0465,0.0589,0.0334,0.0098,0.11764704,water
0.0469,0.0595,0.034,0.0098,0.11842106,water
0.0485,0.0594,0.0322,0.0101,0.10101944,water
0.0475,0.0566,0.0317,0.0113,0.087415956,water
0.0473,0.0569,0.0327,0.0121,0.092130505,water
0.0479,0.0577,0.0333,0.0129,0.092803046,water
0.0459,0.058,0.0329,0.0149,0.11645813,water
0.0459,0.058,0.0329,0.0149,0.11645813,water
0.048,0.0601,0.0334,0.0154,0.111933395,water
0.0455,0.0595,0.0341,0.0162,0.13333336,water
0.0476,0.063,0.0336,0.0164,0.1392405,water
0.0478,0.0626,0.0336,0.0162,0.13405797,water
0.0477,0.0596,0.0348,0.0173,0.11090401,water
0.0478,0.0611,0.0333,0.0181,0.12213038,water
0.0485,0.0579,0.035,0.0183,0.088345855,water
0.04115,0.04615,0.02395,0.00845,0.057273757,water
0.04075,0.0463,0.0235,0.0084,0.063756466,water
0.0405,0.0465,0.02135,0.0084,0.06896553,water
0.04045,0.0452,0.02135,0.00825,0.05545829,water
0.04035,0.04495,0.0213,0.0079,0.053927314,water
0.0402,0.04495,0.02195,0.00765,0.055783935,water
0.04035,0.0447,0.0219,0.00745,0.051146373,water
0.0402,0.04465,0.0215,0.00755,0.0524455,water
0.04055,0.0452,0.02485,0.0076,0.05422741,water
0.0411,0.04635,0.0252,0.0076,0.0600343,water
0.0409,0.0456,0.0253,0.0076,0.054335274,water
0.0407,0.0457,0.02575,0.0076,0.05787036,water
0.0411,0.0457,0.0257,0.0075,0.05299539,water
0.04075,0.0456,0.02615,0.00745,0.056166764,water
0.0409,0.04615,0.02575,0.0074,0.060310163,water
0.041,0.04625,0.02585,0.0074,0.060171913,water
0.041,0.04625,0.02585,0.0074,0.060171913,water
0.0399,0.0455,0.02575,0.0069,0.065573744,water
0.04105,0.04615,0.02565,0.007,0.058486246,water
0.04065,0.0459,0.02555,0.007,0.060658574,water
0.0428,0.04775,0.0268,0.0072,0.054665904,water
0.04235,0.05095,0.02685,0.0072,0.09217574,water
0.0424,0.05175,0.02725,0.00735,0.09930963,water
0.04345,0.05155,0.02735,0.0077,0.08526315,water
0.0435,0.05195,0.02765,0.00745,0.088528045,water
0.0449,0.0576,0.0281,0.0084,0.12390243,water
0.0453,0.0578,0.0291,0.0092,0.1212415,water
0.0443,0.0574,0.0287,0.0089,0.12881021,water
0.0457,0.0557,0.0282,0.0087,0.09861934,water
0.0448,0.0558,0.0283,0.0078,0.10934394,water
0.0434,0.0545,0.0293,0.0083,0.113380976,water
0.0446,0.0549,0.0298,0.0086,0.103517614,water
0.0457,0.0545,0.0297,0.0087,0.08782435,water
0.0439,0.0545,0.0305,0.0088,0.10772355,water
0.0434,0.0552,0.03,0.0087,0.11967544,water
0.0439,0.0544,0.0298,0.0086,0.10681586,water
0.0425,0.0551,0.0298,0.0091,0.12909837,water
0.046,0.0599,0.0327,0.0097,0.1312559,water
0.0466,0.0586,0.0329,0.0097,0.114068456,water
0.0472,0.052,0.0332,0.0095,0.048387088,water
0.0473,0.0579,0.0322,0.0098,0.10076046,water
0.0474,0.0603,0.0342,0.0098,0.11977714,water
0.0476,0.0597,0.0332,0.01065,0.11276794,water
0.0489,0.0584,0.0317,0.0107,0.08853682,water
0.0464,0.0577,0.0328,0.012,0.10854948,water
0.0463,0.0559,0.0327,0.0122,0.09393345,water
0.0463,0.0559,0.0327,0.0122,0.09393345,water
0.0448,0.0575,0.0316,0.0145,0.124144696,water
0.0469,0.0591,0.0334,0.015,0.11509432,water
0.0455,0.0595,0.0341,0.0162,0.13333336,water
0.0486,0.0634,0.0349,0.0159,0.13214286,water
0.0496,0.0634,0.0339,0.0156,0.122123875,water
0.0471,0.0591,0.0335,0.0162,0.11299434,water
0.0477,0.0588,0.0338,0.0172,0.10422537,water
0.0477,0.0579,0.0341,0.0175,0.09659092,water
0.0403,0.04615,0.0235,0.00835,0.06766916,water
0.0402,0.0458,0.02115,0.0084,0.0651163,water
0.04,0.04585,0.0209,0.00835,0.06814213,water
0.04085,0.04525,0.02105,0.0082,0.05110337,water
0.03975,0.0449,0.02205,0.008,0.06083877,water
0.04035,0.04555,0.02215,0.00765,0.06053549,water
0.0399,0.045,0.0218,0.0073,0.060070675,water
0.03955,0.04555,0.0214,0.00765,0.070505306,water
0.03955,0.04525,0.0219,0.00795,0.06721698,water
0.04,0.0459,0.02405,0.0077,0.06868451,water
0.04,0.04455,0.02255,0.0077,0.05381434,water
0.04,0.0453,0.0254,0.0078,0.06213365,water
0.04125,0.04585,0.02595,0.00775,0.052812856,water
0.04035,0.046,0.0264,0.0076,0.06543137,water
0.0419,0.0458,0.0259,0.00735,0.04446977,water
0.0419,0.0458,0.0259,0.00735,0.04446977,water
0.04095,0.0459,0.0257,0.0074,0.056994796,water
0.0406,0.04635,0.02615,0.0073,0.06612992,water
0.0409,0.0467,0.02615,0.00715,0.06621006,water
0.04075,0.046,0.0258,0.0074,0.060518727,water
0.0414,0.0488,0.02675,0.0072,0.08203989,water
0.04285,0.05115,0.0269,0.00725,0.0882979,water
0.0424,0.05175,0.02725,0.00735,0.09930963,water
0.0436,0.0512,0.02765,0.0078,0.08016876,water
0.04325,0.0515,0.0279,0.0079,0.087071255,water
0.0451,0.0558,0.028,0.0087,0.10604558,water
0.0443,0.0579,0.0287,0.0086,0.13307239,water
0.0439,0.0577,0.0287,0.0086,0.13582675,water
0.0456,0.0566,0.029,0.0086,0.10763209,water
0.0438,0.0554,0.0287,0.0087,0.11693548,water
0.044,0.0544,0.0295,0.0087,0.10569107,water
0.0456,0.0553,0.0298,0.0087,0.09613479,water
0.046,0.0566,0.0299,0.0087,0.10331385,water
0.0438,0.0552,0.0305,0.0087,0.11515151,water
0.0434,0.0544,0.0298,0.0083,0.112474434,water
0.0444,0.0542,0.0298,0.0088,0.0993915,water
0.0452,0.0564,0.0298,0.0088,0.11023621,water
0.0456,0.0597,0.033,0.0093,0.13390313,water
0.0459,0.0562,0.0332,0.0096,0.10088152,water
0.0446,0.0582,0.0328,0.0096,0.13229576,water
0.0463,0.06,0.0327,0.0098,0.1288805,water
0.0469,0.059,0.034,0.0098,0.11425873,water
0.0473,0.0608,0.0327,0.0101,0.12488438,water
0.046,0.0595,0.0316,0.0099,0.1279621,water
0.0464,0.0576,0.0321,0.0115,0.1076923,water
0.0477,0.0536,0.0307,0.0119,0.058242835,water
0.0477,0.0536,0.0307,0.0119,0.058242835,water
0.048,0.0554,0.0305,0.0135,0.071566716,water
0.046,0.059,0.0334,0.0156,0.123809524,water
0.0493,0.0603,0.0349,0.0156,0.10036496,water
0.0486,0.0634,0.0349,0.0159,0.13214286,water
0.0509,0.0636,0.0325,0.0149,0.110917054,water
0.0474,0.0636,0.0336,0.0152,0.14594597,water
0.0473,0.059,0.0341,0.0157,0.11006586,water
0.0466,0.0612,0.0329,0.0165,0.135436,water
0.03975,0.0445,0.0217,0.0084,0.056379847,water
0.03985,0.04455,0.02085,0.0083,0.05568722,water
0.03945,0.04455,0.0211,0.00825,0.06071429,water
0.03985,0.0445,0.02105,0.0079,0.05512745,water
0.04,0.0458,0.02245,0.00795,0.06759908,water
0.0402,0.0457,0.0224,0.00765,0.06402794,water
0.03995,0.04525,0.02185,0.0076,0.062206578,water
0.03955,0.04545,0.0214,0.0077,0.06941176,water
0.03985,0.04575,0.0231,0.00805,0.068925224,water
0.0415,0.04595,0.02535,0.0076,0.050886232,water
0.04105,0.0455,0.02565,0.0077,0.051415376,water
0.0393,0.0459,0.0241,0.00785,0.07746479,water
0.042,0.04645,0.02585,0.00805,0.05031092,water
0.04185,0.04635,0.02645,0.0074,0.051020384,water
0.0413,0.0457,0.0259,0.00765,0.050574712,water
0.0413,0.0457,0.0259,0.00765,0.050574712,water
0.0412,0.04625,0.02595,0.0077,0.057747282,water
0.04085,0.0462,0.02655,0.00765,0.061458945,water
0.0397,0.0467,0.0266,0.0075,0.08101851,water
0.0412,0.0462,0.0258,0.0073,0.05720822,water
0.04315,0.04725,0.0268,0.0072,0.045353968,water
0.04275,0.0507,0.0274,0.0076,0.085072234,water
0.04395,0.05115,0.0274,0.00765,0.075709805,water
0.04405,0.05135,0.028,0.008,0.07651992,water
0.0435,0.0515,0.0275,0.00805,0.084210545,water
0.0441,0.0551,0.0282,0.0084,0.110887095,water
0.0447,0.058,0.0294,0.0086,0.1295034,water
0.0438,0.0578,0.0291,0.0086,0.13779527,water
0.0443,0.057,0.0294,0.0086,0.12537017,water
0.0435,0.0548,0.0294,0.0087,0.11495424,water
0.0451,0.054,0.0296,0.0087,0.08980829,water
0.0457,0.0545,0.0294,0.0087,0.08782435,water
0.0455,0.0539,0.0298,0.0087,0.08450705,water
0.045,0.0539,0.0303,0.0081,0.08998986,water
0.0442,0.0566,0.0297,0.0081,0.12301589,water
0.0455,0.0537,0.0298,0.0082,0.0826613,water
0.0424,0.053,0.0298,0.0084,0.11111112,water
0.0462,0.0579,0.0333,0.0089,0.112391934,water
0.0441,0.0591,0.0339,0.0095,0.1453488,water
0.0469,0.0606,0.034,0.0095,0.12744187,water
0.0457,0.0603,0.0335,0.0098,0.13773586,water
0.0461,0.0592,0.0338,0.01,0.12440644,water
0.0467,0.0608,0.0329,0.0104,0.13116279,water
0.047,0.058,0.0325,0.0099,0.104761906,water
0.0455,0.054,0.0312,0.0107,0.08542716,water
0.048,0.0558,0.0311,0.0113,0.07514449,water
0.048,0.0558,0.0311,0.0113,0.07514449,water
0.0448,0.0561,0.0309,0.0118,0.11199209,water
0.0471,0.053,0.0332,0.0156,0.058941055,water
0.0493,0.0579,0.0328,0.0154,0.08022389,water
0.0507,0.0604,0.0331,0.0157,0.087308735,water
0.052,0.0591,0.0318,0.0145,0.063906364,water
0.0505,0.062,0.0323,0.0155,0.1022222,water
0.0487,0.0623,0.0327,0.0152,0.12252251,water
0.0484,0.0592,0.032,0.0165,0.10037175,water
0.03875,0.04355,0.02095,0.0086,0.0583232,water
0.0386,0.0437,0.02105,0.0085,0.06196837,water
0.0383,0.04295,0.0216,0.0083,0.057230778,water
0.04,0.04445,0.02155,0.0079,0.05269391,water
0.04015,0.0455,0.022,0.00775,0.062463485,water
0.03995,0.04535,0.0222,0.0078,0.063306004,water
0.03985,0.0449,0.0223,0.00775,0.05958702,water
0.0405,0.04515,0.0224,0.0079,0.054290727,water
0.04055,0.0451,0.0255,0.0079,0.053123165,water
0.04045,0.0456,0.02575,0.0077,0.059848938,water
0.0409,0.0467,0.0257,0.00755,0.06621006,water
0.04175,0.0464,0.026,0.00735,0.052751,water
0.0417,0.0491,0.02835,0.00795,0.08149778,water
0.0409,0.0462,0.0263,0.008,0.060849603,water
0.0406,0.04605,0.026,0.0073,0.0628967,water
0.0406,0.04605,0.026,0.0073,0.0628967,water
0.04095,0.0465,0.02615,0.00775,0.06346485,water
0.04165,0.04615,0.02675,0.00725,0.051252827,water
0.03995,0.046,0.02695,0.0075,0.07038978,water
0.03985,0.046,0.0264,0.0075,0.07163657,water
0.0423,0.046,0.02745,0.00735,0.041902594,water
0.043,0.0478,0.02775,0.00755,0.052863427,water
0.0429,0.05095,0.02815,0.00765,0.08577515,water
0.04265,0.0513,0.02855,0.0081,0.09207026,water
0.04245,0.0507,0.02765,0.00795,0.08856684,water
0.0431,0.0565,0.0289,0.0085,0.13453814,water
0.0445,0.0579,0.0292,0.0086,0.13085936,water
0.0434,0.0582,0.0291,0.0086,0.1456693,water
0.0439,0.0569,0.029,0.0086,0.12896822,water
0.0446,0.0536,0.0292,0.0087,0.091649696,water
0.0446,0.0534,0.0283,0.0087,0.08979592,water
0.0451,0.0536,0.028,0.0083,0.08611954,water
0.0448,0.0531,0.0294,0.0082,0.08478041,water
0.0437,0.0538,0.0294,0.0082,0.10358978,water
0.0454,0.0538,0.0294,0.0081,0.08467742,water
0.0435,0.0513,0.0289,0.0087,0.082278505,water
0.043,0.0529,0.0298,0.0081,0.10323253,water
0.0451,0.0571,0.0341,0.0087,0.117416844,water
0.0453,0.0566,0.0338,0.0087,0.11089305,water
0.0466,0.0593,0.034,0.0092,0.11992448,water
0.0461,0.0593,0.0333,0.0098,0.12523718,water
0.046,0.06,0.033,0.0099,0.13207546,water
0.0467,0.0565,0.0319,0.01,0.09496122,water
0.0467,0.0529,0.0312,0.0106,0.062249,water
0.0453,0.0516,0.0313,0.0105,0.0650155,water
0.0436,0.0546,0.0319,0.0111,0.11201629,water
0.0436,0.0546,0.0319,0.0111,0.11201629,water
0.0444,0.0565,0.0335,0.0138,0.11992072,water
0.0448,0.0527,0.0324,0.0153,0.081025675,water
0.0474,0.0561,0.0326,0.0149,0.08405796,water
0.0459,0.0602,0.0328,0.0152,0.13477851,water
0.052,0.0591,0.0318,0.0145,0.063906364,water
0.0495,0.0625,0.0321,0.0158,0.116071425,water
0.0498,0.0594,0.031,0.0153,0.087912075,water
0.0477,0.0561,0.0302,0.0156,0.08092486,water
0.0379,0.0433,0.0209,0.0085,0.06650244,water
0.0385,0.04365,0.02075,0.00865,0.06269022,water
0.0385,0.04265,0.02135,0.00815,0.05113986,water
0.0394,0.04355,0.022,0.00795,0.050030135,water
0.03915,0.04585,0.0218,0.00775,0.07882355,water
0.03965,0.0453,0.022,0.00765,0.066509694,water
0.0403,0.04525,0.0223,0.00745,0.05786088,water
0.04165,0.0469,0.02525,0.00795,0.05928853,water
0.042,0.0456,0.0256,0.00785,0.041095905,water
0.0399,0.04585,0.0256,0.0078,0.06938776,water
0.0415,0.0462,0.0254,0.0075,0.05359181,water
0.0411,0.0457,0.02605,0.00735,0.05299539,water
0.04055,0.04585,0.02655,0.0074,0.061342593,water
0.0411,0.04675,0.02755,0.00795,0.064314194,water
0.0397,0.04605,0.02645,0.0074,0.074052475,water
0.0397,0.04605,0.02645,0.0074,0.074052475,water
0.04055,0.04635,0.0261,0.00745,0.06674336,water
0.04235,0.0461,0.02625,0.00725,0.042396836,water
0.0397,0.04585,0.02675,0.00775,0.07188778,water
0.0399,0.0462,0.02675,0.0077,0.07317072,water
0.0414,0.04675,0.0271,0.0079,0.060692012,water
0.04205,0.04825,0.02735,0.0076,0.06866003,water
0.04185,0.0472,0.02695,0.00765,0.060078617,water
0.0437,0.0472,0.0284,0.00795,0.038503885,water
0.043,0.0517,0.028,0.00795,0.09186904,water
0.043,0.0506,0.02905,0.008,0.08119656,water
0.0433,0.0519,0.02895,0.00815,0.09033614,water
0.0439,0.05245,0.02855,0.0083,0.08873897,water
0.04395,0.0511,0.02815,0.008,0.07522359,water
0.04395,0.05095,0.0285,0.0081,0.07376185,water
0.04225,0.0511,0.0287,0.00835,0.09480451,water
0.04385,0.0511,0.02805,0.00825,0.07635597,water
0.0426,0.05045,0.02905,0.0079,0.08436327,water
0.0438,0.05415,0.0288,0.0086,0.10566616,water
0.04435,0.0545,0.02895,0.0088,0.10268084,water
0.04405,0.05295,0.0301,0.00875,0.09175255,water
0.0433,0.0541,0.0315,0.0088,0.11088297,water
0.0426,0.0559,0.03185,0.00875,0.1350254,water
0.04465,0.056,0.0317,0.0087,0.11276704,water
0.0463,0.05695,0.0318,0.00905,0.10314768,water
0.04585,0.05575,0.0307,0.0094,0.097440936,water
0.0469,0.0546,0.03175,0.00955,0.075862065,water
0.04525,0.05265,0.0324,0.01005,0.075587355,water
0.0452,0.051,0.0331,0.0107,0.060291033,water
0.0455,0.0526,0.0326,0.0102,0.07237514,water
0.0455,0.0526,0.0326,0.0102,0.07237514,water
0.0438,0.0554,0.0316,0.0112,0.11693548,water
0.0454,0.0567,0.034,0.0121,0.11067578,water
0.0458,0.0565,0.0321,0.0123,0.10459431,water
0.0463,0.0587,0.0332,0.014,0.11809521,water
0.0466,0.0587,0.0329,0.0148,0.11490979,water
0.0486,0.0588,0.0319,0.0147,0.09497208,water
0.0495,0.0625,0.0321,0.0158,0.116071425,water
0.0506,0.06,0.0323,0.0145,0.084990956,water
0.0498,0.0578,0.0298,0.016,0.07434942,water
0.03755,0.0431,0.02145,0.0084,0.06881588,water
0.0387,0.04285,0.02125,0.0083,0.05088902,water
0.0382,0.0427,0.02155,0.0081,0.05562425,water
0.03855,0.0432,0.02185,0.0079,0.056880735,water
0.0394,0.04425,0.02175,0.0075,0.057979677,water
0.04035,0.04515,0.0218,0.0077,0.05614034,water
0.04155,0.0455,0.02295,0.00745,0.04537622,water
0.04235,0.0472,0.0254,0.0083,0.054159686,water
0.0422,0.04765,0.0259,0.0077,0.060656644,water
0.04045,0.0468,0.0259,0.00745,0.072779365,water
0.04195,0.0468,0.0255,0.00745,0.05464789,water
0.041,0.04635,0.0262,0.0078,0.061247826,water
0.0408,0.0466,0.0268,0.0074,0.066361524,water
0.0384,0.04425,0.0241,0.0068,0.070780374,water
0.0384,0.04425,0.0241,0.0068,0.070780374,water
0.03875,0.0464,0.02615,0.00755,0.08984144,water
0.0399,0.0461,0.02675,0.00765,0.072093025,water
0.0395,0.04595,0.02635,0.0077,0.075482704,water
0.04025,0.04585,0.0268,0.0078,0.06504067,water
0.03885,0.0467,0.027,0.0078,0.09175924,water
0.0408,0.04805,0.02695,0.0083,0.08159819,water
0.0421,0.04795,0.02785,0.0081,0.06496389,water
0.0414,0.04725,0.0269,0.0082,0.06598983,water
0.0429,0.04705,0.0289,0.008,0.04613674,water
0.0431,0.0504,0.02875,0.00795,0.07807487,water
0.04315,0.0505,0.0286,0.008,0.07848373,water
0.04375,0.05065,0.02865,0.00825,0.07309323,water
0.04385,0.05095,0.0287,0.0084,0.07489449,water
0.0444,0.05015,0.0283,0.008,0.060814388,water
0.0428,0.051,0.02825,0.00825,0.08742001,water
0.04365,0.05065,0.0286,0.0081,0.07423117,water
0.0439,0.0508,0.0293,0.00795,0.07286164,water
0.04415,0.05095,0.02925,0.0076,0.07150368,water
0.04295,0.05495,0.0287,0.00755,0.12257403,water
0.0429,0.05415,0.02885,0.0087,0.115919635,water
0.044,0.05425,0.0315,0.00885,0.10432568,water
0.04325,0.0536,0.0315,0.00885,0.1068663,water
0.04335,0.0558,0.0315,0.00895,0.1255673,water
0.0443,0.0567,0.0313,0.0093,0.12277226,water
0.046,0.0529,0.0306,0.00925,0.06976745,water
0.0465,0.0528,0.0317,0.0095,0.0634441,water
0.04585,0.05295,0.03225,0.0095,0.07186232,water
0.04365,0.0528,0.03225,0.0102,0.09486779,water
0.0458,0.0513,0.0334,0.0106,0.056642633,water
0.0465,0.0501,0.0312,0.0105,0.03726706,water
0.0465,0.0501,0.0312,0.0105,0.03726706,water
0.0458,0.0518,0.0321,0.0117,0.061475422,water
0.0479,0.0558,0.0339,0.012,0.07618129,water
0.0477,0.0558,0.034,0.0124,0.07826087,water
0.0466,0.0593,0.0329,0.0127,0.11992448,water
0.0464,0.0593,0.0319,0.014,0.12204354,water
0.0469,0.0583,0.0326,0.0138,0.108365014,water
0.0516,0.06,0.0312,0.0142,0.07526879,water
0.0514,0.0585,0.0307,0.0141,0.06460419,water
0.0487,0.0568,0.034,0.0149,0.07677725,water
0.0387,0.0434,0.0213,0.00765,0.057247274,water
0.03765,0.04305,0.02155,0.00795,0.066914484,water
0.03755,0.04315,0.0212,0.00805,0.06939284,water
0.03745,0.0428,0.02145,0.00785,0.06666668,water
0.03945,0.0443,0.02225,0.0074,0.05791045,water
0.04155,0.045,0.02245,0.00735,0.03986138,water
0.04125,0.0446,0.02315,0.00725,0.039021514,water
0.04135,0.04595,0.02435,0.008,0.052691862,water
0.04185,0.048,0.02625,0.00765,0.06844741,water
0.04155,0.0468,0.02575,0.0079,0.059422746,water
0.04245,0.0466,0.0256,0.00755,0.046603028,water
0.04165,0.0471,0.026,0.00745,0.061408438,water
0.03815,0.0449,0.0246,0.0074,0.08127633,water
0.03815,0.0435,0.02405,0.0069,0.06552354,water
0.03815,0.0435,0.02405,0.0069,0.06552354,water
0.038,0.04285,0.0239,0.00755,0.059987634,water
0.03855,0.0444,0.0239,0.00715,0.070524395,water
0.0399,0.0459,0.02625,0.00785,0.06993004,water
0.039,0.0459,0.026,0.00815,0.08127206,water
0.03855,0.04705,0.026,0.00825,0.09929904,water
0.04035,0.04705,0.02605,0.00845,0.07665901,water
0.0409,0.04665,0.02705,0.0083,0.06567676,water
0.0389,0.04685,0.0275,0.00805,0.092711374,water
0.0413,0.0468,0.028,0.00795,0.062429056,water
0.04235,0.0503,0.02815,0.00795,0.085806765,water
0.0429,0.05055,0.0286,0.008,0.08186195,water
0.0422,0.04985,0.02825,0.0083,0.083106995,water
0.0423,0.0501,0.028,0.00825,0.08441556,water
0.04335,0.0505,0.0281,0.00795,0.07618542,water
0.0435,0.05055,0.02825,0.008,0.07496013,water
0.0443,0.05035,0.028,0.00765,0.063919686,water
0.0441,0.0535,0.0289,0.00805,0.096311465,water
0.04385,0.05505,0.02895,0.0079,0.113245696,water
0.04375,0.0547,0.02865,0.00765,0.111223966,water
0.04295,0.05435,0.03085,0.00885,0.117163405,water
0.04335,0.05525,0.03145,0.0088,0.12068966,water
0.04395,0.05575,0.03185,0.0088,0.11835508,water
0.04375,0.05465,0.0318,0.00885,0.11077238,water
0.04425,0.0541,0.0319,0.00965,0.10015251,water
0.04465,0.0523,0.03175,0.0094,0.07890665,water
0.04525,0.0521,0.03205,0.00965,0.07036467,water
0.0443,0.052,0.032,0.00965,0.07995846,water
0.0442,0.0524,0.0325,0.00955,0.08488614,water
0.0437,0.0512,0.0323,0.0106,0.079030566,water
0.046,0.0525,0.0329,0.0104,0.06598983,water
0.046,0.0525,0.0329,0.0104,0.06598983,water
0.048,0.0544,0.0317,0.0107,0.0625,water
0.0502,0.0561,0.0346,0.0126,0.055503286,water
0.0503,0.0593,0.0326,0.0136,0.08211682,water
0.0508,0.0593,0.034,0.0127,0.077202566,water
0.0501,0.0591,0.0318,0.0123,0.08241758,water
0.0485,0.0589,0.0311,0.014,0.096834235,water
0.0508,0.0589,0.0302,0.0136,0.073837735,water
0.0514,0.0585,0.0307,0.0141,0.06460419,water
0.0455,0.0574,0.0337,0.0146,0.115646265,water
0.03845,0.04295,0.0216,0.008,0.055282578,water
0.0376,0.0429,0.02165,0.008,0.065838516,water
0.03695,0.04335,0.0213,0.00805,0.07970112,water
0.0383,0.04295,0.0216,0.00775,0.057230778,water
0.0399,0.04305,0.02225,0.0076,0.037974656,water
0.04135,0.04485,0.02245,0.00725,0.040603243,water
0.04035,0.0457,0.0234,0.0072,0.062173124,water
0.04155,0.04555,0.02305,0.00745,0.04592423,water
0.04155,0.0462,0.02365,0.0072,0.052991457,water
0.0412,0.04715,0.02475,0.0075,0.06734579,water
0.0412,0.0463,0.0255,0.0074,0.058285717,water
0.03845,0.0448,0.0241,0.0074,0.076276265,water
0.0385,0.0437,0.0241,0.0068,0.063260324,water
0.03815,0.0433,0.02365,0.0068,0.06322895,water
0.03815,0.0433,0.02365,0.0068,0.06322895,water
0.03725,0.0428,0.0232,0.00755,0.069331676,water
0.03685,0.04255,0.02285,0.0076,0.07178841,water
0.0371,0.0425,0.0225,0.00725,0.06783922,water
0.0368,0.04685,0.02535,0.0077,0.120143436,water
0.03855,0.0472,0.0256,0.00845,0.10087465,water
0.0386,0.0467,0.02565,0.0085,0.09495896,water
0.04055,0.0464,0.02625,0.0083,0.067280024,water
0.0399,0.04645,0.0276,0.00825,0.07585407,water
0.04075,0.049,0.02795,0.00805,0.091921985,water
0.04135,0.0501,0.0283,0.00795,0.09568069,water
0.04255,0.04975,0.0287,0.008,0.07800649,water
0.0426,0.0498,0.02785,0.0083,0.077922106,water
0.04295,0.0506,0.02755,0.00815,0.08177444,water
0.0429,0.05065,0.0288,0.00755,0.08284341,water
0.0434,0.0501,0.028,0.00795,0.07165773,water
0.0435,0.04995,0.02775,0.00755,0.06902088,water
0.04395,0.05345,0.0293,0.008,0.097535945,water
0.0442,0.056,0.02915,0.00785,0.117764495,water
0.0444,0.0558,0.0305,0.00895,0.11377245,water
0.0442,0.05495,0.0313,0.00915,0.10842158,water
0.04325,0.0551,0.03165,0.00895,0.12048808,water
0.04455,0.0537,0.0318,0.0089,0.093129754,water
0.0448,0.05625,0.03215,0.00895,0.11331025,water
0.0446,0.0569,0.03185,0.0095,0.12118226,water
0.0448,0.05605,0.03165,0.00945,0.111551814,water
0.04465,0.0544,0.0317,0.00955,0.09843515,water
0.04515,0.05265,0.0317,0.0098,0.07668712,water
0.0443,0.05245,0.0311,0.0096,0.084237725,water
0.0446,0.0558,0.0306,0.0103,0.11155378,water
0.0465,0.0586,0.031,0.01,0.11512844,water
0.0465,0.0586,0.031,0.01,0.11512844,water
0.0459,0.0586,0.0313,0.0123,0.12153113,water
0.0483,0.0598,0.0355,0.0127,0.10638296,water
0.0466,0.0595,0.0337,0.0127,0.12158343,water
0.0453,0.0583,0.0327,0.0127,0.12548263,water
0.0479,0.0568,0.0321,0.0127,0.08500479,water
0.047,0.0572,0.0326,0.0145,0.09788869,water
0.0482,0.0593,0.032,0.0134,0.10325583,water
0.0478,0.0573,0.0329,0.0138,0.09039011,water
0.0455,0.0574,0.0337,0.0146,0.115646265,water
0.0386,0.04285,0.0216,0.0076,0.05217922,water
0.038,0.0431,0.02175,0.00785,0.06288534,water
0.03725,0.04385,0.0216,0.00795,0.08138101,water
0.03815,0.0424,0.0217,0.00755,0.05276223,water
0.03925,0.0416,0.02195,0.00735,0.029066155,water
0.04205,0.0455,0.0223,0.00735,0.03940604,water
0.0404,0.04565,0.02335,0.00755,0.061011076,water
0.0418,0.0461,0.0256,0.00795,0.04891925,water
0.0418,0.047,0.0258,0.0072,0.058558546,water
0.042,0.0458,0.02455,0.0071,0.043280195,water
0.0406,0.04695,0.0248,0.0071,0.07252998,water
0.03935,0.0445,0.0237,0.00675,0.061419223,water
0.03835,0.0442,0.02325,0.00685,0.07086612,water
0.0392,0.04425,0.0229,0.0069,0.060515273,water
0.0392,0.04425,0.0229,0.0069,0.060515273,water
0.0389,0.04305,0.02265,0.00765,0.05064063,water
0.03785,0.04255,0.02245,0.0076,0.058457725,water
0.03765,0.0428,0.0226,0.00745,0.064014934,water
0.03745,0.04355,0.02275,0.00725,0.07530863,water
0.0371,0.04375,0.02275,0.00755,0.082251094,water
0.03725,0.0437,0.02255,0.00755,0.07967878,water
0.03705,0.04335,0.0228,0.00755,0.07835819,water
0.03745,0.0447,0.02575,0.008,0.08825319,water
0.0434,0.0489,0.0284,0.0082,0.059588302,water
0.042,0.04985,0.02855,0.00825,0.085465424,water
0.04235,0.0498,0.02825,0.00845,0.08084644,water
0.0428,0.04955,0.0276,0.00855,0.073091485,water
0.04225,0.0501,0.0282,0.0083,0.0850027,water
0.0418,0.05,0.02845,0.0077,0.08932462,water
0.0429,0.04985,0.0276,0.0078,0.0749326,water
0.0427,0.05075,0.0273,0.00785,0.08614231,water
0.0444,0.05085,0.0292,0.00815,0.067716554,water
0.0451,0.05605,0.02925,0.00925,0.10825506,water
0.04405,0.0568,0.03135,0.00945,0.12642539,water
0.0446,0.0551,0.03165,0.0094,0.10531597,water
0.0459,0.0563,0.03185,0.0096,0.10176126,water
0.0451,0.0563,0.03125,0.00925,0.11045364,water
0.0445,0.057,0.03205,0.0091,0.123152696,water
0.04355,0.05635,0.03185,0.00935,0.12812814,water
0.0447,0.0554,0.03145,0.0093,0.1068931,water
0.0458,0.05475,0.0313,0.0095,0.08901043,water
0.04545,0.05505,0.03115,0.0097,0.09552241,water
0.04435,0.05435,0.0299,0.0098,0.10131714,water
0.0431,0.0573,0.0296,0.0099,0.14143428,water
0.0431,0.0573,0.0296,0.0099,0.14143428,water
0.0462,0.0569,0.0306,0.0102,0.10378272,water
0.043,0.0572,0.0305,0.012,0.14171655,water
0.0442,0.0596,0.0366,0.0122,0.14836223,water
0.0485,0.0577,0.0359,0.0123,0.086628996,water
0.0455,0.0566,0.0318,0.0125,0.10871696,water
0.0508,0.06,0.0323,0.0124,0.08303249,water
0.0502,0.0608,0.0325,0.0128,0.0954955,water
0.0479,0.0584,0.0321,0.0129,0.09877708,water
0.0464,0.0578,0.0322,0.0133,0.10940499,water
0.0487,0.0591,0.0331,0.0141,0.09647493,water
0.038,0.04595,0.02195,0.00765,0.094699234,water
0.03895,0.04275,0.02215,0.0074,0.046511643,water
0.03805,0.04375,0.0218,0.0075,0.06968215,water
0.03855,0.04195,0.0223,0.0074,0.042236,water
0.03825,0.0422,0.0225,0.00745,0.04909882,water
0.03885,0.0447,0.0227,0.00725,0.07001798,water
0.0394,0.04615,0.0237,0.00795,0.07890122,water
0.04195,0.04615,0.0254,0.0075,0.047673102,water
0.04375,0.04725,0.0259,0.0071,0.038461536,water
0.0424,0.0462,0.0253,0.00725,0.042889405,water
0.04135,0.04705,0.0254,0.0071,0.064479634,water
0.04055,0.04715,0.02425,0.0071,0.075256556,water
0.0395,0.04655,0.0242,0.00705,0.081929065,water
0.0395,0.04655,0.0242,0.00705,0.081929065,water
0.0394,0.0444,0.02255,0.00695,0.059665855,water
0.03925,0.0444,0.0228,0.0077,0.06156602,water
0.039,0.04335,0.02265,0.00755,0.052823305,water
0.03905,0.0433,0.02275,0.0078,0.051608954,water
0.0386,0.0433,0.02255,0.00735,0.057387028,water
0.0372,0.04355,0.02245,0.00715,0.078637764,water
0.03775,0.0436,0.022,0.00755,0.07191152,water
0.03655,0.043,0.02345,0.00785,0.0810811,water
0.03815,0.0455,0.0253,0.0078,0.08786608,water
0.0436,0.0489,0.02855,0.00825,0.0572973,water
0.0428,0.0507,0.0285,0.00825,0.08449197,water
0.0414,0.04955,0.02825,0.00855,0.08960968,water
0.04185,0.04905,0.02805,0.00875,0.079207905,water
0.04205,0.05005,0.02825,0.0078,0.08686212,water
0.04205,0.04945,0.0281,0.00815,0.0808743,water
0.04285,0.05025,0.0274,0.0081,0.079484455,water
0.0432,0.05095,0.02915,0.0083,0.08231542,water
0.0447,0.0523,0.0297,0.0084,0.07835049,water
0.0448,0.05615,0.0308,0.00945,0.11243191,water
0.0454,0.05785,0.0314,0.0094,0.120581105,water
0.0443,0.05655,0.0306,0.0095,0.121467516,water
0.0471,0.05695,0.03015,0.00945,0.09466602,water
0.04505,0.05395,0.02995,0.0088,0.089899,water
0.04425,0.0574,0.0303,0.00925,0.12936546,water
0.04335,0.05615,0.031,0.00915,0.12864321,water
0.0444,0.05495,0.0311,0.00895,0.106190234,water
0.0451,0.05485,0.0304,0.0093,0.09754878,water
0.0451,0.05525,0.03015,0.0097,0.10114599,water
0.0432,0.05235,0.02985,0.0097,0.095761366,water
0.0441,0.0505,0.03,0.0099,0.067653276,water
0.0441,0.0505,0.03,0.0099,0.067653276,water
0.0446,0.0513,0.0298,0.01,0.06986446,water
0.0426,0.0506,0.0309,0.012,0.085836925,water
0.0462,0.056,0.0317,0.012,0.09589043,water
0.0493,0.0526,0.0318,0.0111,0.032384694,water
0.0493,0.0529,0.032,0.0107,0.03522506,water
0.0502,0.0532,0.0311,0.0109,0.029013526,water
0.0491,0.0607,0.0323,0.0117,0.105646625,water
0.0479,0.0568,0.0323,0.0127,0.08500479,water
0.0472,0.0572,0.0326,0.0129,0.09578542,water
0.0494,0.0594,0.0329,0.0137,0.09191174,water
0.04015,0.04645,0.0221,0.00745,0.072748244,water
0.03865,0.046,0.022,0.0074,0.086828135,water
0.0387,0.0437,0.022,0.00725,0.060679603,water
0.03925,0.04265,0.02225,0.00725,0.041514017,water
0.03925,0.0417,0.0226,0.00735,0.0302656,water
0.03825,0.0449,0.02325,0.00745,0.079975955,water
0.0401,0.0461,0.02455,0.00785,0.06960558,water
0.0422,0.0454,0.0252,0.0074,0.036529705,water
0.04285,0.04785,0.0257,0.00715,0.05512682,water
0.0413,0.04825,0.025,0.0072,0.07761029,water
0.04275,0.0473,0.02455,0.0071,0.050527472,water
0.0427,0.04625,0.0235,0.00715,0.039910067,water
0.041,0.0465,0.0232,0.0071,0.062857136,water
0.041,0.0465,0.0232,0.0071,0.062857136,water
0.0382,0.0468,0.0229,0.0071,0.101176485,water
0.0377,0.0437,0.023,0.0078,0.07371004,water
0.0377,0.0439,0.0214,0.0077,0.075980395,water
0.0383,0.0424,0.0222,0.0077,0.05080544,water
0.0371,0.0413,0.0214,0.0072,0.053571433,water
0.0377,0.0414,0.0212,0.0071,0.046776224,water
0.0369,0.0411,0.0214,0.0073,0.05384616,water
0.038,0.04,0.0231,0.0078,0.025641032,water
0.0377,0.0432,0.0226,0.0075,0.06798517,water
0.0368,0.0473,0.0282,0.0074,0.12485135,water
0.0396,0.0473,0.0272,0.0074,0.0886076,water
0.0409,0.0478,0.02785,0.0086,0.07779032,water
0.04165,0.04825,0.0276,0.0085,0.07341491,water
0.04105,0.04895,0.0277,0.00785,0.08777781,water
0.04175,0.04965,0.0291,0.0084,0.08643326,water
0.044,0.05215,0.029,0.00795,0.08476339,water
0.04425,0.0536,0.0275,0.009,0.095554404,water
0.0443,0.05485,0.02905,0.00855,0.10640443,water
0.04345,0.0558,0.0302,0.0095,0.12443321,water
0.04485,0.05765,0.0314,0.0097,0.12487806,water
0.04595,0.058,0.03175,0.00975,0.11592112,water
0.04655,0.05705,0.0317,0.0097,0.10135138,water
0.0458,0.0569,0.0313,0.00975,0.10808177,water
0.04415,0.0576,0.03135,0.00925,0.13218674,water
0.04425,0.05535,0.0314,0.00915,0.11144576,water
0.04475,0.0557,0.03095,0.00975,0.109009445,water
0.0444,0.0554,0.03035,0.00965,0.11022044,water
0.0445,0.05485,0.0301,0.0097,0.10417715,water
0.0422,0.05085,0.0294,0.00965,0.09296078,water
0.0442,0.0509,0.0304,0.0098,0.070452176,water
0.0442,0.0509,0.0304,0.0098,0.070452176,water
0.044,0.0521,0.0289,0.01,0.08428719,water
0.0454,0.0511,0.03,0.01,0.059067354,water
0.0446,0.0511,0.0319,0.012,0.06792061,water
0.0452,0.0533,0.0314,0.0121,0.082233496,water
0.0452,0.0531,0.0292,0.0112,0.08036622,water
0.0443,0.0534,0.0288,0.0106,0.09314225,water
0.0445,0.056,0.0287,0.0109,0.114427865,water
0.0469,0.0561,0.0315,0.0123,0.089320384,water
0.0473,0.057,0.0327,0.0128,0.09300096,water
0.0501,0.059,0.0326,0.0136,0.08157655,water
0.0419,0.0461,0.02245,0.00695,0.047727276,water
0.04085,0.04495,0.022,0.00685,0.047785576,water
0.0411,0.04445,0.02155,0.0069,0.0391584,water
0.0388,0.04465,0.0218,0.00715,0.070101835,water
0.0383,0.0417,0.0231,0.00715,0.042500023,water
0.03985,0.0391,0.02365,0.00715,-0.009499703,water
0.0398,0.04615,0.0244,0.00775,0.07388016,water
0.03965,0.04605,0.0245,0.0073,0.074679114,water
0.0425,0.0475,0.02505,0.00715,0.05555554,water
0.04215,0.0472,0.0245,0.0071,0.056519344,water
0.04245,0.04685,0.0236,0.0071,0.049272116,water
0.0417,0.0462,0.0233,0.00725,0.05119452,water
0.0403,0.0466,0.0228,0.0072,0.07249711,water
0.0403,0.0466,0.0228,0.0072,0.07249711,water
0.0404,0.0466,0.023,0.0075,0.07126438,water
0.0376,0.0467,0.0251,0.0082,0.10794783,water
0.0382,0.0462,0.028,0.0078,0.09478675,water
0.0382,0.0429,0.0235,0.0079,0.05795316,water
0.0369,0.0423,0.0216,0.0071,0.06818184,water
0.0368,0.0424,0.0221,0.0072,0.070707045,water
0.0376,0.0429,0.0216,0.0072,0.065838516,water
0.0377,0.0416,0.0215,0.00795,0.049180314,water
0.0388,0.0407,0.0218,0.0075,0.023899352,water
0.0403,0.0407,0.0233,0.0073,0.004938263,water
0.0419,0.0459,0.025,0.0075,0.045558054,water
0.04145,0.0469,0.0265,0.00865,0.061686467,water
0.04105,0.04765,0.02685,0.00845,0.07440812,water
0.04125,0.04885,0.0273,0.00785,0.0843507,water
0.043,0.05,0.02905,0.0088,0.075268805,water
0.04365,0.05235,0.02685,0.00855,0.09062498,water
0.0444,0.0498,0.02765,0.00885,0.05732486,water
0.04305,0.05195,0.0291,0.00925,0.093684226,water
0.0437,0.0569,0.02975,0.00935,0.13121273,water
0.0453,0.0584,0.0313,0.00965,0.12632596,water
0.04695,0.0583,0.03145,0.00965,0.10783847,water
0.0467,0.05815,0.03175,0.00975,0.10920362,water
0.04645,0.05785,0.03175,0.01,0.10930009,water
0.045,0.05705,0.0314,0.0093,0.11807936,water
0.04405,0.05535,0.0312,0.009,0.11368207,water
0.0444,0.056,0.0312,0.0096,0.115537874,water
0.04415,0.055,0.03115,0.0096,0.109430164,water
0.044,0.054,0.03025,0.00965,0.10204083,water
0.04365,0.05005,0.0291,0.00975,0.06830309,water
0.0448,0.0506,0.0287,0.0099,0.06079666,water
0.0448,0.0506,0.0287,0.0099,0.06079666,water
0.0454,0.0524,0.0288,0.01,0.071574636,water
0.0453,0.0518,0.0289,0.01,0.06694131,water
0.0441,0.0514,0.0314,0.01,0.07643976,water
0.0452,0.0529,0.0312,0.0101,0.07849133,water
0.046,0.0527,0.0292,0.0102,0.067882486,water
0.0458,0.0537,0.0287,0.011,0.07939698,water
0.0443,0.0549,0.0298,0.011,0.10685484,water
0.0451,0.0553,0.0301,0.0124,0.101593636,water
0.0477,0.0567,0.0302,0.0128,0.0862069,water
0.0491,0.0586,0.0298,0.0137,0.08820799,water
0.0389,0.0465,0.0226,0.00665,0.088993,water
0.04015,0.0441,0.02185,0.00685,0.04688427,water
0.03825,0.04425,0.02175,0.0067,0.072727285,water
0.0378,0.0437,0.0222,0.00705,0.072392635,water
0.0389,0.04345,0.0225,0.0072,0.055252004,water
0.03995,0.043,0.02365,0.0072,0.036769178,water
0.03805,0.04345,0.02345,0.0077,0.06625769,water
0.0415,0.04645,0.02505,0.0072,0.056282,water
0.04155,0.04665,0.0249,0.00725,0.057823136,water
0.0415,0.0465,0.0248,0.00725,0.056818213,water
0.0414,0.04675,0.02405,0.00715,0.060692012,water
0.0411,0.04665,0.0236,0.00715,0.06324787,water
0.0395,0.0467,0.0229,0.0072,0.08352667,water
0.0395,0.0467,0.0229,0.0072,0.08352667,water
0.0406,0.0457,0.0239,0.0077,0.05909614,water
0.0415,0.0453,0.0243,0.0077,0.043778818,water
0.0412,0.0456,0.0272,0.0078,0.050691243,water
0.0407,0.046,0.0279,0.0086,0.061130337,water
0.0379,0.0462,0.026,0.0084,0.09869202,water
0.0368,0.0468,0.0224,0.0078,0.1196172,water
0.0376,0.0452,0.0226,0.0073,0.091787465,water
0.0378,0.0409,0.0209,0.008,0.039390095,water
0.0377,0.0407,0.0216,0.0074,0.038265288,water
0.0368,0.0408,0.0228,0.0072,0.0515464,water
0.0358,0.0409,0.0228,0.0074,0.06649283,water
0.04005,0.047,0.0255,0.00895,0.079839155,water
0.0401,0.0472,0.0247,0.00855,0.08132876,water
0.04,0.04885,0.0257,0.008,0.09960609,water
0.0429,0.04715,0.0246,0.00825,0.047196016,water
0.0436,0.04855,0.02685,0.0089,0.053716745,water
0.04185,0.0491,0.0278,0.0089,0.07971413,water
0.04255,0.0508,0.02885,0.00925,0.08837705,water
0.0458,0.0546,0.0291,0.00935,0.0876494,water
0.0451,0.0592,0.0303,0.0094,0.13518697,water
0.0467,0.0586,0.0316,0.0097,0.113010444,water
0.04615,0.0581,0.03175,0.00985,0.11462831,water
0.0463,0.05805,0.03165,0.01,0.1126018,water
0.04525,0.05675,0.0316,0.0093,0.112745106,water
0.0442,0.0555,0.0312,0.0092,0.11334003,water
0.04455,0.05505,0.03075,0.00955,0.10542168,water
0.047,0.0545,0.0314,0.0096,0.07389163,water
0.0452,0.05075,0.0302,0.00955,0.057842597,water
0.04275,0.0506,0.02845,0.0099,0.08409211,water
0.04275,0.0506,0.02845,0.0099,0.08409211,water
0.0418,0.0506,0.0292,0.0102,0.0952381,water
0.0421,0.0509,0.0289,0.01,0.094623655,water
0.0426,0.0512,0.0287,0.0102,0.091684446,water
0.0448,0.0519,0.0312,0.0112,0.07342297,water
0.0466,0.0519,0.0308,0.0121,0.05380711,water
0.0469,0.053,0.0312,0.0119,0.06106105,water
0.0462,0.0533,0.03,0.012,0.071356796,water
0.0452,0.0547,0.0298,0.0112,0.09509506,water
0.0462,0.055,0.03,0.0117,0.08695652,water
0.0469,0.0579,0.0304,0.0124,0.10496183,water
0.0484,0.0586,0.0308,0.0132,0.09532712,water
0.03805,0.04355,0.022,0.00635,0.06740196,water
0.03715,0.04275,0.0216,0.0068,0.070087634,water
0.03655,0.04275,0.0218,0.0066,0.07818412,water
0.0369,0.0435,0.0223,0.0072,0.08208955,water
0.0372,0.0427,0.02275,0.0068,0.06883605,water
0.0399,0.0436,0.02355,0.00685,0.04431137,water
0.03895,0.04265,0.0231,0.00725,0.04534313,water
0.0398,0.0469,0.02525,0.00765,0.08189159,water
0.04245,0.04675,0.02545,0.00795,0.0482063,water
0.0424,0.0469,0.02505,0.0075,0.050391957,water
0.04115,0.04835,0.0271,0.0076,0.08044692,water
0.04195,0.04975,0.0266,0.0075,0.08505999,water
0.04195,0.04975,0.0266,0.0075,0.08505999,water
0.041,0.0472,0.0262,0.0077,0.07029479,water
0.0403,0.0468,0.0266,0.0085,0.07462685,water
0.042,0.0464,0.0274,0.0086,0.049773756,water
0.0422,0.046,0.0281,0.0089,0.04308391,water
0.0419,0.046,0.0279,0.0079,0.046643898,water
0.0423,0.0469,0.028,0.008,0.0515695,water
0.0398,0.047,0.0224,0.0079,0.0829493,water
0.0377,0.0476,0.0228,0.0081,0.116060965,water
0.0374,0.0464,0.0233,0.0081,0.10739856,water
0.0372,0.0422,0.0233,0.0074,0.06297228,water
0.0366,0.0415,0.0231,0.0072,0.06274004,water
0.0353,0.0404,0.0228,0.0074,0.06737116,water
0.03835,0.0463,0.0253,0.009,0.093916126,water
0.03985,0.04725,0.025,0.0085,0.0849598,water
0.04005,0.04735,0.02445,0.00825,0.08352403,water
0.0425,0.04715,0.02595,0.00815,0.05186838,water
0.04095,0.0487,0.0272,0.00885,0.0864473,water
0.04035,0.04905,0.02795,0.00805,0.097315416,water
0.04095,0.0493,0.0282,0.0087,0.09252077,water
0.0433,0.0512,0.02915,0.00935,0.08359788,water
0.0462,0.0541,0.02935,0.0095,0.07876371,water
0.0462,0.05485,0.03165,0.0097,0.085601196,water
0.04635,0.0589,0.03175,0.00995,0.119239904,water
0.04495,0.0565,0.03175,0.0099,0.11384917,water
0.0452,0.056,0.03175,0.00915,0.106719375,water
0.04435,0.05195,0.03095,0.0092,0.07892007,water
0.0431,0.052,0.0301,0.009,0.093585715,water
0.04535,0.05505,0.03085,0.00965,0.09661355,water
0.04435,0.05145,0.0294,0.0097,0.07411275,water
0.0422,0.0505,0.0295,0.00975,0.08953616,water
0.0422,0.0505,0.0295,0.00975,0.08953616,water
0.0436,0.0566,0.0298,0.0103,0.12974052,water
0.0426,0.051,0.0296,0.0106,0.0897436,water
0.0432,0.053,0.0287,0.0106,0.10187108,water
0.0439,0.0514,0.0309,0.0119,0.07869881,water
0.0447,0.0542,0.0303,0.0121,0.096056625,water
0.0455,0.0536,0.0322,0.012,0.08173562,water
0.0448,0.0543,0.0308,0.0119,0.095862776,water
0.0467,0.0547,0.0292,0.012,0.078895435,water
0.0459,0.0562,0.0295,0.0124,0.10088152,water
0.0461,0.0576,0.0318,0.0128,0.110896796,water
0.0477,0.0582,0.0319,0.0132,0.099150166,water
0.03835,0.03985,0.02115,0.00665,0.019181577,water
0.03665,0.03945,0.02035,0.00685,0.036793727,water
0.03645,0.0408,0.02155,0.007,0.056310713,water
0.0354,0.04295,0.0224,0.00685,0.096362494,water
0.0366,0.04295,0.02235,0.0068,0.07982401,water
0.03905,0.04325,0.023,0.0074,0.051032767,water
0.03725,0.04265,0.02285,0.00745,0.06758446,water
0.03995,0.04615,0.023,0.00715,0.0720093,water
0.0422,0.04785,0.0248,0.0078,0.06274295,water
0.0429,0.04585,0.02505,0.00775,0.03323945,water
0.04315,0.04695,0.02745,0.0079,0.042175367,water
0.0431,0.0496,0.02705,0.00785,0.07011868,water
0.0431,0.0496,0.02705,0.00785,0.07011868,water
0.0426,0.0478,0.0269,0.008,0.05752215,water
0.042,0.0466,0.0276,0.0088,0.051918734,water
0.0423,0.0472,0.0279,0.0088,0.054748613,water
0.0432,0.0497,0.0286,0.0089,0.06996769,water
0.0427,0.0468,0.0279,0.008,0.045810044,water
0.0418,0.0477,0.028,0.008,0.06592178,water
0.0382,0.047,0.0239,0.0082,0.103286386,water
0.0381,0.0478,0.0229,0.0077,0.112922005,water
0.0375,0.0464,0.0232,0.0079,0.10607863,water
0.0368,0.0464,0.0229,0.0074,0.1153846,water
0.0368,0.0469,0.0227,0.0074,0.12066905,water
0.0367,0.0449,0.0235,0.0074,0.10049021,water
0.03705,0.04575,0.0252,0.0087,0.10507244,water
0.03815,0.0471,0.025,0.0086,0.10498532,water
0.0391,0.04715,0.02485,0.00835,0.093333356,water
0.04135,0.0474,0.02585,0.0082,0.06816903,water
0.04045,0.0495,0.02775,0.0081,0.10061146,water
0.04005,0.049,0.028,0.00795,0.10050532,water
0.0402,0.0496,0.0277,0.00865,0.10467709,water
0.04355,0.0502,0.02945,0.0091,0.07093334,water
0.0457,0.0517,0.0293,0.0096,0.061601657,water
0.04595,0.0584,0.03135,0.0101,0.11931004,water
0.04675,0.0593,0.03145,0.01005,0.11834041,water
0.04445,0.0569,0.0314,0.0094,0.12284163,water
0.0455,0.05505,0.02985,0.0088,0.09497764,water
0.04475,0.05115,0.03065,0.009,0.066736184,water
0.0449,0.04985,0.03,0.009,0.052242722,water
0.04575,0.05495,0.0308,0.01005,0.09136047,water
0.04605,0.0521,0.0298,0.00995,0.061640326,water
0.0447,0.0511,0.0286,0.01015,0.06680585,water
0.0447,0.0511,0.0286,0.01015,0.06680585,water
0.0439,0.0514,0.0291,0.0108,0.07869881,water
0.0439,0.0519,0.029,0.0109,0.083507285,water
0.044,0.0538,0.0299,0.011,0.10020452,water
0.044,0.0538,0.0308,0.0107,0.10020452,water
0.0457,0.054,0.0303,0.0121,0.08324977,water
0.047,0.0546,0.032,0.0119,0.07480317,water
0.0487,0.0565,0.0314,0.012,0.07414447,water
0.0469,0.0556,0.0317,0.0123,0.084878035,water
0.046,0.0569,0.0318,0.0128,0.10592807,water
0.0461,0.0578,0.0317,0.0127,0.11260825,water
0.0458,0.0585,0.0321,0.0128,0.12176413,water
0.03655,0.04025,0.01995,0.00695,0.04817707,water
0.0357,0.04005,0.02045,0.007,0.05742573,water
0.0359,0.0405,0.02045,0.00745,0.060209423,water
0.03555,0.0414,0.021,0.007,0.07602342,water
0.0353,0.03995,0.0223,0.007,0.061793976,water
0.0362,0.0428,0.0226,0.0071,0.0835443,water
0.0376,0.0397,0.02275,0.0074,0.027166909,water
0.03945,0.04015,0.0228,0.007,0.008793978,water
0.0396,0.0429,0.0247,0.0081,0.040000003,water
0.04355,0.046,0.0244,0.00785,0.027359022,water
0.04345,0.04575,0.02465,0.00735,0.025784729,water
0.04265,0.04755,0.02695,0.00785,0.054323737,water
0.04265,0.04755,0.02695,0.00785,0.054323737,water
0.0417,0.048,0.0273,0.0084,0.0702341,water
0.0419,0.0461,0.0236,0.00915,0.047727276,water
0.0414,0.0461,0.0245,0.0083,0.053714298,water
0.0428,0.0473,0.0286,0.008,0.04994448,water
0.0434,0.0474,0.0273,0.008,0.04405287,water
0.0421,0.0469,0.0224,0.0079,0.053932574,water
0.0397,0.0451,0.0225,0.0083,0.06367922,water
0.037,0.0398,0.0208,0.008,0.036458317,water
0.0376,0.0406,0.0215,0.0079,0.038363203,water
0.0377,0.0402,0.0232,0.0074,0.032092396,water
0.0376,0.0397,0.0227,0.0074,0.027166909,water
0.0363,0.0437,0.0227,0.0074,0.09249999,water
0.0363,0.04735,0.0251,0.0081,0.13209803,water
0.0379,0.04695,0.0247,0.0079,0.10665882,water
0.03895,0.0471,0.0261,0.0084,0.09471238,water
0.04205,0.0476,0.0255,0.008,0.06190742,water
0.0405,0.0483,0.0261,0.00845,0.08783786,water
0.04075,0.04905,0.02605,0.0081,0.092427604,water
0.0409,0.05105,0.02935,0.00885,0.11038609,water
0.0415,0.04995,0.02975,0.00925,0.09240024,water
0.0433,0.05485,0.03005,0.00965,0.11767704,water
0.04615,0.0589,0.0312,0.0097,0.12137078,water
0.04655,0.0593,0.03155,0.0101,0.12045351,water
0.0469,0.0577,0.03135,0.00925,0.10325048,water
0.0461,0.05355,0.03005,0.0092,0.07476166,water
0.04535,0.0512,0.0315,0.00905,0.06059035,water
0.04545,0.0514,0.03065,0.009,0.061435215,water
0.0458,0.05275,0.0305,0.0101,0.07052256,water
0.0456,0.0512,0.03085,0.01005,0.057851218,water
0.0456,0.0512,0.03085,0.01005,0.057851218,water
0.04505,0.0519,0.0302,0.0101,0.07065499,water
0.0446,0.053,0.0289,0.0107,0.08606558,water
0.0444,0.0524,0.0284,0.0107,0.08264464,water
0.0446,0.0526,0.0291,0.0107,0.082304545,water
0.0445,0.0545,0.0297,0.0108,0.101010084,water
0.044,0.0528,0.0291,0.0115,0.09090909,water
0.0449,0.0551,0.0315,0.0121,0.10200001,water
0.0497,0.0568,0.0307,0.0124,0.06666668,water
0.0469,0.0562,0.0318,0.0125,0.090203695,water
0.0459,0.0571,0.0319,0.0128,0.10873789,water
0.0454,0.0578,0.0318,0.0129,0.120155014,water
0.0452,0.0584,0.0312,0.0132,0.12741312,water
0.0362,0.0399,0.0205,0.0076,0.048620224,water
0.0348,0.039,0.0187,0.0071,0.056910574,water
0.0349,0.0397,0.0183,0.0071,0.06434321,water
0.0349,0.0398,0.0209,0.0063,0.06559573,water
0.0356,0.0395,0.022,0.0073,0.051930793,water
0.0354,0.0399,0.0216,0.0073,0.059760977,water
0.037,0.0394,0.0218,0.0073,0.03141361,water
0.0378,0.0399,0.0217,0.007,0.027027052,water
0.0378,0.0403,0.0229,0.0071,0.03201026,water
0.0372,0.0411,0.023,0.0071,0.049808417,water
0.0393,0.0431,0.0231,0.0071,0.04611652,water
0.0393,0.0431,0.0231,0.0071,0.04611652,water
0.0379,0.0462,0.0231,0.0073,0.09869202,water
0.0396,0.0456,0.0232,0.0074,0.07042255,water
0.0419,0.0441,0.0234,0.0085,0.025581395,water
0.042,0.0461,0.0234,0.0086,0.04653805,water
0.0424,0.0459,0.0234,0.0087,0.039637595,water
0.0428,0.0457,0.0226,0.0086,0.032768328,water
0.0379,0.0459,0.0223,0.0084,0.09546536,water
0.0385,0.0428,0.0208,0.0085,0.05289055,water
0.0375,0.0406,0.0205,0.008,0.039692704,water
0.0361,0.0406,0.0201,0.0078,0.058670163,water
0.0367,0.0398,0.0216,0.008,0.04052288,water
0.0378,0.0409,0.0226,0.0074,0.039390095,water
0.0377,0.0422,0.0227,0.0082,0.056320377,water
0.0368,0.0473,0.0251,0.0082,0.12485135,water
0.0376,0.04745,0.0264,0.008,0.11581422,water
0.03705,0.04735,0.0268,0.00835,0.12203791,water
0.0396,0.04735,0.0257,0.00795,0.08913169,water
0.04155,0.0479,0.0252,0.00825,0.07098937,water
0.0406,0.0475,0.0263,0.00805,0.07832006,water
0.04035,0.05045,0.0293,0.00895,0.11123347,water
0.0433,0.0528,0.0298,0.0096,0.09885536,water
0.0445,0.05365,0.02955,0.0096,0.09322464,water
0.0464,0.0552,0.0294,0.0097,0.08661418,water
0.0465,0.05755,0.0314,0.0101,0.10619892,water
0.04675,0.0564,0.03135,0.00955,0.09355307,water
0.04575,0.0542,0.03155,0.0093,0.08454228,water
0.04485,0.05265,0.03145,0.00875,0.08000002,water
0.0457,0.05215,0.03065,0.00905,0.06591724,water
0.04505,0.05195,0.03075,0.01,0.07113403,water
0.04375,0.05155,0.03085,0.01,0.08184681,water
0.04375,0.05155,0.03085,0.01,0.08184681,water
0.0451,0.0537,0.0305,0.0101,0.08704454,water
0.04565,0.05235,0.0301,0.01055,0.068367325,water
0.04525,0.0519,0.0295,0.01055,0.06845086,water
0.0448,0.05145,0.0292,0.0107,0.06909092,water
0.0443,0.0527,0.0294,0.0106,0.08659794,water
0.044,0.0531,0.02845,0.0112,0.09371783,water
0.0441,0.05355,0.03005,0.0122,0.09677418,water
0.0474,0.0571,0.031,0.0126,0.09282297,water
0.0503,0.0571,0.032,0.0133,0.06331474,water
0.048,0.0589,0.0324,0.0128,0.10196444,water
0.0501,0.0585,0.0316,0.0127,0.077348076,water
0.0491,0.057,0.0315,0.0133,0.074458055,water
0.0357,0.0402,0.0211,0.0078,0.05928851,water
0.034,0.0393,0.0216,0.0076,0.072305545,water
0.0349,0.0399,0.022,0.0073,0.066844955,water
0.0349,0.0395,0.0222,0.0071,0.061828002,water
0.0355,0.0399,0.0214,0.0079,0.058355436,water
0.0346,0.0399,0.021,0.0081,0.071140945,water
0.0361,0.0395,0.0216,0.0075,0.044973567,water
0.0372,0.0403,0.0216,0.0071,0.040000003,water
0.0377,0.0402,0.0218,0.0071,0.032092396,water
0.0375,0.0425,0.0223,0.0071,0.06249999,water
0.0383,0.0455,0.0213,0.0072,0.08591884,water
0.0383,0.0455,0.0213,0.0072,0.08591884,water
0.0387,0.0457,0.0215,0.0073,0.08293838,water
0.0374,0.0447,0.0232,0.0076,0.08891596,water
0.0365,0.0423,0.0218,0.008,0.07360408,water
0.0378,0.0457,0.0232,0.0087,0.09461077,water
0.0393,0.0466,0.0234,0.0088,0.08498255,water
0.0383,0.0459,0.0229,0.0088,0.090261266,water
0.0388,0.0452,0.0222,0.0088,0.07619047,water
0.0378,0.0462,0.0225,0.0076,0.10000001,water
0.038,0.0442,0.0231,0.0083,0.0754258,water
0.037,0.0406,0.0203,0.0077,0.04639177,water
0.0379,0.0411,0.0223,0.008,0.04050631,water
0.0381,0.0429,0.0226,0.0087,0.05925925,water
0.039,0.0467,0.0272,0.0091,0.0898483,water
0.03975,0.0485,0.0285,0.0089,0.09915018,water
0.03785,0.04845,0.02805,0.0088,0.12282735,water
0.03635,0.0473,0.02665,0.00815,0.13090256,water
0.0384,0.04735,0.0257,0.00825,0.104373164,water
0.03795,0.04745,0.0247,0.00825,0.111241184,water
0.0401,0.0474,0.02445,0.0082,0.08342858,water
0.0402,0.049,0.0285,0.00905,0.09865471,water
0.0441,0.0519,0.02975,0.009,0.081249975,water
0.04545,0.05265,0.02945,0.00955,0.07339452,water
0.0457,0.0535,0.02935,0.0098,0.078629054,water
0.04545,0.0566,0.0294,0.01,0.109260194,water
0.04535,0.0582,0.03,0.0099,0.12409465,water
0.0456,0.056,0.0304,0.00955,0.10236221,water
0.04525,0.05395,0.0299,0.0099,0.08770163,water
0.0449,0.05165,0.03145,0.01,0.06991195,water
0.0448,0.05215,0.03155,0.00995,0.075812295,water
0.0438,0.05225,0.03135,0.0101,0.087975025,water
0.0438,0.05225,0.03135,0.0101,0.087975025,water
0.04625,0.05515,0.03105,0.01005,0.08777118,water
0.0448,0.0564,0.03055,0.0103,0.11462453,water
0.04515,0.0548,0.03035,0.01035,0.09654827,water
0.04555,0.05215,0.03085,0.0105,0.067553736,water
0.0444,0.05225,0.0301,0.0106,0.081220925,water
0.0436,0.0536,0.02935,0.01105,0.10288064,water
0.04375,0.053,0.03095,0.0121,0.095607236,water
0.0447,0.054,0.0312,0.0124,0.09422493,water
0.0472,0.0576,0.0314,0.0129,0.099236615,water
0.0505,0.0584,0.0311,0.0129,0.07254361,water
0.0508,0.0584,0.032,0.0129,0.06959709,water
0.0472,0.0562,0.0312,0.0134,0.08704061,water
0.0358,0.0409,0.0212,0.0079,0.06649283,water
0.036,0.0397,0.0211,0.0078,0.048877187,water
0.0358,0.0403,0.0224,0.0076,0.059132744,water
0.0363,0.0393,0.0224,0.0078,0.039682522,water
0.0358,0.0407,0.0224,0.0085,0.0640523,water
0.0348,0.0426,0.0214,0.0081,0.10077517,water
0.0365,0.0396,0.0208,0.0081,0.040735878,water
0.036,0.0397,0.0221,0.0073,0.048877187,water
0.037,0.0419,0.0221,0.0074,0.06210394,water
0.0382,0.0419,0.0221,0.0073,0.046192296,water
0.0368,0.0422,0.0208,0.0073,0.06835441,water
0.0368,0.0422,0.0208,0.0073,0.06835441,water
0.0388,0.0435,0.0213,0.0073,0.05710811,water
0.0371,0.0443,0.022,0.0077,0.08845212,water
0.0353,0.0433,0.0219,0.0073,0.10178114,water
0.0358,0.0454,0.0218,0.0082,0.118226625,water
0.0368,0.0462,0.0233,0.0086,0.11325299,water
0.0367,0.0448,0.022,0.0087,0.0993865,water
0.0394,0.0445,0.0221,0.0075,0.060786653,water
0.0401,0.0459,0.0225,0.0095,0.067441836,water
0.0381,0.0467,0.023,0.0089,0.10141509,water
0.0373,0.0435,0.0227,0.008,0.076732635,water
0.0377,0.0449,0.0225,0.0081,0.08716706,water
0.0386,0.0465,0.0281,0.0088,0.092831954,water
0.0387,0.0477,0.028,0.0093,0.10416666,water
0.0396,0.0488,0.02805,0.00955,0.10407239,water
0.03875,0.04835,0.02795,0.0089,0.11021812,water
0.03815,0.0473,0.0264,0.0083,0.10708015,water
0.03825,0.04735,0.0259,0.00815,0.10630842,water
0.03955,0.0476,0.02475,0.0083,0.092369504,water
0.04035,0.0476,0.02525,0.00865,0.082433194,water
0.0414,0.04785,0.0278,0.00915,0.07226892,water
0.0453,0.0521,0.02935,0.0089,0.069815196,water
0.04525,0.05275,0.0293,0.0096,0.07653062,water
0.04585,0.0535,0.02935,0.00995,0.07700049,water
0.0458,0.0543,0.02945,0.0098,0.08491507,water
0.04565,0.0554,0.02945,0.01005,0.09648686,water
0.0454,0.05425,0.02945,0.0096,0.08881081,water
0.0456,0.05365,0.0288,0.00985,0.081108294,water
0.0447,0.05575,0.0314,0.00995,0.110004984,water
0.046,0.0543,0.0316,0.01,0.082751736,water
0.04405,0.05285,0.03165,0.00995,0.09081527,water
0.04405,0.05285,0.03165,0.00995,0.09081527,water
0.046,0.05595,0.0313,0.00995,0.09759686,water
0.0457,0.05445,0.03125,0.01025,0.08736897,water
0.0466,0.0558,0.0311,0.0101,0.08984374,water
0.0457,0.0559,0.03085,0.0104,0.10039371,water
0.04545,0.0546,0.0309,0.01085,0.09145429,water
0.04565,0.0542,0.03115,0.01105,0.085628435,water
0.0455,0.056,0.03085,0.012,0.103448294,water
0.0469,0.0578,0.031,0.0122,0.104106955,water
0.0478,0.058,0.031,0.0129,0.09640829,water
0.0485,0.0584,0.0309,0.0134,0.09260991,water
0.0502,0.0581,0.0316,0.0138,0.07294552,water
0.047,0.0558,0.0321,0.0136,0.08560312,water
0.0377,0.0403,0.0211,0.0074,0.033333324,water
0.0362,0.0398,0.0205,0.0075,0.047368385,water
0.0365,0.0417,0.0213,0.0079,0.06649619,water
0.0371,0.043,0.0226,0.0079,0.07365797,water
0.0366,0.0443,0.0232,0.0084,0.09517924,water
0.0348,0.0414,0.022,0.0083,0.08661417,water
0.0364,0.0395,0.0212,0.008,0.04084322,water
0.0371,0.0467,0.0214,0.0072,0.114558496,water
0.0383,0.0459,0.0222,0.0073,0.090261266,water
0.0379,0.0446,0.0219,0.0072,0.0812121,water
0.039,0.0444,0.0215,0.0071,0.06474818,water
0.039,0.0444,0.0215,0.0071,0.06474818,water
0.0386,0.0425,0.0215,0.00725,0.048088767,water
0.0362,0.0401,0.0207,0.0077,0.051114008,water
0.0344,0.0402,0.0217,0.0073,0.07774796,water
0.0353,0.0431,0.0208,0.0076,0.09948977,water
0.0365,0.0412,0.0218,0.0088,0.060489073,water
0.0377,0.0451,0.022,0.0085,0.089371964,water
0.0372,0.0447,0.0224,0.0072,0.09157509,water
0.0365,0.0457,0.0226,0.0094,0.11192214,water
0.0371,0.0462,0.0229,0.0087,0.10924372,water
0.0369,0.0453,0.0225,0.0085,0.102189794,water
0.0379,0.046,0.0223,0.0082,0.09654349,water
0.0397,0.0473,0.0261,0.009,0.08735631,water
0.0395,0.0478,0.0281,0.0087,0.09507444,water
0.03975,0.04765,0.02875,0.00925,0.09038901,water
0.0394,0.04715,0.02575,0.0089,0.089543626,water
0.038,0.0475,0.0255,0.0082,0.11111112,water
0.0393,0.04735,0.0274,0.00875,0.092902504,water
0.0406,0.04735,0.0249,0.0086,0.07674813,water
0.0394,0.04725,0.02485,0.0087,0.09059433,water
0.04105,0.047,0.0278,0.00905,0.067575246,water
0.0452,0.0511,0.0279,0.00885,0.06126686,water
0.045,0.0529,0.02935,0.0088,0.08069458,water
0.04605,0.0536,0.02985,0.00915,0.075765155,water
0.04565,0.05415,0.0298,0.00955,0.08517032,water
0.0467,0.05405,0.02965,0.0101,0.07295283,water
0.04495,0.0535,0.03005,0.00945,0.086846106,water
0.0455,0.05295,0.0312,0.01015,0.075672925,water
0.0447,0.05695,0.0314,0.01005,0.12051155,water
0.04585,0.05595,0.03175,0.00995,0.09921414,water
0.04585,0.05595,0.03175,0.00995,0.09921414,water
0.043,0.0527,0.03205,0.0099,0.10135841,water
0.0448,0.0539,0.0319,0.01,0.092198595,water
0.04575,0.0534,0.03135,0.01005,0.07715581,water
0.0459,0.05505,0.0309,0.01015,0.09063895,water
0.04615,0.05595,0.03085,0.01055,0.09598435,water
0.0447,0.05625,0.0308,0.011,0.11441305,water
0.0481,0.0565,0.03065,0.01075,0.080305934,water
0.04655,0.0567,0.02995,0.01195,0.09830509,water
0.0463,0.0581,0.0309,0.0122,0.113026805,water
0.0484,0.0584,0.0314,0.0127,0.09363297,water
0.0486,0.0584,0.0312,0.0129,0.0915888,water
0.0502,0.0581,0.032,0.0131,0.07294552,water
0.0473,0.0559,0.0318,0.0133,0.083333336,water
0.0367,0.0405,0.021,0.007,0.049222812,water
0.0373,0.0414,0.0219,0.0079,0.05209655,water
0.037,0.0408,0.0211,0.008,0.048843198,water
0.0353,0.0415,0.0214,0.0082,0.08072912,water
0.037,0.0401,0.0218,0.0078,0.040207528,water
0.0358,0.0424,0.0229,0.0077,0.08439898,water
0.0357,0.0461,0.0232,0.0074,0.12713937,water
0.0388,0.0462,0.0214,0.0073,0.087058805,water
0.0382,0.0452,0.0222,0.0072,0.08393289,water
0.0372,0.0443,0.0219,0.0072,0.08711658,water
0.0372,0.0443,0.0219,0.0072,0.08711658,water
0.0378,0.0443,0.0215,0.0074,0.07917176,water
0.038,0.0452,0.0212,0.0074,0.08653849,water
0.0355,0.0408,0.0206,0.0076,0.06946265,water
0.0343,0.0411,0.0219,0.0073,0.09018568,water
0.0348,0.0396,0.0208,0.0073,0.06451612,water
0.0364,0.0409,0.0213,0.0074,0.058214724,water
0.038,0.0418,0.0215,0.0075,0.047619063,water
0.0387,0.0446,0.0223,0.0077,0.070828326,water
0.0369,0.0466,0.0228,0.0076,0.11616767,water
0.0365,0.0464,0.0228,0.008,0.11942098,water
0.0372,0.0462,0.0222,0.0088,0.10791367,water
0.0365,0.0464,0.0222,0.0086,0.11942098,water
0.0383,0.0469,0.0224,0.0091,0.100938976,water
0.0409,0.047,0.0231,0.0086,0.06939703,water
0.03995,0.0469,0.0291,0.0093,0.08002305,water
0.03985,0.04605,0.0261,0.00845,0.072176956,water
0.0391,0.0474,0.02535,0.00825,0.095953785,water
0.0405,0.04765,0.0269,0.00905,0.08111172,water
0.0409,0.0467,0.02645,0.00865,0.06621006,water
0.0391,0.0464,0.0269,0.0084,0.08538012,water
0.041,0.04755,0.0278,0.0091,0.0739695,water
0.04485,0.04895,0.02795,0.0087,0.043710046,water
0.0455,0.0496,0.02825,0.00885,0.04311254,water
0.04485,0.05345,0.02995,0.00925,0.08748729,water
0.0452,0.05405,0.0298,0.00925,0.089168735,water
0.0466,0.0543,0.0296,0.0102,0.07631318,water
0.0456,0.05405,0.0315,0.01015,0.08479677,water
0.04555,0.0571,0.0311,0.0098,0.11251828,water
0.0458,0.05675,0.0313,0.009,0.106777176,water
0.0463,0.05555,0.03155,0.0091,0.09081983,water
0.0463,0.05555,0.03155,0.0091,0.09081983,water
0.04365,0.05555,0.03155,0.00935,0.119959675,water
0.04525,0.05545,0.03135,0.0094,0.10129098,water
0.0456,0.05445,0.03085,0.00975,0.08845578,water
0.04545,0.05515,0.0302,0.0103,0.09642148,water
0.04615,0.05595,0.03145,0.01055,0.09598435,water
0.0448,0.05665,0.03015,0.0107,0.11680634,water
0.04545,0.05695,0.03005,0.01115,0.1123047,water
0.0453,0.0566,0.0294,0.0114,0.11089305,water
0.0452,0.0587,0.0307,0.0118,0.1299326,water
0.0478,0.058,0.0319,0.0122,0.09640829,water
0.0474,0.0584,0.0316,0.013,0.10396975,water
0.0491,0.0585,0.0318,0.0132,0.08736058,water
0.0458,0.0561,0.0302,0.013,0.10107949,water
0.0361,0.0413,0.0216,0.0072,0.06718344,water
0.0377,0.0451,0.0228,0.0079,0.089371964,water
0.0373,0.0411,0.0191,0.0077,0.048469353,water
0.0367,0.0398,0.0209,0.0078,0.04052288,water
0.0354,0.0398,0.0216,0.0078,0.05851064,water
0.0349,0.0433,0.0225,0.008,0.10741689,water
0.0357,0.0463,0.0236,0.008,0.1292683,water
0.0372,0.0459,0.0227,0.0077,0.10469312,water
0.0361,0.0457,0.0224,0.00715,0.1173594,water
0.0363,0.0455,0.0214,0.0074,0.11246943,water
0.0363,0.0455,0.0214,0.0074,0.11246943,water
0.0374,0.0448,0.0216,0.0072,0.090024315,water
0.0366,0.0408,0.0211,0.0074,0.05426357,water
0.0354,0.0411,0.0209,0.0072,0.0745098,water
0.0348,0.041,0.0215,0.0071,0.0817942,water
0.0352,0.0402,0.0213,0.0073,0.06631299,water
0.0369,0.0451,0.0226,0.0074,0.10000001,water
0.0393,0.0451,0.0227,0.0074,0.06872039,water
0.039,0.046,0.0225,0.0092,0.08235293,water
0.0366,0.046,0.0217,0.0074,0.11380144,water
0.0365,0.0444,0.0224,0.0078,0.09765142,water
0.0369,0.0441,0.0225,0.0081,0.08888892,water
0.0365,0.0466,0.0224,0.009,0.12154031,water
0.0372,0.0469,0.0222,0.009,0.115338884,water
0.0378,0.0467,0.0224,0.0084,0.10532546,water
0.0394,0.04645,0.02615,0.0087,0.08211998,water
0.04,0.0464,0.0254,0.0085,0.074074075,water
0.0399,0.0475,0.0237,0.0082,0.0869565,water
0.0394,0.04775,0.02465,0.0095,0.095811814,water
0.0396,0.04725,0.0241,0.00855,0.08808289,water
0.0393,0.04715,0.02595,0.0089,0.090803966,water
0.0405,0.04715,0.0275,0.009,0.07586995,water
0.04375,0.0474,0.02775,0.0087,0.04004391,water
0.0446,0.04915,0.02745,0.0089,0.04853336,water
0.04435,0.0533,0.02885,0.0093,0.09165389,water
0.04565,0.0534,0.02945,0.01015,0.078243285,water
0.04605,0.05355,0.03125,0.01015,0.07530121,water
0.0459,0.0576,0.0312,0.01015,0.113043495,water
0.046,0.0574,0.0312,0.00955,0.11025144,water
0.0458,0.0572,0.03105,0.00895,0.110679604,water
0.0457,0.0563,0.0313,0.00915,0.10392158,water
0.0457,0.0563,0.0313,0.00915,0.10392158,water
0.0448,0.05545,0.0313,0.00935,0.10623443,water
0.04485,0.05605,0.0308,0.00955,0.11100099,water
0.0448,0.05415,0.03035,0.00995,0.09449219,water
0.0468,0.0546,0.0305,0.0105,0.076923095,water
0.046,0.05615,0.0316,0.0106,0.099363685,water
0.0453,0.0562,0.0298,0.0106,0.107389174,water
0.045,0.05595,0.0303,0.011,0.10846953,water
0.04535,0.056,0.02965,0.01085,0.10508142,water
0.0463,0.0589,0.0303,0.0115,0.11977184,water
0.0463,0.0588,0.0303,0.012,0.11893433,water
0.0461,0.0584,0.0309,0.0124,0.11770334,water
0.0503,0.0553,0.0317,0.0126,0.04734851,water
0.0482,0.0582,0.0318,0.0137,0.09398498,water
0.0354,0.0428,0.0228,0.0072,0.09462919,water
0.0365,0.0458,0.0228,0.0077,0.11300123,water
0.0369,0.04,0.02,0.0077,0.0403121,water
0.0369,0.0399,0.021,0.0078,0.03906253,water
0.0348,0.04,0.0218,0.0078,0.0695187,water
0.0348,0.0403,0.0222,0.0078,0.07323568,water
0.0361,0.0457,0.0239,0.0072,0.1173594,water
0.0375,0.0462,0.0231,0.0071,0.10394263,water
0.036,0.0461,0.0222,0.0071,0.12302074,water
0.0357,0.0458,0.0219,0.0072,0.12392637,water
0.0357,0.0458,0.0219,0.0072,0.12392637,water
0.0365,0.0448,0.0213,0.0074,0.10209101,water
0.0361,0.0413,0.0213,0.0074,0.06718344,water
0.0351,0.0416,0.0205,0.007,0.084745735,water
0.0351,0.0415,0.0214,0.0071,0.08355087,water
0.0352,0.0407,0.0217,0.0074,0.072463766,water
0.0362,0.0435,0.0224,0.0071,0.09159344,water
0.0359,0.0466,0.0212,0.008,0.12969697,water
0.0376,0.0467,0.0228,0.0086,0.10794783,water
0.03775,0.0468,0.0246,0.00895,0.10703727,water
0.03635,0.0463,0.0238,0.0089,0.120387174,water
0.03715,0.0465,0.02405,0.00875,0.11177527,water
0.037,0.04705,0.0248,0.00895,0.11957167,water
0.03775,0.04725,0.02495,0.0094,0.11176472,water
0.0369,0.0469,0.02445,0.00925,0.119331755,water
0.03685,0.0465,0.0245,0.0091,0.11577684,water
0.0386,0.0465,0.0231,0.0088,0.092831954,water
0.03835,0.0471,0.02195,0.00835,0.10239905,water
0.03635,0.0457,0.0231,0.00895,0.11395489,water
0.04055,0.0466,0.02295,0.0086,0.06942052,water
0.0377,0.04805,0.02385,0.00905,0.12069971,water
0.0418,0.0476,0.02705,0.00885,0.06487697,water
0.04385,0.0479,0.0279,0.00875,0.04414167,water
0.0461,0.0497,0.0278,0.00905,0.037578262,water
0.04495,0.0498,0.02795,0.0095,0.051187336,water
0.0446,0.05145,0.0292,0.00995,0.07131703,water
0.0457,0.0542,0.0306,0.01005,0.08508511,water
0.046,0.0555,0.03025,0.01,0.09359606,water
0.0454,0.05455,0.02905,0.0095,0.09154575,water
0.045,0.0526,0.0291,0.00905,0.077868834,water
0.04495,0.05305,0.03065,0.00935,0.08265305,water
0.04495,0.05305,0.03065,0.00935,0.08265305,water
0.04635,0.0553,0.03085,0.00955,0.08804724,water
0.04655,0.05495,0.0305,0.00955,0.08275863,water
0.04565,0.05365,0.03025,0.00995,0.080563925,water
0.04605,0.0542,0.0303,0.01035,0.08129676,water
0.0456,0.0558,0.03035,0.0106,0.10059169,water
0.0477,0.05565,0.02995,0.01045,0.07692308,water
0.0455,0.05545,0.0307,0.01095,0.09856365,water
0.04585,0.0555,0.0303,0.01095,0.0952146,water
0.0468,0.0584,0.0305,0.0112,0.11026619,water
0.0451,0.0581,0.0298,0.0111,0.125969,water
0.0454,0.0589,0.0302,0.0115,0.1294343,water
0.0498,0.0563,0.0323,0.0123,0.061262943,water
0.0507,0.0587,0.0322,0.0123,0.073126115,water
0.0354,0.0409,0.0221,0.0072,0.07208388,water
0.0356,0.0407,0.0206,0.0078,0.06684143,water
0.0358,0.0413,0.0214,0.0078,0.071335934,water
0.037,0.0411,0.0213,0.0078,0.052496783,water
0.0354,0.0431,0.0212,0.0077,0.098089166,water
0.0344,0.0451,0.0231,0.0077,0.13459116,water
0.0368,0.0453,0.0228,0.0071,0.103532255,water
0.0371,0.0443,0.0228,0.0071,0.08845212,water
0.036,0.0444,0.0221,0.0076,0.10447762,water
0.0352,0.0441,0.0219,0.0074,0.11223205,water
0.0352,0.0441,0.0219,0.0074,0.11223205,water
0.0359,0.045,0.0215,0.0072,0.11248457,water
0.0347,0.0413,0.0213,0.0072,0.086842105,water
0.0354,0.0416,0.0214,0.0072,0.08051949,water
0.0353,0.0416,0.0214,0.0072,0.08192455,water
0.0351,0.0409,0.0211,0.0065,0.07631575,water
0.0353,0.0402,0.0211,0.007,0.06490063,water
0.0359,0.0429,0.0207,0.007,0.088832475,water
0.0363,0.045,0.0231,0.0076,0.10701109,water
0.037,0.04615,0.0247,0.00845,0.11004207,water
0.0364,0.0476,0.0246,0.0084,0.13333333,water
0.0372,0.04705,0.02485,0.00845,0.11691393,water
0.0362,0.04695,0.025,0.00875,0.12928443,water
0.03685,0.04715,0.0248,0.00905,0.12261903,water
0.0362,0.0466,0.0234,0.00875,0.12560382,water
0.0362,0.04605,0.0223,0.009,0.11975683,water
0.0379,0.0451,0.0237,0.0083,0.08674697,water
0.03725,0.04545,0.0223,0.0089,0.09915353,water
0.0366,0.04515,0.02265,0.0089,0.104587145,water
0.0394,0.04625,0.0234,0.0083,0.079976656,water
0.0388,0.0468,0.0242,0.00875,0.093457915,water
0.04035,0.048,0.02635,0.0085,0.08658743,water
0.04315,0.04905,0.02785,0.00875,0.063991316,water
0.04445,0.04975,0.0278,0.0091,0.05626327,water
0.04485,0.0501,0.0279,0.0093,0.055292256,water
0.04485,0.05035,0.0277,0.0096,0.057773106,water
0.04525,0.0505,0.0282,0.00995,0.054830316,water
0.0445,0.05125,0.0278,0.00975,0.07049607,water
0.04505,0.05095,0.0283,0.00935,0.061458327,water
0.04405,0.0519,0.0283,0.00925,0.08181343,water
0.04405,0.0519,0.0283,0.00925,0.08181343,water
0.04305,0.0523,0.0289,0.0093,0.097011015,water
0.04505,0.05315,0.0295,0.0094,0.08248472,water
0.04645,0.0543,0.0301,0.0097,0.077915624,water
0.04625,0.05175,0.02965,0.01,0.056122445,water
0.04545,0.05145,0.02905,0.0104,0.061919514,water
0.0458,0.05545,0.02965,0.01045,0.09530864,water
0.04465,0.0557,0.0298,0.01055,0.110114604,water
0.0454,0.05585,0.03,0.011,0.10320986,water
0.04705,0.0561,0.0304,0.0108,0.087736316,water
0.0464,0.0545,0.0292,0.011,0.0802775,water
0.0443,0.0553,0.0291,0.0111,0.11044177,water
0.0458,0.0561,0.0293,0.0113,0.10107949,water
0.0469,0.0555,0.03,0.0123,0.083984375,water
0.0489,0.0561,0.0303,0.0123,0.06857142,water
0.0355,0.0445,0.0212,0.0075,0.1125,water
0.0358,0.0445,0.021,0.0078,0.10834373,water
0.0357,0.0455,0.0213,0.0078,0.12068963,water
0.0368,0.0447,0.0213,0.0078,0.09693251,water
0.0352,0.0451,0.0231,0.0077,0.12328766,water
0.0363,0.0458,0.0225,0.0076,0.115712546,water
0.0365,0.045,0.022,0.007,0.10429451,water
0.0364,0.0448,0.0223,0.0071,0.103448234,water
0.0355,0.0453,0.0219,0.008,0.121287115,water
0.0355,0.0453,0.0219,0.008,0.121287115,water
0.0349,0.0454,0.0217,0.0076,0.13075969,water
0.0363,0.0443,0.0221,0.0074,0.0992556,water
0.0353,0.0417,0.0213,0.0074,0.08311688,water
0.0358,0.0419,0.0214,0.0074,0.07850711,water
0.036,0.0415,0.0214,0.0072,0.07096774,water
0.0358,0.0409,0.0205,0.0073,0.06649283,water
0.0352,0.041,0.0207,0.0068,0.076115504,water
0.0362,0.0405,0.0206,0.0065,0.056062557,water
0.0361,0.0428,0.0217,0.0073,0.084917635,water
0.0364,0.0455,0.02455,0.00825,0.11111108,water
0.03585,0.046,0.02445,0.00805,0.12400734,water
0.03565,0.04555,0.0234,0.0079,0.121921174,water
0.03485,0.04465,0.02175,0.0081,0.123270415,water
0.0352,0.04465,0.0217,0.0083,0.11834689,water
0.03455,0.04505,0.0218,0.00825,0.13190953,water
0.03525,0.04535,0.0211,0.00855,0.12531017,water
0.0361,0.0443,0.02295,0.0082,0.10199006,water
0.0368,0.04545,0.0228,0.009,0.10516714,water
0.0377,0.04555,0.0228,0.00905,0.09429428,water
0.03895,0.04605,0.0234,0.00845,0.08352942,water
0.0397,0.04655,0.0242,0.0086,0.07942025,water
0.04,0.0492,0.02515,0.0084,0.103139006,water
0.04085,0.0493,0.0276,0.0088,0.093732685,water
0.04355,0.049,0.02755,0.0092,0.058887083,water
0.04455,0.04905,0.02775,0.00915,0.048076898,water
0.0447,0.0492,0.0274,0.0097,0.047923304,water
0.04525,0.0496,0.0282,0.00935,0.045861915,water
0.0457,0.0517,0.0287,0.0097,0.061601657,water
0.04475,0.05005,0.02795,0.0094,0.055907175,water
0.04365,0.0507,0.0275,0.009,0.07472178,water
0.04365,0.0507,0.0275,0.009,0.07472178,water
0.04255,0.05185,0.02785,0.0094,0.09851692,water
0.04355,0.05195,0.0285,0.0095,0.08795812,water
0.04465,0.05185,0.0294,0.0099,0.074611396,water
0.042,0.0515,0.02955,0.0101,0.10160428,water
0.04185,0.05155,0.0287,0.01045,0.10385439,water
0.04175,0.0509,0.02835,0.01045,0.098758794,water
0.04405,0.0514,0.0291,0.01055,0.07700364,water
0.0462,0.05525,0.0291,0.01055,0.08920652,water
0.04555,0.0562,0.0298,0.0107,0.10466832,water
0.0429,0.0554,0.0296,0.0107,0.12716174,water
0.0433,0.0557,0.0295,0.0108,0.12525254,water
0.0453,0.0556,0.0296,0.011,0.10208127,water
0.0467,0.0556,0.0311,0.0124,0.086999,water
0.049,0.0555,0.0305,0.0123,0.06220098,water
0.0365,0.0446,0.0214,0.008,0.09987669,water
0.0371,0.0448,0.0209,0.0081,0.094017096,water
0.0376,0.0453,0.021,0.0084,0.09288299,water
0.0361,0.0442,0.0211,0.0082,0.10087172,water
0.0359,0.046,0.0234,0.0078,0.123321116,water
0.036,0.0458,0.0224,0.0075,0.11980443,water
0.0382,0.0451,0.0216,0.007,0.082833156,water
0.0358,0.0449,0.0217,0.0078,0.112763345,water
0.0359,0.045,0.0225,0.0079,0.11248457,water
0.0359,0.045,0.0225,0.0079,0.11248457,water
0.0362,0.0451,0.0227,0.0079,0.10947106,water
0.0365,0.0451,0.0218,0.0072,0.105392165,water
0.0359,0.0448,0.0213,0.0074,0.110284984,water
0.0353,0.0422,0.0215,0.0073,0.089032225,water
0.036,0.0416,0.0213,0.0074,0.07216497,water
0.0353,0.0411,0.0206,0.0074,0.0759162,water
0.0352,0.0407,0.0208,0.0068,0.072463766,water
0.0361,0.0412,0.0206,0.0068,0.065976724,water
0.0359,0.0402,0.0209,0.0073,0.056504577,water
0.0356,0.0438,0.0224,0.00775,0.10327457,water
0.03675,0.04615,0.0219,0.00775,0.11338961,water
0.03545,0.0448,0.0218,0.008,0.11651089,water
0.03515,0.0446,0.02175,0.0079,0.11849529,water
0.03675,0.04495,0.02195,0.00825,0.10036721,water
0.035,0.04515,0.0208,0.00845,0.12663756,water
0.0338,0.04515,0.0208,0.00845,0.1437619,water
0.0339,0.04425,0.02185,0.0082,0.13243762,water
0.0379,0.04505,0.02285,0.00915,0.08619648,water
0.03775,0.0457,0.0234,0.00875,0.09526663,water
0.0366,0.0464,0.02315,0.0089,0.118072264,water
0.03915,0.04675,0.02375,0.00855,0.088475,water
0.0397,0.04775,0.0235,0.0083,0.09205259,water
0.04075,0.04815,0.0259,0.00875,0.08323958,water
0.0437,0.0486,0.02705,0.0093,0.05308777,water
0.04335,0.04865,0.02765,0.009,0.057608698,water
0.044,0.0487,0.02755,0.00885,0.050701197,water
0.04585,0.0504,0.02825,0.00935,0.047272716,water
0.045,0.051,0.0289,0.0096,0.06249997,water
0.04315,0.05045,0.02745,0.0092,0.077991456,water
0.0401,0.04855,0.0271,0.0092,0.09531864,water
0.0401,0.04855,0.0271,0.0092,0.09531864,water
0.03855,0.0484,0.02615,0.00925,0.11328348,water
0.03885,0.0492,0.02635,0.0095,0.11754686,water
0.04205,0.0512,0.02905,0.01,0.09812331,water
0.041,0.0511,0.0291,0.01,0.109663405,water
0.0417,0.05175,0.0286,0.0101,0.107544124,water
0.04175,0.05115,0.02855,0.01055,0.1011841,water
0.04125,0.0505,0.02885,0.01055,0.100817434,water
0.0455,0.0553,0.0296,0.01055,0.09722224,water
0.044,0.05245,0.0297,0.0106,0.08761018,water
0.042,0.0561,0.0301,0.0107,0.1437309,water
0.0455,0.0562,0.03,0.0106,0.10521143,water
0.0459,0.0559,0.0301,0.0107,0.098231845,water
0.0458,0.0562,0.0316,0.0121,0.10196079,water
0.0444,0.0554,0.0318,0.0123,0.11022044,water
0.0366,0.0446,0.0223,0.0086,0.098522134,water
0.0373,0.0451,0.0233,0.0085,0.09466017,water
0.0375,0.0447,0.0211,0.0086,0.08759122,water
0.0365,0.0437,0.0215,0.0078,0.08977555,water
0.0357,0.0464,0.0233,0.0078,0.13032885,water
0.0371,0.0457,0.022,0.0072,0.10386474,water
0.0361,0.0454,0.022,0.0071,0.11411044,water
0.0344,0.0462,0.0217,0.0078,0.14640197,water
0.037,0.0451,0.0217,0.008,0.098660156,water
0.037,0.0451,0.0217,0.008,0.098660156,water
0.0375,0.0458,0.0221,0.0076,0.09963984,water
0.0369,0.045,0.0216,0.0073,0.09890114,water
0.0376,0.0443,0.0213,0.0074,0.0818071,water
0.0356,0.0441,0.0215,0.0074,0.106649965,water
0.0354,0.0425,0.0211,0.0072,0.091142505,water
0.0361,0.0401,0.0207,0.0074,0.052493446,water
0.0351,0.0408,0.0203,0.0068,0.075098805,water
0.0354,0.0412,0.0207,0.0069,0.07571803,water
0.0359,0.0412,0.0209,0.0074,0.068741895,water
0.03585,0.04305,0.0214,0.0078,0.09125475,water
0.03595,0.0447,0.022,0.00795,0.10849348,water
0.0355,0.04525,0.02205,0.008,0.120743,water
0.03525,0.04505,0.0224,0.0081,0.12204231,water
0.0367,0.04525,0.02185,0.0082,0.10433191,water
0.0362,0.0445,0.0212,0.0087,0.10285004,water
0.03445,0.0428,0.021,0.00835,0.108090654,water
0.03485,0.0437,0.02165,0.00905,0.11266706,water
0.0361,0.044,0.0226,0.0083,0.09862671,water
0.03615,0.04535,0.02395,0.00825,0.112883426,water
0.0391,0.04735,0.02465,0.00895,0.09543091,water
0.0369,0.0471,0.02395,0.00885,0.12142859,water
0.03855,0.0472,0.02445,0.0087,0.10087465,water
0.04165,0.0488,0.0257,0.00885,0.07904918,water
0.04175,0.04915,0.0267,0.0091,0.081408165,water
0.0436,0.04845,0.0274,0.0088,0.05268876,water
0.0444,0.0485,0.0275,0.00925,0.044133503,water
0.0452,0.05175,0.02855,0.00935,0.06756059,water
0.04535,0.05235,0.02895,0.0097,0.0716479,water
0.04285,0.05125,0.02705,0.00925,0.08926675,water
0.0384,0.04865,0.02715,0.0094,0.117748395,water
0.0384,0.04865,0.02715,0.0094,0.117748395,water
0.03785,0.04865,0.0248,0.0092,0.12485549,water
0.03955,0.0483,0.0253,0.00955,0.09960162,water
0.0421,0.04955,0.0276,0.00995,0.081287496,water
0.04125,0.0503,0.0285,0.01,0.09885305,water
0.0415,0.0507,0.02865,0.01,0.099783115,water
0.04265,0.05115,0.02885,0.01015,0.090618365,water
0.0427,0.0512,0.02955,0.01055,0.09052182,water
0.04575,0.05615,0.03155,0.01055,0.102060854,water
0.0446,0.05675,0.03115,0.01055,0.119881615,water
0.0443,0.0569,0.0303,0.0107,0.1245059,water
0.0458,0.0574,0.0305,0.0107,0.11240309,water
0.0451,0.057,0.0304,0.0105,0.116552405,water
0.0432,0.0553,0.0301,0.0105,0.12284264,water
0.043,0.051,0.03,0.0119,0.08510636,water
0.0374,0.0422,0.0238,0.0086,0.0603015,water
0.0369,0.0414,0.0231,0.0086,0.057471287,water
0.0375,0.045,0.0239,0.0084,0.09090909,water
0.0368,0.0448,0.0215,0.0077,0.098039195,water
0.0354,0.0451,0.0236,0.0078,0.1204969,water
0.0369,0.0457,0.0228,0.0071,0.106537536,water
0.0383,0.0464,0.0214,0.0074,0.09563163,water
0.0351,0.046,0.0214,0.0075,0.13440195,water
0.0372,0.045,0.0213,0.0077,0.09489053,water
0.0372,0.045,0.0213,0.0077,0.09489053,water
0.0377,0.0457,0.0216,0.0075,0.09592324,water
0.0371,0.0448,0.0215,0.0072,0.094017096,water
0.0355,0.042,0.0213,0.0074,0.08387095,water
0.0359,0.0422,0.0211,0.0074,0.0806658,water
0.0359,0.0428,0.0214,0.00755,0.08767472,water
0.0352,0.0404,0.022,0.0075,0.06878305,water
0.0357,0.0404,0.0206,0.0072,0.06176081,water
0.035,0.0412,0.0205,0.0072,0.08136484,water
0.0358,0.0434,0.02,0.0074,0.09595962,water
0.0358,0.04355,0.022,0.0076,0.09766857,water
0.03555,0.04545,0.02195,0.00805,0.12222222,water
0.03625,0.04495,0.02185,0.00825,0.10714287,water
0.03525,0.04555,0.0227,0.00805,0.12747525,water
0.03495,0.04525,0.02065,0.00855,0.12842892,water
0.0347,0.04445,0.0222,0.0087,0.12318385,water
0.035,0.04475,0.02235,0.0085,0.12225707,water
0.0359,0.04605,0.0222,0.0091,0.123856016,water
0.0363,0.04545,0.0226,0.0083,0.111926585,water
0.03615,0.0458,0.0237,0.00825,0.11775472,water
0.03635,0.04595,0.02545,0.00915,0.1166464,water
0.03755,0.04545,0.02445,0.0089,0.09518072,water
0.03835,0.04745,0.02555,0.00915,0.10606058,water
0.04135,0.0481,0.0264,0.0092,0.075461134,water
0.04215,0.04965,0.02655,0.00915,0.08169935,water
0.0439,0.04845,0.0271,0.00885,0.04926907,water
0.0439,0.0485,0.027,0.00885,0.049783546,water
0.0419,0.0491,0.02515,0.0087,0.07912086,water
0.0442,0.0496,0.02895,0.0096,0.057569318,water
0.0449,0.05205,0.0285,0.0092,0.07374934,water
0.0449,0.05205,0.0285,0.0092,0.07374934,water
0.04235,0.04975,0.0273,0.00935,0.08034743,water
0.03885,0.0479,0.0259,0.00915,0.10432277,water
0.04055,0.048,0.0264,0.0096,0.08413325,water
0.0412,0.0495,0.02755,0.0098,0.09151046,water
0.04075,0.04985,0.0286,0.01,0.10044148,water
0.04105,0.0504,0.02905,0.0103,0.10224169,water
0.042,0.05165,0.02895,0.0102,0.10304324,water
0.04285,0.0521,0.02975,0.0105,0.0974197,water
0.04765,0.0525,0.0298,0.0106,0.048427362,water
0.04875,0.05645,0.03075,0.0106,0.07319392,water
0.0445,0.0563,0.0297,0.0106,0.11706348,water
0.0444,0.0572,0.0295,0.0107,0.12598427,water
0.0416,0.0563,0.0297,0.0107,0.1501532,water
0.0421,0.0505,0.0291,0.0107,0.09071275,water
0.0384,0.0474,0.0283,0.0108,0.10489509,water
0.0391,0.0432,0.0232,0.00855,0.049817767,water
0.0367,0.04345,0.0232,0.00855,0.08421712,water
0.03795,0.0436,0.02405,0.00845,0.06928263,water
0.03625,0.04385,0.0228,0.008,0.09488142,water
0.03625,0.04455,0.023,0.0079,0.10272281,water
0.03765,0.04555,0.02305,0.00775,0.09495192,water
0.03735,0.0441,0.0229,0.00745,0.08287296,water
0.0354,0.0442,0.02315,0.00775,0.110552765,water
0.0354,0.0442,0.02315,0.00775,0.110552765,water
0.0358,0.04255,0.02275,0.00755,0.08615191,water
0.03595,0.044,0.0227,0.00765,0.100687906,water
0.0355,0.04415,0.02225,0.00795,0.108600095,water
0.03405,0.04325,0.02245,0.0075,0.11901681,water
0.0355,0.04325,0.02245,0.0074,0.09841266,water
0.0357,0.0419,0.0211,0.00715,0.07989691,water
0.03565,0.0423,0.02055,0.0079,0.08531111,water
0.03675,0.04265,0.0208,0.00715,0.07430729,water
0.0347,0.0431,0.0209,0.0074,0.107969165,water
0.03485,0.0408,0.01975,0.0075,0.07865168,water
0.0348,0.04335,0.02185,0.00785,0.10940498,water
0.0363,0.0465,0.0224,0.00825,0.12318842,water
0.03525,0.0456,0.02205,0.00805,0.12801483,water
0.035,0.04285,0.0224,0.00845,0.10083492,water
0.0356,0.0441,0.02145,0.0085,0.106649965,water
0.03645,0.04455,0.02245,0.0091,0.10000004,water
0.03555,0.04395,0.0219,0.0086,0.10566039,water
0.0356,0.0446,0.02215,0.00895,0.112219445,water
0.03595,0.0453,0.02205,0.0083,0.11507691,water
0.0365,0.0432,0.0221,0.0089,0.084065266,water
0.03665,0.0455,0.0251,0.0096,0.10772978,water
0.04005,0.04825,0.0269,0.00875,0.092865236,water
0.0392,0.04735,0.02665,0.00925,0.09416523,water
0.04025,0.0479,0.0266,0.00905,0.086783886,water
0.04265,0.04975,0.02665,0.0092,0.076839834,water
0.0426,0.0488,0.02705,0.009,0.06783371,water
0.04075,0.0495,0.02685,0.00855,0.0969529,water
0.04,0.0467,0.0245,0.00775,0.07727799,water
0.0412,0.04875,0.02475,0.0086,0.08393549,water
0.04225,0.04915,0.0258,0.00885,0.07549236,water
0.04225,0.04915,0.0258,0.00885,0.07549236,water
0.04195,0.04795,0.0279,0.0094,0.06674083,water
0.0424,0.0491,0.0282,0.00945,0.07322406,water
0.04255,0.0499,0.02855,0.0096,0.07950241,water
0.04105,0.05065,0.02895,0.00965,0.104689226,water
0.0407,0.04905,0.0285,0.0098,0.09303621,water
0.04175,0.04855,0.02875,0.01005,0.07530454,water
0.0409,0.0508,0.0295,0.01035,0.10796074,water
0.04445,0.0533,0.0304,0.01045,0.09053709,water
0.04485,0.0533,0.0296,0.0106,0.08609273,water
0.0457,0.0531,0.0289,0.0105,0.07489881,water
0.0469,0.0485,0.0293,0.0106,0.016771497,water
0.0445,0.0551,0.0284,0.0106,0.10642571,water
0.042,0.0498,0.0294,0.0103,0.08496734,water
0.0386,0.0478,0.0283,0.0103,0.10648147,water
0.0394,0.047,0.0283,0.0106,0.08796294,water
0.0369,0.0422,0.02335,0.00825,0.0670038,water
0.03685,0.0438,0.0231,0.0082,0.08617481,water
0.0369,0.0438,0.0231,0.008,0.08550188,water
0.0359,0.0426,0.0216,0.0073,0.08535029,water
0.03555,0.0441,0.0225,0.007,0.10734467,water
0.03605,0.04315,0.0228,0.0073,0.08964648,water
0.03495,0.0423,0.02325,0.00745,0.09514564,water
0.03585,0.04305,0.0228,0.00775,0.09125475,water
0.03585,0.04305,0.0228,0.00775,0.09125475,water
0.03575,0.0418,0.0221,0.0075,0.07801416,water
0.03495,0.0422,0.0221,0.0075,0.09397277,water
0.03385,0.04355,0.0214,0.0074,0.125323,water
0.0347,0.0434,0.02125,0.00695,0.11139568,water
0.0356,0.0432,0.02045,0.0071,0.09644672,water
0.035,0.0417,0.02095,0.00705,0.08735334,water
0.0359,0.0419,0.0209,0.0075,0.07712083,water
0.03365,0.04255,0.02025,0.00705,0.116797924,water
0.0337,0.04145,0.02015,0.00745,0.10312709,water
0.0348,0.0415,0.02025,0.00745,0.08781125,water
0.03475,0.0434,0.0215,0.00775,0.11068459,water
0.0369,0.04365,0.02195,0.0079,0.083798915,water
0.03545,0.0444,0.02225,0.00785,0.11208514,water
0.0342,0.0442,0.0219,0.00815,0.12755099,water
0.03575,0.0439,0.0227,0.00865,0.10232266,water
0.03565,0.04465,0.0247,0.00935,0.112079695,water
0.03485,0.0456,0.0232,0.0092,0.13362336,water
0.0358,0.0455,0.0224,0.0092,0.1193112,water
0.0368,0.04745,0.0253,0.0093,0.12640947,water
0.0389,0.04695,0.0252,0.00995,0.093768224,water
0.04,0.0476,0.02565,0.00965,0.08675801,water
0.0431,0.048,0.0267,0.01015,0.053787056,water
0.0423,0.0478,0.0272,0.0098,0.06104328,water
0.0415,0.0476,0.026,0.009,0.06846243,water
0.0429,0.0477,0.0248,0.0092,0.052980125,water
0.0422,0.04955,0.02685,0.00915,0.080109015,water
0.03975,0.0477,0.0244,0.00845,0.0909091,water
0.04105,0.04575,0.02455,0.00865,0.054147486,water
0.0393,0.04655,0.0241,0.00895,0.08444962,water
0.04245,0.04945,0.0259,0.0094,0.076169744,water
0.04245,0.04945,0.0259,0.0094,0.076169744,water
0.0428,0.04995,0.0271,0.00955,0.07708893,water
0.0427,0.05145,0.02855,0.00955,0.09293679,water
0.045,0.0511,0.02865,0.00965,0.063475534,water
0.04445,0.04995,0.0289,0.0098,0.05826271,water
0.04125,0.0487,0.0287,0.0098,0.08282378,water
0.0414,0.048,0.0286,0.0101,0.0738255,water
0.04135,0.0494,0.02915,0.01015,0.08870526,water
0.0416,0.05155,0.0288,0.0104,0.10681696,water
0.0429,0.05255,0.0296,0.0104,0.10110005,water
0.0461,0.0483,0.0291,0.00975,0.023305085,water
0.0443,0.0493,0.0294,0.0106,0.05341879,water
0.04,0.0466,0.0283,0.0102,0.07621247,water
0.037,0.0451,0.0267,0.0103,0.098660156,water
0.0368,0.0463,0.0256,0.0101,0.11432009,water
0.0386,0.0458,0.025,0.0103,0.085308045,water
0.03515,0.04175,0.02185,0.008,0.08582575,water
0.0357,0.04155,0.02215,0.0079,0.07572813,water
0.0365,0.04355,0.0232,0.00775,0.08806996,water
0.03545,0.04125,0.02095,0.007,0.07561931,water
0.0357,0.04385,0.02255,0.0069,0.102451295,water
0.0362,0.04295,0.02245,0.0071,0.08528109,water
0.03755,0.0432,0.0225,0.00745,0.069969065,water
0.03755,0.0433,0.02215,0.00735,0.07111937,water
0.03755,0.0433,0.02215,0.00735,0.07111937,water
0.0367,0.043,0.02155,0.0074,0.07904645,water
0.0365,0.04125,0.0219,0.00745,0.06109328,water
0.03455,0.04085,0.0219,0.00705,0.083554365,water
0.0341,0.0428,0.02115,0.00695,0.11313396,water
0.03505,0.0427,0.02005,0.00695,0.09839228,water
0.03495,0.0426,0.0208,0.0071,0.09864603,water
0.03465,0.04265,0.0205,0.0072,0.103492856,water
0.0338,0.0399,0.02025,0.00685,0.082768016,water
0.0345,0.0416,0.02,0.00705,0.09329831,water
0.0337,0.0435,0.0202,0.00745,0.12694299,water
0.0364,0.04305,0.0208,0.00785,0.08370041,water
0.0373,0.0425,0.0206,0.00785,0.06516289,water
0.0357,0.04575,0.02225,0.00785,0.123388566,water
0.0363,0.04465,0.02235,0.0079,0.10315009,water
0.0383,0.04705,0.02425,0.00925,0.10251903,water
0.0379,0.04575,0.02615,0.0093,0.09384338,water
0.0374,0.04775,0.0269,0.0101,0.1215502,water
0.03845,0.04745,0.02575,0.01025,0.10477299,water
0.03915,0.04735,0.0257,0.0098,0.09479769,water
0.03905,0.04715,0.02585,0.0092,0.09396751,water
0.0401,0.04775,0.0259,0.0097,0.08708023,water
0.04055,0.0491,0.026,0.00965,0.095370874,water
0.0425,0.04745,0.0265,0.01,0.055030555,water
0.0415,0.0488,0.02805,0.0095,0.08084165,water
0.04295,0.04945,0.0264,0.00905,0.0703463,water
0.04305,0.0477,0.02445,0.00915,0.051239677,water
0.042,0.0477,0.02565,0.00915,0.063545145,water
0.04025,0.04635,0.0251,0.00925,0.07043879,water
0.04115,0.04845,0.0267,0.00915,0.081473224,water
0.04105,0.04895,0.02665,0.00975,0.08777781,water
0.04105,0.04895,0.02665,0.00975,0.08777781,water
0.0416,0.0491,0.0272,0.00995,0.08269019,water
0.0421,0.04865,0.0273,0.0101,0.0721763,water
0.04495,0.05,0.0288,0.0104,0.053185884,water
0.04415,0.04815,0.0279,0.01045,0.043336954,water
0.0419,0.04635,0.02675,0.0102,0.0504249,water
0.04185,0.0456,0.0267,0.0098,0.04288165,water
0.0413,0.04735,0.02895,0.01015,0.06824593,water
0.0419,0.04785,0.029,0.0104,0.06629526,water
0.04105,0.0478,0.0285,0.0105,0.07597077,water
0.0399,0.04735,0.0265,0.0102,0.08538681,water
0.0403,0.0467,0.0266,0.0103,0.073563226,water
0.0395,0.0469,0.026,0.0099,0.08564813,water
0.0374,0.0446,0.025,0.0099,0.08780486,water
0.0354,0.0447,0.0248,0.0091,0.11610488,water
0.0366,0.0459,0.0247,0.0099,0.11272725,water
0.03475,0.0425,0.023,0.00785,0.10032363,water
0.0337,0.0415,0.02255,0.0081,0.10372338,water
0.03545,0.04005,0.0206,0.00715,0.06092715,water
0.0358,0.0423,0.02215,0.00735,0.083226666,water
0.03665,0.044,0.0227,0.00695,0.09113455,water
0.0368,0.0447,0.02275,0.0072,0.09693251,water
0.03765,0.0433,0.0217,0.00725,0.06979615,water
0.0379,0.0421,0.02245,0.00745,0.052500006,water
0.0379,0.0421,0.02245,0.00745,0.052500006,water
0.03785,0.0427,0.02265,0.00725,0.06021105,water
0.0371,0.04135,0.0218,0.00715,0.05417465,water
0.03395,0.04075,0.0214,0.0068,0.091030784,water
0.03325,0.04215,0.02145,0.00695,0.11803711,water
0.03465,0.04255,0.0202,0.00675,0.10233159,water
0.0351,0.04225,0.0213,0.0074,0.09243695,water
0.03345,0.0407,0.02,0.0073,0.09777478,water
0.03295,0.04025,0.0198,0.007,0.09972678,water
0.0328,0.0411,0.01965,0.007,0.112313926,water
0.0366,0.04355,0.0203,0.00715,0.0867124,water
0.037,0.0446,0.0218,0.0073,0.09313724,water
0.038,0.04445,0.0222,0.0078,0.07822924,water
0.0389,0.04525,0.0221,0.0079,0.07546048,water
0.0372,0.0445,0.0223,0.008,0.0893513,water
0.0377,0.0458,0.0246,0.00935,0.09700598,water
0.03765,0.0443,0.025,0.00945,0.08114705,water
0.03725,0.04765,0.02635,0.01005,0.12249702,water
0.03815,0.0477,0.0257,0.0104,0.111240506,water
0.0393,0.04675,0.0263,0.01005,0.0865776,water
0.03935,0.045,0.02635,0.00995,0.066982836,water
0.0402,0.0493,0.0258,0.0102,0.101675995,water
0.04155,0.04915,0.02615,0.00975,0.083792746,water
0.04085,0.04895,0.0272,0.0098,0.09020048,water
0.0401,0.0493,0.02785,0.00985,0.10290827,water
0.0399,0.0487,0.02515,0.0093,0.099322796,water
0.03945,0.0472,0.0243,0.0092,0.089440286,water
0.041,0.0465,0.0235,0.00935,0.062857136,water
0.0412,0.04755,0.0268,0.0096,0.07154929,water
0.0406,0.04835,0.0265,0.0097,0.08712757,water
0.0406,0.04835,0.0265,0.0097,0.08712757,water
0.03995,0.04795,0.0267,0.0095,0.09101253,water
0.0401,0.04805,0.02755,0.0102,0.090187185,water
0.0419,0.0481,0.02735,0.01015,0.06888885,water
0.04235,0.04815,0.0279,0.0105,0.064088374,water
0.0405,0.04625,0.02625,0.0105,0.06628243,water
0.0396,0.0464,0.02625,0.0105,0.07906977,water
0.0397,0.0457,0.02675,0.0102,0.07025758,water
0.0383,0.04565,0.0276,0.0103,0.08755214,water
0.0393,0.0463,0.0278,0.01025,0.08177573,water
0.03865,0.0472,0.02655,0.01035,0.09959235,water
0.03645,0.0461,0.0237,0.00985,0.11689888,water
0.0385,0.0475,0.0248,0.0099,0.10465116,water
0.0375,0.0473,0.0252,0.0098,0.11556601,water
0.0381,0.045,0.0245,0.0089,0.0830325,water
0.0358,0.0448,0.0242,0.0088,0.11166254,water
0.0359,0.0451,0.0252,0.01,0.113580234,water
0.03375,0.04335,0.02345,0.00855,0.1245136,water
0.0348,0.04095,0.0213,0.0086,0.08118811,water
0.03515,0.04165,0.02015,0.00755,0.08463544,water
0.0352,0.0422,0.021,0.0071,0.09043927,water
0.0363,0.04375,0.0212,0.007,0.09306683,water
0.03635,0.0444,0.0219,0.0071,0.09969038,water
0.03725,0.0442,0.02085,0.00705,0.0853284,water
0.03725,0.0442,0.02085,0.00705,0.0853284,water
0.0371,0.0425,0.0219,0.0072,0.06783922,water
0.03725,0.04235,0.0223,0.0072,0.06407035,water
0.0368,0.04035,0.0213,0.00705,0.046014264,water
0.03515,0.039,0.02075,0.0068,0.051921807,water
0.03375,0.0398,0.02135,0.00705,0.08225694,water
0.0344,0.0407,0.0197,0.0069,0.08388813,water
0.0346,0.04185,0.0212,0.0071,0.09483322,water
0.03325,0.0421,0.0199,0.00685,0.1174519,water
0.03325,0.0399,0.02005,0.00705,0.0909091,water
0.0331,0.04115,0.02005,0.00705,0.10841749,water
0.03445,0.04215,0.02035,0.0071,0.10052219,water
0.03625,0.0438,0.0203,0.007,0.094316065,water
0.03615,0.0448,0.02215,0.00785,0.106856056,water
0.0377,0.0449,0.0221,0.0079,0.08716706,water
0.03535,0.0446,0.0227,0.00825,0.11569732,water
0.0368,0.0451,0.02325,0.0092,0.10134309,water
0.03855,0.04525,0.0252,0.0089,0.07995224,water
0.038,0.0467,0.02565,0.00955,0.102715485,water
0.03825,0.04835,0.0257,0.0099,0.11662817,water
0.03855,0.0485,0.0256,0.01005,0.11430213,water
0.0406,0.04645,0.0254,0.0101,0.06720273,water
0.04055,0.0486,0.02575,0.00975,0.09029724,water
0.03985,0.04895,0.02635,0.00995,0.10247749,water
0.0411,0.04935,0.0272,0.0098,0.09121063,water
0.0399,0.04925,0.02785,0.0099,0.1048794,water
0.03925,0.04755,0.0238,0.0098,0.09562211,water
0.0398,0.04545,0.02335,0.0096,0.06627565,water
0.03865,0.04665,0.02405,0.0096,0.09378665,water
0.04045,0.0467,0.0267,0.0097,0.07171545,water
0.04285,0.0487,0.0266,0.0097,0.06389953,water
0.04285,0.0487,0.0266,0.0097,0.06389953,water
0.0399,0.04795,0.02705,0.0094,0.09163345,water
0.04095,0.04705,0.0275,0.01015,0.06931817,water
0.0409,0.04725,0.0278,0.01015,0.0720363,water
0.0417,0.0471,0.02755,0.01035,0.060810793,water
0.0406,0.0457,0.0258,0.0102,0.05909614,water
0.03725,0.04575,0.026,0.0101,0.102409616,water
0.0358,0.04595,0.0262,0.01015,0.12415903,water
0.0364,0.0455,0.0262,0.0102,0.11111108,water
0.039,0.0455,0.02635,0.0103,0.07692306,water
0.03745,0.04505,0.0241,0.0103,0.0921212,water
0.03615,0.0455,0.0232,0.0091,0.11451314,water
0.0378,0.0476,0.0253,0.0098,0.11475412,water
0.039,0.048,0.0254,0.0088,0.10344827,water
0.037,0.0466,0.0251,0.0089,0.11483252,water
0.0366,0.0455,0.0238,0.01,0.10840435,water
0.0354,0.0443,0.0254,0.01,0.11166878,water
0.0374,0.0448,0.02225,0.00845,0.090024315,water
0.0351,0.0429,0.0209,0.0084,0.09999997,water
0.0336,0.04205,0.02095,0.0078,0.111698635,water
0.03525,0.0436,0.02035,0.0073,0.10589727,water
0.03515,0.0424,0.0206,0.0073,0.093488075,water
0.0349,0.04215,0.0208,0.00735,0.09409474,water
0.0365,0.0424,0.0201,0.0071,0.0747782,water
0.0365,0.0424,0.0201,0.0071,0.0747782,water
0.0367,0.04245,0.02025,0.0071,0.07264688,water
0.0367,0.041,0.0214,0.00715,0.05534108,water
0.03675,0.0392,0.0208,0.00715,0.03225807,water
0.0345,0.039,0.0202,0.007,0.061224513,water
0.0345,0.0393,0.02035,0.007,0.06504064,water
0.0347,0.03995,0.0197,0.0069,0.07032819,water
0.03445,0.0398,0.02065,0.0073,0.07205389,water
0.0331,0.04175,0.02045,0.007,0.11556443,water
0.0334,0.04235,0.0198,0.007,0.11815184,water
0.0325,0.04155,0.01915,0.0069,0.122214735,water
0.03405,0.0431,0.02025,0.0074,0.11730395,water
0.03585,0.0439,0.02035,0.00705,0.100940466,water
0.0355,0.0443,0.0203,0.00695,0.110275686,water
0.03695,0.04315,0.02205,0.0072,0.077403255,water
0.03635,0.046,0.0242,0.0083,0.11718275,water
0.0351,0.04585,0.0233,0.00825,0.132798,water
0.03695,0.045,0.0238,0.00855,0.09823065,water
0.03675,0.04495,0.0239,0.00935,0.10036721,water
0.0388,0.0477,0.02545,0.00965,0.10289014,water
0.0372,0.04785,0.0259,0.01,0.12522048,water
0.0388,0.0468,0.02525,0.0101,0.093457915,water
0.03955,0.04855,0.02415,0.0097,0.10215663,water
0.0392,0.04985,0.0254,0.0097,0.119595714,water
0.04155,0.0502,0.0261,0.0099,0.09427795,water
0.04315,0.049,0.02655,0.00965,0.06348343,water
0.0407,0.04845,0.0243,0.0103,0.08693215,water
0.0367,0.0465,0.0236,0.01025,0.117788486,water
0.0385,0.046,0.0245,0.0096,0.0887574,water
0.0381,0.04665,0.02675,0.00965,0.10088495,water
0.03915,0.0474,0.02695,0.00965,0.09532065,water
0.03915,0.0474,0.02695,0.00965,0.09532065,water
0.03945,0.04685,0.02655,0.00945,0.085747376,water
0.03955,0.0461,0.0272,0.0102,0.076474056,water
0.03925,0.0464,0.028,0.0097,0.083479255,water
0.04085,0.04675,0.0275,0.01005,0.06735163,water
0.04075,0.04535,0.0254,0.01,0.053426247,water
0.0362,0.04645,0.02525,0.0101,0.12401691,water
0.0358,0.04705,0.02595,0.0102,0.13578758,water
0.0383,0.04605,0.026,0.0102,0.09187908,water
0.0391,0.0456,0.02585,0.0102,0.076741464,water
0.0368,0.04585,0.02535,0.01,0.10949788,water
0.0355,0.04535,0.02455,0.0092,0.12183053,water
0.0377,0.0478,0.0252,0.0085,0.11812865,water
0.0394,0.0475,0.0253,0.0092,0.093210585,water
0.0368,0.0464,0.0248,0.01,0.1153846,water
0.0367,0.0454,0.025,0.01,0.10596835,water
0.0377,0.0437,0.0272,0.01,0.07371004,water
0.0408,0.0455,0.0241,0.0093,0.054461155,water
0.0354,0.0451,0.0242,0.0087,0.1204969,water
0.0361,0.0442,0.0229,0.0084,0.10087172,water
0.0357,0.0446,0.0223,0.0079,0.11083434,water
0.0355,0.0435,0.022,0.0075,0.101265796,water
0.0365,0.0428,0.022,0.0076,0.079445176,water
0.0365,0.0421,0.0215,0.0074,0.07124684,water
0.0365,0.0421,0.0215,0.0074,0.07124684,water
0.037,0.0416,0.0215,0.0073,0.058524165,water
0.0371,0.0398,0.0211,0.0071,0.03511055,water
0.0351,0.0398,0.0217,0.007,0.0627503,water
0.0376,0.0408,0.0211,0.0073,0.04081635,water
0.0362,0.0408,0.021,0.0072,0.05974025,water
0.0345,0.0412,0.0206,0.0067,0.08850729,water
0.0347,0.0402,0.0205,0.0074,0.07343124,water
0.0329,0.0404,0.0201,0.0072,0.10231918,water
0.0324,0.0412,0.0196,0.0073,0.11956521,water
0.034,0.0435,0.0203,0.007,0.1225806,water
0.0357,0.0442,0.023,0.0076,0.106382966,water
0.0369,0.0442,0.0233,0.0081,0.090012334,water
0.0366,0.0448,0.0201,0.008,0.100737065,water
0.0381,0.0444,0.0225,0.0075,0.07636362,water
0.0386,0.0476,0.0256,0.0082,0.104408346,water
0.0379,0.048,0.026,0.0089,0.11757857,water
0.036,0.046,0.0237,0.0094,0.12195124,water
0.03725,0.0455,0.0226,0.009,0.099697866,water
0.03775,0.0467,0.0244,0.009,0.1059799,water
0.03725,0.04775,0.02535,0.00985,0.1235294,water
0.03835,0.0461,0.0248,0.01015,0.091770284,water
0.03955,0.0478,0.0242,0.0097,0.09444765,water
0.04105,0.04905,0.0239,0.0098,0.08879025,water
0.04015,0.04875,0.02515,0.00975,0.09673787,water
0.04215,0.04795,0.02415,0.00985,0.064372934,water
0.04065,0.0478,0.0261,0.0098,0.08083665,water
0.0379,0.0457,0.0275,0.0101,0.09330141,water
0.0388,0.04675,0.02575,0.00965,0.09292811,water
0.0391,0.0493,0.02705,0.00965,0.11538463,water
0.03925,0.049,0.0274,0.0096,0.11048156,water
0.03925,0.049,0.0274,0.0096,0.11048156,water
0.0395,0.04765,0.027,0.0102,0.093516886,water
0.0384,0.047,0.02715,0.01005,0.10070254,water
0.0397,0.0475,0.02785,0.00975,0.08944952,water
0.0403,0.04675,0.02715,0.01005,0.07409535,water
0.03995,0.04585,0.0267,0.01,0.068764605,water
0.0375,0.04605,0.02675,0.01025,0.10233392,water
0.03715,0.0463,0.0268,0.0105,0.109646514,water
0.03895,0.04585,0.02745,0.01045,0.08136793,water
0.03865,0.0467,0.02745,0.01045,0.09431754,water
0.0372,0.0454,0.0264,0.00995,0.09927362,water
0.0363,0.04535,0.02425,0.0094,0.11083895,water
0.03545,0.04595,0.02325,0.00965,0.12899262,water
0.03535,0.04545,0.0227,0.0095,0.125,water
0.03535,0.04555,0.02385,0.0097,0.1260816,water
0.03645,0.04595,0.025,0.0095,0.115291275,water
0.03715,0.04435,0.02565,0.00975,0.08834355,water
0.0397,0.0451,0.0262,0.0097,0.06367922,water
0.0391,0.045,0.0263,0.0089,0.070154615,water
0.0372,0.0454,0.0239,0.0085,0.09927362,water
0.0359,0.0449,0.0217,0.0078,0.111386135,water
0.0359,0.044,0.0219,0.0071,0.10137672,water
0.0355,0.0438,0.0213,0.0075,0.10466581,water
0.0372,0.0429,0.0214,0.0077,0.07116105,water
0.0372,0.0429,0.0214,0.0077,0.07116105,water
0.0363,0.0416,0.0209,0.0076,0.068035945,water
0.0357,0.0402,0.0191,0.0071,0.05928851,water
0.0363,0.0401,0.0206,0.0069,0.049738236,water
0.0382,0.0457,0.0245,0.0073,0.08939214,water
0.0361,0.0418,0.0215,0.0072,0.07317073,water
0.033,0.0403,0.0209,0.0073,0.099590726,water
0.0334,0.0405,0.0204,0.0078,0.096075796,water
0.0336,0.0409,0.0204,0.0073,0.097986594,water
0.0347,0.0407,0.0194,0.0074,0.07957561,water
0.0334,0.0402,0.0206,0.0073,0.092391305,water
0.0366,0.044,0.0239,0.0082,0.091811396,water
0.0371,0.0458,0.024,0.0081,0.10494574,water
0.0361,0.047,0.0205,0.0081,0.13116725,water
0.0359,0.0432,0.0242,0.0082,0.092288256,water
0.0401,0.0481,0.0262,0.0089,0.09070292,water
0.0401,0.0493,0.0265,0.0092,0.10290827,water
0.0389,0.048,0.0269,0.0094,0.10471809,water
0.04,0.04655,0.02305,0.0085,0.07567879,water
0.03695,0.04555,0.02315,0.0088,0.10424244,water
0.03875,0.04485,0.0223,0.00935,0.07296649,water
0.03875,0.047,0.02315,0.00965,0.09620989,water
0.0393,0.0481,0.0254,0.01,0.100686505,water
0.04075,0.0461,0.02545,0.0103,0.061600473,water
0.0399,0.04565,0.0256,0.0099,0.06721216,water
0.03995,0.0459,0.02615,0.00955,0.06930693,water
0.03805,0.04725,0.0274,0.00995,0.10785463,water
0.04165,0.0483,0.02815,0.01025,0.073929965,water
0.03885,0.0493,0.02865,0.01045,0.11854796,water
0.0403,0.04965,0.0288,0.011,0.10394662,water
0.0403,0.04965,0.0288,0.011,0.10394662,water
0.041,0.04855,0.0271,0.0106,0.08431041,water
0.0397,0.0488,0.02775,0.0113,0.10282483,water
0.0399,0.0482,0.0278,0.0104,0.09421111,water
0.04135,0.0487,0.02755,0.0097,0.08162134,water
0.04005,0.0478,0.02685,0.0099,0.08821856,water
0.0395,0.04725,0.0267,0.0101,0.08933714,water
0.03605,0.04695,0.0261,0.01055,0.13132532,water
0.0369,0.04715,0.0256,0.0105,0.121951245,water
0.0397,0.04805,0.0275,0.01065,0.09515669,water
0.03885,0.04825,0.0272,0.0102,0.10792196,water
0.0368,0.04635,0.0262,0.0096,0.11485265,water
0.03745,0.0469,0.0262,0.00935,0.11203319,water
0.03745,0.0457,0.0267,0.00995,0.09921826,water
0.0384,0.0459,0.02595,0.01005,0.088967934,water
0.03915,0.0457,0.02625,0.01005,0.07719504,water
0.0379,0.0454,0.0254,0.01005,0.09003601,water
0.03705,0.04545,0.02675,0.0101,0.10181815,water
0.0389,0.0459,0.0266,0.0104,0.082547165,water
0.0399,0.045,0.0259,0.0104,0.060070675,water
0.0382,0.0457,0.0241,0.0105,0.08939214,water
0.0359,0.0455,0.0219,0.0086,0.117936105,water
0.0357,0.044,0.0212,0.0073,0.10414051,water
0.0358,0.0439,0.0204,0.0077,0.10163116,water
0.0358,0.0439,0.0204,0.0077,0.10163116,water
0.0375,0.0428,0.0207,0.0074,0.06600249,water
0.0368,0.0447,0.0228,0.0077,0.09693251,water
0.0383,0.0427,0.024,0.0075,0.054320987,water
0.0371,0.0399,0.023,0.0072,0.036363672,water
0.0373,0.0452,0.0248,0.0074,0.09575757,water
0.035,0.0442,0.0245,0.0075,0.11616161,water
0.0346,0.0401,0.0206,0.0077,0.073627844,water
0.0343,0.0408,0.0207,0.008,0.08655129,water
0.0344,0.041,0.0208,0.0075,0.08753315,water
0.0335,0.0411,0.0194,0.0076,0.10187666,water
0.0335,0.0411,0.0197,0.0078,0.10187666,water
0.0373,0.0462,0.0239,0.0081,0.10658681,water
0.0384,0.0472,0.0227,0.0082,0.10280374,water
0.0369,0.044,0.0204,0.0081,0.08776268,water
0.0365,0.0432,0.0223,0.0082,0.084065266,water
0.0415,0.048,0.0254,0.0082,0.07262573,water
0.0417,0.0474,0.0266,0.0093,0.063973054,water
0.0368,0.0461,0.0242,0.0093,0.11218336,water
0.0383,0.0477,0.0228,0.00875,0.10930232,water
0.0394,0.04575,0.02225,0.009,0.07457427,water
0.0389,0.04515,0.0214,0.0096,0.07436052,water
0.03865,0.0472,0.0246,0.0101,0.09959235,water
0.03835,0.0501,0.0258,0.01025,0.13284339,water
0.0406,0.0506,0.0258,0.0102,0.1096491,water
0.0426,0.0507,0.02775,0.00985,0.08681675,water
0.04365,0.04975,0.02795,0.0099,0.06531048,water
0.0396,0.049,0.02805,0.00995,0.1060948,water
0.04245,0.0512,0.02835,0.0099,0.093432985,water
0.04195,0.0505,0.0291,0.0104,0.092482455,water
0.0411,0.0509,0.0291,0.01055,0.10652176,water
0.0411,0.0509,0.0291,0.01055,0.10652176,water
0.0406,0.0494,0.0278,0.01105,0.09777778,water
0.04145,0.04955,0.02785,0.01095,0.089010976,water
0.0425,0.04865,0.027,0.0104,0.0674712,water
0.04155,0.04925,0.02695,0.01045,0.08480176,water
0.039,0.04765,0.0267,0.0099,0.09982686,water
0.03835,0.04705,0.02645,0.0101,0.10187352,water
0.03685,0.04615,0.02605,0.0105,0.11204816,water
0.03775,0.04805,0.0257,0.0102,0.12004665,water
0.0392,0.0479,0.0276,0.0102,0.09988517,water
0.03685,0.0463,0.0259,0.0103,0.11365003,water
0.03575,0.04625,0.02595,0.0098,0.12804876,water
0.03795,0.0465,0.0267,0.00955,0.101243325,water
0.03765,0.04705,0.0264,0.00995,0.110979915,water
0.0381,0.0478,0.0271,0.01005,0.112922005,water
0.03905,0.0477,0.02755,0.01005,0.09971178,water
0.0387,0.0481,0.02765,0.01005,0.10829493,water
0.0384,0.0477,0.02835,0.01005,0.108013906,water
0.0405,0.0463,0.0272,0.0104,0.06682029,water
0.0423,0.0453,0.026,0.0105,0.03424656,water
0.0409,0.0456,0.0246,0.0092,0.054335274,water
0.039,0.0453,0.0239,0.0088,0.074733086,water
0.0361,0.0443,0.0211,0.0082,0.10199006,water
0.0359,0.0437,0.0207,0.0076,0.097989924,water
0.0359,0.0437,0.0207,0.0076,0.097989924,water
0.0381,0.0448,0.024,0.0077,0.08082024,water
0.0374,0.0454,0.024,0.0074,0.09661837,water
0.0368,0.0442,0.024,0.0077,0.091358006,water
0.0354,0.04,0.0228,0.0078,0.061007958,water
0.0367,0.0441,0.0246,0.007,0.09158419,water
0.0368,0.046,0.0242,0.0075,0.111111104,water
0.0366,0.0455,0.0241,0.008,0.10840435,water
0.0362,0.0466,0.0241,0.0081,0.12560382,water
0.0354,0.0471,0.0243,0.0085,0.1418182,water
0.0344,0.0413,0.0202,0.008,0.09114924,water
0.0335,0.0419,0.0204,0.0081,0.11140584,water
0.0369,0.0455,0.0239,0.0081,0.10436894,water
0.038,0.0451,0.0218,0.0083,0.08543924,water
0.0385,0.0409,0.0199,0.0082,0.030226694,water
0.0386,0.0433,0.0201,0.0077,0.057387028,water
0.0393,0.0463,0.0204,0.0081,0.08177573,water
0.0382,0.0463,0.0241,0.0083,0.09585802,water
0.0375,0.046,0.0241,0.0091,0.101796396,water
0.0381,0.0471,0.02185,0.00835,0.1056338,water
0.0389,0.0466,0.02255,0.0091,0.090058476,water
0.0381,0.0466,0.02325,0.0094,0.10035417,water
0.03805,0.0471,0.0252,0.00985,0.10628303,water
0.04055,0.0494,0.02645,0.01025,0.098388,water
0.04015,0.05045,0.02605,0.0094,0.113686524,water
0.0408,0.04995,0.02615,0.00955,0.10082643,water
0.04105,0.04865,0.02795,0.0099,0.08472689,water
0.0396,0.04885,0.02695,0.0097,0.10457886,water
0.04105,0.0502,0.02815,0.01,0.100274,water
0.04225,0.04955,0.0287,0.0103,0.0795207,water
0.0405,0.04895,0.02725,0.01065,0.094466195,water
0.0405,0.04895,0.02725,0.01065,0.094466195,water
0.0395,0.0474,0.0262,0.01005,0.090909086,water
0.0404,0.047,0.0264,0.01065,0.075514875,water
0.0396,0.04765,0.02655,0.01035,0.0922636,water
0.0393,0.04785,0.02615,0.0104,0.09810675,water
0.03825,0.04665,0.0244,0.0099,0.09893994,water
0.0388,0.04695,0.0252,0.0099,0.09504373,water
0.0389,0.04685,0.02645,0.00995,0.092711374,water
0.04065,0.0477,0.02585,0.01015,0.07979627,water
0.0384,0.04655,0.026,0.00985,0.09593874,water
0.0379,0.0462,0.0257,0.01,0.09869202,water
0.03695,0.0456,0.02565,0.00975,0.10478499,water
0.03625,0.04545,0.0262,0.0098,0.11260709,water
0.0372,0.04745,0.027,0.01015,0.12108681,water
0.03795,0.04885,0.02725,0.0101,0.12557602,water
0.03845,0.05045,0.02755,0.01005,0.13498315,water
0.03885,0.05075,0.0278,0.01055,0.13281251,water
0.0383,0.051,0.0286,0.01055,0.14221723,water
0.0422,0.0463,0.0252,0.0099,0.04632771,water
0.0429,0.046,0.0266,0.0104,0.034870643,water
0.0429,0.0463,0.0276,0.0097,0.038116608,water
0.0429,0.0454,0.0269,0.0086,0.028312584,water
0.0414,0.0447,0.0249,0.0085,0.038327526,water
0.0394,0.045,0.0271,0.0086,0.066350736,water
0.0394,0.045,0.0271,0.0086,0.066350736,water
0.0386,0.0454,0.0272,0.0085,0.08095237,water
0.0381,0.0458,0.0246,0.0084,0.09177592,water
0.0358,0.043,0.0244,0.0079,0.09137059,water
0.0361,0.042,0.0235,0.0074,0.07554417,water
0.0351,0.0417,0.0229,0.007,0.08593749,water
0.036,0.0469,0.0241,0.0073,0.13148373,water
0.0362,0.0445,0.0241,0.0081,0.10285004,water
0.0388,0.0504,0.0245,0.0083,0.13004482,water
0.0381,0.05,0.0248,0.0085,0.13507378,water
0.0368,0.0469,0.0245,0.0092,0.12066905,water
0.0357,0.0458,0.0239,0.0081,0.12392637,water
0.036,0.0454,0.0238,0.008,0.11547915,water
0.0378,0.0464,0.0227,0.0078,0.102137774,water
0.0368,0.0443,0.0205,0.008,0.092478424,water
0.0371,0.0426,0.0207,0.0077,0.06900879,water
0.0386,0.0467,0.0222,0.0082,0.09495896,water
0.0343,0.0467,0.0238,0.0082,0.15308644,water
0.0339,0.0467,0.0217,0.0082,0.15880893,water
0.0355,0.0448,0.0215,0.00855,0.115815654,water
0.03595,0.0457,0.02395,0.0092,0.11941209,water
0.03825,0.0467,0.02525,0.0094,0.099470295,water
0.0384,0.0462,0.02595,0.0096,0.09219856,water
0.0404,0.0475,0.0249,0.00945,0.08077362,water
0.0405,0.04785,0.02515,0.009,0.08319187,water
0.04035,0.0477,0.0254,0.009,0.08347527,water
0.03955,0.0481,0.0266,0.009,0.097547054,water
0.0421,0.0487,0.02695,0.0095,0.07268722,water
0.04255,0.05005,0.0279,0.0098,0.08099352,water
0.041,0.0481,0.0278,0.0102,0.07968571,water
0.041,0.0481,0.0278,0.0102,0.07968571,water
0.0408,0.04895,0.0273,0.01065,0.090807796,water
0.03935,0.0474,0.02705,0.01015,0.09279542,water
0.0397,0.0474,0.02705,0.01,0.088404134,water
0.0398,0.0483,0.02505,0.01,0.09648129,water
0.0397,0.04685,0.0249,0.00995,0.08261119,water
0.0384,0.04675,0.02475,0.0099,0.09806224,water
0.03815,0.04675,0.02445,0.00985,0.101295635,water
0.03745,0.0473,0.0255,0.0099,0.116224185,water
0.03795,0.04725,0.02555,0.00995,0.1091549,water
0.03815,0.0462,0.0257,0.01,0.095435664,water
0.03685,0.04565,0.02575,0.00975,0.10666666,water
0.03705,0.0462,0.02555,0.0098,0.10990989,water
0.0379,0.04585,0.0257,0.0101,0.094925374,water
0.03735,0.0483,0.02705,0.0104,0.12784593,water
0.0369,0.04935,0.02735,0.0106,0.14434785,water
0.0397,0.04995,0.0276,0.0105,0.114333495,water
0.041,0.05025,0.0277,0.0107,0.101369865,water
0.041,0.05045,0.02805,0.01075,0.10333515,water
