BLUE,GREEN,RED,NIR,NDVI
0.03145,0.0496,0.0294,0.2924,0.22393586
0.03065,0.04795,0.0289,0.2778,0.22010179
0.03155,0.04755,0.029,0.2881,0.20227559
0.0311,0.05045,0.02865,0.303,0.23727776
0.0301,0.04785,0.0287,0.2773,0.2277101
0.03065,0.0456,0.02915,0.2553,0.19606559
0.03195,0.04945,0.0313,0.2707,0.2149877
0.03345,0.0524,0.0329,0.2986,0.22073384
0.0316,0.05035,0.0324,0.285,0.22879808
0.02845,0.0436,0.02845,0.27135,0.21027067
0.0322,0.0491,0.0308,0.2862,0.20787206
0.0323,0.05125,0.0334,0.3027,0.2268103
0.0303,0.0496,0.03025,0.31085,0.24155194
0.0298,0.0506,0.0283,0.3181,0.25870648
0.0297,0.05265,0.0279,0.3192,0.27868852
0.02895,0.0485,0.02795,0.2965,0.25242093
0.0297,0.0504,0.02875,0.2911,0.25842696
0.0293,0.04965,0.02855,0.2868,0.25775805
0.0302,0.05175,0.0272,0.3129,0.2629652
0.0317,0.05745,0.03065,0.3138,0.28883904
0.0317,0.05745,0.03065,0.3138,0.28883904
0.0347,0.06475,0.03335,0.3615,0.3021619
0.03285,0.06265,0.0315,0.3659,0.31204188
0.03145,0.05595,0.03155,0.3198,0.28032038
0.0303,0.04925,0.03145,0.2895,0.23821494
0.03125,0.05015,0.02925,0.286,0.23218673
0.0291,0.0453,0.02545,0.2777,0.21774192
0.0274,0.04255,0.02515,0.2388,0.2165833
0.03,0.045,0.02795,0.2415,0.20000002
0.0324,0.05005,0.0322,0.2631,0.21406914
0.03235,0.0502,0.03065,0.282,0.21623258
0.03005,0.04905,0.0289,0.2866,0.24020228
0.02845,0.04705,0.02915,0.2651,0.24635763
0.02955,0.0464,0.02975,0.248,0.2218565
0.0303,0.04505,0.02895,0.2384,0.19575313
0.0308,0.04635,0.0281,0.24795,0.20155539
0.03155,0.04825,0.0301,0.2678,0.20927317
0.02995,0.0483,0.0291,0.2744,0.23450479
0.02945,0.0494,0.02975,0.2681,0.25301206
0.0319,0.0527,0.0294,0.2678,0.2458629
0.03245,0.0528,0.03245,0.2615,0.23870964
0.03265,0.04965,0.0363,0.2403,0.20656133
0.03215,0.04925,0.03285,0.2612,0.2100737
0.03075,0.0491,0.03115,0.2634,0.22980587
0.0322,0.0518,0.03165,0.2804,0.23333332
0.03325,0.053,0.03225,0.2934,0.2289855
0.0303,0.05095,0.03015,0.2841,0.25415382
0.03125,0.05105,0.03175,0.2804,0.24058323
0.03245,0.0562,0.034,0.3001,0.2679075
0.03265,0.05525,0.0333,0.2841,0.25711036
0.03265,0.05525,0.0333,0.2841,0.25711036
0.03165,0.05245,0.0335,0.2959,0.24732463
0.03435,0.057,0.03485,0.3176,0.24794744
0.0338,0.055,0.03615,0.2985,0.23873876
0.0334,0.0527,0.03375,0.3109,0.22415799
0.03655,0.0565,0.03765,0.3183,0.21440084
0.03525,0.0574,0.03785,0.2932,0.23907177
0.03185,0.0511,0.03455,0.2704,0.23206754
0.03025,0.0513,0.0318,0.2901,0.25812384
0.02965,0.05055,0.02955,0.3004,0.26059848
0.0306,0.05105,0.03055,0.3051,0.25045925
0.03215,0.05495,0.0314,0.3096,0.26176807
0.02865,0.04825,0.0284,0.2606,0.25487643
0.02895,0.04545,0.02875,0.2537,0.22177416
0.02925,0.0473,0.0297,0.25965,0.2357936
0.0295,0.04785,0.02865,0.2796,0.23723336
0.02875,0.0446,0.02775,0.25835,0.21608724
0.03185,0.0486,0.0308,0.2645,0.20820387
0.032,0.0504,0.0324,0.284,0.22330095
0.03105,0.0514,0.03185,0.3029,0.24681622
0.02855,0.04345,0.02755,0.27865,0.20694444
0.02955,0.04455,0.0286,0.2806,0.20242918
0.03095,0.0511,0.03235,0.3062,0.24558195
0.0321,0.05275,0.0335,0.3134,0.24337065
0.03055,0.05255,0.02955,0.3094,0.26474127
0.0291,0.04875,0.02785,0.3022,0.25240844
0.03035,0.04975,0.0265,0.3097,0.24219726
0.03025,0.0504,0.02625,0.3093,0.24984501
0.031,0.05135,0.0281,0.3145,0.24711598
0.031,0.0526,0.0288,0.32575,0.2583732
0.03155,0.0555,0.0298,0.3393,0.2751292
0.03155,0.0555,0.0298,0.3393,0.2751292
0.03275,0.05905,0.03135,0.3417,0.28649238
0.0348,0.06275,0.0334,0.3574,0.2865197
0.0322,0.06085,0.0305,0.3499,0.30789894
0.0292,0.05085,0.0264,0.2855,0.27045596
0.0283,0.0457,0.0256,0.2677,0.23513511
0.0287,0.0475,0.02685,0.2725,0.24671915
0.0285,0.0452,0.0265,0.2621,0.22659431
0.02795,0.0444,0.025,0.2483,0.22736697
0.0304,0.0453,0.028,0.2401,0.19682957
0.03225,0.04945,0.0315,0.2602,0.21052633
0.03135,0.05015,0.0295,0.2748,0.23067482
0.0302,0.04845,0.02805,0.2806,0.23204069
0.0296,0.04455,0.02755,0.2626,0.20161836
0.02955,0.0455,0.02765,0.2499,0.212525
0.0284,0.0437,0.0268,0.2376,0.21220525
0.0308,0.04635,0.0281,0.24795,0.20155539
0.03115,0.04655,0.0294,0.2616,0.19819818
0.0295,0.0485,0.0294,0.2675,0.24358976
0.0303,0.04805,0.0288,0.2528,0.22654755
0.0314,0.05105,0.0304,0.2676,0.23832627
0.03185,0.0522,0.0314,0.2771,0.2421178
0.03065,0.0504,0.0331,0.2561,0.24367675
0.03135,0.0481,0.0331,0.2516,0.21082439
0.02985,0.0458,0.0312,0.2566,0.21083939
0.03115,0.0485,0.03135,0.2693,0.21782802
0.03125,0.05125,0.031,0.2757,0.24242425
0.0314,0.0517,0.03125,0.2882,0.244284
0.032,0.05275,0.03165,0.2933,0.24483773
0.03195,0.0572,0.03265,0.3055,0.2832305
0.03095,0.0558,0.0316,0.292,0.2864553
0.03095,0.0558,0.0316,0.292,0.2864553
0.03245,0.0544,0.0321,0.3068,0.25273457
0.03305,0.0557,0.03425,0.3229,0.25521126
0.03425,0.05455,0.0358,0.3085,0.22860362
0.03455,0.055,0.03605,0.317,0.22836404
0.03565,0.05495,0.0364,0.3116,0.21302427
0.0325,0.05095,0.0339,0.2782,0.22109048
0.03275,0.0521,0.0348,0.2686,0.2280495
0.0314,0.05215,0.0318,0.30005,0.2483543
0.0308,0.05105,0.0303,0.29155,0.24740379
0.0314,0.05185,0.03215,0.29395,0.24564564
0.0302,0.05235,0.0314,0.2983,0.2683222
0.0302,0.04535,0.0289,0.25255,0.20052943
0.03105,0.0456,0.03035,0.2485,0.18982388
0.03115,0.04945,0.0308,0.2655,0.22704713
0.02985,0.04905,0.0293,0.2934,0.24334599
0.02855,0.046,0.02705,0.266,0.23407108
0.03065,0.0489,0.0304,0.2764,0.22941549
0.03085,0.04915,0.03075,0.28185,0.22875
0.0299,0.05005,0.0282,0.2951,0.25203252
0.02705,0.04345,0.0244,0.28355,0.23262414
0.03085,0.0477,0.0284,0.3023,0.21451303
0.03215,0.0538,0.032,0.3302,0.25189063
0.03315,0.054,0.03225,0.3367,0.23924272
0.0321,0.05455,0.03015,0.3341,0.25908828
0.0307,0.0513,0.029,0.3086,0.2512195
0.0325,0.0567,0.03035,0.3293,0.27130046
0.03395,0.0569,0.0299,0.3526,0.25261417
0.0329,0.05765,0.0295,0.3541,0.27332962
0.0323,0.05875,0.0304,0.3612,0.29049975
0.0332,0.0594,0.03135,0.3605,0.28293735
0.0332,0.0594,0.03135,0.3605,0.28293735
0.0325,0.05905,0.03195,0.3428,0.29000548
0.03315,0.05905,0.03305,0.3422,0.2809111
0.03165,0.05395,0.02785,0.3055,0.26051402
0.02825,0.0447,0.0251,0.2659,0.22549693
0.0294,0.0459,0.02595,0.2585,0.21912348
0.0309,0.04915,0.02875,0.2606,0.22798254
0.03005,0.04715,0.0279,0.2765,0.22150259
0.02885,0.0468,0.0269,0.262,0.23727691
0.0312,0.04845,0.0299,0.2404,0.21657252
0.032,0.05085,0.03115,0.2644,0.22751959
0.0307,0.0477,0.02885,0.2716,0.21683672
0.02955,0.0459,0.028,0.276,0.21669981
0.0284,0.04605,0.02695,0.26755,0.23707187
0.0308,0.04635,0.02685,0.2549,0.20155539
0.0292,0.04555,0.027,0.2482,0.2187291
0.0298,0.04665,0.02775,0.2553,0.2204055
0.029,0.04475,0.02695,0.243,0.21355934
0.02905,0.043,0.0283,0.2315,0.19361556
0.0281,0.0448,0.02795,0.2393,0.22908092
0.0309,0.05105,0.03125,0.2686,0.24588163
0.032,0.05505,0.03085,0.2777,0.26479033
0.0322,0.05355,0.03455,0.2762,0.2489796
0.03295,0.0531,0.03525,0.2673,0.23416619
0.0326,0.04885,0.032,0.2756,0.19950889
0.0307,0.0464,0.02945,0.2683,0.20363164
0.03145,0.0512,0.0294,0.2809,0.23895946
0.03235,0.0551,0.03155,0.2918,0.26014867
0.0318,0.05405,0.0309,0.28505,0.25917295
0.03135,0.0561,0.03115,0.3023,0.28301886
0.03165,0.05835,0.03085,0.3197,0.29666668
0.03165,0.05835,0.03085,0.3197,0.29666668
0.03165,0.05595,0.03345,0.3225,0.27739727
0.032,0.0556,0.03515,0.3218,0.26940635
0.0328,0.05455,0.03675,0.3181,0.24899828
0.0338,0.0535,0.03455,0.3109,0.22565867
0.03245,0.05305,0.0335,0.2999,0.24093565
0.0316,0.04955,0.03175,0.2685,0.22119536
0.03215,0.0519,0.03295,0.2932,0.23497917
0.0313,0.05465,0.03125,0.31505,0.27166957
0.03175,0.0531,0.03295,0.2972,0.2516205
0.0323,0.0555,0.03435,0.3084,0.26423693
0.0326,0.0543,0.0344,0.3119,0.2497123
0.02955,0.04585,0.0278,0.25865,0.2161804
0.0314,0.04765,0.03095,0.2645,0.2055661
0.0323,0.0525,0.0313,0.2936,0.23820755
0.0309,0.0494,0.0305,0.3077,0.23038606
0.02985,0.04795,0.0273,0.3003,0.2326478
0.029,0.04905,0.0296,0.28575,0.2568866
0.0295,0.0463,0.02815,0.2864,0.2216359
0.0303,0.0499,0.0298,0.29905,0.244389
0.02775,0.04755,0.0274,0.30375,0.26294822
0.03165,0.0497,0.0286,0.3096,0.22188076
0.0322,0.0549,0.03,0.344,0.26062
0.03255,0.05595,0.0315,0.352,0.2644068
0.03215,0.0566,0.0307,0.3512,0.27549294
0.03155,0.05905,0.03255,0.3471,0.303532
0.03375,0.0628,0.033,0.3675,0.3008803
0.0339,0.06115,0.03105,0.3526,0.28669122
0.0323,0.05895,0.03015,0.3509,0.2920548
0.03255,0.0596,0.03095,0.3602,0.29354313
0.0339,0.06035,0.0309,0.351,0.2806366
0.0339,0.06035,0.0309,0.351,0.2806366
0.0343,0.0581,0.0317,0.3277,0.25757575
0.03095,0.05485,0.02995,0.3081,0.2785548
0.0309,0.0528,0.02855,0.3054,0.26164874
0.0295,0.0508,0.02665,0.3037,0.26525527
0.0317,0.0504,0.0282,0.282,0.227771
0.03115,0.04905,0.0292,0.264,0.223192
0.03035,0.04825,0.029,0.262,0.22773537
0.03055,0.0458,0.0263,0.2524,0.19973806
0.03205,0.0481,0.02985,0.2523,0.20024955
0.03335,0.0501,0.032,0.2755,0.200719
0.03085,0.0476,0.0295,0.2684,0.2135118
0.03045,0.04815,0.0277,0.2804,0.22519085
0.02715,0.04295,0.02575,0.257,0.22539231
0.03,0.0448,0.0272,0.2499,0.19786096
0.0288,0.0446,0.02755,0.2495,0.21525885
0.02855,0.0449,0.0265,0.24835,0.2226004
0.029,0.04475,0.02695,0.243,0.21355934
0.0302,0.04405,0.02785,0.2363,0.18653199
0.03175,0.047,0.02995,0.2538,0.19365077
0.0324,0.0512,0.03105,0.2813,0.22488035
0.0314,0.0518,0.02965,0.276,0.24519233
0.0315,0.0495,0.0323,0.2583,0.22222221
0.03365,0.0547,0.0357,0.2777,0.23825692
0.0321,0.05145,0.0312,0.2786,0.23159784
0.02965,0.0448,0.02785,0.2488,0.20349224
0.03005,0.04955,0.03055,0.275,0.24497488
0.0315,0.05175,0.03075,0.2786,0.24324325
0.03035,0.04995,0.0297,0.264,0.24408467
0.0304,0.0508,0.0303,0.2781,0.2512315
0.0304,0.0508,0.0303,0.2781,0.2512315
0.0303,0.0529,0.03065,0.2898,0.2716346
0.03105,0.05615,0.03265,0.3112,0.28784403
0.0303,0.05405,0.0325,0.3107,0.2815649
0.0314,0.0508,0.0321,0.29715,0.23600975
0.033,0.0526,0.03345,0.3038,0.22897196
0.0349,0.05565,0.03715,0.2919,0.22915518
0.035,0.0549,0.0359,0.2788,0.22135708
0.0314,0.0556,0.0332,0.3071,0.27816093
0.0318,0.05425,0.0308,0.3111,0.26089478
0.0313,0.0521,0.03105,0.2849,0.24940047
0.03495,0.0593,0.03485,0.318,0.25835547
0.03585,0.06205,0.037,0.3304,0.26762003
0.0286,0.0467,0.02695,0.2634,0.24037185
0.02985,0.04675,0.0291,0.2582,0.22062665
0.0313,0.0496,0.0298,0.2832,0.2262052
0.02895,0.0454,0.02745,0.2744,0.22125086
0.0303,0.049,0.0265,0.2881,0.23581333
0.02975,0.0485,0.02835,0.2883,0.2396166
0.03085,0.049,0.0295,0.3035,0.22730115
0.03145,0.0516,0.0308,0.3349,0.24262495
0.02985,0.0495,0.02875,0.3282,0.24763703
0.0299,0.0514,0.02955,0.3189,0.26445264
0.03275,0.0592,0.03145,0.35765,0.28765634
0.03275,0.05865,0.0313,0.337,0.2833698
0.03075,0.0545,0.02945,0.3321,0.27859235
0.033,0.0611,0.0328,0.3573,0.2986185
0.0336,0.06265,0.03195,0.354,0.30181822
0.03135,0.053,0.02875,0.2977,0.2566686
0.0307,0.0521,0.028,0.3023,0.25845408
0.03235,0.05745,0.03095,0.3295,0.27951002
0.03235,0.05745,0.03095,0.3295,0.27951002
0.03355,0.05785,0.03195,0.3434,0.2658643
0.0332,0.0595,0.03165,0.3464,0.2837109
0.03165,0.05415,0.03005,0.3075,0.2622378
0.032,0.05495,0.02755,0.3372,0.26394475
0.03165,0.057,0.0303,0.3482,0.285956
0.03185,0.05125,0.02975,0.2957,0.23345368
0.0299,0.04785,0.02885,0.2488,0.2308682
0.03085,0.04945,0.02745,0.242,0.23163135
0.0302,0.04745,0.0278,0.2508,0.22215065
0.0325,0.0489,0.0299,0.2667,0.20147422
0.03215,0.05335,0.03255,0.292,0.24795322
0.0313,0.05135,0.0309,0.2888,0.24258922
0.0313,0.0503,0.02915,0.28595,0.23284312
0.02845,0.0449,0.0259,0.2568,0.22426723
0.0289,0.0452,0.02675,0.2441,0.21997303
0.0297,0.0446,0.0278,0.2352,0.20053835
0.02925,0.0436,0.02825,0.2436,0.19698009
0.0292,0.04445,0.02645,0.2382,0.2070604
0.0302,0.04405,0.02785,0.2363,0.18653199
0.03235,0.05045,0.033,0.2886,0.21859904
0.031,0.0486,0.03105,0.2951,0.22110553
0.02955,0.04775,0.02975,0.2847,0.23544633
0.03045,0.04925,0.0314,0.25515,0.23588456
0.0334,0.0539,0.0358,0.2665,0.23482245
0.032,0.0506,0.03395,0.2755,0.22518158
0.02875,0.0435,0.0283,0.2486,0.20415223
0.0298,0.0463,0.0307,0.2571,0.21682
0.02975,0.0459,0.03075,0.2706,0.21348312
0.02895,0.04695,0.0277,0.25085,0.23715416
0.0305,0.0477,0.02825,0.2642,0.21994884
0.0305,0.0477,0.02825,0.2642,0.21994884
0.0308,0.04985,0.02925,0.2709,0.2362058
0.0322,0.0551,0.03315,0.2977,0.26231384
0.03065,0.04975,0.02965,0.2844,0.23756221
0.0304,0.04685,0.02925,0.2708,0.21294495
0.03225,0.0519,0.03155,0.2931,0.2335116
0.0341,0.0538,0.03495,0.28205,0.22411834
0.0339,0.05485,0.0373,0.2917,0.23605633
0.0344,0.05565,0.03615,0.3102,0.23598
0.03015,0.0495,0.02935,0.2855,0.24293785
0.0293,0.0461,0.02875,0.263,0.22281168
0.0331,0.05525,0.033,0.2987,0.25070742
0.0346,0.0587,0.0356,0.3067,0.25830653
0.02795,0.0481,0.0279,0.2739,0.26495725
0.03075,0.0467,0.0295,0.26075,0.20593931
0.0308,0.0507,0.02905,0.28175,0.2441718
0.0286,0.0446,0.02575,0.2646,0.21857922
0.0307,0.05045,0.028,0.292,0.24337646
0.0319,0.05525,0.0301,0.3454,0.26792887
0.03245,0.05715,0.03045,0.359,0.27566963
0.0306,0.05325,0.02975,0.33125,0.27012524
0.02985,0.0534,0.02885,0.3238,0.28288287
0.03105,0.0545,0.03005,0.3316,0.2741087
0.0334,0.05795,0.03185,0.3435,0.26874658
0.0316,0.05435,0.03085,0.3129,0.2646888
0.031,0.05115,0.02845,0.3136,0.24528305
0.0323,0.05675,0.03055,0.3329,0.27456486
0.0313,0.05495,0.03,0.3015,0.27420288
0.0292,0.04735,0.02655,0.2711,0.23709993
0.0304,0.0505,0.0278,0.3009,0.2484549
0.0308,0.0559,0.0297,0.3308,0.28950405
0.0308,0.0559,0.0297,0.3308,0.28950405
0.0322,0.0567,0.0315,0.3356,0.2755905
0.0337,0.0582,0.03175,0.3382,0.2665941
0.03245,0.0567,0.0313,0.3217,0.27201343
0.0321,0.05745,0.0288,0.3447,0.28308207
0.0322,0.05885,0.02955,0.3513,0.29269633
0.03035,0.0499,0.02895,0.29365,0.24361372
0.02975,0.04605,0.02835,0.25305,0.21503958
0.032,0.04965,0.02855,0.26175,0.21616651
0.03165,0.0513,0.03105,0.2709,0.23688972
0.03345,0.0512,0.02945,0.28575,0.20968695
0.03195,0.05285,0.0313,0.3043,0.24646226
0.03005,0.0514,0.0304,0.29235,0.26212397
0.0306,0.047,0.02805,0.2655,0.21134017
0.02955,0.0482,0.02885,0.25725,0.2398714
0.0296,0.04585,0.02865,0.2599,0.21537443
0.03085,0.04685,0.0289,0.2493,0.20592017
0.0298,0.0473,0.0288,0.24555,0.22697794
0.03015,0.04475,0.027,0.238,0.19492659
0.0311,0.0506,0.02955,0.2645,0.2386781
0.03235,0.05045,0.033,0.2886,0.21859904
0.0306,0.0465,0.0291,0.2926,0.2062257
0.0299,0.04715,0.02865,0.2848,0.22388062
0.03135,0.05045,0.0288,0.27875,0.23349632
0.03205,0.05435,0.03115,0.2874,0.25810185
0.0312,0.0503,0.03,0.2791,0.23435584
0.0288,0.046,0.0274,0.2668,0.22994654
0.0296,0.0477,0.0305,0.2654,0.23415264
0.0307,0.0471,0.0296,0.2508,0.21079692
0.0298,0.0469,0.0283,0.2542,0.22294655
0.032,0.0475,0.0301,0.2706,0.19496852
0.032,0.0475,0.0301,0.2706,0.19496852
0.0328,0.0503,0.0317,0.2806,0.21058963
0.03435,0.05415,0.0339,0.2961,0.2237288
0.0305,0.0475,0.0304,0.2813,0.2179487
0.02865,0.0461,0.03065,0.2694,0.23344481
0.03125,0.04995,0.0317,0.2798,0.23029555
0.03205,0.05145,0.0342,0.2775,0.23233534
0.03315,0.05255,0.0349,0.28645,0.22637108
0.03245,0.05195,0.0339,0.3024,0.23104264
0.02965,0.0433,0.027,0.24355,0.18711445
0.0306,0.04675,0.0299,0.2475,0.20879121
0.03475,0.0563,0.03515,0.2826,0.23668315
0.0343,0.05425,0.0364,0.2825,0.22529642
0.02995,0.0483,0.0271,0.286,0.23450479
0.0314,0.0505,0.032,0.2799,0.23321126
0.03025,0.05225,0.03055,0.3027,0.26666668
0.0276,0.04575,0.0256,0.27025,0.24744377
0.03135,0.0489,0.0283,0.2993,0.21869157
0.0316,0.0551,0.0291,0.3422,0.27104962
0.03175,0.05445,0.0289,0.3429,0.26334107
0.0277,0.0497,0.02805,0.30705,0.28423774
0.0285,0.0498,0.02675,0.3031,0.27203068
0.03075,0.05515,0.02865,0.3382,0.28405118
0.0314,0.0539,0.03005,0.3263,0.26377493
0.0305,0.05075,0.0284,0.3008,0.24923076
0.03115,0.0512,0.02975,0.3111,0.24347296
0.0324,0.05555,0.0315,0.3144,0.26321772
0.02855,0.04575,0.0269,0.263,0.23149393
0.02905,0.04455,0.0263,0.2544,0.21059784
0.03005,0.04775,0.02745,0.2939,0.22750643
0.03055,0.05305,0.02895,0.3146,0.26913875
0.03055,0.05305,0.02895,0.3146,0.26913875
0.03125,0.05075,0.0299,0.3043,0.23780486
0.03385,0.0597,0.03225,0.321,0.27632284
0.0327,0.0606,0.0311,0.3468,0.2990354
0.0327,0.05975,0.0291,0.3525,0.29259062
0.0317,0.0556,0.02905,0.3468,0.27376857
0.02975,0.04955,0.02855,0.3146,0.24968474
0.02995,0.0503,0.0289,0.287,0.25358254
0.03085,0.05,0.0292,0.2757,0.23685837
0.0309,0.04945,0.02965,0.2929,0.23086497
0.0317,0.05145,0.02895,0.2992,0.23752254
0.03245,0.0509,0.0302,0.3065,0.22135572
0.03195,0.05025,0.0291,0.2884,0.22262773
0.0303,0.04765,0.0278,0.2507,0.22257854
0.0321,0.04985,0.03155,0.2615,0.21659549
0.0308,0.04865,0.0298,0.2791,0.22466962
0.03085,0.0476,0.02835,0.2488,0.2135118
0.0301,0.0466,0.02715,0.242,0.21512385
0.029,0.04485,0.0272,0.2309,0.21462424
0.0312,0.0515,0.02975,0.2686,0.24546555
0.032,0.0493,0.03135,0.2936,0.2127921
0.0297,0.04605,0.02895,0.2653,0.21584159
0.02995,0.04745,0.0292,0.2813,0.22609816
0.03045,0.0509,0.02945,0.28975,0.25138295
0.032,0.0534,0.0294,0.2987,0.25058544
0.0299,0.0497,0.02735,0.2923,0.24874373
0.0282,0.0472,0.0254,0.2812,0.2519894
0.0298,0.0493,0.0281,0.2708,0.2465234
0.0315,0.0476,0.0305,0.2624,0.20353983
0.0318,0.0495,0.0319,0.2706,0.21771213
0.0325,0.049,0.0327,0.2762,0.202454
0.0325,0.049,0.0327,0.2762,0.202454
0.0324,0.0501,0.0343,0.277,0.21454544
0.03355,0.0541,0.0337,0.2875,0.23445518
0.0294,0.04905,0.03095,0.2751,0.250478
0.0287,0.0471,0.0298,0.2676,0.24274406
0.03155,0.04915,0.03235,0.2645,0.2180917
0.03265,0.05035,0.033,0.2772,0.21325298
0.03125,0.04965,0.03185,0.2812,0.22744127
0.02995,0.0461,0.0321,0.2816,0.21236031
0.0282,0.044,0.02745,0.2365,0.21883656
0.0315,0.0501,0.03305,0.2581,0.22794117
0.0335,0.05225,0.03545,0.2727,0.21865891
0.0331,0.05125,0.03285,0.2603,0.21517482
0.0298,0.05095,0.02815,0.3113,0.2619195
0.03385,0.0539,0.03165,0.312,0.22849002
0.0299,0.0518,0.0303,0.30865,0.2680539
0.02785,0.04585,0.0251,0.2756,0.24423338
0.02915,0.04765,0.02795,0.2961,0.2408854
0.02695,0.0467,0.02625,0.2975,0.26816022
0.0276,0.04525,0.0262,0.29865,0.24227865
0.0265,0.0434,0.0244,0.2592,0.24177398
0.0288,0.04745,0.026,0.2967,0.24459015
0.0315,0.0563,0.02865,0.3358,0.28246012
0.03125,0.05485,0.0297,0.3216,0.27409992
0.0315,0.0519,0.02955,0.3017,0.24460432
0.0328,0.05645,0.03125,0.34215,0.26498598
0.03265,0.0579,0.03225,0.3483,0.27885145
0.02955,0.05,0.027,0.2914,0.25707105
0.0293,0.04985,0.0275,0.27495,0.25963357
0.0306,0.04785,0.028,0.2831,0.21988529
0.03105,0.04905,0.02805,0.2922,0.22471909
0.03105,0.04905,0.02805,0.2922,0.22471909
0.03125,0.05285,0.02915,0.30025,0.2568371
0.0352,0.0618,0.03275,0.3352,0.27422678
0.0349,0.06425,0.03215,0.3593,0.29601616
0.0318,0.05895,0.02965,0.3483,0.29917353
0.0328,0.05685,0.03,0.3461,0.2682655
0.0309,0.0544,0.0297,0.3598,0.27549827
0.0321,0.05425,0.02965,0.3403,0.2565142
0.0277,0.04605,0.0273,0.2985,0.24881357
0.0293,0.0486,0.02825,0.3141,0.24775352
0.0313,0.05045,0.03015,0.3016,0.23425075
0.03185,0.05325,0.029,0.30685,0.2514689
0.0331,0.0511,0.0294,0.3035,0.21377671
0.0314,0.0478,0.0294,0.2706,0.20707074
0.0327,0.0507,0.0311,0.2786,0.21582739
0.03135,0.04995,0.03025,0.2891,0.22878225
0.0297,0.04395,0.02655,0.2623,0.19348267
0.029,0.04365,0.02785,0.24345,0.20165178
0.0294,0.04575,0.02955,0.2382,0.21756487
0.032,0.04905,0.02995,0.26585,0.21036394
0.03175,0.04855,0.0307,0.2756,0.2092154
0.0297,0.04605,0.02895,0.2653,0.21584159
0.02935,0.0446,0.0297,0.2682,0.2062204
0.02905,0.04965,0.0307,0.2878,0.26175347
0.032,0.05255,0.0314,0.2999,0.24305142
0.03145,0.05505,0.031,0.3032,0.27283236
0.0306,0.053,0.0317,0.2866,0.26794258
0.0316,0.0521,0.0295,0.2912,0.24492234
0.0328,0.0509,0.0317,0.2812,0.21624851
0.0316,0.0514,0.0332,0.2876,0.23855422
0.0316,0.0514,0.0332,0.2876,0.23855422
0.0306,0.0493,0.0317,0.2832,0.23404256
0.0328,0.0501,0.0313,0.2888,0.20868514
0.0325,0.05235,0.03335,0.2909,0.23394227
0.02975,0.04775,0.0303,0.2723,0.23225805
0.03065,0.04835,0.03255,0.269,0.22405064
0.03235,0.04855,0.0328,0.2565,0.2002472
0.0323,0.0499,0.0332,0.2725,0.21411192
0.0297,0.04825,0.0313,0.28085,0.23797306
0.02905,0.04505,0.03045,0.2648,0.2159244
0.0307,0.04535,0.03085,0.2418,0.19263643
0.03195,0.04915,0.03275,0.2682,0.21208385
0.0313,0.04785,0.03205,0.2649,0.20909664
0.03155,0.04725,0.03265,0.2601,0.19923855
0.03175,0.05445,0.03065,0.3392,0.26334107
0.03385,0.05395,0.03115,0.3339,0.22892942
0.02715,0.0461,0.0271,0.287,0.25870308
0.02815,0.0462,0.0253,0.2987,0.24277069
0.0291,0.04595,0.02715,0.3157,0.22451697
0.0283,0.044,0.02575,0.3118,0.21715075
0.02625,0.04575,0.02495,0.3037,0.27083334
0.02475,0.0414,0.02255,0.2464,0.25170067
0.0299,0.04755,0.0268,0.3012,0.22788897
0.03085,0.05065,0.0299,0.3019,0.24294478
0.0302,0.04745,0.0295,0.2849,0.22215065
0.03255,0.05145,0.0313,0.2922,0.225
0.03395,0.05905,0.0331,0.3501,0.26989245
0.03305,0.062,0.033,0.3479,0.30457652
0.03165,0.05305,0.02895,0.3181,0.25265643
0.0317,0.0529,0.0289,0.3035,0.25059104
0.03065,0.04985,0.02875,0.29735,0.23850931
0.03065,0.04985,0.02875,0.29735,0.23850931
0.0305,0.05,0.0284,0.3002,0.24223603
0.03295,0.05505,0.03045,0.3286,0.2511364
0.0335,0.0571,0.03225,0.3375,0.26048568
0.03295,0.06035,0.03165,0.3392,0.29367635
0.03285,0.05465,0.03105,0.3299,0.24914284
0.0327,0.05915,0.0318,0.3551,0.28796953
0.0321,0.0588,0.03005,0.4069,0.29372936
0.0323,0.0607,0.03045,0.3896,0.30537635
0.0299,0.05375,0.02845,0.3256,0.28511658
0.03125,0.05365,0.0289,0.3299,0.2638398
0.0321,0.05365,0.0296,0.3211,0.25131196
0.03225,0.05675,0.029,0.3388,0.27528092
0.03215,0.0556,0.0303,0.3184,0.26723644
0.0326,0.05145,0.0298,0.3001,0.22427125
0.0329,0.0531,0.03225,0.3007,0.23488371
0.0313,0.05095,0.0292,0.29695,0.23890574
0.02985,0.0475,0.0266,0.2837,0.22818357
0.02915,0.04525,0.02665,0.27745,0.21639784
0.0303,0.04655,0.02845,0.2604,0.21145086
0.0317,0.0485,0.0295,0.2681,0.20947632
0.0305,0.04555,0.02985,0.2452,0.19789612
0.0295,0.0427,0.02825,0.2441,0.18282548
0.02935,0.0446,0.0297,0.2682,0.2062204
0.02955,0.0475,0.0297,0.276,0.2329656
0.0301,0.0481,0.03025,0.2746,0.23017903
0.03235,0.05315,0.0325,0.2813,0.24327482
0.0341,0.0553,0.0333,0.2964,0.23713648
0.0332,0.0538,0.0318,0.2818,0.23678164
0.033,0.053,0.0334,0.3045,0.23255815
0.0326,0.0518,0.034,0.2884,0.22748816
0.0326,0.0518,0.034,0.2884,0.22748816
0.0307,0.0492,0.0319,0.2812,0.23153941
0.0317,0.051,0.0314,0.277,0.23337363
0.03175,0.04985,0.03225,0.285,0.22181371
0.0297,0.0489,0.02975,0.2841,0.24427481
0.03275,0.04975,0.0316,0.273,0.20606063
0.0322,0.04985,0.03345,0.2615,0.21511272
0.0319,0.04815,0.03265,0.26115,0.20299812
0.02865,0.0459,0.0306,0.26395,0.23138829
0.0283,0.044,0.0297,0.2505,0.21715075
0.02985,0.0444,0.0302,0.2483,0.19595958
0.0311,0.05015,0.0304,0.282,0.23446155
0.03105,0.0497,0.03265,0.2751,0.23095973
0.03235,0.04915,0.0329,0.2693,0.20613497
0.0332,0.05735,0.0318,0.333,0.2667035
0.03055,0.05,0.02945,0.3095,0.24146494
0.02965,0.04795,0.02585,0.30495,0.23582472
0.03095,0.05285,0.0278,0.341,0.2613365
0.0322,0.0539,0.0303,0.3478,0.25203252
0.0317,0.0525,0.0291,0.33125,0.24703087
0.0302,0.05185,0.0271,0.3168,0.26386347
0.0266,0.0444,0.0248,0.2836,0.25070423
0.0317,0.04905,0.028,0.2896,0.21486066
0.03135,0.0482,0.02985,0.2796,0.21181646
0.03085,0.04595,0.02915,0.2588,0.19661455
0.03295,0.0513,0.03225,0.2594,0.21780416
0.03555,0.0546,0.0328,0.3105,0.2113145
0.03345,0.0555,0.0309,0.3141,0.24789208
0.0306,0.05385,0.0301,0.3134,0.2753108
0.0303,0.0507,0.02805,0.2998,0.25185186
0.02975,0.04735,0.02775,0.26795,0.22827496
0.02975,0.04735,0.02775,0.26795,0.22827496
0.0303,0.04735,0.02835,0.279,0.219575
0.0323,0.055,0.03,0.3153,0.2600229
0.0315,0.05535,0.02975,0.3265,0.27461135
0.0311,0.05275,0.02875,0.3103,0.2581992
0.0315,0.0513,0.03095,0.2976,0.23913044
0.0342,0.0594,0.032,0.3437,0.26923072
0.0339,0.0623,0.03145,0.3859,0.2952183
0.03405,0.06175,0.03045,0.3657,0.28914404
0.03335,0.0596,0.0313,0.3427,0.2824099
0.0327,0.06175,0.0306,0.3527,0.30757016
0.0339,0.05845,0.0313,0.3494,0.26583648
0.0332,0.0597,0.03185,0.36045,0.285253
0.03345,0.0568,0.03155,0.3311,0.25872576
0.03105,0.05255,0.0296,0.2956,0.25717703
0.0313,0.0487,0.0279,0.2904,0.2175
0.033,0.05465,0.03015,0.313,0.24700515
0.0307,0.05245,0.02975,0.297,0.2615755
0.0289,0.0467,0.02695,0.2926,0.23544976
0.02985,0.048,0.02895,0.28055,0.23314066
0.0293,0.04515,0.0282,0.26155,0.21289456
0.0287,0.04275,0.02735,0.2416,0.19664101
0.0294,0.0447,0.0287,0.2521,0.20647773
0.0295,0.04625,0.0293,0.26685,0.22112212
0.02955,0.0475,0.0297,0.276,0.2329656
0.02915,0.0446,0.02725,0.2594,0.20949152
0.0282,0.0463,0.0277,0.2532,0.24295303
0.0285,0.0476,0.0282,0.2736,0.25098556
0.0308,0.0519,0.0289,0.2872,0.25513905
0.0339,0.0533,0.033,0.2888,0.22247706
0.0321,0.0505,0.0338,0.275,0.22276032
0.0321,0.0505,0.0338,0.275,0.22276032
0.0311,0.0481,0.0302,0.2688,0.21464646
0.0305,0.049,0.0329,0.2678,0.23270439
0.03005,0.04875,0.0294,0.2686,0.23730962
0.0303,0.04895,0.02755,0.2753,0.23533124
0.03055,0.0508,0.03015,0.2818,0.2489244
0.03255,0.0489,0.03135,0.2679,0.20073666
0.0315,0.047,0.03115,0.2506,0.1974522
0.0289,0.0464,0.0314,0.2478,0.23240371
0.0282,0.04415,0.0271,0.2575,0.22045611
0.02955,0.04875,0.03115,0.2698,0.24521072
0.03055,0.04865,0.0314,0.2814,0.22853537
0.0305,0.04775,0.03065,0.269,0.22044729
0.0318,0.04835,0.03215,0.2721,0.20648779
0.03275,0.0496,0.0289,0.2817,0.20461448
0.0303,0.0452,0.027,0.2696,0.197351
0.03115,0.0509,0.02835,0.3075,0.24070689
0.0327,0.0546,0.0285,0.3305,0.2508591
0.03325,0.0565,0.0318,0.3482,0.2590529
0.03325,0.05835,0.0316,0.3435,0.27401745
0.0324,0.0563,0.0298,0.3266,0.26944757
0.02915,0.0491,0.027,0.2818,0.2549521
0.0311,0.0498,0.0289,0.2857,0.2311496
0.0309,0.0477,0.02915,0.2649,0.21374045
0.02995,0.04745,0.0302,0.2645,0.22609816
0.03075,0.0499,0.03145,0.2695,0.23744573
0.03395,0.051,0.03325,0.2798,0.20070627
0.0307,0.04535,0.02955,0.2672,0.19263643
0.03155,0.04685,0.02855,0.2715,0.19515304
0.0297,0.04495,0.0268,0.2552,0.20428668
0.0292,0.04315,0.02695,0.2402,0.1928127
0.0292,0.04315,0.02695,0.2402,0.1928127
0.0306,0.04485,0.02825,0.2604,0.18886678
0.032,0.05025,0.02955,0.269,0.2218845
0.0312,0.04865,0.02805,0.2811,0.21853475
0.03255,0.05185,0.0283,0.3202,0.22867298
0.03195,0.05085,0.02915,0.3075,0.22826086
0.03425,0.0587,0.03165,0.33,0.26304466
0.03225,0.05775,0.02995,0.3375,0.28333336
0.03355,0.05765,0.0316,0.3326,0.26425436
0.0336,0.0614,0.03205,0.3468,0.2926316
0.03305,0.06145,0.03105,0.3474,0.3005291
0.0342,0.05835,0.0319,0.3406,0.26094002
0.03465,0.0613,0.03125,0.35315,0.2777488
0.03315,0.0558,0.0302,0.3022,0.25463745
0.03065,0.0478,0.027,0.2674,0.2186106
0.0313,0.0468,0.0266,0.286,0.19846348
0.0321,0.05245,0.0301,0.3148,0.240686
0.0287,0.0479,0.02735,0.2905,0.25065273
0.0277,0.04665,0.0259,0.3015,0.2548756
0.029,0.04785,0.02695,0.2986,0.24528307
0.0294,0.0444,0.0268,0.2792,0.20325202
0.02955,0.04345,0.0273,0.2528,0.190411
0.02905,0.04605,0.02825,0.2691,0.22636485
0.0292,0.0465,0.02885,0.2678,0.22853369
0.0284,0.04445,0.0284,0.2793,0.2203157
0.0282,0.04405,0.0275,0.25,0.21937716
0.02865,0.044,0.0266,0.2566,0.21128698
0.029,0.0452,0.0258,0.2598,0.21832886
0.0314,0.0496,0.0284,0.2728,0.22469139
0.0337,0.053,0.0334,0.2784,0.22260667
0.0308,0.0491,0.0338,0.2566,0.22903632
0.0308,0.0491,0.0338,0.2566,0.22903632
0.0345,0.0521,0.0329,0.2492,0.20323326
0.0332,0.0524,0.0359,0.2558,0.22429907
0.0293,0.0477,0.02865,0.2518,0.23896103
0.0286,0.04665,0.0261,0.2717,0.2398671
0.02965,0.04935,0.02875,0.2848,0.24936707
0.0303,0.04895,0.02985,0.28155,0.23533124
0.03065,0.0485,0.02935,0.2678,0.22552119
0.0314,0.04755,0.0302,0.2681,0.20455986
0.02875,0.04715,0.03025,0.2754,0.24242423
0.0304,0.049,0.0319,0.29255,0.2342569
0.02915,0.04725,0.03155,0.2576,0.236911
0.03065,0.04365,0.0297,0.2455,0.17496638
0.03165,0.0492,0.03355,0.2721,0.21706864
0.03175,0.05005,0.03,0.29465,0.2237164
0.0324,0.0472,0.02825,0.2823,0.18592964
0.0329,0.04855,0.0314,0.29575,0.19214238
0.0311,0.0462,0.0283,0.2629,0.19534284
0.03205,0.0494,0.0301,0.2865,0.21301416
0.035,0.05455,0.03195,0.3059,0.21831378
0.03375,0.056,0.03155,0.2893,0.24791084
0.03055,0.05,0.0286,0.2767,0.24146494
0.03105,0.0511,0.0303,0.2929,0.24406575
0.03125,0.0462,0.0289,0.263,0.19302776
0.033,0.05025,0.0298,0.2725,0.20720722
0.03305,0.0517,0.03185,0.2917,0.22005899
0.03185,0.04735,0.03055,0.2737,0.1957071
0.02935,0.04335,0.02885,0.2537,0.19257222
0.03035,0.04755,0.0291,0.2647,0.2207959
0.02905,0.0444,0.0266,0.251,0.2089857
0.0285,0.0414,0.02645,0.2426,0.18454936
0.0285,0.0414,0.02645,0.2426,0.18454936
0.0312,0.0445,0.02755,0.2596,0.17569354
0.0307,0.04705,0.0283,0.2703,0.21028939
0.03085,0.0462,0.02725,0.2648,0.19922127
0.03235,0.05255,0.03005,0.3141,0.23792696
0.0318,0.0513,0.0288,0.2896,0.234657
0.0314,0.0508,0.0284,0.284,0.23600975
0.0302,0.0497,0.0277,0.2779,0.24405506
0.03135,0.05185,0.029,0.28265,0.24639419
0.0323,0.054,0.02975,0.3193,0.25144845
0.0314,0.05685,0.0295,0.3381,0.2883853
0.03165,0.056,0.02915,0.3348,0.2778095
0.0339,0.055,0.0281,0.3163,0.23734532
0.03175,0.0533,0.028,0.2905,0.25338036
0.0303,0.04835,0.0271,0.2788,0.22949776
0.0306,0.04955,0.028,0.291,0.23643169
0.02955,0.04875,0.02785,0.2969,0.24521072
0.0289,0.046,0.02625,0.2982,0.22830442
0.0289,0.04595,0.02495,0.3022,0.22778891
0.0282,0.0483,0.02675,0.3029,0.2627451
0.02815,0.0449,0.02575,0.2875,0.22929502
0.02855,0.0431,0.0262,0.2564,0.20307046
0.0291,0.04295,0.0261,0.2632,0.1922276
0.0287,0.0439,0.0267,0.2667,0.20936643
0.02845,0.0441,0.0272,0.2646,0.21571334
0.0282,0.04405,0.0275,0.25,0.21937716
0.02865,0.0438,0.0259,0.2534,0.20910974
0.02705,0.04305,0.02695,0.2573,0.22824536
0.029,0.04685,0.02775,0.2568,0.23533292
0.0314,0.04755,0.03175,0.2472,0.20455986
0.0314,0.04755,0.03175,0.2472,0.20455986
0.03185,0.048,0.0355,0.2331,0.20225424
0.03595,0.0562,0.03735,0.2363,0.2197504
0.03425,0.0538,0.03775,0.2452,0.22203296
0.03025,0.0463,0.03105,0.2567,0.20966691
0.02955,0.04725,0.02875,0.2708,0.23046876
0.0287,0.047,0.02685,0.2748,0.24174371
0.02965,0.0508,0.0274,0.3002,0.2628962
0.03085,0.0492,0.02945,0.2841,0.2292317
0.0311,0.0468,0.02865,0.2826,0.20154043
0.0301,0.04725,0.03035,0.2677,0.22171946
0.0312,0.0498,0.03095,0.2758,0.22962965
0.03,0.0452,0.03045,0.2594,0.2021277
0.0313,0.04805,0.0305,0.2617,0.2110901
0.03095,0.05185,0.03495,0.288,0.25241542
0.0313,0.0516,0.0317,0.2828,0.24487334
0.0333,0.0505,0.0317,0.301,0.20525059
0.0323,0.0484,0.0303,0.2563,0.19950436
0.0325,0.0473,0.0292,0.2504,0.18546368
0.0321,0.0496,0.0315,0.2626,0.21419832
0.0327,0.0532,0.0328,0.2896,0.23864962
0.0323,0.0509,0.031,0.2612,0.22355771
0.03035,0.04625,0.0284,0.2733,0.20757182
0.03095,0.04955,0.0285,0.2947,0.2310559
0.0314,0.0468,0.02925,0.2875,0.19693094
0.0335,0.05225,0.03255,0.2841,0.21865891
0.0329,0.0534,0.0313,0.2852,0.23754342
0.0313,0.0472,0.0308,0.2547,0.20254777
0.0295,0.0454,0.02995,0.2545,0.21228306
0.03045,0.04835,0.02905,0.271,0.22715735
0.0289,0.0449,0.02685,0.2488,0.21680218
0.0289,0.0449,0.02685,0.2488,0.21680218
0.02965,0.04295,0.0261,0.2532,0.18319559
0.0312,0.04685,0.0274,0.27205,0.20051248
0.0309,0.0478,0.02915,0.29135,0.21473953
0.02985,0.04595,0.0283,0.2775,0.21240103
0.03035,0.04805,0.02895,0.2712,0.22576532
0.0296,0.0445,0.0278,0.2302,0.20107962
0.0313,0.0477,0.02975,0.2438,0.20759493
0.03005,0.0469,0.0294,0.2579,0.21897337
0.02985,0.04545,0.02805,0.2654,0.20717128
0.0312,0.05165,0.0282,0.3136,0.24683164
0.0325,0.05505,0.02755,0.3342,0.25756714
0.02945,0.0496,0.0269,0.3157,0.25490198
0.02845,0.04685,0.02695,0.2814,0.24435592
0.02915,0.04545,0.02635,0.2603,0.21849865
0.0294,0.0469,0.0281,0.265,0.2293578
0.03125,0.0484,0.02895,0.2715,0.21531701
0.0301,0.0441,0.02775,0.2668,0.18867926
0.02795,0.0442,0.02645,0.275,0.22522523
0.0263,0.04075,0.02455,0.2702,0.21551082
0.0265,0.04215,0.0245,0.2611,0.22796793
0.0289,0.0435,0.0265,0.2708,0.20165746
0.0287,0.04245,0.02775,0.2475,0.1932537
0.0279,0.0425,0.0265,0.2559,0.20738639
0.02895,0.04435,0.02655,0.26405,0.21009548
0.0282,0.04345,0.02655,0.2517,0.21284021
0.02925,0.04375,0.02785,0.244,0.19863014
0.02865,0.0438,0.0259,0.2534,0.20910974
0.0271,0.0409,0.0253,0.2602,0.20294115
0.0277,0.0431,0.0268,0.24725,0.21751413
0.02915,0.0423,0.02785,0.2358,0.1840448
0.02915,0.0423,0.02785,0.2358,0.1840448
0.03135,0.0482,0.02895,0.2405,0.21181646
0.032,0.0527,0.03425,0.2577,0.24439196
0.0327,0.05035,0.03325,0.2558,0.2125226
0.03075,0.04825,0.0319,0.2553,0.22151898
0.02965,0.0487,0.02975,0.2714,0.24313976
0.02795,0.04805,0.0264,0.2726,0.26447368
0.02915,0.04805,0.02615,0.28445,0.24481866
0.0284,0.0471,0.0273,0.2787,0.24768212
0.03015,0.04785,0.02795,0.2911,0.2269231
0.029,0.0466,0.02885,0.2717,0.23280424
0.02915,0.04625,0.0299,0.2592,0.22679046
0.0316,0.0477,0.0307,0.2698,0.20302649
0.03245,0.052,0.0328,0.3063,0.2314979
0.03255,0.055,0.0329,0.3232,0.2564249
0.0338,0.0494,0.0301,0.2564,0.18750004
0.0329,0.0504,0.0319,0.2784,0.210084
0.03,0.0479,0.0306,0.2644,0.22978176
0.034,0.0514,0.0308,0.2546,0.20374703
0.0334,0.0516,0.0321,0.2842,0.21411768
0.0312,0.0522,0.031,0.2764,0.2517986
0.0304,0.0484,0.0292,0.2558,0.22842638
0.0288,0.04575,0.02675,0.2784,0.22736418
0.03055,0.0477,0.0284,0.27275,0.21916933
0.02985,0.0482,0.0306,0.2568,0.2351057
0.03125,0.04945,0.03075,0.2528,0.22552665
0.03045,0.04725,0.02995,0.2664,0.21621622
0.03035,0.0456,0.0299,0.2489,0.20079002
0.0304,0.0454,0.0294,0.2489,0.19788918
0.02965,0.04685,0.02985,0.2576,0.22483659
0.0303,0.04525,0.02955,0.2624,0.19788218
0.0303,0.04525,0.02955,0.2624,0.19788218
0.0302,0.04585,0.02855,0.2654,0.20578568
0.0314,0.04945,0.02985,0.2764,0.22325295
0.03005,0.04765,0.029,0.28885,0.22651221
0.02915,0.0467,0.0277,0.2927,0.23137772
0.0297,0.0442,0.02845,0.27275,0.1962111
0.02955,0.0447,0.02765,0.2472,0.20404042
0.03095,0.0507,0.02945,0.2657,0.2418861
0.03225,0.0495,0.0311,0.2722,0.21100919
0.0321,0.0484,0.03125,0.272,0.20248447
0.0328,0.0506,0.0318,0.3008,0.21342926
0.03095,0.0495,0.02805,0.296,0.23057799
0.03115,0.04835,0.0276,0.3096,0.2163522
0.02905,0.0457,0.0263,0.2872,0.22274247
0.02985,0.04675,0.0267,0.2651,0.22062665
0.03045,0.0472,0.0289,0.2672,0.21571155
0.03125,0.04885,0.03015,0.2768,0.21972534
0.0299,0.0439,0.02865,0.26725,0.18970193
0.029,0.0423,0.02825,0.2611,0.18653579
0.02855,0.0399,0.02465,0.2523,0.16581446
0.02815,0.04225,0.02595,0.2587,0.2002841
0.0294,0.04545,0.029,0.2681,0.21442883
0.02815,0.0419,0.02995,0.2472,0.19628839
0.027,0.04195,0.0277,0.2424,0.21682376
0.0288,0.04365,0.0268,0.2633,0.20496897
0.02905,0.0443,0.03025,0.25745,0.20790732
0.02965,0.04575,0.028,0.24345,0.21352783
0.0278,0.04225,0.02585,0.2525,0.20628123
0.02715,0.0419,0.0243,0.2747,0.21361336
0.0267,0.04445,0.02635,0.2721,0.24947296
0.02955,0.04305,0.02635,0.2464,0.18595041
0.02955,0.04305,0.02635,0.2464,0.18595041
0.0299,0.0437,0.0263,0.2464,0.1875
0.0298,0.0466,0.029,0.2593,0.21989529
0.0283,0.0466,0.0284,0.2635,0.24432574
0.02845,0.04645,0.02785,0.2564,0.24032044
0.0279,0.04705,0.0275,0.2651,0.25550368
0.02515,0.0458,0.02625,0.2729,0.29105005
0.02685,0.0442,0.02445,0.2671,0.24419421
0.02875,0.04835,0.02705,0.2799,0.25421527
0.02985,0.05105,0.0289,0.29205,0.2620519
0.0284,0.04675,0.0285,0.2749,0.24417834
0.02775,0.0459,0.02785,0.2664,0.2464358
0.0309,0.04945,0.03085,0.2923,0.23086497
0.03355,0.0528,0.0331,0.3318,0.22292991
0.03265,0.0528,0.03105,0.3402,0.2358104
0.0334,0.048,0.0303,0.2862,0.1793612
0.031,0.0498,0.0301,0.29,0.2326733
0.0302,0.0505,0.0283,0.2829,0.25154895
0.0347,0.055,0.0323,0.283,0.22630994
0.0325,0.0511,0.0314,0.283,0.22248806
0.0298,0.0478,0.0293,0.2798,0.23195878
0.0282,0.0443,0.0285,0.2564,0.22206895
0.02905,0.0456,0.02845,0.2873,0.22170126
0.03055,0.04665,0.028,0.2668,0.20854925
0.0297,0.046,0.0303,0.2557,0.21532366
0.03045,0.04425,0.02995,0.26105,0.18473898
0.0304,0.04735,0.0279,0.265,0.21800643
0.03045,0.0463,0.0291,0.255,0.20651467
0.03045,0.044,0.0307,0.246,0.18200134
0.02945,0.04505,0.0289,0.24895,0.20939599
0.0286,0.0465,0.02905,0.2579,0.23834887
0.0286,0.0465,0.02905,0.2579,0.23834887
0.0309,0.04705,0.03045,0.2674,0.20718409
0.0302,0.04745,0.0308,0.2594,0.22215065
0.02885,0.0449,0.02825,0.258,0.21762711
0.02825,0.0454,0.02755,0.2781,0.23285812
0.02915,0.04435,0.0273,0.2788,0.2068027
0.03005,0.04705,0.02795,0.2692,0.22049285
0.03185,0.0508,0.03125,0.2815,0.2292801
0.03155,0.04965,0.0317,0.2631,0.22290637
0.0325,0.0494,0.03195,0.2739,0.20634924
0.03435,0.0509,0.0332,0.2844,0.19413489
0.03375,0.0523,0.03205,0.2915,0.2155723
0.03305,0.0533,0.03125,0.3408,0.2345107
0.0298,0.04665,0.0276,0.3155,0.2204055
0.02845,0.0454,0.0273,0.2677,0.22951932
0.029,0.0461,0.0278,0.2761,0.22769642
0.02945,0.04655,0.02835,0.2723,0.225
0.02955,0.04345,0.0264,0.2565,0.190411
0.02835,0.04525,0.0263,0.2629,0.22961958
0.02895,0.04475,0.02755,0.2642,0.21438263
0.02975,0.0456,0.02775,0.2768,0.21035169
0.02965,0.0452,0.0305,0.2694,0.20774883
0.0286,0.04315,0.0329,0.2508,0.20278746
0.02765,0.0415,0.02795,0.2409,0.20028919
0.0302,0.0477,0.032,0.2626,0.22464696
0.03085,0.04665,0.0347,0.2634,0.20387095
0.02765,0.0435,0.02595,0.2445,0.22276878
0.026,0.0405,0.0234,0.2544,0.2180451
0.02715,0.0419,0.0243,0.2747,0.21361336
0.02865,0.0415,0.02545,0.26875,0.18317886
0.02795,0.0436,0.0266,0.2391,0.21872818
0.02795,0.0436,0.0266,0.2391,0.21872818
0.0278,0.042,0.02745,0.2476,0.2034384
0.02715,0.04275,0.02665,0.2668,0.22317599
0.0298,0.04465,0.0264,0.2721,0.19946273
0.02725,0.04515,0.02615,0.2621,0.24723758
0.02605,0.0437,0.02545,0.2452,0.2530466
0.0249,0.04045,0.0241,0.2499,0.23794949
0.0261,0.04145,0.02345,0.256,0.22723909
0.02955,0.05015,0.03295,0.27435,0.25846925
0.03085,0.04945,0.0319,0.2693,0.23163135
0.02915,0.04735,0.0291,0.2704,0.23790851
0.02855,0.04725,0.02885,0.2769,0.24670182
0.02965,0.0485,0.03045,0.2826,0.24120282
0.03155,0.04865,0.02995,0.2976,0.21321695
0.0321,0.0509,0.0314,0.3073,0.22650602
0.0317,0.0494,0.0289,0.3108,0.21824908
0.0292,0.0484,0.0284,0.2884,0.24742267
0.0314,0.0515,0.0288,0.3018,0.2424608
0.0329,0.0535,0.0308,0.301,0.2384259
0.0308,0.0477,0.0285,0.2766,0.21528661
0.0303,0.048,0.0275,0.2868,0.22605364
0.0308,0.0464,0.028,0.2878,0.20207255
0.0315,0.0495,0.02975,0.2966,0.22222221
0.0292,0.0453,0.02765,0.2702,0.21610735
0.03025,0.048,0.0306,0.2582,0.22683707
0.03195,0.04735,0.031,0.2726,0.19419923
0.0306,0.0467,0.0291,0.2729,0.20827945
0.02995,0.04775,0.0289,0.263,0.2290862
0.03085,0.04475,0.0303,0.2559,0.18386245
0.03085,0.04525,0.02825,0.25185,0.18922468
0.0299,0.04625,0.02865,0.2569,0.21470782
0.0299,0.04625,0.02865,0.2569,0.21470782
0.03035,0.04785,0.0311,0.26445,0.22378519
0.02805,0.0431,0.02835,0.2489,0.21152495
0.0294,0.0458,0.02765,0.25525,0.21808511
0.0291,0.0459,0.0275,0.2721,0.22399996
0.0296,0.04585,0.0281,0.2644,0.21537443
0.03025,0.0485,0.0301,0.2767,0.23174605
0.03105,0.0481,0.03115,0.28435,0.21541375
0.0302,0.04715,0.0315,0.2708,0.2191338
0.03005,0.0473,0.03155,0.2784,0.22301228
0.03245,0.0502,0.0317,0.2858,0.214761
0.0333,0.05265,0.03535,0.2993,0.22513089
0.03175,0.0512,0.0325,0.2998,0.23447858
0.02795,0.04655,0.0267,0.276,0.24966443
0.02785,0.0435,0.0267,0.2495,0.21934125
0.0284,0.04415,0.0271,0.26235,0.21709165
0.02705,0.04465,0.02655,0.25875,0.24546723
0.0276,0.04355,0.02605,0.2496,0.22417429
0.02855,0.04485,0.0271,0.2657,0.22207083
0.0304,0.04535,0.02925,0.2643,0.19735973
0.03215,0.04835,0.0329,0.2739,0.20124222
0.03305,0.0481,0.036,0.2622,0.185459
0.03145,0.04435,0.03285,0.24665,0.17018467
0.0292,0.0431,0.03065,0.2488,0.19225447
0.03075,0.04775,0.03395,0.2621,0.21656048
0.02805,0.0438,0.0317,0.2422,0.21920668
0.0264,0.0389,0.0245,0.2392,0.19142418
0.02545,0.04225,0.0238,0.2566,0.24815361
0.02625,0.04125,0.02415,0.2821,0.22222225
0.02865,0.0415,0.02545,0.26875,0.18317886
0.0264,0.04,0.0245,0.2466,0.20481926
0.0297,0.0433,0.02765,0.2444,0.18630137
0.02945,0.04445,0.029,0.26115,0.202977
0.0291,0.0416,0.02735,0.2634,0.17680337
0.02925,0.04455,0.02745,0.2691,0.2073171
0.0274,0.0438,0.0249,0.2639,0.23033708
0.02555,0.04035,0.0236,0.25225,0.22458272
0.02335,0.03875,0.02245,0.2599,0.2479871
0.02595,0.0431,0.0253,0.2773,0.24837075
0.02975,0.0521,0.03265,0.2699,0.27306047
0.0281,0.0479,0.0302,0.2443,0.2605263
0.0282,0.04605,0.02625,0.2553,0.24040405
0.02835,0.04465,0.0262,0.2625,0.22328767
0.02705,0.0442,0.0281,0.2654,0.24070175
0.0288,0.04385,0.02875,0.269,0.20715763
0.03075,0.0488,0.0306,0.2763,0.22690131
0.0308,0.052,0.0285,0.335,0.25603867
0.0303,0.0475,0.0264,0.2924,0.22107968
0.031,0.0483,0.0282,0.2888,0.21815892
0.0305,0.0496,0.0301,0.2814,0.23845194
0.0299,0.0454,0.0265,0.2588,0.20584331
0.0312,0.0478,0.0283,0.2902,0.21012661
0.0317,0.0484,0.0297,0.316,0.20848939
0.03105,0.04835,0.02865,0.3031,0.21788411
0.0304,0.0463,0.0279,0.2776,0.20730118
0.03115,0.05055,0.03065,0.2707,0.23745409
0.0305,0.04945,0.031,0.2701,0.23702313
0.02995,0.0444,0.02835,0.2677,0.19435103
0.0288,0.04375,0.0285,0.2542,0.20606478
0.0307,0.04685,0.03095,0.2563,0.20825273
0.02995,0.0453,0.0298,0.25225,0.2039867
0.02995,0.0453,0.0298,0.25225,0.2039867
0.0304,0.04725,0.02955,0.26645,0.21699935
0.03055,0.0497,0.0311,0.26915,0.2386293
0.0287,0.04425,0.0273,0.26045,0.21315971
0.0301,0.04645,0.02865,0.2673,0.21358591
0.0302,0.0473,0.02965,0.2657,0.22064514
0.0324,0.04635,0.0305,0.26705,0.17714283
0.0334,0.05055,0.0327,0.2705,0.20428827
0.0323,0.04875,0.0324,0.2772,0.20296115
0.0312,0.0472,0.03195,0.2791,0.20408167
0.0311,0.04985,0.0322,0.2893,0.23162445
0.03025,0.0494,0.0327,0.2813,0.2404269
0.0309,0.0491,0.03105,0.2702,0.22750002
0.0301,0.04665,0.0302,0.2649,0.2156352
0.02725,0.04365,0.0262,0.2466,0.23131174
0.02825,0.04395,0.02565,0.2466,0.21745151
0.02875,0.0442,0.0259,0.2597,0.2117889
0.0272,0.0443,0.02705,0.2473,0.23916084
0.0276,0.04475,0.02795,0.2483,0.23704217
0.0282,0.04385,0.02845,0.2547,0.21721026
0.02945,0.0448,0.02995,0.2599,0.206734
0.0319,0.0479,0.03275,0.2621,0.20050125
0.0288,0.0459,0.03225,0.2524,0.22891566
0.0276,0.04235,0.029,0.2429,0.21086493
0.0274,0.04455,0.028,0.2662,0.23835999
0.02785,0.0449,0.0273,0.2635,0.23436426
0.0256,0.04105,0.0257,0.2385,0.23180795
0.02715,0.0427,0.0244,0.254,0.22261992
0.0263,0.04275,0.02485,0.2729,0.23823318
0.02595,0.0404,0.0247,0.2695,0.21778446
0.0264,0.04,0.0245,0.2466,0.20481926
0.0264,0.04,0.0245,0.2466,0.20481926
0.02965,0.0471,0.02865,0.2559,0.22736154
0.02975,0.0437,0.0271,0.2642,0.18992509
0.0289,0.0424,0.0276,0.2613,0.1893408
0.0282,0.04265,0.0264,0.262,0.203952
0.0262,0.0419,0.02375,0.2629,0.23054332
0.0256,0.0398,0.0224,0.26195,0.2171254
0.0247,0.0404,0.02385,0.26995,0.2411674
0.02645,0.0446,0.02575,0.2834,0.25545385
0.02995,0.0496,0.02875,0.2777,0.24701448
0.0273,0.04565,0.02815,0.2556,0.25154215
0.0263,0.0435,0.0266,0.2558,0.24641833
0.0259,0.04265,0.0254,0.2474,0.24434718
0.02735,0.0444,0.02805,0.245,0.23763067
0.02725,0.04565,0.02915,0.2638,0.25240058
0.02835,0.04635,0.02865,0.2653,0.24096385
0.0321,0.0576,0.0286,0.361,0.28428093
0.0309,0.049,0.0279,0.3094,0.22653316
0.0311,0.0475,0.0287,0.2872,0.20865141
0.0323,0.0466,0.0295,0.2806,0.1812421
0.0296,0.0439,0.0272,0.2544,0.19455785
0.0307,0.0484,0.0291,0.2942,0.22376738
0.0312,0.0478,0.028,0.3086,0.21012661
0.02895,0.046,0.02545,0.2853,0.22748499
0.03215,0.04885,0.02995,0.28835,0.20617284
0.0311,0.04665,0.03085,0.26735,0.20000002
0.0295,0.04455,0.02975,0.2639,0.20324107
0.0283,0.04185,0.0269,0.252,0.19315751
0.02745,0.04275,0.02725,0.2504,0.2179487
0.029,0.04475,0.0287,0.2553,0.21355934
0.02925,0.0451,0.02965,0.2575,0.2131809
0.02925,0.0451,0.02965,0.2575,0.2131809
0.03055,0.04735,0.03055,0.2698,0.21566112
0.0303,0.04915,0.03025,0.2785,0.23725612
0.0301,0.0463,0.03015,0.2643,0.21204193
0.0308,0.0475,0.0303,0.2752,0.21328224
0.02995,0.0477,0.03025,0.257,0.22858982
0.0311,0.0465,0.0297,0.2684,0.19845362
0.03215,0.0495,0.03305,0.27205,0.21249233
0.03195,0.04695,0.0345,0.275,0.19011407
0.03185,0.04975,0.0335,0.2815,0.21936277
0.0314,0.04915,0.0305,0.277,0.22036006
0.02895,0.04665,0.02995,0.2557,0.23412699
0.03015,0.0461,0.0293,0.2531,0.20918034
0.03035,0.0471,0.02875,0.2597,0.21626857
0.0272,0.0438,0.02725,0.2513,0.23380281
0.02695,0.04325,0.0262,0.2457,0.23219372
0.0277,0.04035,0.02625,0.2365,0.18589276
0.0282,0.04215,0.02935,0.2413,0.19829421
0.02715,0.0413,0.0283,0.2397,0.20672023
0.028,0.04535,0.02745,0.2603,0.23653714
0.02805,0.04395,0.0282,0.2582,0.22083333
0.0292,0.0457,0.0291,0.253,0.2202937
0.02795,0.0424,0.02805,0.2493,0.20540155
0.02775,0.0409,0.027,0.2511,0.19155133
0.029,0.0443,0.02785,0.2662,0.20873126
0.02675,0.04205,0.0255,0.2735,0.22238371
0.02585,0.0423,0.0233,0.2484,0.24137934
0.0268,0.0449,0.02605,0.2687,0.25244075
0.0264,0.04375,0.02605,0.2872,0.24732713
0.02595,0.0387,0.02425,0.2612,0.19721578
0.02585,0.04085,0.0236,0.2491,0.22488755
0.02585,0.04085,0.0236,0.2491,0.22488755
0.0271,0.0432,0.02685,0.2625,0.22901851
0.0285,0.04285,0.0274,0.2586,0.20112121
0.02855,0.04435,0.02795,0.2686,0.21673523
0.0289,0.0459,0.0275,0.2777,0.22727272
0.02685,0.04485,0.023,0.2729,0.25104603
0.02625,0.04235,0.0246,0.2764,0.23469391
0.02655,0.04365,0.0255,0.2796,0.24358974
0.0281,0.047,0.0271,0.295,0.25166443
0.0278,0.04615,0.0272,0.294,0.24814063
0.02785,0.0452,0.0293,0.265,0.23750858
0.02855,0.04735,0.02935,0.2733,0.24769431
0.02625,0.0464,0.02645,0.2659,0.2773572
0.02865,0.0469,0.0296,0.2587,0.24156186
0.02965,0.0494,0.03305,0.2656,0.24984187
0.0291,0.046,0.0295,0.2541,0.22503327
0.0329,0.0581,0.029,0.3484,0.27692303
0.0313,0.0526,0.0282,0.3134,0.25387365
0.0303,0.0488,0.0284,0.2828,0.23388115
0.0319,0.0495,0.0305,0.271,0.21621622
0.0297,0.0434,0.0272,0.2509,0.18741451
0.0308,0.0473,0.0291,0.2644,0.21126762
0.0265,0.0444,0.0252,0.2618,0.25246826
0.0297,0.0445,0.0265,0.268,0.19946092
0.0323,0.0484,0.0317,0.2698,0.19950436
0.0297,0.0467,0.0311,0.2376,0.22251311
0.03,0.047,0.0294,0.2504,0.22077921
0.0302,0.0441,0.0274,0.2504,0.1870794
0.0303,0.0469,0.029,0.2668,0.2150259
0.0275,0.04555,0.0273,0.2705,0.24709104
0.0301,0.04615,0.02985,0.2588,0.21049179
0.0301,0.04615,0.02985,0.2588,0.21049179
0.0305,0.04685,0.02985,0.2605,0.21137686
0.03045,0.04685,0.03075,0.2655,0.21216042
0.0303,0.0467,0.03005,0.2752,0.21298702
0.02955,0.04515,0.0283,0.2777,0.20883536
0.02885,0.04605,0.02875,0.2715,0.22963953
0.02985,0.0453,0.02775,0.2728,0.20558882
0.03065,0.0473,0.0302,0.2759,0.21359846
0.0311,0.0468,0.0331,0.2771,0.20154043
0.0318,0.05015,0.03205,0.2937,0.22391699
0.0299,0.0489,0.02895,0.2827,0.24111676
0.0282,0.0434,0.02705,0.2576,0.2122905
0.0284,0.0462,0.02795,0.2509,0.2386059
0.02955,0.046,0.03155,0.2635,0.21773662
0.0277,0.0405,0.029,0.2432,0.1876833
0.027,0.04175,0.0243,0.245,0.21454543
0.02655,0.0421,0.0266,0.24,0.2265113
0.0279,0.0456,0.02835,0.2514,0.24081635
0.02745,0.0427,0.02775,0.2495,0.21739128
0.02755,0.0446,0.02685,0.2598,0.23631321
0.02785,0.0441,0.02675,0.2582,0.2258513
0.0285,0.0444,0.02705,0.2623,0.21810699
0.02975,0.0441,0.0277,0.2553,0.1943128
0.02945,0.0426,0.0278,0.2448,0.18251213
0.02985,0.0445,0.0296,0.2581,0.19704102
0.02695,0.0436,0.02965,0.2748,0.23600283
0.0254,0.04415,0.0251,0.2578,0.2695902
0.02605,0.04385,0.02435,0.2652,0.25464952
0.02705,0.04315,0.02465,0.2655,0.22934476
0.02505,0.03785,0.02325,0.252,0.20349763
0.02525,0.0414,0.02425,0.25605,0.24231055
0.02525,0.0414,0.02425,0.25605,0.24231055
0.0271,0.0432,0.02685,0.2625,0.22901851
0.02665,0.0424,0.02705,0.2553,0.22809556
0.02895,0.04865,0.029,0.2785,0.253866
0.0291,0.0459,0.0271,0.291,0.22399996
0.0265,0.04595,0.02465,0.2946,0.26846102
0.0266,0.0467,0.0271,0.2953,0.27421555
0.0273,0.0488,0.0292,0.2917,0.28252298
0.02805,0.04905,0.02735,0.30445,0.27237353
0.02785,0.04775,0.0266,0.30115,0.26322752
0.02875,0.04505,0.02865,0.277,0.22086719
0.03105,0.04715,0.0322,0.26805,0.20588237
0.0282,0.04665,0.02825,0.2717,0.24649298
0.0294,0.0454,0.02765,0.25745,0.21390375
0.031,0.049,0.0318,0.2573,0.225
0.03,0.04595,0.03155,0.2515,0.2100066
0.0311,0.0491,0.03,0.2768,0.2244389
0.0303,0.0473,0.0276,0.289,0.21907215
0.0297,0.0464,0.0269,0.2666,0.21944809
0.0302,0.0469,0.0296,0.2668,0.2166018
0.0295,0.0422,0.0264,0.2556,0.1771269
0.0312,0.0473,0.0292,0.27,0.20509554
0.0295,0.044,0.027,0.2566,0.1972789
0.0318,0.0481,0.0297,0.2652,0.20400497
0.0305,0.0501,0.0301,0.2658,0.24317616
0.0304,0.0479,0.0302,0.254,0.22349934
0.0303,0.0469,0.0299,0.2526,0.2150259
0.0302,0.0466,0.0296,0.2492,0.21354163
0.0315,0.0493,0.0298,0.2784,0.22029704
0.0271,0.0449,0.02675,0.2601,0.24722223
0.0288,0.04205,0.0264,0.2447,0.18701483
0.0288,0.04205,0.0264,0.2447,0.18701483
0.02805,0.04195,0.0276,0.25,0.19857141
0.03035,0.0467,0.0317,0.2711,0.21219988
0.02855,0.04525,0.0297,0.2683,0.22628725
0.02845,0.04405,0.02775,0.2776,0.21517244
0.0299,0.04485,0.02905,0.279,0.2
0.0296,0.0448,0.028,0.28295,0.20430106
0.0291,0.04585,0.02915,0.2808,0.22348233
0.0309,0.0479,0.0309,0.2938,0.21573603
0.03025,0.0504,0.03145,0.31435,0.24984501
0.03075,0.0465,0.03,0.2925,0.20388348
0.02985,0.0471,0.0316,0.2793,0.22417153
0.03065,0.0457,0.0311,0.2639,0.19711854
0.03095,0.04815,0.03105,0.2601,0.21744627
0.02845,0.043,0.0278,0.2589,0.20363893
0.02715,0.0438,0.0242,0.2495,0.23467231
0.02725,0.04425,0.02655,0.2541,0.23776224
0.0278,0.04605,0.02705,0.2558,0.24712257
0.0283,0.04315,0.02715,0.2589,0.20783764
0.0279,0.0423,0.0268,0.2486,0.20512824
0.02795,0.04205,0.02635,0.2592,0.20142858
0.02775,0.04295,0.0276,0.2645,0.21499291
0.02935,0.0446,0.0284,0.2587,0.2062204
0.02865,0.0425,0.028,0.24495,0.19465916
0.029,0.04365,0.028,0.2503,0.20165178
0.02785,0.0453,0.02995,0.2574,0.2385509
0.0251,0.04265,0.02545,0.24065,0.25904056
0.0269,0.0418,0.02325,0.2655,0.21688499
0.028,0.04515,0.02665,0.2652,0.23444976
0.02785,0.0434,0.0273,0.2627,0.21824563
0.02785,0.0434,0.0273,0.2627,0.21824563
0.02695,0.04115,0.02565,0.2583,0.2085169
0.0269,0.03915,0.02485,0.2611,0.18546553
0.02665,0.0424,0.02705,0.2553,0.22809556
0.02775,0.0496,0.02845,0.2856,0.2824822
0.02655,0.0451,0.0267,0.2899,0.25889742
0.02625,0.0451,0.02615,0.30225,0.2641906
0.0268,0.04955,0.0262,0.3175,0.29796988
0.028,0.0504,0.02755,0.3014,0.28571427
0.02875,0.04865,0.0275,0.3082,0.25710595
0.02875,0.0465,0.026,0.3031,0.2358804
0.0294,0.04705,0.0283,0.2805,0.23086984
0.03055,0.0481,0.03025,0.2754,0.2231405
0.0283,0.0467,0.02735,0.2744,0.24533333
0.0278,0.04465,0.0279,0.2625,0.2325742
0.0303,0.0469,0.03205,0.263,0.2150259
0.03095,0.0462,0.02985,0.2578,0.19766687
0.0312,0.0475,0.0317,0.2558,0.20711564
0.0312,0.0479,0.0282,0.2518,0.21112517
0.0286,0.0433,0.0262,0.2466,0.20445062
0.0292,0.0453,0.0274,0.264,0.21610735
0.0294,0.046,0.0288,0.2602,0.22015914
0.0299,0.0457,0.0293,0.2714,0.2089947
0.0302,0.0471,0.0283,0.274,0.21862872
0.0319,0.051,0.0324,0.2806,0.23039806
0.0311,0.0486,0.0295,0.275,0.2195734
0.0321,0.0482,0.0307,0.274,0.20049813
0.0299,0.0458,0.0297,0.2658,0.21003965
0.0303,0.0488,0.0305,0.2666,0.23388115
0.0312,0.0496,0.0303,0.2658,0.22772281
0.02775,0.0454,0.0266,0.2599,0.24128504
0.02775,0.0454,0.0266,0.2599,0.24128504
0.0286,0.0451,0.02785,0.2638,0.2238806
0.0285,0.042,0.0292,0.2547,0.19148935
0.03025,0.04665,0.0318,0.2721,0.21326399
0.0288,0.04415,0.02925,0.2708,0.21041809
0.02815,0.04445,0.02825,0.2651,0.22451791
0.02955,0.04685,0.03055,0.2762,0.2264398
0.028,0.0462,0.029,0.2756,0.245283
0.0297,0.0449,0.0287,0.293,0.20375337
0.0299,0.0471,0.0307,0.3062,0.22337663
0.03175,0.0523,0.03395,0.31925,0.2444973
0.0323,0.05265,0.0341,0.3025,0.23955269
0.03035,0.04865,0.0332,0.2801,0.23164558
0.02915,0.04385,0.0294,0.26515,0.20136988
0.03095,0.04785,0.02985,0.2709,0.21446702
0.0292,0.045,0.02725,0.2777,0.21293801
0.02715,0.04265,0.02575,0.2578,0.22206305
0.02875,0.04475,0.02805,0.2622,0.21768709
0.0284,0.0453,0.0269,0.2643,0.22930801
0.0267,0.04155,0.02565,0.2566,0.21758242
0.02735,0.0427,0.02615,0.24745,0.2191292
0.02835,0.0439,0.02725,0.2598,0.21522495
0.0289,0.04435,0.0286,0.2662,0.2109215
0.02945,0.04485,0.029,0.261,0.20726784
0.0266,0.04095,0.02555,0.2389,0.21243523
0.0289,0.0444,0.0274,0.2415,0.21145976
0.0276,0.04505,0.0284,0.2438,0.2401927
0.0277,0.04415,0.0257,0.2611,0.22894917
0.0277,0.0443,0.02655,0.2717,0.2305556
0.0292,0.0462,0.0266,0.2755,0.22546417
0.02925,0.0461,0.02865,0.26315,0.22362311
0.02925,0.0461,0.02865,0.26315,0.22362311
0.02785,0.04325,0.0255,0.2619,0.21659632
0.0245,0.04135,0.023,0.2598,0.2558846
0.02645,0.0439,0.0258,0.26885,0.24804547
0.02775,0.0496,0.02845,0.2856,0.2824822
0.02585,0.04715,0.02415,0.2965,0.29178083
0.02515,0.0459,0.02365,0.3,0.29204786
0.0271,0.04895,0.02605,0.3223,0.287311
0.0281,0.05005,0.02795,0.3069,0.2808701
0.0288,0.0464,0.02645,0.3026,0.23404256
0.02855,0.0439,0.02655,0.2813,0.21187025
0.0295,0.0446,0.02885,0.2727,0.20377865
0.03025,0.0467,0.0306,0.2641,0.21377519
0.0281,0.04425,0.0271,0.266,0.22322044
0.02905,0.0438,0.02875,0.2622,0.20247082
0.031,0.04755,0.0311,0.2684,0.21069385
0.0306,0.04635,0.02845,0.2749,0.20467834
0.0294,0.0428,0.0289,0.2308,0.18559559
0.0301,0.0441,0.027,0.254,0.18867926
0.0306,0.0473,0.0283,0.2696,0.2143774
0.0311,0.0475,0.0288,0.2718,0.20865141
0.0304,0.0456,0.0285,0.277,0.19999999
0.0299,0.0461,0.0297,0.2648,0.2131579
0.0309,0.0486,0.028,0.2764,0.22264151
0.0312,0.0498,0.0314,0.2938,0.22962965
0.03,0.0477,0.0304,0.2818,0.22779924
0.0312,0.0481,0.0309,0.2678,0.21311474
0.0297,0.0483,0.0285,0.2736,0.23846155
0.0304,0.0484,0.0309,0.2468,0.22842638
0.0287,0.0482,0.0295,0.2652,0.2535761
0.02895,0.04575,0.0291,0.2751,0.22489959
0.02895,0.04575,0.0291,0.2751,0.22489959
0.0278,0.0464,0.02955,0.2715,0.25067386
0.02815,0.0437,0.02945,0.2635,0.21642308
0.03075,0.0473,0.03175,0.2896,0.21204354
0.0303,0.04625,0.03145,0.27525,0.20836055
0.0296,0.04685,0.0301,0.26575,0.22563767
0.0312,0.04895,0.03455,0.2824,0.22145979
0.0311,0.05095,0.0357,0.294,0.24192566
0.03035,0.04745,0.03085,0.2993,0.21979433
0.031,0.0496,0.03155,0.3044,0.23076925
0.03175,0.05255,0.03465,0.3037,0.24673782
0.03135,0.0493,0.03115,0.2909,0.22256662
0.0292,0.0456,0.0287,0.2789,0.21925133
0.0282,0.0441,0.02655,0.265,0.21991701
0.0288,0.0454,0.0296,0.2853,0.22371969
0.02885,0.0422,0.02725,0.2767,0.18789582
0.02735,0.04325,0.02535,0.2549,0.22521247
0.028,0.04495,0.0265,0.2505,0.23235092
0.02855,0.0462,0.026,0.2612,0.23612039
0.02575,0.04115,0.0254,0.26225,0.23019432
0.0285,0.04465,0.027,0.25245,0.22077921
0.02855,0.0444,0.0279,0.2642,0.21727209
0.02815,0.042,0.02755,0.2563,0.19743405
0.02775,0.04065,0.02495,0.2471,0.18859649
0.02655,0.0392,0.02485,0.2447,0.19239543
0.0278,0.04395,0.0284,0.248,0.2250871
0.0298,0.04475,0.0295,0.25005,0.20053656
0.02895,0.0456,0.02795,0.2682,0.22334003
0.0272,0.04365,0.02665,0.2766,0.23218067
0.0261,0.04225,0.0266,0.281,0.23628382
0.026,0.04565,0.02625,0.26505,0.27424985
0.026,0.04565,0.02625,0.26505,0.27424985
0.0242,0.0439,0.02435,0.2654,0.28928047
0.0242,0.0438,0.0235,0.2762,0.28823528
0.02705,0.044,0.02465,0.28875,0.23856439
0.0268,0.04535,0.02595,0.3064,0.25710326
0.0251,0.04465,0.0237,0.2979,0.28028676
0.0257,0.04615,0.0238,0.2852,0.28462073
0.02645,0.04815,0.0259,0.3118,0.2908847
0.02835,0.0486,0.02885,0.2995,0.2631579
0.03015,0.04615,0.0267,0.2891,0.20969856
0.0284,0.045,0.02735,0.271,0.22615804
0.02985,0.04815,0.0302,0.2772,0.23461537
0.02945,0.0466,0.02905,0.2722,0.22550954
0.02775,0.04335,0.0277,0.24965,0.21940929
0.0304,0.04525,0.0304,0.2589,0.19629872
0.03125,0.0449,0.0306,0.2647,0.17925148
0.02935,0.046,0.0275,0.2838,0.22096881
0.029,0.0458,0.0281,0.2384,0.22459894
0.0308,0.0476,0.0294,0.2598,0.21428573
0.0324,0.0494,0.0312,0.2828,0.20782398
0.0315,0.0501,0.0315,0.295,0.22794117
0.0315,0.0505,0.0307,0.3106,0.23170732
0.0318,0.0511,0.0312,0.2952,0.2328106
0.0313,0.0482,0.0292,0.2812,0.2125786
0.0328,0.0513,0.0316,0.295,0.21997622
0.0314,0.0496,0.0319,0.2894,0.22469139
0.0305,0.0475,0.0309,0.28,0.2179487
0.0304,0.0458,0.0303,0.2568,0.20209974
0.0301,0.0431,0.0281,0.2448,0.17759563
0.0303,0.0471,0.0285,0.2674,0.21705426
0.0299,0.04475,0.0292,0.2659,0.19892834
0.0299,0.04475,0.0292,0.2659,0.19892834
0.02725,0.04365,0.0281,0.25325,0.23131174
0.0288,0.04195,0.02765,0.2491,0.18586572
0.03215,0.0527,0.03285,0.28905,0.24219212
0.0325,0.05175,0.03725,0.2946,0.22848666
0.0311,0.0498,0.03405,0.2745,0.2311496
0.0357,0.0552,0.03945,0.2863,0.21452142
0.0345,0.05335,0.0368,0.2922,0.21457031
0.03075,0.04765,0.03005,0.2882,0.21556118
0.03015,0.0522,0.0302,0.2926,0.26775956
0.02855,0.0472,0.02825,0.2697,0.24620463
0.02895,0.04725,0.02775,0.2765,0.24015746
0.02785,0.0451,0.0259,0.2831,0.23646334
0.0269,0.0438,0.02545,0.268,0.23903817
0.0277,0.0455,0.02755,0.2909,0.24316938
0.0282,0.04475,0.0267,0.2911,0.2268677
0.02855,0.04565,0.02605,0.271,0.23045821
0.0267,0.04365,0.026,0.25575,0.2409382
0.0293,0.0447,0.02675,0.2652,0.2081081
0.0265,0.04295,0.02705,0.2683,0.23686107
0.02965,0.0466,0.0288,0.2741,0.22229506
0.0291,0.04475,0.02875,0.2639,0.21191603
0.02775,0.0418,0.02565,0.2544,0.20201293
0.02875,0.04125,0.02535,0.2482,0.17857145
0.02735,0.04285,0.0268,0.2452,0.22079773
0.02825,0.04425,0.02945,0.2593,0.22068967
0.02915,0.04395,0.0291,0.2526,0.20246236
0.02845,0.04495,0.02745,0.2677,0.22479567
0.0254,0.04265,0.0237,0.2704,0.2534901
0.02415,0.04455,0.0241,0.2819,0.29694325
0.02675,0.04765,0.02595,0.2835,0.28091395
0.02675,0.04765,0.02595,0.2835,0.28091395
0.02515,0.0464,0.0242,0.2967,0.29699513
0.0252,0.0466,0.02205,0.3052,0.29805014
0.027,0.04575,0.02285,0.3084,0.25773194
0.02765,0.04615,0.02465,0.3136,0.2506775
0.0251,0.04465,0.0237,0.2979,0.28028676
0.02705,0.04595,0.0262,0.3078,0.2589041
0.0279,0.04755,0.02685,0.3048,0.26043737
0.02955,0.05155,0.0276,0.299,0.27127007
0.02985,0.04985,0.02885,0.28655,0.250941
0.02985,0.04705,0.02835,0.2653,0.22366709
0.0285,0.0483,0.029,0.2688,0.2578125
0.0293,0.0452,0.02775,0.263,0.21342282
0.02925,0.0432,0.02875,0.2455,0.1925466
0.02985,0.04625,0.0302,0.2546,0.21550591
0.0305,0.0437,0.03065,0.2589,0.17789756
0.02755,0.04325,0.02755,0.2754,0.22175138
0.0307,0.0448,0.0285,0.2542,0.18675496
0.0332,0.0505,0.0329,0.27,0.20669058
0.0314,0.0503,0.0327,0.2786,0.23133415
0.0309,0.0473,0.0305,0.2902,0.20971867
0.0308,0.0486,0.0303,0.3032,0.22418134
0.0314,0.0482,0.0298,0.294,0.2110553
0.0318,0.0485,0.031,0.2712,0.2079701
0.0329,0.0526,0.0334,0.3,0.23040932
0.0323,0.0511,0.0323,0.3146,0.2254197
0.0291,0.0469,0.0303,0.2944,0.2342105
0.0278,0.0453,0.0276,0.264,0.23939808
0.0298,0.0467,0.0268,0.267,0.22091505
0.0321,0.0499,0.0309,0.2842,0.21707316
0.0312,0.0476,0.0311,0.2743,0.20812185
0.0312,0.0476,0.0311,0.2743,0.20812185
0.029,0.04595,0.02905,0.2488,0.22615078
0.02845,0.0448,0.02855,0.253,0.22320819
0.03265,0.0529,0.0352,0.2861,0.23670368
0.03355,0.0531,0.03855,0.2992,0.22562031
0.02995,0.04655,0.0327,0.268,0.21699344
0.0299,0.04875,0.0324,0.2855,0.23966941
0.02985,0.0448,0.02885,0.2828,0.2002679
0.02875,0.04715,0.02795,0.2709,0.24242423
0.0272,0.04435,0.0272,0.2593,0.23969251
0.0264,0.04245,0.02645,0.257,0.23311548
0.0284,0.0464,0.0283,0.2758,0.2406417
0.02855,0.0467,0.02755,0.2789,0.241196
0.02775,0.04625,0.0273,0.2771,0.25
0.028,0.0464,0.0274,0.2918,0.2473118
0.0292,0.04695,0.0294,0.2863,0.23309259
0.0291,0.0463,0.02825,0.2879,0.2281167
0.0272,0.04165,0.0267,0.2656,0.20987654
0.029,0.04355,0.02695,0.26675,0.20055135
0.02785,0.042,0.0275,0.2693,0.20257695
0.0271,0.0442,0.02715,0.2754,0.23983169
0.02675,0.0422,0.02585,0.26085,0.2240754
0.0272,0.0407,0.02495,0.2534,0.19882178
0.02795,0.0417,0.0266,0.2494,0.19741566
0.02875,0.04455,0.02835,0.2557,0.21555252
0.0282,0.04365,0.0291,0.2609,0.21503133
0.02725,0.04245,0.0274,0.2451,0.21807747
0.0255,0.0426,0.0269,0.26365,0.25110132
0.0265,0.04435,0.0246,0.2765,0.2519407
0.02765,0.04745,0.02575,0.28165,0.26364845
0.02765,0.04745,0.02575,0.28165,0.26364845
0.0284,0.04885,0.0268,0.2923,0.2647249
0.0274,0.04745,0.02615,0.3028,0.26786906
0.02685,0.0474,0.0247,0.3046,0.2767677
0.0286,0.0504,0.02565,0.3148,0.2759494
0.0286,0.0503,0.02725,0.3106,0.2750317
0.0275,0.04835,0.02595,0.3042,0.27488464
0.02705,0.04595,0.0262,0.3078,0.2589041
0.02805,0.0478,0.0279,0.30855,0.26038232
0.02955,0.0504,0.0306,0.3109,0.26078802
0.03045,0.05085,0.0312,0.3023,0.25092253
0.0291,0.047,0.0283,0.2769,0.2352168
0.02835,0.0452,0.02735,0.2617,0.22909588
0.0299,0.0442,0.0291,0.2621,0.19298245
0.03,0.0426,0.02915,0.2447,0.1735537
0.0294,0.0442,0.03035,0.24975,0.20108694
0.02955,0.04405,0.0291,0.2514,0.19701089
0.0281,0.0426,0.0253,0.2549,0.20509191
0.0311,0.0462,0.0301,0.2648,0.19534284
0.033,0.0498,0.0325,0.2756,0.20289856
0.0302,0.0468,0.0307,0.2676,0.21558438
0.0316,0.0459,0.031,0.2818,0.18451613
0.0337,0.05,0.0327,0.2928,0.19474313
0.0325,0.0493,0.0305,0.2966,0.205379
0.0318,0.049,0.0302,0.2868,0.21287125
0.0315,0.0511,0.0311,0.3056,0.23728815
0.0304,0.0465,0.0285,0.2814,0.2093628
0.0282,0.0453,0.0279,0.2922,0.23265305
0.0289,0.0469,0.028,0.2788,0.23746702
0.0302,0.048,0.0268,0.2718,0.22762148
0.0337,0.0502,0.0316,0.2894,0.19666268
0.0337,0.0502,0.0316,0.2894,0.19666268
0.0304,0.05115,0.03475,0.2708,0.25444514
0.02965,0.04525,0.03025,0.2557,0.20827767
0.0313,0.04835,0.03085,0.284,0.2140615
0.031,0.05135,0.0341,0.3045,0.24711598
0.03125,0.05085,0.0331,0.3048,0.23873325
0.0285,0.046,0.0289,0.2696,0.23489933
0.02765,0.0433,0.027,0.2629,0.22057785
0.0268,0.04515,0.026,0.27285,0.25503823
0.0286,0.04755,0.028,0.2838,0.24885096
0.0266,0.0464,0.02615,0.2736,0.27123287
0.02785,0.0469,0.0291,0.2964,0.2548495
0.02875,0.0484,0.02885,0.2873,0.25469863
0.0288,0.0473,0.0287,0.2804,0.2431012
0.02935,0.049,0.0303,0.2928,0.2507977
0.0305,0.05065,0.03165,0.2921,0.2483056
0.03255,0.0504,0.033,0.2879,0.21518989
0.0299,0.0466,0.03075,0.2936,0.21830066
0.0288,0.0442,0.0288,0.2699,0.21095891
0.0283,0.04455,0.02715,0.2529,0.22306108
0.03025,0.0441,0.0276,0.27,0.18628113
0.02625,0.04455,0.0259,0.2747,0.25847462
0.0255,0.04035,0.0229,0.25805,0.22551253
0.02645,0.0402,0.02335,0.2418,0.20630154
0.02715,0.0428,0.027,0.2464,0.22373126
0.02855,0.04545,0.02855,0.2643,0.22837834
0.0288,0.04565,0.028,0.26425,0.22632642
0.027,0.04265,0.0255,0.24965,0.22469488
0.0266,0.04375,0.02605,0.27,0.24378109
0.0275,0.0482,0.026,0.2851,0.2734478
0.0299,0.05215,0.0293,0.2981,0.27117613
0.0299,0.05215,0.0293,0.2981,0.27117613
0.02995,0.0522,0.02995,0.2946,0.27084604
0.02975,0.0491,0.02905,0.3008,0.24540265
0.0289,0.05215,0.0287,0.3126,0.28685996
0.02955,0.053,0.0294,0.31215,0.28407028
0.0289,0.0496,0.0287,0.311,0.2636943
0.02865,0.0504,0.02825,0.3128,0.27514228
0.0275,0.0485,0.027,0.31065,0.27631578
0.02815,0.0459,0.0249,0.3101,0.23970291
0.02825,0.0471,0.0275,0.3026,0.2501659
0.0291,0.0486,0.0275,0.3044,0.2509652
0.0288,0.0471,0.02765,0.2841,0.24110672
0.0283,0.046,0.02835,0.2658,0.23822342
0.0298,0.04485,0.02905,0.2636,0.20160751
0.02815,0.04365,0.02675,0.2512,0.21587746
0.02975,0.04545,0.03035,0.26035,0.20877656
0.0277,0.043,0.02845,0.2511,0.21640737
0.0281,0.0435,0.0255,0.2508,0.21508378
0.0319,0.0466,0.0311,0.2724,0.18726113
0.0327,0.0481,0.0316,0.2784,0.19059406
0.0319,0.047,0.0296,0.2872,0.19138148
0.0338,0.0483,0.0312,0.295,0.17661391
0.0335,0.0516,0.0344,0.3152,0.21269095
0.0324,0.0491,0.0325,0.3034,0.20490797
0.0299,0.048,0.0285,0.277,0.23234917
0.0302,0.047,0.0286,0.2844,0.21761656
0.0264,0.0423,0.0264,0.253,0.23144107
0.03,0.044,0.0275,0.2554,0.1891892
0.0285,0.047,0.0289,0.2614,0.2450331
0.0277,0.043,0.0277,0.2524,0.21640737
0.0321,0.0498,0.0356,0.2774,0.21611723
0.0321,0.0498,0.0356,0.2774,0.21611723
0.0318,0.0505,0.036,0.2633,0.22721748
0.0296,0.04575,0.0311,0.2656,0.2143331
0.02935,0.0488,0.0302,0.2849,0.24888036
0.0296,0.0494,0.0304,0.2786,0.2506329
0.0304,0.04875,0.02955,0.28,0.23183826
0.0266,0.04465,0.02595,0.26495,0.25333333
0.02705,0.04425,0.02685,0.2678,0.24123423
0.02835,0.04715,0.02895,0.2762,0.24900666
0.03,0.05075,0.02995,0.2956,0.25696594
0.0285,0.0474,0.0278,0.2821,0.24901186
0.03015,0.05,0.0319,0.2974,0.24766064
0.03065,0.0512,0.031,0.304,0.251069
0.0315,0.05305,0.0304,0.3034,0.25487876
0.0325,0.0534,0.0331,0.2981,0.24330619
0.0331,0.0543,0.03485,0.3028,0.24256289
0.0328,0.0516,0.03415,0.2947,0.22274885
0.0303,0.0487,0.03105,0.2843,0.2329114
0.029,0.04605,0.0283,0.2674,0.22718191
0.0281,0.04575,0.0284,0.258,0.23899797
0.03055,0.0466,0.0295,0.2685,0.20803629
0.0272,0.04325,0.02765,0.2703,0.22782111
0.0257,0.0419,0.0249,0.2543,0.23964502
0.0262,0.04335,0.0258,0.2484,0.24658519
0.02815,0.04445,0.0272,0.2636,0.22451791
0.02905,0.047,0.0304,0.2759,0.23602891
0.02985,0.0468,0.0288,0.2688,0.221135
0.0305,0.0473,0.0303,0.2702,0.2159383
0.02805,0.04765,0.03,0.2726,0.25891677
0.03085,0.0526,0.03005,0.2924,0.26063508
0.03385,0.055,0.03285,0.3163,0.23804165
0.03385,0.055,0.03285,0.3163,0.23804165
0.03065,0.053,0.03305,0.3059,0.2671847
0.03155,0.05135,0.0322,0.30495,0.23884197
0.0315,0.0537,0.0333,0.315,0.26056337
0.03175,0.05285,0.0324,0.31905,0.24940898
0.0298,0.0494,0.02965,0.3095,0.24747477
0.0288,0.0497,0.02735,0.31305,0.26624203
0.0267,0.048,0.0245,0.3178,0.28514057
0.02815,0.0459,0.0249,0.3101,0.23970291
0.0258,0.0447,0.02385,0.2993,0.2680851
0.0254,0.04455,0.02435,0.2985,0.273767
0.0277,0.04535,0.026,0.2821,0.24161534
0.02895,0.0476,0.0276,0.2748,0.24363163
0.028,0.04425,0.0275,0.2588,0.22491348
0.0277,0.04315,0.0274,0.2561,0.21806635
0.02965,0.04555,0.02875,0.2674,0.21143617
0.02665,0.04345,0.0253,0.255,0.23965764
0.02935,0.047,0.0273,0.2682,0.23117223
0.0316,0.0506,0.0305,0.2974,0.23114358
0.0321,0.0487,0.0319,0.2988,0.20544557
0.0308,0.0489,0.0313,0.29,0.22710164
0.0305,0.0504,0.0307,0.2866,0.24598269
0.0307,0.0485,0.0317,0.2976,0.2247475
0.0302,0.0451,0.0292,0.2916,0.19787516
0.028,0.0437,0.0281,0.2485,0.21896788
0.0302,0.0482,0.0277,0.2554,0.22959183
0.0282,0.0444,0.0269,0.2466,0.22314048
0.0299,0.047,0.0278,0.2484,0.2223667
0.0308,0.047,0.031,0.257,0.2082262
0.0279,0.0467,0.0284,0.258,0.25201076
0.0298,0.0466,0.0318,0.2492,0.21989529
0.0298,0.0466,0.0318,0.2492,0.21989529
0.0298,0.0428,0.03065,0.2339,0.1790634
0.02785,0.04665,0.0305,0.2547,0.252349
0.02845,0.04565,0.029,0.2622,0.23211879
0.0293,0.0464,0.02785,0.2548,0.22589166
0.02905,0.0446,0.0269,0.2666,0.21113372
0.02915,0.04575,0.02555,0.2726,0.22162883
0.029,0.0461,0.0288,0.2725,0.22769642
0.03085,0.04975,0.03115,0.2738,0.2344913
0.0307,0.0505,0.0307,0.293,0.24384238
0.02905,0.04805,0.0298,0.2861,0.24643321
0.02985,0.0513,0.03245,0.2937,0.26432532
0.03185,0.0525,0.03475,0.3102,0.24481328
0.03265,0.0573,0.0355,0.3159,0.27404112
0.0322,0.05615,0.03365,0.3122,0.27108094
0.03155,0.0513,0.0322,0.2907,0.23838261
0.0321,0.0482,0.0301,0.2789,0.20049813
0.0303,0.04585,0.02825,0.2692,0.20420223
0.0292,0.04535,0.0281,0.2714,0.21663311
0.03085,0.0455,0.0286,0.2711,0.19187947
0.03135,0.0487,0.03035,0.2761,0.2167395
0.0273,0.04485,0.02665,0.265,0.24324323
0.0267,0.04225,0.02545,0.2653,0.22552577
0.0271,0.04385,0.02525,0.2671,0.23608175
0.02705,0.04485,0.027,0.2722,0.24756607
0.02815,0.04765,0.0297,0.2778,0.2572559
0.0317,0.05255,0.03155,0.2755,0.24747773
0.0312,0.05355,0.03245,0.2778,0.26371685
0.0299,0.04895,0.0313,0.2801,0.241598
0.03225,0.053,0.03155,0.2922,0.24340178
0.03225,0.053,0.03155,0.2922,0.24340178
0.03315,0.05385,0.03435,0.3067,0.23793104
0.0312,0.05225,0.03215,0.3187,0.25224686
0.0301,0.0503,0.0308,0.3038,0.25124377
0.03005,0.052,0.03155,0.309,0.2675198
0.03,0.05125,0.03205,0.31,0.26153848
0.0297,0.0515,0.03,0.3197,0.2684729
0.02745,0.0487,0.02705,0.3224,0.2790545
0.02565,0.0468,0.0243,0.3113,0.29192546
0.02495,0.04455,0.0227,0.3098,0.28201443
0.0258,0.0447,0.02385,0.2993,0.2680851
0.0253,0.0426,0.0225,0.2793,0.25478643
0.0265,0.04615,0.02505,0.2741,0.27047488
0.0288,0.04985,0.0275,0.28735,0.26764145
0.02805,0.0434,0.02715,0.2569,0.21483555
0.0281,0.04175,0.02725,0.2435,0.19541873
0.02805,0.04225,0.02775,0.251,0.20199147
0.02625,0.04195,0.02705,0.2584,0.23020527
0.0279,0.0442,0.02845,0.2633,0.2260749
0.0287,0.0475,0.03,0.293,0.24671915
0.0293,0.0498,0.0306,0.3056,0.2591656
0.0283,0.0444,0.0271,0.28,0.22145803
0.0274,0.0428,0.0262,0.2502,0.21937323
0.0297,0.0441,0.0273,0.263,0.19512197
0.0305,0.0463,0.0289,0.2674,0.20572917
0.0303,0.049,0.0306,0.2623,0.23581333
0.0312,0.0501,0.0302,0.267,0.23247233
0.0291,0.0455,0.0278,0.2557,0.21983913
0.0295,0.0465,0.0291,0.2584,0.2236842
0.0311,0.051,0.0287,0.2688,0.24238734
0.0289,0.0506,0.0291,0.2702,0.27295598
0.0278,0.0464,0.0284,0.2482,0.25067386
0.0278,0.0464,0.0284,0.2482,0.25067386
0.02885,0.04475,0.028,0.2352,0.21603261
0.02915,0.04795,0.02825,0.2589,0.24383916
0.02985,0.0475,0.02875,0.2582,0.22818357
0.02905,0.0476,0.02975,0.26645,0.24200915
0.029,0.0487,0.02915,0.2773,0.25353926
0.03005,0.0501,0.02995,0.28255,0.25015593
0.0308,0.0501,0.03055,0.2856,0.23856612
0.0311,0.0501,0.03285,0.28465,0.23399015
0.0307,0.04925,0.0306,0.2872,0.23202
0.0302,0.04915,0.03055,0.28795,0.23881537
0.0311,0.05225,0.03275,0.3003,0.25374928
0.0323,0.05375,0.03325,0.3064,0.24927369
0.0321,0.0542,0.0331,0.2942,0.25608346
0.0322,0.05275,0.03225,0.2909,0.24190697
0.03005,0.05215,0.03075,0.2714,0.26885644
0.02915,0.04905,0.0284,0.26325,0.2544757
0.0278,0.04585,0.02685,0.2645,0.24507809
0.02865,0.0454,0.0262,0.2798,0.22619851
0.0298,0.0459,0.0277,0.2783,0.21268162
0.0288,0.0457,0.02755,0.2692,0.22684564
0.02565,0.04115,0.02505,0.2557,0.23203593
0.02755,0.0393,0.02475,0.2686,0.17576662
0.0281,0.04675,0.0259,0.2775,0.24916501
0.027,0.04525,0.027,0.2749,0.25259513
0.029,0.04535,0.0283,0.2714,0.21990587
0.03145,0.0526,0.03255,0.2751,0.25163594
0.0306,0.04985,0.03175,0.2869,0.23927903
0.0286,0.04725,0.02985,0.2944,0.24588002
0.031,0.05145,0.0312,0.3056,0.2480291
0.031,0.05145,0.0312,0.3056,0.2480291
0.0315,0.0517,0.03215,0.2899,0.24278845
0.03075,0.0517,0.03045,0.296,0.25409338
0.0302,0.05,0.02905,0.2997,0.24688278
0.0275,0.0481,0.0287,0.3005,0.27248675
0.02855,0.0482,0.02935,0.2864,0.25602603
0.02995,0.04915,0.0303,0.29205,0.24273074
0.02795,0.0465,0.02645,0.2895,0.24916053
0.02605,0.0469,0.0257,0.2964,0.28581223
0.0247,0.0464,0.02425,0.2929,0.30520394
0.02425,0.04265,0.02315,0.2808,0.27503735
0.0253,0.0426,0.0225,0.2793,0.25478643
0.02575,0.0468,0.02375,0.2841,0.2901447
0.02795,0.048,0.02675,0.2881,0.26398948
0.0268,0.0436,0.0266,0.2741,0.23863639
0.02795,0.0438,0.0283,0.2684,0.22090593
0.02975,0.04465,0.0288,0.2609,0.2002688
0.0281,0.04325,0.0297,0.2568,0.21233353
0.02795,0.0409,0.0282,0.2454,0.18809006
0.0275,0.0467,0.0262,0.304,0.2587601
0.0287,0.0483,0.0269,0.305,0.25454548
0.0275,0.0441,0.0253,0.2718,0.23184358
0.0283,0.0443,0.0264,0.2426,0.22038569
0.03,0.0466,0.0305,0.261,0.21671018
0.0294,0.0452,0.0302,0.2602,0.21179625
0.03,0.0472,0.0293,0.2762,0.22279795
0.0303,0.0463,0.0297,0.2636,0.2088773
0.0287,0.045,0.0272,0.2602,0.22116691
0.0303,0.0498,0.0295,0.2752,0.2434457
0.0313,0.0526,0.0298,0.2812,0.25387365
0.0292,0.0509,0.0295,0.2736,0.27091137
0.0292,0.0509,0.0295,0.2736,0.27091137
0.0277,0.0464,0.0283,0.2586,0.25236166
0.02905,0.04765,0.02875,0.2656,0.24250323
0.0281,0.04845,0.0292,0.26665,0.2658393
0.03055,0.04765,0.0294,0.26095,0.21867007
0.03055,0.0492,0.03075,0.271,0.23385578
0.0309,0.0513,0.0318,0.2924,0.2481752
0.03225,0.05185,0.03315,0.2875,0.2330559
0.0321,0.0509,0.0329,0.291,0.22650602
0.03155,0.0505,0.03245,0.293,0.23095673
0.03305,0.05195,0.0333,0.2834,0.22235294
0.0321,0.05115,0.03255,0.287,0.22882885
0.03125,0.0512,0.03345,0.2943,0.2419648
0.03225,0.0533,0.0319,0.2998,0.24605498
0.0321,0.05135,0.03145,0.2871,0.23067707
0.0333,0.0536,0.0329,0.303,0.23360182
0.0317,0.052,0.0316,0.2893,0.24253286
0.03055,0.0519,0.029,0.2788,0.2589448
0.02795,0.0496,0.02685,0.2896,0.27917475
0.0271,0.04715,0.0259,0.2795,0.2700337
0.02665,0.04525,0.0237,0.2714,0.25869262
0.02515,0.0432,0.0224,0.2508,0.26408195
0.02685,0.0399,0.02235,0.2652,0.19550562
0.02715,0.045,0.0247,0.2664,0.24740128
0.02835,0.0502,0.02755,0.2805,0.2781668
0.02745,0.0457,0.0259,0.27295,0.24948733
0.02985,0.0473,0.0279,0.2819,0.22618274
0.0304,0.0499,0.03175,0.27265,0.24283932
0.02815,0.04445,0.0265,0.2586,0.22451791
0.02715,0.04565,0.0259,0.2953,0.2541209
0.02925,0.0534,0.02965,0.3126,0.292196
0.02925,0.0534,0.02965,0.3126,0.292196
0.03165,0.051,0.032,0.2906,0.23411979
0.0312,0.0504,0.03335,0.2909,0.23529415
0.02995,0.0499,0.03155,0.2943,0.24984343
0.0267,0.0462,0.02985,0.2811,0.26748973
0.02925,0.0462,0.03045,0.2741,0.22465208
0.0285,0.04475,0.02875,0.2662,0.221843
0.0298,0.0482,0.03055,0.2739,0.23589744
0.0292,0.0487,0.0294,0.2944,0.25032094
0.02685,0.04825,0.0259,0.3079,0.2849534
0.0255,0.0446,0.02425,0.2884,0.2724679
0.02385,0.0435,0.0229,0.2869,0.29175946
0.0252,0.0439,0.02325,0.2933,0.2706223
0.0249,0.0429,0.02305,0.2827,0.26548672
0.02635,0.04345,0.02495,0.2775,0.24498567
0.02835,0.04745,0.02895,0.2716,0.25197887
0.02985,0.04625,0.02855,0.2671,0.21550591
0.02825,0.04135,0.0286,0.2513,0.18821838
0.0283,0.0421,0.02795,0.2373,0.19602273
0.0299,0.0493,0.026,0.3054,0.2449495
0.0288,0.0472,0.0276,0.2898,0.24210528
0.027,0.0433,0.0269,0.2629,0.23186342
0.0282,0.0451,0.0268,0.2458,0.23055932
0.0285,0.0456,0.0277,0.2665,0.23076923
0.0286,0.0435,0.0286,0.2584,0.20665741
0.0297,0.046,0.0285,0.2756,0.21532366
0.0295,0.0467,0.0275,0.2678,0.22572179
0.0299,0.0485,0.0285,0.2724,0.23724492
0.0307,0.0513,0.0315,0.2862,0.2512195
0.0301,0.0487,0.0301,0.2833,0.23604064
0.0294,0.0455,0.0288,0.2706,0.21495324
0.0294,0.0455,0.0288,0.2706,0.21495324
0.0303,0.0472,0.0301,0.2779,0.21806453
0.02855,0.0469,0.03,0.2711,0.24320741
0.0299,0.04725,0.03045,0.2639,0.22488657
0.0297,0.04725,0.0318,0.2601,0.22807017
0.03095,0.0486,0.0323,0.276,0.22187303
0.0318,0.05005,0.03305,0.2851,0.22296882
0.0328,0.05215,0.03615,0.2932,0.22778104
0.03245,0.0538,0.0362,0.2956,0.24753621
0.0336,0.05365,0.03565,0.29065,0.22979945
0.0328,0.05375,0.03525,0.2989,0.24205664
0.03115,0.05155,0.03325,0.2976,0.24667475
0.0315,0.052,0.03195,0.2862,0.245509
0.0323,0.05175,0.0333,0.2844,0.23140989
0.03095,0.0532,0.0325,0.2912,0.26440877
0.03105,0.05225,0.03225,0.3063,0.25450182
0.03275,0.0509,0.03215,0.2943,0.21697551
0.0302,0.05355,0.03115,0.2851,0.27880597
0.02925,0.05065,0.02815,0.2963,0.2678348
0.02795,0.04825,0.0268,0.2803,0.2664042
0.02705,0.04915,0.0263,0.2689,0.29002628
0.0273,0.04765,0.02455,0.2731,0.27151433
0.02755,0.0416,0.0243,0.2786,0.20318148
0.02695,0.0455,0.0248,0.2731,0.25603864
0.0277,0.0448,0.0248,0.2843,0.23586206
0.02825,0.04605,0.02475,0.2968,0.23956934
0.03085,0.05125,0.02925,0.3067,0.24847744
0.03025,0.05045,0.0332,0.2658,0.2503098
0.0273,0.04695,0.0272,0.2735,0.2646465
0.02755,0.0503,0.0272,0.2917,0.2922286
0.02955,0.0521,0.0301,0.3016,0.27617884
0.02955,0.0521,0.0301,0.3016,0.27617884
0.03035,0.0506,0.0316,0.2832,0.2501544
0.03155,0.049,0.03415,0.283,0.2166356
0.0296,0.0457,0.0308,0.2703,0.2138114
0.02925,0.04715,0.02945,0.282,0.23429322
0.02815,0.0476,0.0309,0.276,0.2567657
0.02915,0.0458,0.0281,0.2671,0.2221481
0.029,0.04875,0.03065,0.2824,0.2540193
0.0312,0.0499,0.03235,0.2962,0.23057953
0.0273,0.04675,0.0268,0.3003,0.26266038
0.02515,0.0455,0.02475,0.2932,0.28803965
0.0241,0.04465,0.0238,0.2959,0.29890907
0.0252,0.0439,0.02325,0.2933,0.2706223
0.02575,0.04465,0.02625,0.2674,0.2684659
0.02695,0.0435,0.0264,0.2644,0.23491837
0.02795,0.04635,0.02805,0.2633,0.24764466
0.02695,0.04435,0.0283,0.2508,0.24403925
0.0274,0.0384,0.02675,0.2281,0.16717327
0.02705,0.0398,0.0274,0.2332,0.1907255
0.0312,0.0488,0.02965,0.3069,0.22
0.0291,0.0447,0.0281,0.2788,0.21138212
0.0268,0.0422,0.0276,0.2496,0.22318842
0.0286,0.0434,0.0277,0.2476,0.20555557
0.0286,0.0455,0.0303,0.2688,0.22807015
0.0287,0.0452,0.0272,0.2798,0.22327472
0.0277,0.0492,0.0274,0.3074,0.27958387
0.02725,0.04575,0.02725,0.2821,0.25342467
0.0297,0.0475,0.0283,0.2701,0.23056996
0.02985,0.04915,0.02955,0.2784,0.2443038
0.02955,0.04795,0.02885,0.2915,0.23741935
0.0293,0.04845,0.02995,0.2813,0.24630226
0.0293,0.04845,0.02995,0.2813,0.24630226
0.03085,0.0495,0.0327,0.2773,0.23210952
0.0291,0.0458,0.031,0.2668,0.22296394
0.0306,0.0474,0.0323,0.2762,0.21538463
0.0315,0.048,0.0327,0.278,0.20754716
0.0306,0.05,0.0315,0.2806,0.24069479
0.0301,0.0497,0.033,0.2834,0.24561405
0.0328,0.0548,0.035,0.3084,0.25114155
0.0344,0.05775,0.0368,0.3101,0.2533912
0.03285,0.05395,0.0366,0.2913,0.24308755
0.03125,0.05375,0.03315,0.3076,0.2647059
0.0312,0.05165,0.03215,0.3129,0.24683164
0.0333,0.0531,0.03345,0.2975,0.22916666
0.03525,0.0601,0.03775,0.3009,0.26061878
0.03325,0.0592,0.0354,0.30505,0.28069225
0.03075,0.05325,0.03205,0.3108,0.26785713
0.03345,0.0531,0.0313,0.3016,0.22703642
0.03115,0.0517,0.03285,0.2914,0.24803862
0.02875,0.0521,0.0281,0.2925,0.2888064
0.02855,0.0511,0.0263,0.2857,0.28311363
0.0281,0.04895,0.02615,0.2798,0.2706035
0.02795,0.04985,0.02585,0.2915,0.28149098
0.0264,0.04455,0.0229,0.2831,0.255814
0.0253,0.0445,0.02425,0.2801,0.27507162
0.0272,0.0483,0.0248,0.2909,0.2794702
0.0282,0.04825,0.02675,0.3046,0.2622629
0.0299,0.0517,0.03035,0.3112,0.26715687
0.03025,0.0523,0.03235,0.2815,0.26711082
0.02745,0.0508,0.0288,0.2723,0.29840255
0.02845,0.0502,0.02935,0.2852,0.27654165
0.02845,0.0502,0.02935,0.2852,0.27654165
0.02935,0.05235,0.03015,0.292,0.28151774
0.02875,0.04715,0.02915,0.29,0.24242423
0.02935,0.0449,0.0293,0.2737,0.20942762
0.0282,0.04345,0.02865,0.2617,0.21284021
0.0297,0.0467,0.02995,0.2774,0.22251311
0.0287,0.0457,0.0307,0.2767,0.22849461
0.029,0.04645,0.02845,0.2719,0.231279
0.0287,0.0445,0.029,0.2786,0.215847
0.0276,0.0469,0.02775,0.2861,0.2590604
0.02665,0.0442,0.02625,0.2754,0.24770641
0.0266,0.04745,0.0267,0.2966,0.28156653
0.025,0.04455,0.0251,0.2913,0.28109276
0.0246,0.0418,0.023,0.2736,0.25903615
0.02575,0.04465,0.02625,0.2674,0.2684659
0.028,0.04585,0.0269,0.26685,0.24170615
0.02695,0.0447,0.0271,0.2674,0.24773204
0.0263,0.04,0.0278,0.2483,0.20663649
0.02675,0.04005,0.02605,0.2295,0.19910179
0.0292,0.04465,0.02755,0.2619,0.20920785
0.03025,0.04795,0.02965,0.3116,0.22634271
0.0294,0.0445,0.0284,0.2732,0.20433019
0.0273,0.043,0.0286,0.2454,0.22332862
0.03,0.0443,0.0286,0.2568,0.19246301
0.0293,0.0448,0.0282,0.2872,0.20917675
0.0281,0.0467,0.026,0.2978,0.2486631
0.0275,0.0472,0.0262,0.3064,0.2637216
0.0277,0.04465,0.02745,0.2731,0.23427783
0.02925,0.04785,0.03,0.2722,0.24124515
0.0324,0.05035,0.03325,0.2918,0.21691841
0.03315,0.0525,0.03105,0.3122,0.22591944
0.0316,0.0493,0.0318,0.29,0.21878865
0.0316,0.0493,0.0318,0.29,0.21878865
0.032,0.0509,0.03255,0.27395,0.22798552
0.0312,0.0497,0.0318,0.2808,0.22867739
0.0318,0.053,0.0331,0.2862,0.24999996
0.0328,0.0522,0.0348,0.2978,0.2282353
0.0328,0.053,0.0322,0.3002,0.23543122
0.0322,0.0515,0.034,0.2942,0.23058541
0.0329,0.0561,0.0349,0.3074,0.26067412
0.0333,0.05485,0.03455,0.2898,0.24446964
0.03145,0.0526,0.0327,0.2793,0.25163594
0.03215,0.05435,0.03085,0.3172,0.25664738
0.03065,0.0547,0.03095,0.335,0.2817809
0.032,0.0556,0.0328,0.3195,0.26940635
0.0339,0.05705,0.03505,0.3178,0.25453547
0.03185,0.0571,0.0316,0.3168,0.28386736
0.0301,0.05335,0.03055,0.3115,0.27860996
0.03155,0.05415,0.032,0.3098,0.2637106
0.029,0.05345,0.031,0.2902,0.29654336
0.0284,0.05375,0.02485,0.2957,0.3085819
0.02835,0.04975,0.02505,0.2834,0.2740077
0.0272,0.0481,0.025,0.2873,0.27755642
0.02655,0.04765,0.02515,0.2962,0.28436655
0.0239,0.0413,0.02245,0.2812,0.26687112
0.0259,0.04465,0.02405,0.2887,0.26576895
0.0276,0.0476,0.02585,0.28365,0.26595747
0.0263,0.0444,0.026,0.28975,0.2560113
0.0282,0.04665,0.0277,0.299,0.24649298
0.0275,0.0505,0.02815,0.2855,0.2948718
0.02655,0.0463,0.0264,0.2772,0.27110502
0.02805,0.04795,0.0268,0.2838,0.2618421
0.02805,0.04795,0.0268,0.2838,0.2618421
0.0274,0.04995,0.0287,0.2951,0.291532
0.02895,0.04815,0.02825,0.2936,0.24902722
0.0276,0.04545,0.02705,0.265,0.24435316
0.02695,0.0431,0.027,0.2622,0.2305496
0.02865,0.0462,0.0301,0.2827,0.23446892
0.0284,0.0446,0.028,0.2704,0.2219178
0.02825,0.04475,0.02875,0.2572,0.22602743
0.0297,0.0455,0.0315,0.2655,0.21010637
0.0295,0.04635,0.03045,0.2788,0.22214897
0.0283,0.04565,0.02985,0.2849,0.23461801
0.02815,0.0486,0.0289,0.2975,0.2664495
0.02515,0.0447,0.0253,0.2823,0.2798855
0.027,0.0419,0.0256,0.2814,0.21625544
0.0281,0.0466,0.02985,0.2702,0.24765728
0.028,0.04585,0.0269,0.26685,0.24170615
0.02705,0.04225,0.0266,0.2586,0.21933624
0.02545,0.0408,0.025,0.2447,0.23169811
0.0259,0.04065,0.0267,0.2456,0.22163783
0.0294,0.049,0.0292,0.2703,0.24999997
0.0296,0.048,0.0291,0.32,0.2371134
0.0286,0.0452,0.0284,0.2774,0.22493228
0.029,0.0422,0.0299,0.2562,0.18539326
0.0312,0.0479,0.0307,0.2754,0.21112517
0.028,0.0456,0.0283,0.2924,0.23913042
0.0269,0.0439,0.0267,0.2836,0.24011299
0.0304,0.0474,0.0291,0.2934,0.21850899
0.03135,0.05015,0.0303,0.2847,0.23067482
0.0344,0.0547,0.0349,0.2867,0.22783385
0.0359,0.05785,0.0367,0.3208,0.23413332
0.03465,0.0579,0.03505,0.328,0.25121555
0.03465,0.0579,0.03505,0.328,0.25121555
0.0301,0.0499,0.0305,0.28075,0.2475
0.03425,0.05235,0.0324,0.2892,0.20900695
0.0339,0.0572,0.0348,0.306,0.2557629
0.0339,0.0562,0.0368,0.3142,0.24750277
0.0357,0.0565,0.0383,0.3212,0.22559652
0.033,0.0534,0.0354,0.2994,0.23611109
0.0326,0.0522,0.033,0.2956,0.23113206
0.0334,0.0525,0.034,0.2944,0.22235158
0.02835,0.0499,0.03115,0.2716,0.27539936
0.03065,0.05075,0.03055,0.2921,0.24692874
0.0313,0.0552,0.03115,0.3369,0.27630055
0.0314,0.05795,0.0305,0.3447,0.29714608
0.02945,0.05425,0.02835,0.3121,0.29629627
0.0295,0.05295,0.03,0.2999,0.28441477
0.03035,0.0554,0.03015,0.3134,0.29212826
0.03105,0.05595,0.0307,0.3294,0.2862069
0.03135,0.05445,0.03185,0.3239,0.26923075
0.03035,0.05615,0.0307,0.3038,0.2982659
0.0291,0.05195,0.0271,0.29015,0.28192472
0.028,0.05045,0.02635,0.2915,0.28616953
0.02725,0.0497,0.02515,0.2861,0.2917479
0.02635,0.04855,0.0246,0.2931,0.29639515
0.02445,0.0427,0.0228,0.2806,0.2717796
0.02615,0.0463,0.02465,0.3001,0.27812287
0.02765,0.05045,0.0275,0.3036,0.29193342
0.0282,0.04885,0.02945,0.29905,0.26800779
0.02895,0.04805,0.02855,0.2882,0.24805196
0.0288,0.05065,0.02865,0.2803,0.27501577
0.02705,0.04685,0.0268,0.2946,0.26792964
0.0278,0.04755,0.0271,0.297,0.26211017
0.0278,0.04755,0.0271,0.297,0.26211017
0.0289,0.0482,0.0276,0.2956,0.25032425
0.02955,0.0482,0.0286,0.2845,0.2398714
0.02925,0.0477,0.0295,0.2798,0.23976608
0.0319,0.0495,0.03045,0.2833,0.21621622
0.0299,0.0491,0.0317,0.2904,0.243038
0.02895,0.0439,0.02685,0.2712,0.20521621
0.0292,0.0452,0.02965,0.2572,0.21505377
0.0307,0.04705,0.0318,0.2724,0.21028939
0.0317,0.04805,0.03255,0.2878,0.20501569
0.03075,0.0473,0.03175,0.2757,0.21204354
0.02905,0.04745,0.0294,0.291,0.24052286
0.02835,0.04625,0.02735,0.2871,0.23994641
0.0283,0.0471,0.0277,0.287,0.24933685
0.02885,0.04645,0.02795,0.2772,0.23373173
0.0265,0.0447,0.0254,0.2649,0.255618
0.02685,0.04215,0.02505,0.2552,0.22173911
0.0264,0.0422,0.0279,0.2635,0.23032069
0.02625,0.0417,0.02555,0.269,0.2273731
0.02655,0.04195,0.02545,0.2618,0.2248175
0.02815,0.04795,0.02775,0.31515,0.26018396
0.0277,0.0444,0.0268,0.2706,0.23162274
0.0302,0.0451,0.0282,0.2678,0.19787516
0.0309,0.0487,0.0314,0.298,0.2236181
0.0294,0.0467,0.029,0.2888,0.22733246
0.0318,0.0479,0.0301,0.282,0.20200749
0.0328,0.0529,0.034,0.2994,0.23453909
0.03415,0.05695,0.0371,0.30465,0.25027442
0.0366,0.06055,0.0401,0.31095,0.24652599
0.0372,0.06275,0.03895,0.3456,0.25562778
0.0358,0.063,0.0356,0.3421,0.27530366
0.0358,0.063,0.0356,0.3421,0.27530366
0.03125,0.0556,0.0323,0.2981,0.28036842
0.03505,0.05555,0.035,0.3064,0.22626932
0.0356,0.0606,0.0369,0.3266,0.25987527
0.0342,0.0556,0.0352,0.3072,0.23830731
0.0358,0.0563,0.0375,0.322,0.22258417
0.0323,0.0534,0.0348,0.3024,0.2462077
0.0315,0.0543,0.0316,0.2894,0.26573426
0.0318,0.0552,0.0316,0.2922,0.26896548
0.0301,0.0524,0.0301,0.2889,0.27030307
0.03245,0.0574,0.032,0.3171,0.277685
0.03285,0.06165,0.03365,0.3475,0.3047619
0.03165,0.0573,0.0318,0.3108,0.28836426
0.0272,0.0481,0.02655,0.2642,0.27755642
0.02935,0.0508,0.0294,0.2774,0.26762322
0.03085,0.05235,0.02995,0.30245,0.25841343
0.02975,0.05665,0.02985,0.3218,0.3113426
0.02965,0.05415,0.02865,0.3245,0.29236275
0.03045,0.05445,0.02885,0.313,0.28268555
0.0298,0.05435,0.02935,0.2963,0.29174092
0.02995,0.05435,0.0312,0.3143,0.28944248
0.0283,0.05165,0.0271,0.3127,0.2920575
0.0281,0.05235,0.0264,0.3057,0.30142945
0.0258,0.0448,0.0254,0.2888,0.26912177
0.02745,0.048,0.02455,0.3037,0.27236578
0.0275,0.0514,0.0291,0.3135,0.3029151
0.0291,0.05085,0.03045,0.30865,0.27204502
0.029,0.048,0.02585,0.2949,0.24675326
0.027,0.0449,0.0265,0.2654,0.24895687
0.02625,0.04415,0.02755,0.2596,0.25426134
0.0276,0.0491,0.0273,0.294,0.2803129
0.0276,0.0491,0.0273,0.294,0.2803129
0.0291,0.0494,0.02865,0.3053,0.25859872
0.0308,0.0479,0.03025,0.2894,0.2172808
0.03215,0.05215,0.0312,0.3072,0.23724793
0.0338,0.05275,0.03355,0.32015,0.2189486
0.03225,0.0493,0.0344,0.29525,0.2090742
0.0287,0.04405,0.02875,0.2865,0.21099657
0.02905,0.04495,0.0299,0.2671,0.21486488
0.03115,0.0493,0.03015,0.2826,0.22560596
0.03025,0.04825,0.03005,0.2896,0.22929937
0.02935,0.0462,0.0292,0.2787,0.22303112
0.0303,0.04835,0.02905,0.2848,0.22949776
0.03055,0.04825,0.02935,0.28015,0.22461931
0.0283,0.0469,0.02715,0.2907,0.24734043
0.0262,0.0424,0.02635,0.277,0.23615159
0.02515,0.0405,0.02315,0.2481,0.2338157
0.02685,0.04215,0.02505,0.2552,0.22173911
0.02815,0.0458,0.02795,0.288,0.23867479
0.02595,0.04545,0.02525,0.2824,0.27310923
0.02465,0.04065,0.0224,0.259,0.24502294
0.02945,0.04805,0.027,0.3001,0.24000002
0.0274,0.0462,0.0283,0.272,0.25543478
0.0306,0.048,0.0304,0.2868,0.22137403
0.0302,0.0485,0.0302,0.3108,0.23252858
0.0309,0.0498,0.0307,0.2998,0.23420076
0.0314,0.0505,0.0321,0.2866,0.23321126
0.0332,0.0553,0.035,0.3,0.24971753
0.035,0.0578,0.036,0.319,0.24568965
0.03565,0.0585,0.0381,0.3319,0.24269782
0.03635,0.063,0.0377,0.3545,0.26824358
0.0354,0.0655,0.0359,0.3727,0.29831517
0.0354,0.0655,0.0359,0.3727,0.29831517
0.03415,0.05845,0.03455,0.3207,0.262419
0.03485,0.05795,0.0375,0.2984,0.2489224
0.033,0.0542,0.0328,0.3034,0.24311928
0.0323,0.0525,0.0316,0.3029,0.23820755
0.0332,0.0546,0.034,0.3194,0.24373579
0.0304,0.0539,0.0309,0.3164,0.2787663
0.0318,0.0554,0.0305,0.299,0.27064216
0.0329,0.0585,0.0339,0.3142,0.2800875
0.0318,0.0585,0.03135,0.3273,0.29568103
0.03465,0.0607,0.033,0.3484,0.27320397
0.0346,0.06255,0.0354,0.3519,0.28769943
0.03145,0.0556,0.0316,0.306,0.27742675
0.02765,0.0492,0.02725,0.2815,0.28041637
0.0296,0.0508,0.02925,0.3011,0.2636816
0.02955,0.05275,0.029,0.3044,0.2818955
0.0297,0.05375,0.02885,0.314,0.28819653
0.0291,0.05475,0.028,0.3065,0.3059034
0.03055,0.05565,0.02925,0.3104,0.2911833
0.0315,0.0552,0.03075,0.2981,0.27335638
0.0322,0.05425,0.0328,0.3199,0.2550607
0.02985,0.0521,0.02935,0.3142,0.271507
0.02815,0.04865,0.0263,0.2943,0.26692706
0.026,0.04405,0.023,0.2944,0.25767308
0.02655,0.04765,0.0248,0.29115,0.28436655
0.0285,0.04925,0.02755,0.3071,0.26688102
0.02995,0.05125,0.02835,0.3015,0.26231524
0.0262,0.04495,0.0243,0.2727,0.26352775
0.02655,0.0466,0.0272,0.2925,0.2740943
0.0263,0.0454,0.02605,0.2733,0.26638773
0.0263,0.0454,0.02605,0.2733,0.26638773
0.028,0.0474,0.0272,0.2953,0.25729442
0.02795,0.04755,0.0267,0.3054,0.25960267
0.02795,0.0455,0.02695,0.294,0.23893805
0.0287,0.04895,0.02765,0.3201,0.26078558
0.02805,0.0487,0.0291,0.3213,0.26905537
0.0295,0.04655,0.02755,0.2992,0.22419459
0.0273,0.04555,0.0259,0.2775,0.25051475
0.02675,0.04415,0.02795,0.2781,0.24541606
0.0285,0.04715,0.0284,0.2961,0.24653009
0.0283,0.04725,0.0278,0.2981,0.25082725
0.02865,0.0476,0.02715,0.2977,0.24852459
0.02985,0.04865,0.03015,0.3029,0.23949043
0.02845,0.0475,0.02775,0.2923,0.25082293
0.027,0.0441,0.0252,0.2957,0.24050632
0.02425,0.04065,0.0229,0.2869,0.25269645
0.025,0.04005,0.02225,0.2648,0.2313605
0.0285,0.0452,0.02615,0.2797,0.22659431
0.02815,0.0458,0.02795,0.288,0.23867479
0.02545,0.0443,0.0248,0.29295,0.2702509
0.0246,0.04225,0.02255,0.2681,0.26402396
0.0312,0.0508,0.0287,0.3044,0.23902439
0.0303,0.0504,0.0295,0.284,0.24907061
0.0318,0.0525,0.0338,0.2906,0.24555157
0.0303,0.0514,0.0327,0.2884,0.25826192
0.0329,0.0527,0.0335,0.2824,0.2313084
0.034,0.0554,0.0348,0.2934,0.23937356
0.0348,0.0577,0.035,0.3138,0.24756756
0.03535,0.05785,0.03605,0.3265,0.24141632
0.0357,0.0579,0.0351,0.3341,0.23717947
0.0345,0.06095,0.03505,0.361,0.27710843
0.0345,0.06095,0.03505,0.361,0.27710843
0.033,0.06265,0.0332,0.3656,0.30998433
0.033,0.0558,0.03205,0.3083,0.25675675
0.03145,0.0528,0.031,0.2726,0.25341246
0.0289,0.0465,0.0283,0.2836,0.23342177
0.0317,0.0547,0.0319,0.3043,0.26620367
0.0322,0.0576,0.0328,0.3386,0.28285074
0.0325,0.0568,0.0306,0.3426,0.27211648
0.0346,0.0597,0.034,0.3186,0.26617178
0.0352,0.068,0.0387,0.3364,0.3178295
0.0351,0.06465,0.0341,0.3618,0.29624057
0.0347,0.0648,0.0336,0.3677,0.3025126
0.0328,0.05895,0.0335,0.3284,0.28501362
0.0311,0.0527,0.0323,0.3116,0.2577566
0.03015,0.05455,0.0302,0.3231,0.28807554
0.0313,0.05435,0.03045,0.32185,0.26911852
0.0305,0.056,0.03095,0.31865,0.2947977
0.03145,0.058,0.03165,0.3151,0.29681385
0.0321,0.0582,0.0337,0.2937,0.28903657
0.0306,0.0548,0.03145,0.2935,0.28337237
0.03145,0.0497,0.0322,0.2816,0.22489218
0.03075,0.05505,0.03155,0.28675,0.28321677
0.02835,0.0519,0.02865,0.29,0.29345796
0.02585,0.0449,0.0248,0.2793,0.26925796
0.0254,0.04525,0.02345,0.2813,0.2809625
0.0255,0.04605,0.0243,0.2889,0.28721178
0.02705,0.04565,0.02675,0.2865,0.25584596
0.02745,0.04615,0.0271,0.2765,0.25407606
0.0275,0.0484,0.02665,0.2685,0.2753623
0.02975,0.0548,0.0282,0.307,0.2962744
0.02715,0.04945,0.02735,0.278,0.2911227
0.02715,0.04945,0.02735,0.278,0.2911227
0.0275,0.04815,0.02815,0.29025,0.2729676
0.02575,0.0456,0.025,0.2928,0.27820602
0.02515,0.04585,0.0244,0.29225,0.29154932
0.0253,0.0463,0.0254,0.3123,0.2932961
0.02465,0.04575,0.02415,0.3044,0.2997159
0.0269,0.04655,0.0251,0.3038,0.2675289
0.02695,0.04635,0.02615,0.2852,0.26466575
0.0298,0.04675,0.02775,0.2914,0.22142394
0.02845,0.0483,0.0266,0.3065,0.25863194
0.0277,0.0455,0.02625,0.3009,0.24316938
0.02835,0.04905,0.0265,0.3171,0.26744187
0.029,0.0483,0.0272,0.3163,0.24967663
0.028,0.04785,0.0259,0.2969,0.26170072
0.0258,0.0432,0.023,0.29745,0.2521739
0.02375,0.041,0.02085,0.2915,0.26640928
0.0256,0.0444,0.02265,0.2966,0.26857144
0.02715,0.0468,0.0241,0.296,0.26572007
0.0268,0.0454,0.02525,0.3004,0.25761774
0.02545,0.0443,0.0248,0.29295,0.2702509
0.0251,0.0431,0.0231,0.2864,0.2639296
0.03175,0.05185,0.0302,0.2971,0.2404306
0.0304,0.0494,0.0304,0.2888,0.23809525
0.0303,0.0482,0.0323,0.2662,0.22802547
0.0298,0.0501,0.0326,0.264,0.25406757
0.0333,0.0554,0.0365,0.29,0.24915443
0.0351,0.0605,0.0372,0.3266,0.26569036
0.0342,0.0601,0.0365,0.3312,0.27465534
0.0321,0.055,0.0336,0.3144,0.2629162
0.0341,0.0586,0.0332,0.3208,0.26429343
0.031,0.0587,0.0311,0.3364,0.30880713
0.031,0.0587,0.0311,0.3364,0.30880713
0.0289,0.0561,0.0294,0.3282,0.32
0.0289,0.0535,0.0283,0.292,0.2985437
0.0271,0.0483,0.0264,0.2684,0.28116712
0.028,0.0463,0.0263,0.2834,0.24629878
0.0303,0.0536,0.0311,0.3096,0.27771154
0.0311,0.0562,0.0313,0.3228,0.28751433
0.0323,0.0571,0.0316,0.3444,0.27740493
0.0344,0.064,0.0358,0.3438,0.30081302
0.0355,0.0685,0.0374,0.3408,0.31730765
0.0339,0.07,0.0348,0.3462,0.34744948
0.034,0.0641,0.0328,0.3386,0.30682972
0.0313,0.0549,0.0314,0.2938,0.27378193
0.0305,0.0533,0.0315,0.2902,0.27207637
0.0303,0.0566,0.0312,0.3304,0.3026467
0.0315,0.0539,0.0314,0.3132,0.26229507
0.0317,0.0564,0.0331,0.3352,0.28036323
0.0332,0.0564,0.0341,0.3138,0.2589286
0.0337,0.057,0.0354,0.2858,0.25689083
0.0324,0.0522,0.032,0.2632,0.23404254
0.0325,0.0546,0.032,0.2702,0.25373137
0.0317,0.0582,0.0322,0.2834,0.29477197
0.0298,0.0558,0.0291,0.2802,0.30373833
0.0284,0.0521,0.0285,0.2792,0.29440993
0.0278,0.0507,0.0288,0.2664,0.29171976
0.0279,0.0482,0.0282,0.2754,0.2667543
0.0291,0.0481,0.0296,0.2806,0.24611397
0.0288,0.0465,0.0302,0.2698,0.23505978
0.0301,0.05355,0.03065,0.2871,0.28033474
0.0314,0.05645,0.0293,0.3139,0.28514513
0.0267,0.0478,0.0252,0.2761,0.28322148
0.0267,0.0478,0.0252,0.2761,0.28322148
0.02595,0.04755,0.0255,0.2873,0.29387757
0.0259,0.0458,0.02375,0.289,0.27754533
0.02745,0.048,0.02695,0.3001,0.27236578
0.0288,0.0498,0.0287,0.312,0.26717559
0.0261,0.049,0.0267,0.3128,0.30492675
0.026,0.0482,0.0248,0.3062,0.29919136
0.0279,0.0469,0.0253,0.2888,0.2540107
0.0292,0.0458,0.0276,0.2962,0.22133332
0.0265,0.0461,0.0246,0.3018,0.26997247
0.026,0.0453,0.0254,0.3082,0.27068722
0.0273,0.0487,0.0272,0.3052,0.28157893
0.027,0.049,0.0268,0.316,0.28947365
0.0263,0.0463,0.0247,0.294,0.27548212
0.0245,0.0406,0.0217,0.285,0.24731188
0.0245,0.0449,0.0216,0.2978,0.29394814
0.0266,0.0485,0.0244,0.3182,0.2916112
0.0273,0.0482,0.0254,0.3154,0.2768212
0.0268,0.0457,0.0246,0.3112,0.26068965
0.0256,0.0436,0.0242,0.3054,0.26011562
0.0262,0.0448,0.0244,0.3038,0.26197183
0.0317,0.0562,0.0343,0.28945,0.27872583
0.0304,0.0498,0.0316,0.2854,0.24189526
0.0307,0.052,0.0318,0.2836,0.25755745
0.0321,0.0527,0.0327,0.2884,0.24292454
0.0366,0.062,0.0363,0.3226,0.25760648
0.0356,0.0597,0.0365,0.3468,0.25288564
0.0314,0.0547,0.0302,0.3016,0.27061558
0.029,0.051,0.0281,0.2878,0.275
0.0305,0.0549,0.0292,0.3198,0.2857143
0.0295,0.0556,0.0285,0.3104,0.306698
0.0295,0.0556,0.0285,0.3104,0.306698
0.0272,0.0491,0.0254,0.2876,0.2870249
0.0275,0.0473,0.0261,0.2776,0.2647059
0.0271,0.0454,0.0255,0.2596,0.25241378
0.0292,0.048,0.0265,0.2898,0.2435233
0.0293,0.052,0.0273,0.3006,0.27921277
0.0303,0.0528,0.0291,0.3152,0.27075812
0.0318,0.0569,0.0296,0.3166,0.2829763
0.033,0.0594,0.0316,0.3054,0.2857143
0.0323,0.0586,0.0318,0.3056,0.28932893
0.0323,0.0624,0.0311,0.315,0.31784585
0.0305,0.0586,0.0315,0.3194,0.31537598
0.029,0.0523,0.0306,0.278,0.28659287
0.029,0.0511,0.0281,0.2684,0.27590513
0.031,0.053,0.0294,0.2814,0.26190478
0.0319,0.051,0.0298,0.2814,0.23039806
0.0299,0.0547,0.0307,0.294,0.2931442
0.0305,0.0502,0.0309,0.2762,0.244114
0.0314,0.051,0.0307,0.2568,0.23786409
0.032,0.0509,0.0323,0.2734,0.22798552
0.033,0.0565,0.0313,0.3012,0.26256984
0.0333,0.0588,0.0331,0.288,0.27687296
0.0318,0.0545,0.0302,0.2902,0.2630359
0.031,0.057,0.0314,0.2806,0.29545456
0.0307,0.0558,0.0311,0.2784,0.2901734
0.0308,0.0521,0.0298,0.281,0.25693604
0.0313,0.0538,0.0324,0.292,0.26439482
0.0317,0.0539,0.0346,0.289,0.25934577
0.03275,0.0567,0.03325,0.3071,0.26774734
0.0304,0.0529,0.0297,0.3137,0.27010804
0.0275,0.0468,0.02715,0.2887,0.25975773
0.0275,0.0468,0.02715,0.2887,0.25975773
0.02855,0.05025,0.0282,0.2947,0.2753807
0.0274,0.04955,0.0275,0.2958,0.28784928
0.02905,0.05135,0.02855,0.3175,0.27736318
0.0296,0.0514,0.0306,0.3146,0.26913577
0.0296,0.052,0.0307,0.3252,0.27450982
0.0277,0.0534,0.0268,0.3106,0.3168927
0.028,0.0495,0.0249,0.3002,0.27741933
0.0258,0.0453,0.0255,0.3012,0.2742616
0.0266,0.0471,0.0252,0.2927,0.2781547
0.0277,0.0497,0.0261,0.3068,0.28423774
0.0295,0.0514,0.0295,0.3182,0.27070457
0.0287,0.0509,0.0287,0.3108,0.27889448
0.0263,0.0438,0.0253,0.289,0.24964336
0.0273,0.0451,0.0259,0.2786,0.24585633
0.0278,0.0533,0.0271,0.3208,0.31442663
0.0279,0.0521,0.0279,0.315,0.3025
0.0276,0.0488,0.0272,0.3208,0.27748692
0.0279,0.0466,0.027,0.3074,0.25100672
0.0275,0.045,0.0262,0.305,0.24137932
0.0262,0.0448,0.0244,0.3038,0.26197183
0.03185,0.0557,0.03435,0.3092,0.2724158
0.0309,0.0523,0.0312,0.294,0.25721154
0.0306,0.0561,0.0314,0.3012,0.29411763
0.0318,0.0536,0.0314,0.3112,0.2552693
0.0353,0.062,0.0362,0.3275,0.27440903
0.034,0.059,0.0334,0.3162,0.2688172
0.0275,0.0466,0.026,0.2658,0.25775975
0.0273,0.047,0.0267,0.27,0.2651413
0.0293,0.0512,0.0267,0.2924,0.27204967
0.0287,0.0492,0.0276,0.2866,0.26315787
0.0287,0.0492,0.0276,0.2866,0.26315787
0.0269,0.0466,0.0254,0.2564,0.2680272
0.0268,0.0453,0.0255,0.251,0.25658807
0.0282,0.0472,0.0251,0.2636,0.2519894
0.0305,0.052,0.0284,0.326,0.26060605
0.03,0.0534,0.0267,0.3066,0.28057554
0.0312,0.0515,0.0287,0.291,0.24546555
0.0308,0.0536,0.0297,0.2958,0.27014217
0.0299,0.0532,0.0286,0.279,0.28038508
0.0313,0.0568,0.0293,0.3076,0.2894438
0.0307,0.0566,0.0292,0.3134,0.29667813
0.03,0.0556,0.0291,0.3084,0.29906544
0.0308,0.0522,0.0298,0.29,0.25783134
0.0286,0.0487,0.0282,0.2668,0.2600259
0.0292,0.0451,0.0288,0.261,0.2139973
0.0292,0.0482,0.0272,0.2652,0.24547803
0.0305,0.0478,0.0276,0.282,0.22094509
0.0306,0.0446,0.0276,0.261,0.18617019
0.0298,0.0456,0.0272,0.2412,0.20954908
0.0324,0.0498,0.0298,0.2764,0.21167882
0.0327,0.0522,0.0314,0.2974,0.22968201
0.0346,0.0582,0.0326,0.2994,0.25431034
0.0318,0.0538,0.032,0.2768,0.25700933
0.0324,0.0565,0.0321,0.2942,0.2710911
0.0322,0.0553,0.0311,0.3054,0.26399997
0.0328,0.0547,0.0315,0.2974,0.25028569
0.0329,0.0563,0.0324,0.294,0.26233178
0.0329,0.0544,0.0339,0.2972,0.24627718
0.0337,0.05605,0.0348,0.3073,0.24902505
0.02895,0.0512,0.03125,0.3002,0.27760446
0.02895,0.0512,0.03125,0.3002,0.27760446
0.0291,0.05135,0.03145,0.2904,0.2765693
0.031,0.05555,0.03205,0.3075,0.2836511
0.0297,0.0554,0.0308,0.3239,0.30199766
0.0308,0.0561,0.03085,0.3369,0.29113925
0.0303,0.0536,0.0304,0.3216,0.27771154
0.0305,0.0552,0.033,0.3262,0.28821468
0.0304,0.0565,0.0296,0.3228,0.3003452
0.0294,0.0532,0.03,0.3188,0.2881356
0.029,0.0536,0.0288,0.3046,0.29782084
0.0298,0.0526,0.0305,0.2942,0.27669904
0.0298,0.0505,0.0301,0.3162,0.25778332
0.0318,0.0557,0.0322,0.3348,0.2731428
0.0318,0.0531,0.031,0.3212,0.25088337
0.029,0.0513,0.0289,0.3152,0.2777086
0.0286,0.05,0.0299,0.2958,0.27226463
0.0308,0.0538,0.0306,0.3062,0.27186763
0.0295,0.0504,0.032,0.2985,0.26157698
0.0283,0.0485,0.0287,0.2932,0.26302084
0.0293,0.0494,0.0283,0.2986,0.25540024
0.0287,0.0499,0.0285,0.3096,0.2697201
0.0281,0.0496,0.0296,0.3096,0.27670527
0.0313,0.05715,0.031,0.3093,0.2922555
0.0311,0.0552,0.0311,0.3198,0.2792584
0.0299,0.057,0.0306,0.3384,0.31185272
0.0314,0.057,0.0313,0.3348,0.28959277
0.0311,0.0579,0.0328,0.3134,0.3011236
0.0299,0.0507,0.0285,0.284,0.25806454
0.0254,0.0423,0.0237,0.2398,0.24963075
0.0257,0.0432,0.0247,0.2552,0.2539913
0.0292,0.0468,0.0259,0.2728,0.23157893
0.0292,0.0468,0.0259,0.2728,0.23157893
0.028,0.0458,0.0273,0.2832,0.24119242
0.0296,0.0442,0.0263,0.2604,0.19783197
0.03,0.0481,0.0282,0.2664,0.23175417
0.0285,0.0472,0.0296,0.2712,0.24702777
0.0309,0.0513,0.0296,0.313,0.2481752
0.0324,0.0513,0.0287,0.3011,0.22580644
0.0319,0.0508,0.0295,0.2766,0.22853687
0.0301,0.0497,0.0306,0.2636,0.24561405
0.0288,0.0505,0.0283,0.2792,0.27364442
0.0314,0.0541,0.029,0.3144,0.2654971
0.0311,0.052,0.0289,0.3142,0.25150424
0.0309,0.0529,0.0292,0.288,0.26252985
0.0322,0.052,0.0299,0.3056,0.23515439
0.0303,0.0481,0.0287,0.289,0.22704078
0.0293,0.0452,0.0273,0.2698,0.21342282
0.0297,0.0452,0.0267,0.2666,0.2069426
0.0306,0.0455,0.0274,0.2522,0.195795
0.0311,0.0446,0.0306,0.2524,0.17833553
0.0298,0.0469,0.0285,0.242,0.22294655
0.0317,0.0492,0.03,0.2762,0.21631642
0.0314,0.0484,0.0307,0.2802,0.2130326
0.0317,0.0541,0.0315,0.2844,0.26107225
0.031,0.0503,0.0311,0.2797,0.23739237
0.0321,0.0543,0.0312,0.3098,0.25694442
0.032,0.0556,0.0315,0.33,0.26940635
0.0332,0.0581,0.0324,0.322,0.27272728
0.0339,0.0566,0.0325,0.304,0.25082874
0.0345,0.0547,0.0324,0.2964,0.2264574
0.0329,0.05365,0.03555,0.3086,0.2397458
0.02955,0.04815,0.0312,0.29,0.23938225
0.02955,0.04815,0.0312,0.29,0.23938225
0.031,0.0513,0.0318,0.3069,0.24665858
0.0317,0.05595,0.0337,0.3178,0.27666858
0.03115,0.05565,0.0318,0.3303,0.28225806
0.03005,0.0524,0.02995,0.33975,0.27107337
0.0293,0.0525,0.0304,0.3286,0.28361857
0.0328,0.0556,0.0324,0.3248,0.25791854
0.0303,0.0561,0.0313,0.3238,0.2986111
0.0304,0.0548,0.0319,0.3332,0.28638497
0.0312,0.0559,0.0315,0.3222,0.2835821
0.0313,0.0554,0.0317,0.3,0.27797
0.0292,0.0524,0.0298,0.311,0.2843137
0.0297,0.0546,0.0309,0.3334,0.29537368
0.0301,0.0531,0.0294,0.3124,0.27644232
0.031,0.0541,0.0302,0.3212,0.27144536
0.0296,0.0501,0.032,0.2986,0.25721455
0.0309,0.0505,0.0318,0.298,0.24078627
0.0311,0.053,0.0315,0.3022,0.2604043
0.0288,0.0494,0.0301,0.2928,0.26342714
0.0298,0.0496,0.0299,0.3006,0.24937029
0.0289,0.05,0.0296,0.2976,0.26742715
0.0299,0.0521,0.0307,0.2968,0.2707317
0.03155,0.0571,0.0306,0.302,0.28821206
0.0325,0.0602,0.032,0.3376,0.29881337
0.0319,0.0599,0.0304,0.356,0.30501089
0.0313,0.0604,0.0316,0.3378,0.31733915
0.029,0.0534,0.0298,0.3146,0.29611653
0.0276,0.0472,0.0263,0.2752,0.26203212
0.0242,0.0418,0.024,0.225,0.26666668
0.0272,0.0429,0.0247,0.2492,0.22396575
0.0282,0.0452,0.0268,0.279,0.23160763
0.0282,0.0452,0.0268,0.279,0.23160763
0.0288,0.0452,0.0275,0.2952,0.22162165
0.0292,0.0475,0.0281,0.3012,0.2385919
0.0301,0.0484,0.0289,0.2832,0.23312102
0.0294,0.0451,0.0276,0.2642,0.21073824
0.0271,0.0464,0.0272,0.2718,0.262585
0.0297,0.0449,0.0264,0.2796,0.20375337
0.0286,0.0447,0.0279,0.2558,0.21964529
0.0305,0.0473,0.0288,0.2622,0.2159383
0.0287,0.0465,0.0282,0.2714,0.23670214
0.0286,0.0473,0.0271,0.2958,0.2463768
0.0295,0.0504,0.0275,0.303,0.26157698
0.0307,0.0498,0.0294,0.2844,0.23726709
0.0307,0.0489,0.0302,0.2902,0.22864322
0.0292,0.0448,0.028,0.2706,0.21081078
0.0285,0.0441,0.0275,0.253,0.21487606
0.0301,0.0449,0.0287,0.2562,0.19733334
0.0302,0.0457,0.0304,0.2618,0.20421603
0.0341,0.047,0.0323,0.2686,0.15906286
0.0323,0.0462,0.0316,0.264,0.17707007
0.0303,0.0439,0.0294,0.2578,0.18328841
0.0263,0.039,0.0258,0.2424,0.19448699
0.029,0.0448,0.0274,0.2564,0.21409214
0.0296,0.0458,0.0292,0.2754,0.2148541
0.0308,0.0499,0.0285,0.2908,0.23667906
0.0306,0.0526,0.0283,0.2942,0.26442307
0.0303,0.0508,0.0286,0.2974,0.25277433
0.0313,0.0502,0.0297,0.2819,0.23190182
0.0332,0.0516,0.0347,0.2962,0.21698114
0.0326,0.05075,0.03305,0.2972,0.21775642
0.02965,0.04745,0.0333,0.2898,0.23086897
0.02965,0.04745,0.0333,0.2898,0.23086897
0.0301,0.0502,0.031,0.3185,0.25031134
0.0294,0.051,0.0284,0.3161,0.2686567
0.0304,0.0521,0.02955,0.3227,0.2630303
0.02975,0.0507,0.0286,0.3183,0.26041022
0.0289,0.0513,0.03,0.3332,0.27930176
0.0314,0.0566,0.0312,0.3316,0.28636366
0.03,0.0539,0.0281,0.2932,0.28486294
0.0311,0.0557,0.0319,0.304,0.28341013
0.0322,0.0567,0.0322,0.3042,0.2755905
0.0314,0.0533,0.0318,0.2966,0.25855964
0.0292,0.0516,0.0296,0.303,0.27722773
0.0293,0.0531,0.03,0.3086,0.28883496
0.0292,0.0517,0.0279,0.298,0.27812114
0.029,0.0532,0.029,0.3134,0.2944039
0.0299,0.0516,0.03,0.3084,0.2662577
0.0304,0.0517,0.0304,0.2998,0.25943968
0.0293,0.0523,0.0281,0.3132,0.28186274
0.0292,0.0501,0.0283,0.3152,0.2635561
0.0304,0.0536,0.0313,0.3052,0.27619046
0.0316,0.0526,0.0319,0.302,0.2494062
0.031,0.0539,0.0315,0.2968,0.2697291
0.03205,0.0592,0.03355,0.29605,0.29753426
0.0324,0.0607,0.0316,0.3386,0.3039742
0.0314,0.0554,0.031,0.3248,0.27649772
0.0298,0.0504,0.0293,0.2958,0.25685784
0.0263,0.0468,0.024,0.2776,0.28043774
0.026,0.0446,0.0244,0.273,0.26345605
0.0253,0.0407,0.0236,0.2298,0.23333333
0.0295,0.0448,0.0272,0.264,0.20592192
0.028,0.0444,0.0278,0.2776,0.2265193
0.028,0.0444,0.0278,0.2776,0.2265193
0.0292,0.0463,0.0278,0.3045,0.22649007
0.0292,0.0514,0.0287,0.3217,0.27543423
0.0286,0.0473,0.0283,0.2998,0.2463768
0.0297,0.0451,0.0276,0.2818,0.20588236
0.0286,0.0444,0.0256,0.2774,0.21643835
0.0291,0.0439,0.0273,0.2842,0.20273975
0.0297,0.0449,0.0274,0.2774,0.20375337
0.0311,0.0478,0.0292,0.2798,0.21166034
0.0281,0.0458,0.0288,0.2852,0.23951286
0.0288,0.047,0.0266,0.2906,0.24010552
0.0291,0.0473,0.0276,0.2912,0.23821989
0.0307,0.0481,0.0294,0.2852,0.22081216
0.0297,0.0443,0.0289,0.2752,0.1972973
0.0269,0.0414,0.0269,0.2454,0.21229868
0.0285,0.0427,0.0284,0.2384,0.19943821
0.0309,0.0467,0.0311,0.2592,0.20360826
0.0318,0.0473,0.0328,0.2854,0.19595447
0.0321,0.0494,0.0307,0.2896,0.21226996
0.0313,0.0458,0.0302,0.2754,0.18806744
0.032,0.0445,0.0284,0.2636,0.16339868
0.0278,0.0446,0.0287,0.2497,0.2320442
0.0291,0.0435,0.0272,0.2472,0.19834708
0.0291,0.0453,0.0286,0.2712,0.21774192
0.028,0.0455,0.0271,0.274,0.23809521
0.0263,0.0428,0.0262,0.2544,0.2387844
0.0269,0.0428,0.0253,0.258,0.22812052
0.0276,0.0448,0.0249,0.2604,0.23756905
0.0292,0.0462,0.028,0.2962,0.22546417
0.03085,0.05055,0.03115,0.3025,0.24201472
0.0305,0.05205,0.034,0.3003,0.2610539
0.0305,0.05205,0.034,0.3003,0.2610539
0.02855,0.05325,0.0311,0.3178,0.30195597
0.02635,0.047,0.02605,0.2927,0.2815269
0.029,0.0488,0.02755,0.3126,0.25449872
0.02865,0.0499,0.02805,0.3169,0.27052832
0.0283,0.0492,0.0294,0.3208,0.2696774
0.0298,0.054,0.0294,0.3294,0.28878284
0.0301,0.0517,0.0287,0.3134,0.26405868
0.033,0.0591,0.0344,0.3168,0.28338763
0.0325,0.0577,0.0357,0.311,0.2793792
0.031,0.0545,0.0318,0.3032,0.2748538
0.0297,0.0517,0.0296,0.2874,0.27027026
0.0311,0.0518,0.03,0.2878,0.24969845
0.0285,0.0513,0.0287,0.3076,0.28571427
0.0292,0.0513,0.0287,0.2988,0.27453417
0.0306,0.0533,0.0295,0.3068,0.27056018
0.031,0.0517,0.0314,0.3006,0.2503023
0.0291,0.0519,0.0283,0.3068,0.28148147
0.0295,0.0506,0.0295,0.3194,0.26342073
0.032,0.054,0.0309,0.3034,0.25581396
0.0319,0.0548,0.0311,0.3006,0.2641292
0.0308,0.0529,0.031,0.298,0.26403823
0.036,0.0588,0.03915,0.2915,0.24050637
0.0331,0.0588,0.0332,0.3244,0.27965176
0.0297,0.0505,0.0297,0.3018,0.25935164
0.0279,0.0496,0.028,0.277,0.28000003
0.0248,0.0431,0.0254,0.2768,0.26951396
0.0248,0.0414,0.0229,0.2586,0.25075528
0.0261,0.0417,0.024,0.2358,0.23008852
0.0284,0.0439,0.0282,0.2688,0.21438453
0.0296,0.0449,0.0277,0.3084,0.20536913
0.0296,0.0449,0.0277,0.3084,0.20536913
0.0282,0.0471,0.0284,0.3098,0.250996
0.0278,0.0499,0.0273,0.3128,0.2844273
0.0288,0.0495,0.0278,0.3096,0.26436782
0.0297,0.0479,0.0286,0.31,0.23453607
0.0291,0.0465,0.028,0.3038,0.23015873
0.0294,0.0443,0.0273,0.2938,0.20217097
0.0301,0.0477,0.0287,0.289,0.22622108
0.0309,0.0495,0.0295,0.3046,0.23134328
0.0306,0.0476,0.0284,0.309,0.21739133
0.0288,0.0483,0.0282,0.2942,0.2529183
0.0299,0.0485,0.0293,0.2946,0.23724492
0.0294,0.0466,0.0286,0.277,0.22631578
0.0288,0.0454,0.0277,0.2656,0.22371969
0.0281,0.0441,0.028,0.2708,0.22160666
0.0303,0.0466,0.0298,0.281,0.21196358
0.0343,0.0516,0.035,0.3042,0.201397
0.0321,0.0484,0.0312,0.2946,0.20248447
0.0298,0.0458,0.0295,0.289,0.21164022
0.029,0.043,0.0278,0.283,0.19444448
0.0308,0.0483,0.029,0.291,0.22123897
0.0295,0.0471,0.0302,0.2818,0.22976501
0.0289,0.0431,0.0283,0.254,0.19722223
0.0294,0.047,0.0289,0.2714,0.23036648
0.0296,0.0459,0.0294,0.2806,0.21589403
0.0276,0.0442,0.0262,0.2502,0.23119776
0.0272,0.0462,0.0262,0.2526,0.25885558
0.0271,0.0458,0.0272,0.288,0.25651577
0.0287,0.0477,0.0286,0.3024,0.2486911
0.03045,0.04885,0.0296,0.311,0.23203027
0.03045,0.04885,0.0296,0.311,0.23203027
0.0326,0.05515,0.0338,0.3247,0.25698003
0.03025,0.0541,0.0326,0.3327,0.28275046
0.02685,0.04675,0.026,0.3058,0.27038044
0.02815,0.0481,0.02825,0.2958,0.26163933
0.02945,0.0476,0.02835,0.2855,0.23556134
0.0272,0.0478,0.02745,0.2922,0.27466667
0.02745,0.04695,0.0255,0.2878,0.2620968
0.03015,0.0503,0.02765,0.3077,0.2504661
0.0327,0.0568,0.03375,0.3211,0.2692738
0.0322,0.0525,0.0334,0.2991,0.23966938
0.03085,0.0507,0.0282,0.2843,0.24340895
0.0309,0.0525,0.0299,0.2888,0.2589928
0.0312,0.0536,0.0318,0.301,0.26415095
0.0306,0.0505,0.0297,0.309,0.2453761
0.0294,0.0536,0.0288,0.3066,0.29156625
0.0302,0.0548,0.0305,0.312,0.28941175
0.0295,0.0522,0.0305,0.295,0.2778458
0.03,0.0543,0.0287,0.3138,0.28825623
0.0302,0.0541,0.0286,0.3118,0.28351125
0.03,0.0541,0.0299,0.3008,0.2865636
0.0299,0.0514,0.0303,0.2846,0.26445264
0.0295,0.0526,0.0281,0.2868,0.28136417
0.03975,0.06105,0.0448,0.2926,0.21130955
0.0317,0.0556,0.0343,0.3216,0.27376857
0.0286,0.0498,0.0281,0.299,0.27040818
0.0284,0.0498,0.027,0.2878,0.27365732
0.0287,0.0476,0.027,0.2829,0.24770643
0.0254,0.0455,0.0236,0.2754,0.28349787
0.028,0.0458,0.0282,0.2578,0.24119242
0.0296,0.0457,0.0288,0.2776,0.2138114
0.0296,0.0457,0.0288,0.2776,0.2138114
0.0308,0.0469,0.0291,0.3002,0.2072072
0.0296,0.0481,0.0295,0.3206,0.23809522
0.0283,0.0477,0.0276,0.3124,0.25526315
0.0285,0.0457,0.0281,0.3112,0.23180592
0.0305,0.0485,0.0285,0.3238,0.2278481
0.0311,0.0477,0.029,0.3098,0.21065989
0.0287,0.0458,0.0289,0.2938,0.2295302
0.0289,0.0442,0.027,0.2801,0.20930232
0.03,0.0451,0.0275,0.2977,0.20106526
0.0298,0.0479,0.0285,0.3082,0.23294723
0.0305,0.0482,0.0293,0.3072,0.2249047
0.0291,0.0476,0.0284,0.3116,0.24119948
0.028,0.0451,0.0275,0.2852,0.23392612
0.0292,0.0448,0.0271,0.2666,0.21081078
0.0294,0.0458,0.029,0.2754,0.21808511
0.0301,0.0485,0.0309,0.289,0.2340967
0.0323,0.0494,0.0314,0.2942,0.20930237
0.0289,0.0422,0.0279,0.2732,0.18706049
0.0263,0.0439,0.0255,0.2712,0.25071228
0.0286,0.0456,0.0266,0.2906,0.22911051
0.0318,0.0495,0.0308,0.306,0.21771213
0.0337,0.0501,0.0349,0.2924,0.19570403
0.0274,0.0423,0.0287,0.2509,0.21377331
0.0305,0.0488,0.0309,0.2752,0.23076922
0.0295,0.0473,0.0283,0.2728,0.23177081
0.0278,0.0457,0.027,0.268,0.24353741
0.0277,0.0506,0.0285,0.2774,0.29246488
0.0289,0.0532,0.0321,0.3024,0.2959805
0.0293,0.0507,0.0297,0.3204,0.2675
0.0287,0.04765,0.02825,0.3186,0.24819908
0.0287,0.04765,0.02825,0.3186,0.24819908
0.03015,0.0518,0.0303,0.3375,0.2641855
0.02955,0.05305,0.02995,0.3416,0.28450364
0.0288,0.05075,0.02765,0.3289,0.2759271
0.02855,0.0495,0.029,0.3206,0.26841766
0.0316,0.05045,0.0304,0.32175,0.22973801
0.02915,0.0478,0.03015,0.3042,0.24236518
0.02775,0.04405,0.02525,0.2843,0.2270195
0.02965,0.0509,0.02765,0.3103,0.2638113
0.03145,0.0517,0.0308,0.3226,0.24353579
0.02935,0.0485,0.02635,0.2968,0.2459859
0.0278,0.04615,0.02585,0.2795,0.24814063
0.0291,0.0501,0.0299,0.292,0.2651515
0.032,0.0515,0.0314,0.3076,0.23353292
0.0317,0.0512,0.0312,0.3138,0.23522313
0.032,0.0517,0.0314,0.3274,0.23536438
0.0305,0.0527,0.0303,0.3264,0.26682693
0.029,0.0542,0.0296,0.313,0.30288464
0.0289,0.054,0.0271,0.3112,0.30277443
0.0293,0.0538,0.0267,0.316,0.2948255
0.0283,0.0541,0.0276,0.3094,0.31310678
0.0278,0.0504,0.0274,0.2876,0.28900257
0.0291,0.0516,0.0275,0.2852,0.2788104
0.03725,0.0586,0.03855,0.3047,0.22274385
0.0308,0.0508,0.0311,0.3024,0.24509805
0.0282,0.0481,0.0265,0.2792,0.26081258
0.0289,0.0487,0.0266,0.2874,0.25515464
0.0287,0.048,0.0269,0.2916,0.25162974
0.0294,0.0485,0.027,0.2986,0.24518615
0.0301,0.0477,0.0295,0.3042,0.22622108
0.0303,0.0466,0.0298,0.2937,0.21196358
0.0303,0.0466,0.0298,0.2937,0.21196358
0.0313,0.0469,0.0299,0.2922,0.19948849
0.0314,0.0491,0.0301,0.3016,0.2198758
0.0313,0.0496,0.03,0.3052,0.2262052
0.0294,0.0492,0.0306,0.3134,0.2519084
0.0309,0.049,0.03,0.3196,0.22653316
0.0302,0.0479,0.0309,0.2988,0.2266325
0.0286,0.0463,0.0288,0.3038,0.2363151
0.0286,0.0439,0.0261,0.2814,0.21103449
0.0283,0.0481,0.0284,0.2908,0.25916228
0.0298,0.0479,0.0307,0.2924,0.23294723
0.0297,0.0476,0.0298,0.282,0.23156536
0.0283,0.0455,0.0273,0.27,0.23306233
0.029,0.0446,0.0265,0.2778,0.21195653
0.028,0.0422,0.0252,0.258,0.2022792
0.028,0.0435,0.0263,0.2502,0.21678318
0.0296,0.0438,0.0272,0.2632,0.1934605
0.0264,0.042,0.0242,0.249,0.22807018
0.0271,0.0424,0.0251,0.2624,0.22014385
0.0289,0.046,0.0266,0.2656,0.22830442
0.0312,0.0498,0.0304,0.284,0.22962965
0.0355,0.0537,0.035,0.3116,0.20403585
0.0319,0.0467,0.0336,0.3008,0.18829517
0.029,0.0436,0.0289,0.2586,0.20110194
0.0303,0.049,0.0301,0.279,0.23581333
0.0293,0.0458,0.0269,0.2736,0.21970704
0.0288,0.0472,0.0294,0.2916,0.24210528
0.0286,0.0539,0.0308,0.3094,0.30666667
0.031,0.0551,0.0343,0.335,0.2799071
0.0302,0.0521,0.0296,0.3306,0.2660996
0.0296,0.0492,0.0285,0.3357,0.24873094
0.0296,0.0492,0.0285,0.3357,0.24873094
0.0287,0.05105,0.0296,0.3567,0.2802508
0.0287,0.0514,0.0273,0.3452,0.28339574
0.0302,0.0522,0.02855,0.3448,0.26699027
0.02905,0.0522,0.0284,0.3278,0.2849231
0.03085,0.0524,0.02985,0.3321,0.25885886
0.0302,0.05075,0.03055,0.3102,0.25386038
0.02915,0.0518,0.0319,0.307,0.27980238
0.02845,0.05025,0.03105,0.2996,0.2770013
0.02925,0.0499,0.0291,0.2929,0.26089704
0.02885,0.04905,0.0269,0.2975,0.2593068
0.027,0.04735,0.02685,0.293,0.27370545
0.0269,0.0485,0.0281,0.2768,0.28647214
0.0308,0.0502,0.0296,0.2946,0.23950619
0.0308,0.0516,0.0301,0.3144,0.2524272
0.0319,0.0523,0.0321,0.3156,0.24228029
0.033,0.0531,0.0307,0.3226,0.2334495
0.0291,0.0513,0.0289,0.3212,0.27611938
0.0278,0.0506,0.0267,0.3082,0.29081634
0.0287,0.0534,0.0263,0.3298,0.30085263
0.0282,0.0523,0.0272,0.3312,0.29937887
0.0277,0.0515,0.028,0.3016,0.30050507
0.0292,0.0512,0.0291,0.285,0.2736318
0.0311,0.05385,0.0311,0.3131,0.2678046
0.0302,0.048,0.0283,0.2812,0.22762148
0.0284,0.0498,0.0262,0.2746,0.27365732
0.0302,0.0503,0.0269,0.2874,0.24968942
0.0297,0.0492,0.0284,0.292,0.24714829
0.0296,0.0522,0.0302,0.3142,0.27628362
0.0294,0.05,0.0295,0.3266,0.25944585
0.0299,0.0498,0.0296,0.3098,0.24968635
0.0299,0.0498,0.0296,0.3098,0.24968635
0.0303,0.0467,0.0292,0.3028,0.21298702
0.0319,0.0496,0.0305,0.2978,0.21717793
0.033,0.0513,0.0332,0.2953,0.21708186
0.0297,0.0487,0.0313,0.2996,0.24234696
0.028,0.0453,0.0264,0.3,0.23601633
0.028,0.0462,0.028,0.2766,0.245283
0.0306,0.0478,0.0299,0.293,0.21938775
0.0296,0.0444,0.0271,0.291,0.19999999
0.0302,0.0468,0.0301,0.289,0.21558438
0.0312,0.0477,0.0316,0.2752,0.20912549
0.0307,0.0469,0.0291,0.2618,0.20876288
0.0279,0.0431,0.0273,0.252,0.21408452
0.03,0.0455,0.0271,0.2764,0.20529802
0.0282,0.0443,0.0269,0.2712,0.22206895
0.0296,0.0486,0.029,0.277,0.24296676
0.0312,0.0482,0.031,0.2906,0.2141058
0.0271,0.0443,0.0268,0.2664,0.24089636
0.0284,0.0462,0.0282,0.2786,0.2386059
0.0302,0.0479,0.0322,0.2858,0.2266325
0.0324,0.0501,0.0326,0.2924,0.21454544
0.0319,0.0477,0.0319,0.2944,0.19849245
0.0303,0.0426,0.0319,0.2842,0.16872425
0.0304,0.0448,0.0288,0.2808,0.19148934
0.0292,0.0479,0.0301,0.294,0.24254212
0.0277,0.0467,0.0276,0.2812,0.25537637
0.0282,0.0496,0.0294,0.2952,0.27506426
0.0292,0.0521,0.0313,0.3091,0.2816728
0.0296,0.0516,0.031,0.3282,0.27093598
0.029,0.0502,0.0276,0.3444,0.26767677
0.02925,0.05135,0.02985,0.3596,0.27419356
0.02925,0.05135,0.02985,0.3596,0.27419356
0.0297,0.0527,0.03015,0.3549,0.27912623
0.02785,0.0524,0.02775,0.34345,0.305919
0.02985,0.05285,0.02875,0.3312,0.27811366
0.02955,0.05085,0.02835,0.3278,0.2649254
0.03115,0.0532,0.0295,0.3221,0.26141077
0.03075,0.05305,0.03245,0.3199,0.26610976
0.0326,0.05745,0.0336,0.3225,0.2759578
0.03085,0.05175,0.03175,0.2993,0.25302663
0.03055,0.05235,0.0321,0.2959,0.26296744
0.03015,0.05175,0.0314,0.313,0.26373628
0.02985,0.0476,0.029,0.3033,0.22918013
0.0271,0.0462,0.027,0.278,0.26057297
0.0299,0.05,0.0298,0.2922,0.25156447
0.0282,0.0471,0.0281,0.298,0.250996
0.0275,0.0487,0.0295,0.3054,0.27821523
0.0304,0.0513,0.0295,0.3222,0.25581396
0.0298,0.0499,0.0295,0.3208,0.25219572
0.0288,0.0514,0.028,0.3086,0.2817955
0.0288,0.0523,0.0269,0.3156,0.28976572
0.0275,0.0514,0.0271,0.3022,0.3029151
0.029,0.0508,0.0274,0.2862,0.273183
0.0295,0.0492,0.0272,0.2872,0.25031763
0.02985,0.0519,0.02765,0.3225,0.26972476
0.0294,0.0483,0.0279,0.278,0.24324325
0.0284,0.0464,0.0267,0.2746,0.2406417
0.0282,0.048,0.0275,0.2888,0.25984251
0.0306,0.0502,0.0307,0.295,0.24257427
0.0324,0.0528,0.0326,0.319,0.23943661
0.0301,0.0531,0.0303,0.337,0.27644232
0.0299,0.0511,0.029,0.32,0.2617284
0.0299,0.0511,0.029,0.32,0.2617284
0.0298,0.0479,0.0285,0.3024,0.23294723
0.029,0.0484,0.0288,0.3068,0.250646
0.0315,0.0497,0.0319,0.2962,0.2241379
0.0308,0.0483,0.0306,0.299,0.22123897
0.0267,0.0462,0.0266,0.2858,0.26748973
0.0298,0.047,0.0287,0.2852,0.22395833
0.0299,0.0498,0.0303,0.2998,0.24968635
0.03,0.0471,0.0301,0.292,0.2217899
0.0314,0.048,0.0324,0.2856,0.20906802
0.0315,0.0491,0.0317,0.2808,0.21836227
0.0309,0.0479,0.0292,0.2624,0.21573603
0.0301,0.0497,0.03,0.2642,0.24561405
0.0309,0.0499,0.0298,0.2798,0.23514852
0.0292,0.0462,0.03,0.2824,0.22546417
0.0325,0.0531,0.0322,0.2856,0.24065422
0.0323,0.052,0.032,0.2962,0.23368923
0.029,0.0477,0.0285,0.2729,0.24380703
0.0301,0.0489,0.0308,0.303,0.23797472
0.03,0.0475,0.0302,0.2966,0.22580644
0.0305,0.0483,0.0309,0.2952,0.22588834
0.0314,0.0488,0.0309,0.2922,0.2169576
0.029,0.0441,0.0295,0.2888,0.20656638
0.0308,0.0461,0.0291,0.2978,0.1989597
0.0279,0.0467,0.0286,0.2814,0.25201076
0.0267,0.047,0.0263,0.283,0.275441
0.0273,0.0491,0.0268,0.2954,0.28534034
0.0265,0.0469,0.0271,0.3003,0.2779292
0.0266,0.045,0.0261,0.3046,0.25698325
0.028,0.0495,0.0269,0.3374,0.27741933
0.028,0.0495,0.0269,0.3374,0.27741933
0.0305,0.0526,0.0293,0.3508,0.26594466
0.02955,0.05295,0.03,0.3492,0.28363636
0.028,0.05075,0.02705,0.3289,0.28888887
0.0289,0.0512,0.02865,0.3084,0.278402
0.0305,0.0542,0.03,0.3214,0.27981108
0.03145,0.0553,0.0297,0.3228,0.27492797
0.03145,0.05595,0.03235,0.3287,0.28032038
0.03155,0.05715,0.03195,0.3329,0.2886133
0.0305,0.0524,0.0297,0.3153,0.2641737
0.03205,0.0539,0.0302,0.3179,0.25421757
0.0309,0.053,0.0302,0.3284,0.26340884
0.0296,0.05205,0.02905,0.3152,0.27495405
0.0301,0.052,0.0286,0.2994,0.2667479
0.03,0.0537,0.029,0.306,0.28315413
0.0258,0.0484,0.025,0.282,0.30458218
0.0251,0.0444,0.0231,0.2708,0.27769783
0.0271,0.0446,0.0258,0.2802,0.2440725
0.0281,0.0479,0.0284,0.3044,0.2605263
0.0287,0.0509,0.0287,0.3132,0.27889448
0.0286,0.0509,0.0273,0.3018,0.28050315
0.0284,0.0495,0.0271,0.3042,0.27086008
0.0301,0.0488,0.0279,0.2828,0.23700888
0.0298,0.0524,0.0281,0.2916,0.27493918
0.02905,0.0506,0.0254,0.3216,0.27055869
0.0287,0.048,0.0268,0.3078,0.25162974
0.0285,0.0509,0.0264,0.3072,0.28211588
0.0277,0.0474,0.0259,0.29,0.2623169
0.0308,0.0498,0.0314,0.2858,0.23573202
0.0317,0.0538,0.0332,0.3152,0.25847954
0.03,0.0533,0.0298,0.3309,0.2797119
0.03,0.0533,0.0298,0.3309,0.2797119
0.0288,0.0495,0.0275,0.322,0.26436782
0.0281,0.0463,0.0277,0.3052,0.24462366
0.028,0.0452,0.0285,0.292,0.23497269
0.0305,0.047,0.032,0.2918,0.2129032
0.0305,0.0486,0.032,0.288,0.22882427
0.0288,0.0466,0.0291,0.2819,0.23607428
0.0297,0.0493,0.0296,0.299,0.24810128
0.0295,0.0463,0.0306,0.3113,0.2216359
0.0305,0.0479,0.0302,0.3008,0.22193876
0.0322,0.0504,0.0325,0.3082,0.22033897
0.0322,0.0518,0.0323,0.2916,0.23333332
0.0313,0.0492,0.031,0.274,0.22236022
0.0325,0.0535,0.0322,0.2768,0.24418607
0.0322,0.0512,0.0318,0.2922,0.22781773
0.0307,0.0487,0.0306,0.2958,0.22670026
0.03,0.0487,0.0291,0.2842,0.2376112
0.0296,0.0491,0.0289,0.2912,0.24777637
0.0275,0.0482,0.0269,0.2872,0.2734478
0.03,0.0513,0.0311,0.3134,0.26199263
0.0282,0.0482,0.0291,0.3018,0.2617801
0.0291,0.0462,0.0272,0.2938,0.22709161
0.0289,0.0447,0.0276,0.277,0.21467392
0.0284,0.0424,0.027,0.2776,0.1977401
0.0284,0.0444,0.0277,0.278,0.21978022
0.0264,0.042,0.0259,0.2724,0.22807018
0.0262,0.0436,0.0244,0.2746,0.24928366
0.0265,0.0469,0.0255,0.2916,0.2779292
0.0258,0.0473,0.0245,0.3275,0.29411763
0.0273,0.0468,0.026,0.3359,0.26315787
0.0324,0.0551,0.031,0.3384,0.25942856
0.0324,0.0551,0.031,0.3384,0.25942856
0.03245,0.05525,0.0322,0.3444,0.25997716
0.02985,0.05285,0.0296,0.3342,0.27811366
0.02565,0.04495,0.0246,0.29425,0.2733711
0.02895,0.04955,0.0293,0.2855,0.2624204
0.02995,0.05505,0.0301,0.317,0.2952941
0.0305,0.05325,0.03005,0.3188,0.2716418
0.0307,0.05545,0.03115,0.32875,0.28728962
0.03015,0.053,0.0292,0.3233,0.27480456
0.0299,0.05095,0.0284,0.3119,0.2603587
0.03035,0.0542,0.03,0.314,0.28208163
0.0293,0.05485,0.02905,0.3223,0.30362448
0.0301,0.0545,0.0275,0.31775,0.28841606
0.0312,0.0494,0.03,0.314,0.22580647
0.0325,0.0529,0.0328,0.3234,0.23887591
0.0289,0.0503,0.0285,0.3024,0.270202
0.0272,0.0446,0.0248,0.2781,0.2423398
0.0255,0.044,0.0236,0.2706,0.26618704
0.0264,0.0462,0.0248,0.2884,0.27272728
0.0282,0.0476,0.0271,0.3072,0.25593668
0.0282,0.0491,0.0267,0.2896,0.27037516
0.0281,0.0479,0.0286,0.3002,0.2605263
0.0303,0.048,0.0296,0.294,0.22605364
0.0316,0.0531,0.0304,0.292,0.25383708
0.0302,0.0534,0.0276,0.333,0.27751192
0.0329,0.0633,0.0328,0.383,0.31600827
0.0317,0.0587,0.0303,0.3286,0.29867256
0.0264,0.0483,0.0255,0.2798,0.29317272
0.0325,0.0524,0.0311,0.2934,0.23439342
0.0309,0.0528,0.0312,0.3068,0.26164874
0.029,0.0484,0.0278,0.294,0.250646
0.029,0.0484,0.0278,0.294,0.250646
0.0292,0.0479,0.02725,0.3085,0.24254212
0.0283,0.0469,0.0266,0.2921,0.24734043
0.02985,0.04745,0.0273,0.27865,0.22768433
0.03155,0.04975,0.031,0.284,0.22386222
0.03075,0.04885,0.03055,0.284,0.22738692
0.03015,0.04785,0.03015,0.2752,0.2269231
0.03095,0.0497,0.03085,0.3049,0.23248602
0.03,0.0485,0.0302,0.3145,0.23566881
0.0317,0.04945,0.0299,0.3032,0.21873075
0.032,0.05255,0.0304,0.3182,0.24305142
0.03085,0.05035,0.0299,0.2895,0.24014775
0.03205,0.0548,0.03275,0.282,0.2619459
0.033,0.0553,0.0334,0.293,0.25254813
0.0325,0.0521,0.0317,0.2946,0.23167849
0.0298,0.0502,0.0311,0.291,0.25500003
0.0274,0.0486,0.0289,0.2908,0.27894738
0.0277,0.047,0.0276,0.2972,0.2583668
0.0268,0.0463,0.0281,0.3032,0.2667579
0.0301,0.048,0.0304,0.3068,0.22919337
0.0292,0.0465,0.0285,0.3022,0.22853369
0.0261,0.045,0.0273,0.288,0.2658228
0.0257,0.0419,0.0252,0.2596,0.23964502
0.0272,0.0449,0.0281,0.2697,0.24549237
0.027,0.0446,0.0274,0.2656,0.24581003
0.0249,0.04305,0.02575,0.2527,0.26710814
0.0245,0.0425,0.0245,0.2711,0.26865673
0.02535,0.04695,0.02605,0.32,0.2987552
0.0267,0.04815,0.0265,0.3431,0.28657314
0.0306,0.0554,0.0303,0.3441,0.2883721
0.0335,0.05845,0.0351,0.3466,0.2713431
0.0335,0.05845,0.0351,0.3466,0.2713431
0.0317,0.0551,0.0317,0.3264,0.26958525
0.0287,0.0498,0.027,0.3096,0.26878983
0.0264,0.0444,0.0242,0.3063,0.2542373
0.0313,0.055,0.0292,0.315,0.2746234
0.0321,0.0586,0.0304,0.3376,0.292172
0.0308,0.0536,0.0312,0.3186,0.27014217
0.0309,0.0546,0.0308,0.321,0.27719298
0.0291,0.0504,0.0287,0.3128,0.26792452
0.028,0.0495,0.0271,0.3074,0.27741933
0.0308,0.0546,0.0301,0.3208,0.27868852
0.0312,0.055,0.029,0.3252,0.2761021
0.0292,0.0497,0.0265,0.3024,0.25982255
0.0303,0.0484,0.02765,0.3007,0.22998728
0.03235,0.05195,0.03045,0.321,0.23250298
0.03215,0.04995,0.03025,0.3095,0.21680875
0.02935,0.0462,0.02875,0.2916,0.22303112
0.0277,0.04525,0.0271,0.2777,0.24057573
0.0252,0.0412,0.0251,0.2665,0.24096388
0.02695,0.0415,0.0264,0.2727,0.2125639
0.0286,0.0453,0.0271,0.2928,0.22598106
0.0302,0.04965,0.02925,0.3037,0.24358168
0.02955,0.0487,0.02925,0.3012,0.24472846
0.03055,0.05155,0.02985,0.29195,0.25578564
0.0305,0.055,0.0274,0.3342,0.2865497
0.0346,0.0679,0.0332,0.4008,0.32487804
0.0307,0.0563,0.0302,0.3143,0.29425287
0.0299,0.0493,0.0269,0.2856,0.2449495
0.0312,0.0545,0.0316,0.3112,0.27187866
0.0304,0.052,0.0291,0.315,0.26213592
0.0283,0.0486,0.0277,0.2774,0.2639792
0.0283,0.0486,0.0277,0.2774,0.2639792
0.02955,0.04865,0.02855,0.29,0.24424554
0.02925,0.0462,0.0265,0.27875,0.22465208
0.0301,0.0473,0.028,0.2764,0.22222224
0.0301,0.04805,0.0292,0.28,0.22968651
0.0292,0.04475,0.0293,0.2588,0.21027721
0.02905,0.0465,0.0299,0.2701,0.23097287
0.0296,0.04885,0.0297,0.2965,0.24537921
0.0292,0.0498,0.02975,0.30425,0.26075947
0.02935,0.0507,0.03105,0.2965,0.26670834
0.02955,0.0517,0.02955,0.3086,0.2726154
0.02985,0.05005,0.02975,0.2872,0.25281602
0.03245,0.0562,0.03235,0.2875,0.2679075
0.0337,0.0547,0.0335,0.3008,0.23755655
0.0308,0.0509,0.0339,0.292,0.24602206
0.0293,0.0497,0.033,0.2846,0.25822785
0.029,0.0467,0.0299,0.2788,0.23381773
0.0281,0.0455,0.0274,0.2862,0.23641302
0.0253,0.0435,0.0263,0.2872,0.26453486
0.0262,0.0428,0.0275,0.2654,0.24057971
0.0295,0.0439,0.0274,0.2784,0.19618529
0.0279,0.0404,0.0259,0.263,0.1830161
0.0264,0.0454,0.0274,0.2558,0.26462397
0.0279,0.0452,0.0288,0.2696,0.23666213
0.028,0.0471,0.0295,0.2752,0.25432754
0.0263,0.04405,0.028,0.2679,0.2523099
0.0255,0.0447,0.02575,0.2831,0.2735043
0.028,0.05295,0.0277,0.3269,0.30821493
0.02845,0.05005,0.02795,0.3391,0.27515927
0.0305,0.05305,0.0291,0.3479,0.26989827
0.03165,0.05475,0.0323,0.33535,0.2673611
0.03165,0.05475,0.0323,0.33535,0.2673611
0.0269,0.0486,0.0267,0.3064,0.2874172
0.0266,0.0485,0.0265,0.3078,0.2916112
0.0257,0.0458,0.0256,0.3052,0.2811189
0.0292,0.0503,0.028,0.3205,0.26540878
0.0324,0.057,0.0326,0.3408,0.27516776
0.0312,0.0543,0.0309,0.3166,0.27017543
0.0296,0.0536,0.0309,0.3082,0.2884615
0.0288,0.0509,0.0276,0.31,0.27728987
0.0287,0.0501,0.026,0.3146,0.2715736
0.0314,0.0543,0.0301,0.3294,0.2672112
0.031,0.057,0.0279,0.3232,0.29545456
0.0298,0.0541,0.0275,0.3174,0.28963053
0.0286,0.0487,0.0271,0.3049,0.2600259
0.0316,0.05155,0.03165,0.3202,0.23992787
0.03185,0.04985,0.0321,0.3106,0.22031824
0.03225,0.0513,0.0343,0.2978,0.22800721
0.03205,0.0474,0.03,0.2833,0.19320332
0.02725,0.04165,0.02815,0.27,0.20899856
0.0263,0.0411,0.02585,0.2652,0.21958455
0.0282,0.04395,0.02825,0.28565,0.2182952
0.0296,0.04805,0.02945,0.29515,0.23760465
0.0282,0.04895,0.0276,0.2908,0.26895657
0.02645,0.04835,0.0272,0.28345,0.29278073
0.0286,0.0511,0.0258,0.3128,0.28230867
0.0321,0.0574,0.0304,0.3472,0.28268158
0.0307,0.0477,0.0272,0.2844,0.21683672
0.0303,0.0518,0.0298,0.3082,0.26187575
0.0308,0.0547,0.0314,0.332,0.27953213
0.0301,0.0524,0.0296,0.3094,0.27030307
0.0291,0.049,0.0296,0.2786,0.2548015
0.0291,0.049,0.0296,0.2786,0.2548015
0.02875,0.0462,0.03035,0.2774,0.23282187
0.0279,0.04695,0.027,0.2704,0.25450903
0.02855,0.04675,0.02835,0.2695,0.24169987
0.0277,0.046,0.0287,0.2667,0.24830395
0.0282,0.0467,0.02795,0.2712,0.246996
0.02905,0.04685,0.0285,0.2716,0.2345191
0.03095,0.0487,0.0298,0.2863,0.22284998
0.02955,0.05095,0.0301,0.2953,0.2658385
0.0296,0.0493,0.02985,0.287,0.24968314
0.0291,0.04985,0.02865,0.2953,0.26282454
0.0302,0.05325,0.0301,0.2849,0.2762133
0.03235,0.05595,0.0309,0.2906,0.26727065
0.032,0.0519,0.0324,0.294,0.23718709
0.0294,0.0493,0.0312,0.2814,0.25285897
0.0295,0.0507,0.0298,0.2928,0.26433915
0.0279,0.0456,0.0296,0.2938,0.24081635
0.0262,0.0448,0.0264,0.2756,0.26197183
0.0249,0.0431,0.0244,0.2642,0.26764703
0.0264,0.0415,0.0262,0.262,0.22238584
0.0272,0.0442,0.0259,0.2641,0.23809522
0.0271,0.0438,0.0285,0.2588,0.23554301
0.0274,0.0438,0.0286,0.2558,0.23033708
0.0274,0.0466,0.029,0.2736,0.25945944
0.0272,0.0457,0.0307,0.2874,0.2537723
0.02745,0.047,0.0286,0.2898,0.26259232
0.0275,0.0499,0.02735,0.3064,0.28940567
0.03095,0.0527,0.02825,0.3291,0.26001197
0.02805,0.0498,0.0285,0.3156,0.27938345
0.0286,0.0488,0.0276,0.317,0.26098192
0.0286,0.0488,0.0276,0.317,0.26098192
0.02785,0.0502,0.02825,0.3079,0.2863549
0.0258,0.0485,0.0258,0.3052,0.30551815
0.0282,0.0505,0.0271,0.3222,0.2833545
0.0262,0.0489,0.0255,0.3138,0.30226365
0.0272,0.0496,0.0266,0.3184,0.29166666
0.0312,0.0561,0.0316,0.3278,0.28522336
0.0291,0.0524,0.0288,0.3156,0.28588957
0.0289,0.0513,0.0279,0.309,0.27930176
0.0303,0.0541,0.0288,0.3018,0.2819905
0.0298,0.0532,0.0278,0.309,0.2819277
0.0293,0.0535,0.0272,0.315,0.29227054
0.0282,0.0522,0.0271,0.3034,0.29850745
0.0294,0.0521,0.028,0.314,0.2785276
0.03085,0.0499,0.02965,0.3146,0.23591328
0.03385,0.05465,0.0327,0.3249,0.23502827
0.0308,0.0475,0.0297,0.317,0.21328224
0.0313,0.04965,0.02995,0.3168,0.22668311
0.02915,0.04705,0.0284,0.3082,0.23490812
0.02795,0.0466,0.0291,0.29125,0.25016764
0.0262,0.0441,0.02795,0.2634,0.25462306
0.0287,0.0453,0.02785,0.274,0.22432432
0.02905,0.04745,0.0281,0.2767,0.24052286
0.0264,0.0443,0.02425,0.2739,0.25318247
0.02575,0.044,0.02655,0.27275,0.26164874
0.0285,0.0485,0.0269,0.3356,0.2597403
0.0303,0.0539,0.03,0.3226,0.28028503
0.0309,0.0513,0.03,0.3028,0.2481752
0.0305,0.0533,0.0281,0.3538,0.27207637
0.0298,0.0501,0.028,0.3054,0.25406757
0.0299,0.0472,0.028,0.2778,0.22438395
0.0299,0.0472,0.028,0.2778,0.22438395
0.0305,0.0491,0.0292,0.2734,0.23366834
0.0293,0.0468,0.029,0.2759,0.22996056
0.02865,0.0461,0.0276,0.2764,0.23344481
0.02875,0.04585,0.02795,0.2662,0.22922252
0.02905,0.0452,0.0292,0.26045,0.21750845
0.0287,0.04335,0.0275,0.2632,0.20333102
0.02835,0.0456,0.02735,0.2699,0.23326574
0.0305,0.048,0.02915,0.2782,0.22292992
0.03015,0.0505,0.0291,0.2927,0.25232488
0.0309,0.05045,0.0293,0.2986,0.24031962
0.0297,0.05175,0.02985,0.2948,0.27071825
0.0312,0.0544,0.03055,0.2867,0.27102804
0.0319,0.05465,0.031,0.2892,0.26285386
0.0315,0.0505,0.0329,0.2806,0.23170732
0.031,0.0481,0.0309,0.2858,0.21618204
0.0289,0.0486,0.0299,0.2898,0.25419354
0.0272,0.0456,0.0276,0.2887,0.25274724
0.0274,0.0436,0.0251,0.2676,0.22816901
0.0245,0.0404,0.0235,0.2652,0.2449923
0.0275,0.0429,0.0248,0.2784,0.21875
0.0274,0.0444,0.0267,0.2722,0.23676878
0.028,0.046,0.0273,0.2808,0.24324323
0.0288,0.0446,0.0296,0.2674,0.21525885
0.0284,0.0472,0.0294,0.2822,0.24867727
0.0281,0.0479,0.0291,0.3024,0.2605263
0.0269,0.04755,0.0275,0.2925,0.27736735
0.02825,0.05265,0.0275,0.3272,0.30160695
0.03015,0.0556,0.0283,0.3367,0.29679298
0.02985,0.0543,0.02955,0.2996,0.29055256
0.03105,0.0502,0.02845,0.2688,0.23569232
0.03105,0.0502,0.02845,0.2688,0.23569232
0.03005,0.0537,0.0301,0.2947,0.28238806
0.0295,0.054,0.0288,0.3068,0.2934132
0.0311,0.0534,0.0278,0.3178,0.26390532
0.0268,0.0513,0.0249,0.3104,0.3137004
0.0276,0.0515,0.0259,0.3132,0.30214918
0.0293,0.0549,0.0284,0.3162,0.30403802
0.0289,0.0527,0.0283,0.309,0.2916667
0.0298,0.054,0.0288,0.3068,0.28878284
0.0324,0.0549,0.0304,0.3076,0.25773197
0.0291,0.0513,0.0296,0.2934,0.27611938
0.0278,0.0476,0.0273,0.2796,0.2625995
0.0279,0.0487,0.0271,0.275,0.2715405
0.0295,0.0501,0.0279,0.2988,0.25879395
0.0307,0.05395,0.0303,0.3103,0.27466038
0.03185,0.0529,0.0319,0.32085,0.24837762
0.02875,0.0474,0.0289,0.3097,0.24491137
0.02995,0.04735,0.0289,0.2996,0.22509703
0.02795,0.0468,0.0279,0.3048,0.2521739
0.02765,0.04605,0.02685,0.29855,0.24966078
0.02805,0.04225,0.02685,0.2771,0.20199147
0.0273,0.0452,0.0266,0.28175,0.24689655
0.0286,0.04675,0.02715,0.2795,0.24087593
0.0275,0.0476,0.026,0.2732,0.26764315
0.02745,0.0468,0.02785,0.2908,0.26060605
0.0287,0.05,0.0289,0.3254,0.27064806
0.0304,0.0511,0.03,0.3134,0.25398773
0.0312,0.053,0.0294,0.3138,0.25890738
0.0306,0.053,0.0269,0.3416,0.26794258
0.0288,0.0489,0.0262,0.2966,0.25868726
0.0307,0.0463,0.0286,0.2662,0.20259742
0.0307,0.0463,0.0286,0.2662,0.20259742
0.0324,0.0481,0.0305,0.277,0.19503103
0.02975,0.04645,0.02945,0.2731,0.2191601
0.0282,0.04655,0.02795,0.2695,0.24548492
0.0277,0.04285,0.0281,0.265,0.21474132
0.0281,0.04515,0.02805,0.268,0.2327645
0.02805,0.04655,0.02745,0.25415,0.24798927
0.0284,0.0448,0.0289,0.2639,0.22404368
0.0293,0.0462,0.0303,0.2769,0.22384106
0.0307,0.05075,0.0289,0.28705,0.24616326
0.0313,0.05105,0.02885,0.3061,0.23982999
0.0314,0.05295,0.0306,0.30035,0.25548312
0.0318,0.05375,0.03165,0.3015,0.25657508
0.0311,0.0538,0.0307,0.2963,0.2673734
0.0299,0.0529,0.0321,0.291,0.2777778
0.029,0.0489,0.032,0.2897,0.25545573
0.028,0.0467,0.0296,0.2778,0.25033468
0.0277,0.0465,0.0276,0.2768,0.25336927
0.0261,0.044,0.0248,0.2766,0.2553495
0.0238,0.042,0.0218,0.2802,0.27659574
0.0261,0.0425,0.0245,0.2754,0.23906706
0.0252,0.0428,0.0248,0.2686,0.25882354
0.026,0.0431,0.0257,0.2768,0.24746743
0.0283,0.0464,0.0276,0.2796,0.24230254
0.0285,0.0475,0.0295,0.2988,0.25
0.0263,0.046,0.0272,0.2966,0.27247578
0.02595,0.0455,0.02605,0.2928,0.27361792
0.02835,0.05155,0.028,0.33185,0.29036298
0.02995,0.05385,0.02725,0.3315,0.28520283
0.03065,0.05345,0.0281,0.2759,0.27110583
0.03295,0.05705,0.03315,0.2701,0.2677778
0.03295,0.05705,0.03315,0.2701,0.2677778
0.03165,0.0578,0.0345,0.3011,0.29234207
0.0316,0.055,0.0327,0.2978,0.27020788
0.0314,0.0557,0.0296,0.3064,0.2789897
0.0291,0.0533,0.0274,0.3084,0.2936893
0.0288,0.0511,0.0271,0.3226,0.2790989
0.0293,0.0546,0.0285,0.3164,0.30154943
0.0299,0.0555,0.0296,0.323,0.29976583
0.0298,0.0544,0.0289,0.3168,0.29216152
0.0317,0.0546,0.0314,0.3046,0.2653534
0.0326,0.053,0.0321,0.2998,0.23831773
0.03,0.0467,0.0295,0.282,0.21773143
0.029,0.0484,0.029,0.268,0.250646
0.03,0.0515,0.0295,0.3074,0.2638037
0.03075,0.0534,0.0296,0.32,0.26916218
0.03175,0.0518,0.0304,0.3152,0.23997605
0.02895,0.046,0.02855,0.3051,0.22748499
0.02935,0.04615,0.0287,0.3103,0.22251655
0.02675,0.0456,0.02895,0.298,0.26053905
0.02825,0.04555,0.02755,0.30415,0.23441736
0.0279,0.04585,0.02775,0.3036,0.24338984
0.0276,0.046,0.02735,0.2991,0.25
0.02975,0.0481,0.0282,0.3008,0.23570967
0.0307,0.05395,0.0313,0.2947,0.27466038
0.03005,0.04885,0.03065,0.3009,0.23827629
0.0311,0.0501,0.0316,0.3046,0.23399015
0.0294,0.0467,0.0281,0.274,0.22733246
0.0293,0.0466,0.0294,0.2714,0.22793145
0.0278,0.0472,0.0264,0.2918,0.2586667
0.0276,0.0444,0.026,0.2814,0.23333333
0.0285,0.0455,0.0279,0.28,0.22972971
0.0285,0.0455,0.0279,0.28,0.22972971
0.0313,0.0496,0.031,0.2962,0.2262052
0.03125,0.04875,0.03115,0.2964,0.21874999
0.02975,0.04875,0.0304,0.2848,0.24203818
0.02885,0.0465,0.0294,0.2804,0.23424022
0.0294,0.0464,0.02805,0.2877,0.22427438
0.02965,0.04815,0.02785,0.2906,0.23778918
0.02985,0.04625,0.0296,0.275,0.21550591
0.03035,0.04715,0.03045,0.2732,0.21677421
0.03105,0.05025,0.0304,0.2802,0.23616236
0.03085,0.05335,0.03065,0.3037,0.2672209
0.0315,0.05225,0.031,0.2984,0.2477612
0.03245,0.05235,0.0315,0.2998,0.23466977
0.03115,0.05355,0.03085,0.3049,0.2644628
0.0301,0.0548,0.0309,0.309,0.2909305
0.0281,0.0486,0.0292,0.2836,0.26727507
0.0279,0.0439,0.0288,0.279,0.22284126
0.0276,0.048,0.0263,0.309,0.26984128
0.0268,0.0472,0.024,0.3172,0.2756757
0.0249,0.0421,0.0226,0.2898,0.25671643
0.024,0.0403,0.0229,0.2722,0.2534992
0.024,0.0415,0.0248,0.2614,0.26717556
0.0236,0.0403,0.0233,0.2697,0.26134583
0.0271,0.0432,0.0263,0.285,0.22901851
0.0263,0.0439,0.028,0.293,0.25071228
0.0252,0.0421,0.0241,0.2796,0.25111443
0.02525,0.0452,0.0249,0.2776,0.28317955
0.0282,0.0501,0.02855,0.2984,0.27969345
0.0293,0.05085,0.0281,0.2743,0.26887086
0.02975,0.05165,0.02985,0.2621,0.26904175
0.0322,0.0556,0.0339,0.2958,0.26651478
0.0322,0.0556,0.0339,0.2958,0.26651478
0.03155,0.0596,0.0367,0.3158,0.3077345
0.0315,0.0561,0.0332,0.315,0.28082192
0.0321,0.0552,0.0305,0.3068,0.2646048
0.0298,0.0533,0.0282,0.2894,0.28279182
0.0274,0.0506,0.027,0.306,0.29743588
0.0283,0.0549,0.0275,0.3196,0.31971157
0.0303,0.055,0.029,0.326,0.28956622
0.0312,0.0528,0.0283,0.3084,0.25714287
0.0321,0.0546,0.0309,0.313,0.25951558
0.0332,0.0564,0.034,0.3152,0.2589286
0.031,0.0506,0.03,0.2866,0.2401961
0.0303,0.0487,0.0298,0.2788,0.2329114
0.0307,0.0506,0.0291,0.3056,0.24477245
0.0305,0.05255,0.0284,0.3223,0.2655027
0.02965,0.04745,0.02855,0.291,0.23086897
0.0288,0.04555,0.0271,0.2782,0.22528581
0.02945,0.0459,0.02905,0.3204,0.21831451
0.03175,0.0487,0.0319,0.3152,0.21068987
0.03185,0.04985,0.03355,0.3203,0.22031824
0.0297,0.04845,0.02915,0.32,0.23992322
0.0281,0.04615,0.0279,0.3114,0.24309763
0.0291,0.04745,0.0282,0.3044,0.23971258
0.0303,0.05175,0.03015,0.2999,0.26142594
0.0299,0.0476,0.0302,0.28435,0.22838712
0.0308,0.0476,0.03,0.2874,0.21428573
0.0282,0.0447,0.028,0.2442,0.22633746
0.0289,0.0454,0.0284,0.2526,0.2220727
0.0276,0.0447,0.0273,0.2808,0.23651452
0.0278,0.044,0.026,0.2632,0.22562674
0.0291,0.0488,0.0279,0.3044,0.2528883
0.0291,0.0488,0.0279,0.3044,0.2528883
0.0309,0.0518,0.029,0.321,0.2527207
0.0308,0.0542,0.0314,0.3236,0.27529413
0.03365,0.05395,0.03515,0.3297,0.23173517
0.02935,0.04855,0.02915,0.3123,0.24646983
0.02885,0.04635,0.0284,0.3174,0.23271275
0.02845,0.04725,0.028,0.3203,0.24834874
0.0281,0.0449,0.0297,0.28175,0.23013698
0.02995,0.0484,0.0309,0.2715,0.2354818
0.0309,0.0504,0.03135,0.281,0.23985241
0.0321,0.0529,0.0302,0.2911,0.2447059
0.03055,0.052,0.0295,0.2914,0.25984251
0.03095,0.05265,0.03075,0.2926,0.25956938
0.03115,0.0533,0.02985,0.314,0.26228538
0.0305,0.0539,0.02985,0.3092,0.27725118
0.02845,0.04795,0.02745,0.2861,0.2552356
0.0276,0.042,0.0259,0.2784,0.20689654
0.0272,0.0475,0.0252,0.32625,0.27175367
0.0256,0.045,0.0229,0.3176,0.27478755
0.024,0.0387,0.022,0.282,0.23444973
0.02485,0.04065,0.02245,0.261,0.24122137
0.025,0.0429,0.02485,0.2677,0.26362297
0.0246,0.0419,0.02375,0.2795,0.2601504
0.0253,0.04395,0.0267,0.2911,0.26931405
0.0248,0.04215,0.0255,0.2741,0.25914857
0.0243,0.0402,0.02255,0.26685,0.24651162
0.026,0.0443,0.0262,0.2862,0.26031297
0.0291,0.05,0.02865,0.2874,0.2642225
0.0303,0.0488,0.02915,0.2687,0.23388115
0.03135,0.05395,0.0321,0.28865,0.26494724
0.03135,0.05395,0.0321,0.28865,0.26494724
0.03325,0.0552,0.03465,0.3085,0.24816279
0.03185,0.05645,0.03235,0.31475,0.2785957
0.0316,0.057,0.0324,0.3156,0.28668174
0.0324,0.0555,0.031,0.3162,0.26279864
0.0307,0.0553,0.0302,0.2932,0.2860465
0.0286,0.0515,0.0281,0.298,0.28589264
0.0288,0.054,0.027,0.3038,0.30434784
0.0301,0.0539,0.0274,0.3144,0.28333333
0.0297,0.0516,0.0267,0.3032,0.2693727
0.03025,0.0539,0.02925,0.3276,0.28104573
0.03175,0.0567,0.031,0.31825,0.28208023
0.0277,0.04615,0.0277,0.26565,0.24983074
0.0295,0.05,0.0291,0.2774,0.2578616
0.0309,0.05275,0.0298,0.3122,0.2612074
0.029,0.0492,0.029,0.3022,0.25831202
0.0275,0.043,0.0262,0.259,0.21985817
0.0303,0.048,0.028,0.288,0.22605364
0.0305,0.0476,0.0304,0.324,0.21895006
0.0316,0.0495,0.03,0.3198,0.22071518
0.0327,0.0491,0.0309,0.3206,0.20048903
0.0303,0.05,0.0302,0.3168,0.24533
0.028,0.046,0.0264,0.2912,0.24324323
0.0286,0.0462,0.0286,0.2868,0.23529412
0.0314,0.0509,0.0317,0.2908,0.23693806
0.0293,0.0462,0.0317,0.2736,0.22384106
0.0298,0.0469,0.03,0.278,0.22294655
0.0285,0.046,0.027,0.251,0.23489933
0.0309,0.0479,0.0297,0.2596,0.21573603
0.0298,0.047,0.0279,0.281,0.22395833
0.0281,0.0473,0.0272,0.2799,0.2546419
0.0281,0.0473,0.0272,0.2799,0.2546419
0.0301,0.0515,0.0285,0.3144,0.26225492
0.0309,0.0562,0.0301,0.345,0.29047075
0.033,0.0576,0.0337,0.3595,0.27152318
0.03145,0.0545,0.0321,0.3413,0.26817915
0.02625,0.04575,0.02575,0.2944,0.27083334
0.02835,0.04365,0.0272,0.2976,0.21250004
0.0282,0.04675,0.02795,0.2976,0.24749833
0.0281,0.0446,0.02805,0.2902,0.22696008
0.02945,0.04485,0.02945,0.2667,0.20726784
0.0308,0.0495,0.03055,0.2871,0.2328767
0.0315,0.05105,0.02895,0.2993,0.23682615
0.0305,0.04955,0.0294,0.2884,0.23797627
0.0318,0.0524,0.02965,0.2989,0.24465556
0.0306,0.05355,0.02985,0.3034,0.27272728
0.03095,0.0542,0.02945,0.3042,0.27304757
0.02915,0.0492,0.02875,0.2817,0.25590298
0.0269,0.04375,0.02595,0.2749,0.23849964
0.0265,0.0443,0.02465,0.2858,0.25141245
0.0241,0.04275,0.0224,0.2879,0.27898282
0.02415,0.03935,0.02215,0.2897,0.23937005
0.0272,0.04145,0.02595,0.2676,0.20757467
0.02685,0.04235,0.02545,0.2648,0.22398846
0.02525,0.04255,0.02395,0.2894,0.25516224
0.02475,0.04525,0.02515,0.2757,0.2928571
0.0238,0.04065,0.02235,0.2541,0.26144296
0.0257,0.0435,0.0254,0.3002,0.25722545
0.02855,0.04855,0.02755,0.3148,0.25940335
0.0297,0.0501,0.02965,0.2959,0.2556391
0.03,0.0498,0.0292,0.2876,0.24812032
0.0313,0.05385,0.03065,0.2987,0.26482674
0.0313,0.05385,0.03065,0.2987,0.26482674
0.03095,0.0542,0.0319,0.3105,0.27304757
0.03145,0.0534,0.03005,0.315,0.25869182
0.0317,0.0579,0.0329,0.3164,0.29241073
0.0335,0.0592,0.0329,0.323,0.27723837
0.0339,0.0576,0.0317,0.3178,0.2590164
0.03,0.0533,0.0291,0.3096,0.2797119
0.0304,0.0522,0.0281,0.2976,0.26392254
0.0318,0.0555,0.0299,0.3198,0.27147764
0.0295,0.05,0.0281,0.2986,0.2578616
0.0291,0.05225,0.0273,0.3297,0.28457284
0.0297,0.0548,0.02715,0.3219,0.29704142
0.02845,0.0427,0.02615,0.2673,0.20028111
0.0307,0.04895,0.02945,0.2955,0.22912745
0.0322,0.05495,0.03165,0.3218,0.26104414
0.0292,0.0485,0.0298,0.2856,0.24839124
0.0309,0.0491,0.0297,0.2875,0.22750002
0.0328,0.0529,0.0307,0.3226,0.23453909
0.0317,0.051,0.0312,0.3286,0.23337363
0.0294,0.046,0.0286,0.3142,0.22015914
0.0296,0.0476,0.0296,0.3082,0.23316063
0.0295,0.0492,0.0289,0.3044,0.25031763
0.0283,0.0473,0.0296,0.2814,0.25132275
0.031,0.0483,0.0288,0.2984,0.21815892
0.0326,0.0525,0.0331,0.3032,0.23384252
0.0321,0.0465,0.0326,0.2774,0.18320611
0.0297,0.047,0.029,0.2808,0.22555408
0.03,0.0479,0.0292,0.258,0.22978176
0.0292,0.0462,0.0291,0.2587,0.22546417
0.0282,0.0481,0.0277,0.2708,0.26081258
0.0281,0.0462,0.0262,0.2754,0.24360698
0.0281,0.0462,0.0262,0.2754,0.24360698
0.0285,0.0488,0.0283,0.3054,0.2626132
0.0314,0.054,0.0296,0.327,0.26463702
0.02955,0.054,0.03025,0.3317,0.29263917
0.02805,0.0443,0.0254,0.2745,0.22460264
0.0246,0.04075,0.02515,0.2604,0.24713087
0.02765,0.04285,0.0275,0.2753,0.21560282
0.029,0.0458,0.0311,0.2878,0.22459894
0.0285,0.0435,0.0285,0.2904,0.20833333
0.029,0.0438,0.02855,0.2712,0.20329674
0.03015,0.0491,0.03035,0.28645,0.23911673
0.0297,0.04565,0.02815,0.2809,0.21167885
0.0299,0.0504,0.02905,0.2901,0.25529265
0.0319,0.0566,0.0305,0.3321,0.27909607
0.03135,0.05395,0.0308,0.3018,0.26494724
0.03155,0.0541,0.0297,0.3087,0.26328078
0.02995,0.05305,0.0298,0.3058,0.27831325
0.02635,0.04685,0.0269,0.2779,0.28005463
0.02445,0.04035,0.02485,0.2544,0.24537037
0.0253,0.04005,0.0236,0.2702,0.22570774
0.0258,0.04175,0.02385,0.272,0.23612136
0.02845,0.0433,0.02635,0.2655,0.20696864
0.0251,0.0405,0.0242,0.2584,0.2347561
0.0252,0.04255,0.02355,0.2738,0.25608858
0.02685,0.0433,0.0255,0.2775,0.23449749
0.0258,0.0432,0.0243,0.2862,0.2521739
0.0281,0.0497,0.028,0.3276,0.27763495
0.0313,0.0514,0.03265,0.34005,0.24304713
0.0325,0.0538,0.0315,0.3266,0.24681348
0.03085,0.0545,0.03195,0.3147,0.2770943
0.0319,0.05225,0.031,0.3126,0.24183008
0.0319,0.05225,0.031,0.3126,0.24183008
0.032,0.056,0.03185,0.3059,0.27272728
0.0304,0.05305,0.02885,0.3097,0.27142
0.0306,0.0577,0.0301,0.3221,0.30690825
0.0325,0.0583,0.0328,0.3228,0.28414097
0.0336,0.0559,0.033,0.3072,0.24916203
0.0303,0.0536,0.0284,0.2958,0.27771154
0.0321,0.0535,0.0287,0.3018,0.25
0.0326,0.0542,0.0318,0.314,0.24884793
0.02805,0.04865,0.02765,0.2882,0.2685789
0.0291,0.05195,0.02725,0.3193,0.28192472
0.02965,0.0524,0.02735,0.3148,0.27726993
0.02955,0.0474,0.02895,0.291,0.23196885
0.0323,0.0521,0.0314,0.31435,0.23459716
0.0312,0.05295,0.0324,0.3135,0.25846702
0.0304,0.0484,0.0314,0.2832,0.22842638
0.0346,0.0525,0.0338,0.3072,0.20551088
0.0336,0.0545,0.0342,0.3244,0.23723042
0.031,0.0494,0.0307,0.3128,0.22885573
0.0303,0.0509,0.0296,0.3184,0.25369456
0.0293,0.0488,0.0298,0.305,0.2496799
0.0299,0.0522,0.0302,0.295,0.27161998
0.031,0.0498,0.0319,0.2878,0.2326733
0.0312,0.0486,0.0335,0.2932,0.21804513
0.0317,0.0501,0.032,0.2958,0.22493885
0.0316,0.0475,0.0309,0.2762,0.20101139
0.0283,0.0452,0.0272,0.2742,0.229932
0.0295,0.0476,0.0298,0.2642,0.23476006
0.0316,0.0475,0.0288,0.263,0.20101139
0.0304,0.0461,0.0269,0.267,0.20522878
0.0277,0.0461,0.0285,0.2666,0.24932253
0.0277,0.0461,0.0285,0.2666,0.24932253
0.0295,0.0492,0.0288,0.2702,0.25031763
0.0299,0.051,0.0284,0.2698,0.26081583
0.0295,0.0491,0.0272,0.2766,0.24936385
0.025,0.04015,0.02235,0.2363,0.23254031
0.0282,0.04565,0.0272,0.2683,0.23628977
0.0294,0.04415,0.02915,0.2842,0.20054382
0.02985,0.0466,0.03065,0.2915,0.21909744
0.02865,0.0448,0.02905,0.2805,0.21987744
0.0306,0.0473,0.0299,0.2829,0.2143774
0.0302,0.0489,0.03,0.2934,0.23640962
0.02955,0.04755,0.0278,0.277,0.23346305
0.03025,0.05175,0.0294,0.296,0.2621951
0.03195,0.05715,0.0309,0.3153,0.28282824
0.0311,0.05525,0.0306,0.3016,0.27967575
0.03145,0.0539,0.03075,0.3047,0.26303455
0.031,0.0551,0.0312,0.3136,0.2799071
0.02745,0.04765,0.0283,0.2896,0.26897466
0.02625,0.0442,0.02635,0.2629,0.25479063
0.02575,0.0423,0.02595,0.2599,0.24320355
0.0274,0.0428,0.02645,0.261,0.21937323
0.0282,0.04255,0.027,0.2618,0.20282687
0.02495,0.04095,0.0227,0.2764,0.24279213
0.02445,0.04155,0.02115,0.2728,0.2590909
0.0268,0.0435,0.02455,0.28755,0.23755334
0.02655,0.04445,0.02565,0.2937,0.25211266
0.0319,0.0511,0.031,0.3374,0.2313253
0.0332,0.0558,0.03375,0.3561,0.25393257
0.03525,0.05565,0.03385,0.34195,0.22442243
0.03325,0.05505,0.03385,0.3383,0.24688561
0.033,0.05375,0.0321,0.319,0.2391931
0.033,0.05375,0.0321,0.319,0.2391931
0.0311,0.0518,0.0287,0.2941,0.24969845
0.03,0.0534,0.029,0.3128,0.28057554
0.0313,0.0562,0.0306,0.3234,0.2845714
0.0324,0.059,0.0324,0.3118,0.29102844
0.0321,0.0575,0.0326,0.2934,0.28348216
0.0309,0.0524,0.0302,0.28,0.25810325
0.0325,0.0524,0.0324,0.2876,0.23439342
0.0305,0.0511,0.0306,0.2798,0.25245097
0.0278,0.0472,0.0269,0.288,0.2586667
0.02835,0.0494,0.02695,0.3049,0.2707396
0.02805,0.0486,0.0268,0.2917,0.26810175
0.03025,0.0504,0.02925,0.3057,0.24984501
0.03155,0.05175,0.0288,0.3044,0.24249698
0.03065,0.04865,0.029,0.3003,0.22698614
0.0294,0.05,0.0294,0.2888,0.25944585
0.0306,0.0516,0.0293,0.3052,0.25547445
0.0316,0.0514,0.0315,0.3248,0.23855422
0.0311,0.0507,0.0302,0.3252,0.23960882
0.0312,0.0496,0.0303,0.3166,0.22772281
0.0298,0.0497,0.0302,0.292,0.25031447
0.0305,0.0502,0.0318,0.2812,0.244114
0.0324,0.0512,0.0331,0.282,0.22488035
0.0307,0.0494,0.0326,0.285,0.2334582
0.0308,0.0499,0.0321,0.2928,0.23667906
0.0301,0.0483,0.0304,0.2796,0.23214288
0.0273,0.0431,0.0277,0.2697,0.22443181
0.0276,0.044,0.0273,0.2596,0.2290503
0.0289,0.0472,0.0285,0.2632,0.24047309
0.0293,0.0456,0.0283,0.267,0.2176235
0.03,0.0454,0.0278,0.2532,0.20424405
0.03,0.0454,0.0278,0.2532,0.20424405
0.03,0.0498,0.0303,0.2644,0.24812032
0.0283,0.0462,0.0294,0.277,0.24026844
0.02835,0.046,0.02735,0.2546,0.23739073
0.0278,0.04545,0.0271,0.2633,0.24095564
0.02945,0.04475,0.02875,0.2764,0.20619948
0.0286,0.04575,0.0282,0.2956,0.23066577
0.0281,0.045,0.02745,0.3057,0.23119016
0.02815,0.0456,0.0268,0.29465,0.23661017
0.0301,0.05295,0.02905,0.3076,0.27513546
0.02985,0.05415,0.0294,0.3066,0.28928572
0.0298,0.05235,0.02895,0.2949,0.27449787
0.03095,0.05515,0.0299,0.2967,0.2810685
0.0316,0.0543,0.0302,0.3078,0.2642608
0.0294,0.05245,0.02945,0.3084,0.28161272
0.03025,0.05245,0.0288,0.3042,0.26844016
0.03055,0.0537,0.0303,0.3063,0.27477744
0.0296,0.04925,0.02915,0.2935,0.24920735
0.02725,0.04595,0.0296,0.2864,0.25546446
0.0261,0.0427,0.0276,0.2687,0.24127905
0.02795,0.0437,0.02685,0.2653,0.21981855
0.02585,0.0425,0.02375,0.2677,0.24359912
0.02455,0.0417,0.02235,0.2847,0.25886792
0.025,0.0403,0.02135,0.2761,0.2343032
0.0268,0.04275,0.0236,0.2851,0.22933145
0.02685,0.04465,0.02515,0.3044,0.24895103
0.03025,0.0498,0.0297,0.325,0.24422237
0.03395,0.0555,0.03425,0.3619,0.2409167
0.034,0.05885,0.0348,0.3465,0.26763597
0.03375,0.05665,0.0332,0.3344,0.25331858
0.03375,0.05665,0.0332,0.3344,0.25331858
0.03205,0.05305,0.0311,0.3,0.24676853
0.0304,0.0525,0.02835,0.2896,0.2665862
0.031,0.05535,0.0315,0.317,0.2819919
0.0322,0.0546,0.0322,0.3332,0.2580645
0.0328,0.0587,0.0336,0.326,0.2830601
0.0328,0.0564,0.032,0.3062,0.264574
0.033,0.054,0.0304,0.2886,0.24137934
0.0328,0.0533,0.0332,0.291,0.23809525
0.0293,0.0504,0.0323,0.284,0.2647428
0.02855,0.0488,0.02835,0.3079,0.261797
0.0294,0.05205,0.0276,0.3169,0.2780847
0.02795,0.0484,0.02575,0.3127,0.26784542
0.02835,0.0491,0.0274,0.3094,0.2679148
0.0303,0.0481,0.02775,0.2904,0.22704078
0.03025,0.0498,0.02915,0.3032,0.24422237
0.0286,0.0495,0.0302,0.2862,0.26760563
0.0287,0.0486,0.0285,0.2732,0.25743857
0.0299,0.0478,0.0299,0.298,0.23037323
0.03,0.0493,0.0302,0.3118,0.24337958
0.0316,0.0501,0.0309,0.311,0.2264382
0.0311,0.0457,0.0278,0.2836,0.19010417
0.0315,0.0515,0.032,0.2722,0.24096383
0.032,0.0502,0.0321,0.284,0.22141117
0.0321,0.0517,0.032,0.2872,0.2338902
0.0317,0.0497,0.0305,0.2854,0.2211302
0.0283,0.0481,0.03,0.2902,0.25916228
0.0282,0.045,0.0271,0.282,0.2295082
0.0288,0.0457,0.0282,0.2764,0.22684564
0.0291,0.0439,0.0292,0.2676,0.20273975
0.0297,0.0463,0.029,0.2614,0.21842106
0.0297,0.0463,0.029,0.2614,0.21842106
0.0305,0.0469,0.0301,0.2692,0.2118863
0.0314,0.0502,0.0303,0.279,0.23039219
0.0313,0.0509,0.03,0.2822,0.23844281
0.0294,0.0467,0.03155,0.27,0.22733246
0.02815,0.045,0.02915,0.2827,0.23034862
0.0298,0.04745,0.02905,0.28075,0.22847897
0.0307,0.0461,0.02815,0.3023,0.20052084
0.02845,0.04485,0.0265,0.3052,0.22373807
0.0277,0.0475,0.0266,0.3085,0.2632979
0.0304,0.0555,0.02835,0.3108,0.29220024
0.0303,0.0531,0.02935,0.3092,0.2733813
0.03075,0.05035,0.02895,0.2953,0.24167691
0.0313,0.05225,0.0293,0.3028,0.25074804
0.0316,0.053,0.029,0.3074,0.25295508
0.02965,0.0525,0.02905,0.3101,0.2781497
0.0299,0.0508,0.02805,0.302,0.2589839
0.03055,0.0526,0.02865,0.3056,0.26518342
0.03025,0.0488,0.0292,0.2921,0.23466161
0.0283,0.04605,0.02905,0.2839,0.23873572
0.02755,0.0451,0.0277,0.266,0.24156915
0.0278,0.04435,0.0261,0.2646,0.22938322
0.0251,0.04205,0.0242,0.2767,0.25241998
0.02515,0.04205,0.02255,0.2895,0.25148812
0.0239,0.03845,0.0224,0.2567,0.23336005
0.0276,0.04215,0.0259,0.2755,0.20860215
0.02805,0.04675,0.02745,0.2995,0.25000003
0.03,0.04715,0.02935,0.3098,0.22229424
0.033,0.05355,0.03165,0.3527,0.23743503
0.0328,0.05575,0.03145,0.3424,0.25917563
0.0314,0.0522,0.03005,0.3053,0.24880385
0.0314,0.0522,0.03005,0.3053,0.24880385
0.0305,0.0484,0.0295,0.2806,0.22686945
0.03225,0.05355,0.0307,0.3003,0.24825178
0.0331,0.05405,0.03285,0.3137,0.24039009
0.0323,0.055,0.0316,0.3426,0.2600229
0.0321,0.0553,0.0329,0.327,0.26544622
0.0318,0.0555,0.0304,0.3094,0.27147764
0.0335,0.0539,0.0299,0.3016,0.23340958
0.0321,0.0534,0.0321,0.2894,0.2491228
0.0336,0.054,0.0339,0.3002,0.23287675
0.0316,0.05195,0.0294,0.3085,0.24356675
0.03065,0.05015,0.0281,0.32575,0.24133664
0.0304,0.0515,0.0271,0.3319,0.25763124
0.0293,0.04925,0.02795,0.3174,0.25397834
0.0302,0.0508,0.0274,0.3033,0.25432098
0.03185,0.05255,0.02995,0.3039,0.24526067
0.0317,0.0502,0.0322,0.2834,0.22588523
0.03,0.0463,0.0302,0.2602,0.21363042
0.0286,0.0465,0.0287,0.2662,0.23834887
0.0292,0.0468,0.0279,0.2886,0.23157893
0.0306,0.0493,0.0318,0.2922,0.23404256
0.0294,0.0476,0.0283,0.2856,0.23636365
0.0323,0.0499,0.0314,0.2846,0.21411192
0.0321,0.0508,0.0314,0.2951,0.22557297
0.0316,0.0515,0.0321,0.2902,0.23947054
0.0298,0.0487,0.0308,0.292,0.24076433
0.028,0.0495,0.0271,0.31,0.27741933
0.0298,0.0465,0.0296,0.2938,0.21887287
0.03085,0.04985,0.03075,0.3129,0.23543988
0.02985,0.0479,0.0299,0.30215,0.23215432
0.02845,0.04745,0.02845,0.2805,0.25032938
0.02845,0.04745,0.02845,0.2805,0.25032938
0.0278,0.0458,0.02855,0.2713,0.24456523
0.02815,0.0478,0.0289,0.2722,0.25872287
0.03025,0.0492,0.03055,0.2779,0.23851478
0.0304,0.04765,0.0315,0.2845,0.22101213
0.0276,0.04565,0.02875,0.2909,0.2464164
0.02925,0.0457,0.0275,0.2911,0.21947965
0.0302,0.0475,0.0296,0.296,0.2226512
0.02835,0.0462,0.02595,0.2946,0.23943661
0.027,0.04495,0.02695,0.2885,0.2494788
0.02975,0.05255,0.02855,0.3036,0.2770352
0.03055,0.04965,0.02965,0.3047,0.2381546
0.02885,0.04795,0.0277,0.2874,0.24869789
0.02995,0.0539,0.02895,0.296,0.2856291
0.0301,0.05485,0.0297,0.3041,0.29134786
0.02985,0.05575,0.02925,0.3052,0.30257007
0.0308,0.05285,0.0277,0.3093,0.26359832
0.0306,0.0537,0.029,0.305,0.27402136
0.02965,0.05155,0.02935,0.3,0.26970443
0.03035,0.04615,0.0281,0.2828,0.20653594
0.02985,0.04435,0.0286,0.2586,0.19541776
0.0266,0.04395,0.027,0.2521,0.24592489
0.0262,0.04325,0.02535,0.2741,0.24550034
0.02525,0.04315,0.02315,0.2989,0.2616959
0.02385,0.04025,0.02195,0.2661,0.25585026
0.02635,0.04505,0.02785,0.2803,0.26190472
0.0294,0.0487,0.0298,0.3079,0.24711908
0.0321,0.05115,0.03105,0.3218,0.22882885
0.03125,0.05245,0.0313,0.3359,0.25328556
0.02945,0.05105,0.02925,0.3168,0.268323
0.02965,0.0504,0.0279,0.291,0.25921297
0.02965,0.0504,0.0279,0.291,0.25921297
0.03265,0.05235,0.03015,0.3112,0.23176469
0.03485,0.057,0.03345,0.316,0.24115404
0.03335,0.05495,0.0322,0.3096,0.24462062
0.0326,0.0567,0.0312,0.3467,0.2698768
0.0309,0.0531,0.03085,0.3329,0.26428574
0.03035,0.0493,0.0282,0.3112,0.23791589
0.03095,0.05145,0.0282,0.3038,0.24878639
0.0335,0.0533,0.03165,0.2958,0.2281106
0.0355,0.05475,0.03525,0.2824,0.21329638
0.0309,0.0487,0.0309,0.2758,0.2236181
0.0308,0.0521,0.0273,0.3104,0.25693604
0.0296,0.0524,0.0287,0.3318,0.27804878
0.0289,0.051,0.0261,0.3176,0.27659574
0.0288,0.0524,0.0268,0.3096,0.29064038
0.0311,0.0525,0.03,0.3252,0.25598085
0.03245,0.0536,0.0341,0.3063,0.24578728
0.0328,0.05105,0.0318,0.2766,0.21765058
0.0311,0.04695,0.03095,0.27075,0.20307498
0.0303,0.04815,0.03035,0.282,0.22753343
0.03045,0.04815,0.03035,0.2818,0.22519085
0.03115,0.0514,0.03045,0.2869,0.24530587
0.0318,0.0514,0.0324,0.2974,0.23557688
0.0325,0.0535,0.0325,0.309,0.24418607
0.0336,0.054,0.0331,0.3206,0.23287675
0.0297,0.0531,0.03,0.3248,0.28260872
0.0287,0.0511,0.0274,0.3322,0.28070176
0.0295,0.0461,0.0308,0.277,0.21957675
0.02995,0.0502,0.0312,0.3081,0.25265127
0.0288,0.0474,0.02865,0.301,0.2440945
0.02835,0.04855,0.0272,0.2921,0.2626788
0.02835,0.04855,0.0272,0.2921,0.2626788
0.02715,0.04285,0.02725,0.2671,0.2242857
0.02895,0.04535,0.0281,0.2631,0.22072679
0.02985,0.04745,0.0303,0.2773,0.22768433
0.0306,0.0467,0.02865,0.2868,0.20827945
0.0302,0.0485,0.02835,0.311,0.23252858
0.02985,0.04705,0.02745,0.3003,0.22366709
0.02835,0.04645,0.02895,0.275,0.24197863
0.0281,0.04445,0.02765,0.2649,0.22536181
0.02735,0.04335,0.02705,0.26475,0.22630836
0.0311,0.05375,0.0303,0.2934,0.2669417
0.0294,0.04815,0.03,0.3057,0.24177948
0.02795,0.04785,0.02725,0.2843,0.262533
0.02965,0.0521,0.0292,0.2962,0.27461773
0.03115,0.0569,0.03015,0.3078,0.29244745
0.03015,0.0557,0.02955,0.302,0.29761213
0.03075,0.0531,0.029,0.3147,0.26654738
0.03175,0.0573,0.02915,0.3339,0.28691745
0.02995,0.055,0.02985,0.3174,0.29487935
0.0277,0.0453,0.02785,0.2615,0.24109589
0.0272,0.04545,0.0283,0.2405,0.25120437
0.02755,0.0436,0.02695,0.2419,0.22557974
0.0261,0.0426,0.0258,0.2591,0.24017464
0.02515,0.04325,0.0218,0.2705,0.2646199
0.02415,0.04345,0.0215,0.2699,0.28550294
0.02735,0.04685,0.02535,0.3011,0.26280326
0.02975,0.0507,0.02845,0.3357,0.26041022
0.0305,0.0524,0.0311,0.3439,0.2641737
0.03215,0.05565,0.0305,0.3423,0.26765376
0.0315,0.05735,0.03005,0.3512,0.29093978
0.0315,0.05735,0.03005,0.3512,0.29093978
0.03065,0.05315,0.0289,0.3345,0.26849642
0.0341,0.0567,0.0322,0.3475,0.24889866
0.03515,0.05865,0.03545,0.3346,0.25053304
0.03355,0.0559,0.03205,0.31945,0.24986023
0.03415,0.0574,0.0336,0.3349,0.25395957
0.03075,0.05185,0.0277,0.3317,0.25544792
0.0285,0.04785,0.0269,0.3097,0.25343812
0.02925,0.0504,0.02745,0.3104,0.26553673
0.03095,0.05295,0.0315,0.2958,0.2622169
0.03045,0.04975,0.03,0.2442,0.24064839
0.0284,0.0448,0.0299,0.2508,0.22404368
0.0289,0.0488,0.0282,0.2796,0.25611326
0.0297,0.0511,0.0271,0.3146,0.2648515
0.0287,0.0512,0.0275,0.3042,0.281602
0.0293,0.0519,0.0277,0.3182,0.2783251
0.031,0.0537,0.0286,0.3326,0.26800472
0.03205,0.05335,0.03085,0.3072,0.24941455
0.03165,0.04985,0.0306,0.2777,0.22331288
0.03125,0.04755,0.03145,0.2656,0.2068528
0.03125,0.0482,0.02865,0.29005,0.21334173
0.0312,0.051,0.03065,0.2933,0.24087591
0.03115,0.0504,0.0306,0.2868,0.2360515
0.0318,0.0502,0.0324,0.2931,0.22439022
0.0323,0.0535,0.0324,0.3176,0.24708626
0.032,0.0556,0.0319,0.3444,0.26940635
0.0311,0.0553,0.0302,0.3492,0.2800926
0.0298,0.052,0.0272,0.3498,0.27139366
0.0289,0.0457,0.0288,0.2742,0.22520107
0.02955,0.04685,0.03005,0.2988,0.2264398
0.02785,0.0455,0.02795,0.2858,0.24062712
0.0272,0.0438,0.0256,0.2635,0.23380281
0.0272,0.0438,0.0256,0.2635,0.23380281
0.02805,0.04515,0.02515,0.2596,0.23360656
0.03115,0.0483,0.0299,0.2654,0.21585904
0.0312,0.04975,0.0318,0.2807,0.22915381
0.0311,0.051,0.0312,0.2987,0.24238734
0.03045,0.0515,0.0294,0.3249,0.25686395
0.0312,0.0484,0.0297,0.3263,0.21608041
0.03105,0.04755,0.0294,0.2976,0.20992365
0.02985,0.0463,0.02875,0.2677,0.21602102
0.02915,0.0476,0.0289,0.2716,0.24039088
0.03205,0.05365,0.03085,0.2955,0.25204203
0.02875,0.0498,0.0289,0.2971,0.26798218
0.0269,0.04665,0.02695,0.2758,0.2685248
0.0301,0.05305,0.02945,0.2881,0.27600724
0.0312,0.05565,0.03025,0.31,0.28151986
0.03085,0.05445,0.0307,0.31,0.27667058
0.03015,0.0552,0.02975,0.3175,0.29349735
0.0307,0.05795,0.0298,0.3235,0.3073886
0.02955,0.05375,0.02975,0.2996,0.29051623
0.027,0.0449,0.02575,0.2582,0.24895687
0.0302,0.04905,0.02785,0.2633,0.23785487
0.02885,0.04755,0.02745,0.27295,0.2447644
0.02855,0.04455,0.02655,0.2814,0.21887825
0.026,0.0453,0.0236,0.2753,0.27068722
0.02365,0.045,0.02185,0.2714,0.31099784
0.0271,0.04865,0.024,0.3021,0.28448844
0.0289,0.0537,0.0276,0.3307,0.30024216
0.02885,0.05295,0.0282,0.3402,0.29462102
0.0303,0.0547,0.02865,0.3427,0.2870588
0.03225,0.0582,0.02965,0.3624,0.28689885
0.03225,0.0582,0.02965,0.3624,0.28689885
0.0306,0.057,0.03025,0.3416,0.30136985
0.03315,0.05685,0.03235,0.33515,0.26333335
0.03235,0.0554,0.03195,0.3272,0.26267806
0.0311,0.0529,0.03115,0.3193,0.25952384
0.03225,0.05285,0.03195,0.3168,0.2420682
0.0277,0.04675,0.0251,0.2924,0.25587645
0.02765,0.04635,0.0258,0.2893,0.25270268
0.0303,0.04855,0.0265,0.301,0.23145209
0.0298,0.049,0.0278,0.2907,0.2436548
0.0284,0.04415,0.0261,0.2709,0.21709165
0.029,0.0473,0.0293,0.2734,0.23984274
0.0302,0.0467,0.0287,0.2814,0.21456435
0.0297,0.0519,0.027,0.3312,0.27205884
0.0301,0.0537,0.0287,0.3328,0.28162292
0.0311,0.0537,0.0297,0.326,0.26650944
0.03,0.0546,0.0281,0.3226,0.29078016
0.02925,0.0514,0.0271,0.2954,0.2746435
0.03045,0.0539,0.0299,0.3034,0.2780083
0.0311,0.0511,0.0306,0.3073,0.24330902
0.0313,0.0518,0.03105,0.3087,0.24669072
0.03295,0.05465,0.0308,0.3111,0.24771692
0.03085,0.0533,0.0283,0.30565,0.2667855
0.0307,0.0513,0.0296,0.2952,0.2512195
0.0317,0.0509,0.0309,0.305,0.23244554
0.0313,0.0524,0.0293,0.3332,0.25209078
0.0303,0.054,0.0282,0.3266,0.28113878
0.0305,0.0524,0.0271,0.334,0.2641737
0.0305,0.0497,0.032,0.2997,0.23940147
0.0295,0.05065,0.03005,0.2975,0.26388022
0.0282,0.0455,0.02845,0.27965,0.23473541
0.0282,0.0455,0.02845,0.27965,0.23473541
0.02725,0.04585,0.0261,0.2585,0.254446
0.02835,0.0494,0.02885,0.2651,0.2707396
0.0305,0.04925,0.02925,0.2692,0.2351097
0.0311,0.04925,0.03025,0.282,0.22588675
0.0318,0.05255,0.03035,0.3139,0.24599877
0.02965,0.0522,0.0296,0.32535,0.27550396
0.0298,0.05185,0.02985,0.3271,0.27005512
0.03035,0.052,0.02845,0.32,0.26290226
0.03065,0.04945,0.0297,0.2854,0.23470661
0.0312,0.05235,0.0306,0.3046,0.25314185
0.03065,0.055,0.02975,0.3027,0.28429657
0.0278,0.04785,0.0271,0.27985,0.26503637
0.02615,0.04535,0.02695,0.2496,0.26853147
0.02965,0.05245,0.02915,0.2985,0.2777101
0.02975,0.05345,0.02865,0.3009,0.28485575
0.02975,0.0531,0.029,0.3011,0.28183463
0.0297,0.055,0.0288,0.3125,0.2987013
0.03265,0.0593,0.03125,0.329,0.28983143
0.0312,0.05945,0.0298,0.3154,0.31163818
0.02945,0.05225,0.02995,0.27655,0.2790698
0.0303,0.05295,0.0312,0.2912,0.27207205
0.02905,0.04835,0.02795,0.2803,0.24935399
0.02805,0.0497,0.02665,0.3009,0.2784566
0.0275,0.0492,0.0243,0.2912,0.28292045
0.0232,0.04265,0.02195,0.2488,0.29536825
0.02535,0.0447,0.02245,0.2694,0.27623126
0.02655,0.05015,0.0256,0.3195,0.3076923
0.02835,0.0546,0.026,0.3332,0.31645572
0.02835,0.05425,0.02675,0.3387,0.31355932
0.0301,0.0553,0.02805,0.3401,0.295082
0.0301,0.0553,0.02805,0.3401,0.295082
0.03065,0.0525,0.0298,0.3231,0.2627781
0.0309,0.0529,0.0307,0.3226,0.26252985
0.031,0.05255,0.02835,0.3302,0.25792938
0.0298,0.05175,0.0279,0.3223,0.26916003
0.02755,0.04955,0.02655,0.2882,0.2853437
0.02535,0.0428,0.02375,0.2497,0.25605285
0.028,0.0472,0.0261,0.2836,0.25531915
0.02915,0.0453,0.02635,0.28,0.2169241
0.0285,0.04635,0.02585,0.2736,0.23847693
0.02905,0.0466,0.0281,0.2841,0.23198941
0.0294,0.0493,0.0294,0.2912,0.25285897
0.0307,0.0481,0.0288,0.3006,0.22081216
0.0299,0.0518,0.0276,0.3392,0.2680539
0.03,0.0532,0.0284,0.3374,0.27884614
0.0316,0.0519,0.0288,0.3134,0.24311379
0.0316,0.0538,0.0263,0.3142,0.2599532
0.0314,0.0551,0.02925,0.3175,0.27398846
0.03375,0.06205,0.0327,0.3476,0.2954071
0.03195,0.05885,0.0326,0.34425,0.2962555
0.03165,0.05725,0.0317,0.3362,0.28796402
0.03255,0.0566,0.031,0.3417,0.2697701
0.0312,0.0532,0.02815,0.3289,0.2606635
0.0312,0.0507,0.0282,0.3096,0.23809527
0.0305,0.0529,0.0287,0.3182,0.26858515
0.0301,0.0524,0.0265,0.322,0.27030307
0.0285,0.0501,0.0268,0.298,0.27480915
0.0308,0.0524,0.0285,0.3132,0.2596154
0.0318,0.0501,0.0322,0.3234,0.22344318
0.03105,0.05345,0.0313,0.3112,0.26508874
0.0284,0.0471,0.02825,0.2886,0.24768212
0.0284,0.0471,0.02825,0.2886,0.24768212
0.02835,0.048,0.02865,0.288,0.2573674
0.03005,0.04745,0.0283,0.2883,0.22451611
0.02915,0.0486,0.0279,0.2835,0.25016078
0.03045,0.04775,0.0306,0.2914,0.22122763
0.02985,0.05075,0.03045,0.3064,0.25930518
0.0286,0.05045,0.0302,0.2886,0.27640733
0.0301,0.04965,0.0288,0.2826,0.24514106
0.02935,0.0499,0.0279,0.3096,0.25930598
0.0287,0.05025,0.0278,0.2929,0.2729576
0.0298,0.0541,0.02965,0.3156,0.28963053
0.02855,0.05175,0.0272,0.3055,0.28891656
0.0264,0.0484,0.0256,0.2801,0.29411766
0.02585,0.04615,0.02585,0.2577,0.28194445
0.0295,0.05385,0.0286,0.3034,0.29214156
0.029,0.05155,0.02915,0.2985,0.27995035
0.02805,0.0494,0.0282,0.304,0.27566174
0.0295,0.0558,0.0281,0.3153,0.30832356
0.0334,0.0592,0.0314,0.3403,0.2786177
0.03035,0.0587,0.0308,0.3234,0.31836048
0.02855,0.0507,0.02995,0.2804,0.27949527
0.0293,0.0512,0.02935,0.2844,0.27204967
0.0272,0.0467,0.02705,0.2804,0.2638701
0.027,0.04715,0.0256,0.3038,0.27174646
0.02675,0.0498,0.02385,0.3166,0.3011104
0.02475,0.0437,0.02165,0.2681,0.2768444
0.02365,0.043,0.0212,0.2809,0.2903226
0.02685,0.0486,0.02465,0.3193,0.28827035
0.0274,0.0524,0.02555,0.3276,0.3132832
0.02615,0.0519,0.0248,0.3081,0.32991672
0.02635,0.05315,0.0249,0.3187,0.33710688
0.02635,0.05315,0.0249,0.3187,0.33710688
0.02955,0.0504,0.0298,0.3157,0.26078802
0.0317,0.0528,0.03275,0.3179,0.24970414
0.02945,0.0502,0.02865,0.2994,0.26051477
0.02775,0.04885,0.0266,0.2955,0.2754569
0.02715,0.04535,0.0251,0.2693,0.2510345
0.0264,0.04255,0.0261,0.2399,0.23422773
0.02995,0.0487,0.0284,0.273,0.23839799
0.02935,0.04605,0.0271,0.2559,0.22148542
0.02965,0.04625,0.0291,0.2665,0.21870881
0.02865,0.04625,0.02715,0.2684,0.23497997
0.0286,0.0487,0.0276,0.2834,0.2600259
0.0315,0.0488,0.0298,0.3072,0.21544206
0.0315,0.0523,0.0294,0.3294,0.24821
0.0285,0.0513,0.0276,0.3254,0.28571427
0.0284,0.0511,0.0259,0.3076,0.2855346
0.0303,0.0535,0.0265,0.3176,0.27684963
0.03145,0.0572,0.0292,0.3203,0.29046813
0.0331,0.06545,0.0338,0.3374,0.32825974
0.03345,0.06365,0.0339,0.35455,0.31101954
0.03295,0.06025,0.03125,0.3554,0.29291847
0.03205,0.0617,0.0307,0.3566,0.3162667
0.0296,0.0549,0.0285,0.3292,0.29940832
0.029,0.0494,0.0282,0.3168,0.2602041
0.0298,0.0534,0.0281,0.337,0.28365383
0.0294,0.0517,0.0266,0.3296,0.27496916
0.0297,0.0526,0.0278,0.3164,0.2782503
0.0297,0.0519,0.0291,0.3254,0.27205884
0.0307,0.0495,0.0322,0.3299,0.23441395
0.03015,0.0487,0.03045,0.3086,0.23525682
0.0293,0.04565,0.02715,0.29075,0.21814544
0.0293,0.04565,0.02715,0.29075,0.21814544
0.0309,0.04745,0.0278,0.3057,0.21123163
0.03065,0.05045,0.03005,0.29455,0.24414305
0.0304,0.0494,0.0289,0.2941,0.23809525
0.0293,0.0474,0.02935,0.28545,0.23598436
0.02925,0.0492,0.0305,0.2795,0.2543021
0.0295,0.0471,0.0302,0.2677,0.22976501
0.0301,0.0488,0.02855,0.2879,0.23700888
0.029,0.04745,0.02755,0.2924,0.2413342
0.02875,0.04575,0.02625,0.2809,0.2281879
0.0292,0.05235,0.0296,0.2977,0.2838749
0.0272,0.04865,0.02695,0.2857,0.28279498
0.0267,0.0446,0.02545,0.2806,0.25105187
0.0269,0.0477,0.02645,0.2803,0.27882037
0.03035,0.0526,0.0282,0.3112,0.2682339
0.02925,0.04845,0.02785,0.2889,0.24710424
0.02835,0.0522,0.02775,0.3027,0.2960894
0.02915,0.0572,0.02775,0.3303,0.32484075
0.03075,0.05885,0.0294,0.3379,0.31361607
0.03055,0.05755,0.0318,0.3134,0.30646992
0.0281,0.0477,0.0286,0.2635,0.25857517
0.02675,0.0427,0.02745,0.2754,0.22966163
0.0256,0.04315,0.02505,0.2656,0.25527275
0.02605,0.04455,0.0243,0.295,0.2620397
0.0252,0.0434,0.023,0.2994,0.26530614
0.02355,0.04295,0.0219,0.2791,0.29172933
0.02375,0.04545,0.02245,0.2976,0.31358382
0.02715,0.05145,0.02525,0.3255,0.30916032
0.02695,0.0497,0.02505,0.3138,0.29680365
0.0262,0.0441,0.02395,0.268,0.25462306
0.0262,0.0441,0.02395,0.268,0.25462306
0.02655,0.04715,0.02415,0.3001,0.2795115
0.02835,0.0508,0.0285,0.3063,0.28363866
0.0303,0.05035,0.0307,0.3025,0.24860506
0.02895,0.0476,0.02785,0.2757,0.24363163
0.02935,0.048,0.0286,0.2812,0.24111184
0.02725,0.0467,0.02715,0.2617,0.26301557
0.02875,0.04765,0.03015,0.2646,0.24738218
0.0308,0.05275,0.031,0.2805,0.26271692
0.0296,0.04605,0.02875,0.2695,0.21744879
0.03115,0.0482,0.03075,0.2768,0.21487083
0.0295,0.04395,0.0284,0.2559,0.19673246
0.0299,0.0455,0.0303,0.2696,0.20689656
0.0321,0.0496,0.0325,0.299,0.21419832
0.0324,0.0544,0.0335,0.3128,0.2534562
0.0305,0.0509,0.0285,0.3122,0.25061426
0.0308,0.0512,0.0273,0.3074,0.24878047
0.0292,0.0544,0.0278,0.3084,0.3014354
0.0291,0.05355,0.0271,0.311,0.29582575
0.03025,0.05635,0.0283,0.3282,0.3013857
0.0349,0.06585,0.03235,0.3698,0.30719602
0.03385,0.066,0.0321,0.352,0.32198298
0.0333,0.06115,0.03,0.3524,0.294865
0.0307,0.05695,0.02885,0.3348,0.29948658
0.0288,0.053,0.0281,0.3166,0.2958435
0.0296,0.055,0.0276,0.3416,0.3002364
0.0303,0.0559,0.0285,0.3418,0.29698375
0.0329,0.0564,0.0302,0.3474,0.26315787
0.0305,0.0555,0.03,0.3414,0.29069766
0.0307,0.04835,0.03015,0.3265,0.2232764
0.0289,0.04655,0.02795,0.293,0.23392975
0.0289,0.04655,0.02795,0.293,0.23392975
0.02805,0.0467,0.0269,0.2895,0.24949834
0.0296,0.0483,0.02895,0.3004,0.24005137
0.0323,0.0522,0.03215,0.304,0.23550297
0.03145,0.04955,0.03065,0.3117,0.2234568
0.0301,0.04935,0.02905,0.3027,0.24229078
0.0306,0.0522,0.03055,0.2941,0.26086956
0.0312,0.05085,0.03045,0.2882,0.23948814
0.03105,0.0508,0.0301,0.2979,0.24129504
0.02885,0.0451,0.02685,0.278,0.21974306
0.0286,0.0442,0.02565,0.2675,0.21428572
0.0294,0.05475,0.0287,0.3004,0.30124775
0.0288,0.0491,0.0284,0.2826,0.26059052
0.03005,0.051,0.02735,0.3013,0.2584824
0.0282,0.04975,0.0282,0.2879,0.27645928
0.02915,0.05085,0.02975,0.294,0.27125
0.02935,0.0487,0.02915,0.2672,0.24791801
0.02905,0.05195,0.0284,0.2891,0.28271607
0.0288,0.0566,0.0271,0.328,0.32552695
0.02745,0.05105,0.0273,0.3157,0.30063692
0.02965,0.0535,0.0308,0.2971,0.28683102
0.02945,0.05075,0.0297,0.2863,0.26558602
0.02685,0.0456,0.0257,0.2753,0.2587992
0.0261,0.04255,0.0255,0.2788,0.23962128
0.0256,0.0444,0.0242,0.2806,0.26857144
0.0242,0.0455,0.023,0.2746,0.3055954
0.0247,0.0451,0.0235,0.2842,0.29226357
0.0252,0.0515,0.0253,0.3062,0.34289438
0.0271,0.0532,0.025,0.3094,0.3250311
0.0264,0.0484,0.0239,0.2966,0.29411766
0.02615,0.04335,0.02405,0.2604,0.24748203
0.02615,0.04335,0.02405,0.2604,0.24748203
0.0279,0.04545,0.02755,0.2688,0.2392638
0.03085,0.04845,0.03215,0.28235,0.221942
0.0308,0.04755,0.02865,0.2771,0.2137843
0.03155,0.0497,0.0325,0.2982,0.2233846
0.03055,0.0517,0.0321,0.303,0.25714287
0.0291,0.0515,0.0293,0.2888,0.27791563
0.0324,0.0522,0.0351,0.3006,0.23404254
0.0331,0.0531,0.0349,0.2946,0.23201856
0.0318,0.0483,0.0326,0.28,0.2059925
0.0321,0.048,0.0314,0.285,0.19850188
0.0294,0.0453,0.0275,0.2584,0.2128514
0.0316,0.047,0.0303,0.264,0.19592877
0.03275,0.0498,0.03335,0.2937,0.20654151
0.0311,0.05085,0.0319,0.2926,0.24100062
0.03115,0.05115,0.0303,0.3125,0.24301338
0.0329,0.05535,0.03205,0.3126,0.2543909
0.0312,0.05285,0.02875,0.3022,0.25758478
0.03055,0.05315,0.02675,0.3214,0.27001193
0.03015,0.0583,0.0273,0.351,0.3182589
0.03625,0.06995,0.03425,0.3781,0.31732583
0.0358,0.0686,0.03315,0.36425,0.31417626
0.03345,0.0629,0.03005,0.3657,0.30565646
0.03135,0.05445,0.0272,0.3316,0.26923075
0.0299,0.0528,0.0266,0.3076,0.2769045
0.0314,0.0544,0.0279,0.3352,0.2680653
0.0332,0.0585,0.0295,0.3474,0.27589968
0.0339,0.0601,0.0314,0.356,0.27872342
0.0325,0.0564,0.0293,0.3438,0.26884142
0.02985,0.0459,0.0281,0.3034,0.21188116
0.0309,0.04715,0.02675,0.292,0.20819989
0.0309,0.04715,0.02675,0.292,0.20819989
0.03045,0.05075,0.02915,0.3019,0.25
0.0313,0.0498,0.03135,0.3068,0.22811344
0.0327,0.054,0.03365,0.3205,0.24567477
0.0305,0.0507,0.03165,0.3183,0.24876848
0.03005,0.0486,0.0288,0.3127,0.23585506
0.03115,0.05145,0.03165,0.3052,0.2457627
0.03185,0.0519,0.0316,0.3198,0.23940301
0.0315,0.0521,0.031,0.3014,0.24641147
0.0268,0.0455,0.02645,0.26615,0.25864452
0.0296,0.05055,0.02715,0.2782,0.26138487
0.03225,0.0593,0.0292,0.30845,0.295467
0.03065,0.0589,0.03015,0.3042,0.31546623
0.0309,0.06,0.02905,0.3107,0.32013202
0.0295,0.05505,0.0287,0.2865,0.30218807
0.0283,0.0481,0.0302,0.271,0.25916228
0.0292,0.05035,0.0306,0.2685,0.2658705
0.02965,0.0528,0.0284,0.293,0.2807762
0.0296,0.05765,0.02755,0.3226,0.32148996
0.02935,0.05735,0.02795,0.30185,0.3229527
0.0302,0.05705,0.0302,0.3287,0.3077364
0.0296,0.0494,0.0289,0.3019,0.2506329
0.02555,0.04375,0.02255,0.2621,0.26262626
0.0272,0.0448,0.0267,0.2765,0.24444443
0.0258,0.047,0.0255,0.2834,0.29120877
0.0255,0.0449,0.0235,0.2792,0.2755682
0.0262,0.0481,0.0256,0.283,0.294751
0.0286,0.0538,0.0273,0.3084,0.30582526
0.0284,0.0521,0.0254,0.3134,0.29440993
0.0275,0.0473,0.026,0.2958,0.2647059
0.0273,0.0465,0.0267,0.2878,0.26016262
0.0273,0.0465,0.0267,0.2878,0.26016262
0.02945,0.0488,0.0315,0.2923,0.24728435
0.03025,0.04665,0.03075,0.2836,0.21326399
0.02905,0.0452,0.02835,0.269,0.21750845
0.03235,0.05135,0.03365,0.2932,0.2270012
0.03265,0.05175,0.03365,0.3083,0.22630331
0.032,0.0541,0.0331,0.312,0.25667825
0.0325,0.0556,0.0332,0.299,0.26220202
0.0307,0.0523,0.0329,0.2966,0.26024097
0.0307,0.0494,0.0308,0.2852,0.2334582
0.0287,0.0469,0.0291,0.2714,0.24074076
0.0278,0.0453,0.0279,0.2508,0.23939808
0.0314,0.04815,0.03055,0.2576,0.21055941
0.0318,0.05015,0.0335,0.27995,0.22391699
0.0321,0.0486,0.029,0.2876,0.20446098
0.0325,0.0535,0.0312,0.32485,0.24418607
0.0334,0.05825,0.0328,0.3303,0.27114022
0.02975,0.05,0.02855,0.2852,0.2539185
0.02985,0.0552,0.02885,0.3313,0.29805994
0.03125,0.0594,0.02915,0.3504,0.310535
0.0344,0.0654,0.0335,0.3552,0.3106212
0.03535,0.06635,0.03315,0.355,0.3048181
0.03215,0.06215,0.03005,0.356,0.31813362
0.0282,0.05205,0.0268,0.298,0.29719624
0.0295,0.0521,0.0289,0.2698,0.2769608
0.0308,0.0568,0.0314,0.3128,0.29680365
0.0315,0.0575,0.0305,0.336,0.29213482
0.0309,0.0568,0.0301,0.3286,0.29532498
0.0318,0.0515,0.0281,0.327,0.23649457
0.0281,0.04695,0.02755,0.301,0.2511659
0.0296,0.0496,0.0295,0.2966,0.25252527
0.0296,0.0496,0.0295,0.2966,0.25252527
0.0331,0.0517,0.03325,0.3235,0.2193396
0.0328,0.0505,0.0341,0.3044,0.21248502
0.0325,0.0532,0.0335,0.3215,0.24154027
0.02905,0.0521,0.03025,0.3129,0.2840419
0.0288,0.0474,0.02855,0.30065,0.2440945
0.0322,0.04875,0.032,0.2915,0.20444715
0.0314,0.0542,0.03135,0.315,0.26635516
0.03005,0.04945,0.0322,0.3125,0.24402516
0.02885,0.05015,0.0294,0.2869,0.26962027
0.03105,0.0563,0.02915,0.3089,0.28906697
0.0327,0.05805,0.03075,0.3299,0.27933887
0.03125,0.05785,0.03195,0.32,0.29854095
0.03085,0.05745,0.03135,0.3185,0.30124572
0.0291,0.051,0.0288,0.2967,0.2734082
0.0302,0.05015,0.0295,0.2787,0.24828874
0.0305,0.05505,0.0295,0.2953,0.28696668
0.02935,0.05655,0.0289,0.3143,0.31664726
0.03075,0.0577,0.02855,0.3218,0.3046919
0.0305,0.05715,0.03025,0.3341,0.30405018
0.03135,0.0571,0.02995,0.3365,0.29112494
0.026,0.04665,0.02705,0.2854,0.2842395
0.02445,0.04275,0.024,0.251,0.2723214
0.02775,0.04675,0.02555,0.27605,0.25503355
0.0273,0.0466,0.0276,0.2788,0.2611637
0.0251,0.0439,0.0232,0.2566,0.27246377
0.0263,0.0495,0.0252,0.2798,0.3060686
0.0278,0.0481,0.0275,0.3028,0.2674572
0.0278,0.0484,0.0263,0.2898,0.27034122
0.0279,0.0498,0.0273,0.3132,0.2818533
0.02955,0.0487,0.03015,0.3016,0.24472846
0.02955,0.0487,0.03015,0.3016,0.24472846
0.03265,0.05155,0.0325,0.3006,0.22446555
0.02955,0.0478,0.03,0.2853,0.23594056
0.02865,0.048,0.0295,0.2728,0.25244617
0.03145,0.0483,0.03335,0.2822,0.2112853
0.0315,0.05095,0.03235,0.2917,0.2359005
0.0311,0.0512,0.0306,0.3072,0.24422842
0.0315,0.0526,0.0337,0.3,0.25089177
0.032,0.052,0.033,0.3062,0.23809521
0.0298,0.0496,0.03,0.2812,0.24937029
0.0285,0.0474,0.0286,0.2584,0.24901186
0.0284,0.0453,0.0287,0.2452,0.22930801
0.0308,0.0468,0.03285,0.241,0.20618555
0.03085,0.04995,0.03255,0.2632,0.23638614
0.0311,0.04885,0.03035,0.2837,0.22201377
0.0326,0.05305,0.0294,0.31775,0.23876241
0.03085,0.05555,0.0305,0.3174,0.28587964
0.031,0.0491,0.0305,0.2742,0.22596756
0.03185,0.0583,0.03335,0.3176,0.2933999
0.03215,0.05725,0.03115,0.3395,0.28076062
0.03575,0.06645,0.0334,0.3617,0.30039138
0.03425,0.0627,0.03215,0.3366,0.29345027
0.0314,0.0549,0.0292,0.3259,0.27230594
0.0296,0.0523,0.02795,0.293,0.27716726
0.03,0.0498,0.0295,0.2942,0.24812032
0.0326,0.0573,0.0337,0.327,0.27474973
0.0296,0.0524,0.03,0.3124,0.27804878
0.0288,0.0524,0.0277,0.3112,0.29064038
0.0307,0.0554,0.0284,0.3222,0.28687572
0.02875,0.049,0.03025,0.2998,0.26045015
0.0304,0.05095,0.0323,0.3087,0.25261214
0.0304,0.05095,0.0323,0.3087,0.25261214
0.03115,0.0531,0.03285,0.32635,0.26053414
0.03035,0.05,0.0312,0.2983,0.2445551
0.03155,0.0514,0.03215,0.3048,0.23930076
0.02915,0.05105,0.03045,0.2981,0.27306733
0.03255,0.0503,0.0328,0.2991,0.2142426
0.03265,0.05525,0.0355,0.3138,0.25711036
0.0321,0.0525,0.0344,0.3047,0.24113473
0.0326,0.05435,0.0363,0.3098,0.25014374
0.0311,0.055,0.0323,0.3107,0.27758422
0.03265,0.0584,0.0327,0.3331,0.28281164
0.0305,0.05625,0.03075,0.3142,0.29682994
0.03,0.05765,0.03165,0.3094,0.31545922
0.0301,0.05635,0.03225,0.3195,0.30364376
0.02975,0.051,0.02775,0.3018,0.26315787
0.0309,0.0537,0.0287,0.2868,0.26950353
0.0312,0.05655,0.02885,0.2978,0.2888889
0.02975,0.05725,0.02895,0.3172,0.31609195
0.0302,0.05565,0.0284,0.3225,0.29644728
0.03275,0.0574,0.03005,0.3324,0.27343318
0.02825,0.04995,0.02755,0.3006,0.27749363
0.02545,0.0451,0.0257,0.2719,0.27852586
0.02625,0.044,0.02535,0.2906,0.25266907
0.02715,0.0468,0.02685,0.30115,0.26572007
0.0275,0.047,0.0266,0.2768,0.26174498
0.0247,0.0462,0.0236,0.2608,0.303244
0.0252,0.0455,0.0246,0.281,0.28712872
0.0254,0.0468,0.0256,0.2956,0.29639888
0.0284,0.0484,0.0266,0.3226,0.26041666
0.0294,0.051,0.0301,0.3244,0.2686567
0.0294,0.051,0.0301,0.3244,0.2686567
0.02985,0.05065,0.0316,0.2867,0.2583851
0.03215,0.0527,0.0359,0.2921,0.24219212
0.0294,0.04625,0.03175,0.2798,0.22273628
0.029,0.0464,0.0305,0.27415,0.23076925
0.03175,0.04965,0.03355,0.289,0.2199017
0.03105,0.0514,0.033,0.272,0.24681622
0.0289,0.0494,0.0319,0.2814,0.26181358
0.0324,0.0541,0.0338,0.3146,0.250867
0.0301,0.0507,0.0306,0.3032,0.25495052
0.0313,0.0476,0.031,0.285,0.20659062
0.0304,0.0492,0.0301,0.2768,0.23618089
0.0293,0.0463,0.0305,0.2654,0.22486775
0.03195,0.0493,0.03545,0.2646,0.21353847
0.0327,0.0509,0.03425,0.2808,0.21770339
0.0321,0.05165,0.02975,0.2886,0.23343284
0.033,0.0548,0.0322,0.3192,0.24829158
0.03145,0.05305,0.0329,0.3126,0.2556213
0.03225,0.053,0.03305,0.2766,0.24340178
0.0331,0.05835,0.03275,0.293,0.27610713
0.0326,0.05575,0.0316,0.3185,0.26202604
0.0345,0.06045,0.0323,0.3588,0.27330175
0.0326,0.05405,0.02945,0.3235,0.24754758
0.0292,0.0519,0.02825,0.3004,0.27990133
0.03045,0.0538,0.02905,0.2921,0.27715135
0.0304,0.0519,0.0288,0.3166,0.26123935
0.0323,0.0584,0.0321,0.365,0.28776187
0.0291,0.0543,0.0287,0.3194,0.30215827
0.0283,0.051,0.0271,0.2996,0.2862547
0.0308,0.0596,0.0308,0.3306,0.31858408
0.0306,0.0489,0.03065,0.2815,0.23018867
0.0306,0.0489,0.03065,0.2815,0.23018867
0.03015,0.0522,0.0324,0.3103,0.26775956
0.0323,0.05445,0.0327,0.3287,0.25533143
0.03225,0.0555,0.03295,0.3142,0.26495728
0.0335,0.0548,0.0373,0.3169,0.24122308
0.0319,0.0519,0.03415,0.2985,0.23866346
0.0326,0.05415,0.03285,0.3077,0.24841498
0.0341,0.05525,0.0359,0.32565,0.23670958
0.03325,0.0541,0.0364,0.3212,0.2386949
0.032,0.0522,0.0337,0.3284,0.23990497
0.0314,0.0551,0.0324,0.3325,0.27398846
0.0317,0.05785,0.0313,0.3535,0.2920156
0.0294,0.0533,0.02995,0.3211,0.28899637
0.02915,0.0551,0.02905,0.3021,0.3080119
0.02965,0.05165,0.02885,0.3004,0.2706027
0.02845,0.04995,0.0291,0.2905,0.2742347
0.0303,0.0534,0.0288,0.294,0.27598563
0.0295,0.0532,0.02795,0.288,0.28657797
0.0311,0.0587,0.02865,0.3167,0.30734965
0.0306,0.0532,0.0288,0.316,0.2696897
0.03055,0.05285,0.0279,0.3118,0.2673861
0.02675,0.0466,0.02615,0.2573,0.27062032
0.0279,0.0462,0.02745,0.2799,0.24696356
0.02785,0.0508,0.02755,0.3231,0.2917991
0.0279,0.0512,0.02765,0.31045,0.29456386
0.0272,0.0473,0.0259,0.2818,0.26979864
0.026,0.0474,0.0245,0.2752,0.2915531
0.0263,0.0481,0.0262,0.302,0.29301074
0.0281,0.0502,0.0277,0.3238,0.28224775
0.0299,0.0508,0.0296,0.3472,0.2589839
0.0307,0.0514,0.0307,0.3204,0.25213155
0.0307,0.0514,0.0307,0.3204,0.25213155
0.03,0.0487,0.02895,0.2757,0.2376112
0.03355,0.052,0.0352,0.2851,0.21566334
0.02885,0.0469,0.0314,0.2793,0.23828383
0.0298,0.04675,0.0303,0.2822,0.22142394
0.032,0.0513,0.03205,0.3066,0.23169266
0.0317,0.0513,0.0332,0.29005,0.23614457
0.0307,0.0499,0.0316,0.2884,0.23821339
0.0318,0.0525,0.0336,0.3042,0.24555157
0.03,0.0495,0.0307,0.2884,0.24528304
0.0313,0.049,0.0337,0.2912,0.22042337
0.0307,0.0501,0.0328,0.2958,0.240099
0.0309,0.0496,0.0323,0.282,0.23229817
0.0338,0.05045,0.03725,0.2876,0.19762613
0.03295,0.05125,0.0332,0.303,0.2173397
0.03105,0.0511,0.03015,0.3048,0.24406575
0.03425,0.0549,0.03195,0.3206,0.23163213
0.03325,0.0546,0.03625,0.3051,0.24302788
0.0335,0.0534,0.0354,0.2887,0.22899884
0.03205,0.0556,0.03285,0.302,0.26868224
0.0302,0.05105,0.02995,0.2869,0.25661537
0.0297,0.0529,0.0281,0.303,0.2808717
0.02925,0.0485,0.027,0.3072,0.24758846
0.02955,0.0486,0.0274,0.2731,0.24376202
0.02935,0.0492,0.02865,0.2667,0.25270528
0.0302,0.0504,0.0277,0.2938,0.25062034
0.0324,0.0583,0.0302,0.3406,0.28555676
0.0298,0.0539,0.0287,0.3234,0.28793308
0.0291,0.0536,0.0281,0.3132,0.29625148
0.0325,0.0618,0.0322,0.364,0.3107105
0.0311,0.0493,0.0315,0.2926,0.22636817
0.0311,0.0493,0.0315,0.2926,0.22636817
0.0307,0.05,0.03,0.3075,0.23915738
0.0299,0.04915,0.0296,0.3153,0.24351677
0.0307,0.05235,0.0315,0.3217,0.26068634
0.0324,0.0538,0.0346,0.3249,0.24825987
0.02975,0.0495,0.03045,0.3118,0.24921134
0.0311,0.0491,0.03125,0.3185,0.2244389
0.03125,0.0545,0.0309,0.323,0.27113703
0.03125,0.0535,0.0307,0.3407,0.26253688
0.0293,0.04965,0.0284,0.3261,0.25775805
0.02935,0.05165,0.0278,0.33825,0.27530864
0.02975,0.05385,0.02685,0.3494,0.28827748
0.0284,0.04975,0.0257,0.3133,0.27319255
0.02865,0.0508,0.02735,0.2866,0.2787917
0.0288,0.04535,0.0268,0.2675,0.22319625
0.0288,0.04985,0.02845,0.28475,0.26764145
0.03015,0.052,0.02865,0.3029,0.2659769
0.02985,0.05175,0.0281,0.296,0.26838234
0.0319,0.0581,0.02965,0.3192,0.2911111
0.03035,0.05595,0.03,0.3086,0.29663965
0.03,0.05175,0.02875,0.2883,0.26605508
0.0275,0.04625,0.02845,0.2618,0.2542373
0.0301,0.0499,0.02995,0.2893,0.2475
0.02975,0.05095,0.02985,0.3315,0.26270136
0.0279,0.05175,0.02955,0.313,0.29943505
0.0272,0.05,0.0269,0.2846,0.29533678
0.0271,0.0513,0.0268,0.2834,0.30867347
0.0282,0.0525,0.0282,0.304,0.30111524
0.03,0.0523,0.0302,0.3305,0.27095988
0.031,0.0543,0.0306,0.3291,0.27315357
0.0294,0.0513,0.0293,0.3131,0.27137545
0.0294,0.0513,0.0293,0.3131,0.27137545
0.02775,0.0454,0.02915,0.2781,0.24128504
0.0311,0.04865,0.03255,0.2728,0.2200627
0.0292,0.0465,0.03125,0.2638,0.22853369
0.0289,0.0481,0.0303,0.278,0.24935064
0.0301,0.0481,0.03,0.3069,0.23017903
0.0305,0.05105,0.03045,0.3032,0.25199264
0.0306,0.0513,0.0313,0.2888,0.25274727
0.033,0.0534,0.036,0.2806,0.23611109
0.0361,0.0547,0.0371,0.2852,0.20484579
0.0332,0.0547,0.0361,0.2964,0.24459612
0.0314,0.0504,0.0337,0.2886,0.23227386
0.031,0.0506,0.0329,0.295,0.2401961
0.03245,0.05225,0.03475,0.3116,0.23376623
0.0314,0.05195,0.0318,0.3191,0.2465507
0.03125,0.0515,0.0291,0.3201,0.244713
0.03335,0.05545,0.0323,0.3271,0.24887389
0.032,0.0514,0.03185,0.2866,0.23261388
0.03215,0.05065,0.03245,0.28225,0.22342995
0.03225,0.05275,0.03105,0.2957,0.2411765
0.0286,0.05035,0.02905,0.27725,0.2754908
0.03055,0.05045,0.02865,0.2795,0.24567904
0.0302,0.048,0.03085,0.2783,0.22762148
0.028,0.0457,0.0299,0.2564,0.2401628
0.0298,0.0476,0.031,0.253,0.22997418
0.0303,0.0489,0.0297,0.261,0.23484848
0.0312,0.053,0.0309,0.2874,0.25890738
0.0304,0.0553,0.0303,0.3186,0.2905484
0.0328,0.0648,0.0316,0.356,0.32786888
0.0315,0.0626,0.0302,0.3648,0.3304995
0.0302,0.0498,0.0293,0.2908,0.245
0.0302,0.0498,0.0293,0.2908,0.245
0.0279,0.0465,0.0273,0.298,0.25000003
0.0277,0.0486,0.0271,0.309,0.27391875
0.0302,0.0495,0.0295,0.303,0.24215807
0.0301,0.0518,0.031,0.3195,0.26495728
0.0285,0.051,0.0262,0.3128,0.28301886
0.0286,0.0518,0.0286,0.316,0.2885572
0.0316,0.0561,0.0291,0.3494,0.2793615
0.0303,0.0554,0.0271,0.3488,0.29288214
0.0282,0.0502,0.0248,0.3256,0.28061223
0.0281,0.0512,0.0258,0.3328,0.29129884
0.0282,0.0471,0.0251,0.3072,0.250996
0.0279,0.048,0.0248,0.2742,0.26482213
0.0313,0.053,0.0289,0.298,0.25741398
0.0314,0.0514,0.0271,0.2818,0.24154589
0.0312,0.0496,0.0276,0.2898,0.22772281
0.0309,0.0499,0.028,0.277,0.23514852
0.0306,0.0486,0.029,0.292,0.22727272
0.0308,0.0552,0.0306,0.312,0.28372094
0.0307,0.0551,0.0308,0.2818,0.2843823
0.0313,0.0541,0.0302,0.2696,0.26697892
0.0298,0.0512,0.0298,0.2698,0.26419753
0.0304,0.0526,0.0291,0.293,0.26746985
0.0287,0.0505,0.0303,0.3024,0.27525255
0.0274,0.0486,0.0254,0.2668,0.27894738
0.0268,0.0474,0.0258,0.2622,0.27762803
0.0273,0.0507,0.0263,0.2966,0.3
0.0286,0.0488,0.0263,0.3216,0.26098192
0.0296,0.0542,0.03,0.3249,0.2935561
0.029,0.0515,0.0303,0.3162,0.2795031
0.0278,0.0523,0.0283,0.3132,0.30586767
0.0278,0.0523,0.0283,0.3132,0.30586767
0.027,0.04665,0.02845,0.2858,0.26680243
0.0288,0.04565,0.03015,0.2723,0.22632642
0.02715,0.0458,0.02965,0.2554,0.25565457
0.0295,0.05005,0.02885,0.2747,0.2583281
0.02835,0.0507,0.0304,0.3059,0.28273246
0.0281,0.04855,0.0286,0.2965,0.2667971
0.028,0.0492,0.0277,0.2844,0.27461138
0.0299,0.0487,0.0316,0.2648,0.23918575
0.0305,0.0505,0.0328,0.2714,0.2469136
0.0297,0.048,0.0324,0.2912,0.23552123
0.0322,0.0527,0.0328,0.2846,0.24146053
0.0328,0.0538,0.0356,0.3076,0.24249423
0.032,0.05215,0.0337,0.32845,0.23945333
0.03035,0.05025,0.03095,0.32465,0.24689828
0.03195,0.05175,0.02995,0.3294,0.23655914
0.03235,0.05275,0.0311,0.3243,0.23971798
0.02965,0.04945,0.02805,0.2924,0.25031602
0.02875,0.0494,0.0286,0.2755,0.26423544
0.03045,0.051,0.03165,0.2846,0.25230202
0.0299,0.04965,0.03165,0.2928,0.24827152
0.03075,0.0515,0.03175,0.2858,0.25227964
0.03105,0.05035,0.0333,0.2824,0.23710072
0.03085,0.04875,0.03065,0.2726,0.22487435
0.0301,0.04845,0.0306,0.2568,0.2336092
0.0297,0.04865,0.03085,0.2428,0.24186344
0.0298,0.05005,0.0312,0.2589,0.2536005
0.03185,0.05665,0.03325,0.28595,0.28022602
0.03055,0.05505,0.03405,0.2997,0.28621495
0.02985,0.0518,0.0298,0.2931,0.26883036
0.0284,0.0477,0.0271,0.3038,0.25361365
0.0284,0.0477,0.0271,0.3038,0.25361365
0.0263,0.0448,0.0242,0.2922,0.2601969
0.0284,0.0483,0.0274,0.2924,0.25945243
0.0292,0.0521,0.0295,0.3078,0.2816728
0.0298,0.0518,0.0264,0.3218,0.26960784
0.0277,0.0488,0.0238,0.3096,0.275817
0.028,0.0537,0.0257,0.3188,0.31456548
0.0296,0.0565,0.0279,0.376,0.3124274
0.0298,0.0544,0.0255,0.3492,0.29216152
0.0282,0.0496,0.0245,0.3244,0.27506426
0.027,0.0495,0.0243,0.306,0.29411763
0.0264,0.0451,0.0229,0.2972,0.26153845
0.0297,0.0505,0.0258,0.3038,0.25935164
0.0333,0.0564,0.0315,0.305,0.2575251
0.0332,0.0506,0.0281,0.3018,0.20763722
0.0304,0.0514,0.0277,0.2908,0.2567237
0.0304,0.0489,0.0287,0.2702,0.2332913
0.03,0.0522,0.0309,0.294,0.27007303
0.0301,0.0502,0.0306,0.2964,0.25031134
0.0307,0.0576,0.0324,0.2962,0.30464327
0.0312,0.0535,0.0312,0.304,0.26328218
0.0304,0.0497,0.028,0.289,0.2409488
0.0284,0.0485,0.0275,0.2722,0.2613784
0.0265,0.0487,0.0267,0.2746,0.29521278
0.0268,0.0477,0.0252,0.258,0.28053692
0.0264,0.0487,0.0218,0.2774,0.2969374
0.0282,0.0522,0.0242,0.299,0.29850745
0.0298,0.0506,0.028,0.3264,0.25870648
0.0302,0.0514,0.0312,0.3286,0.2598039
0.0282,0.0499,0.0273,0.3099,0.2778489
0.0282,0.0499,0.0273,0.3099,0.2778489
0.0278,0.0513,0.028,0.3232,0.29709232
0.0302,0.04985,0.02865,0.306,0.24547155
0.0298,0.0508,0.0298,0.2954,0.2605459
0.03025,0.05035,0.03085,0.2702,0.24937963
0.031,0.0515,0.03185,0.29165,0.24848486
0.03105,0.0535,0.0297,0.315,0.26552334
0.0286,0.04785,0.0276,0.3053,0.25179857
0.0283,0.05,0.0285,0.2854,0.27713922
0.0294,0.0509,0.0293,0.2894,0.26774594
0.0288,0.0493,0.0283,0.2888,0.262484
0.0295,0.0472,0.0293,0.289,0.23076925
0.0316,0.0518,0.0322,0.291,0.24220628
0.0337,0.0551,0.036,0.3064,0.24099101
0.03335,0.0533,0.03255,0.3327,0.23023662
0.0316,0.05165,0.02985,0.3285,0.24084084
0.0299,0.0543,0.03115,0.32645,0.28978625
0.0331,0.0524,0.0331,0.3047,0.22573097
0.03125,0.0508,0.0341,0.2823,0.23826936
0.02925,0.0479,0.0292,0.264,0.24173686
0.03165,0.0512,0.03135,0.2807,0.23596862
0.03115,0.05255,0.03335,0.3014,0.25567502
0.03075,0.05105,0.03235,0.2845,0.24816625
0.0317,0.0511,0.0327,0.2911,0.23429953
0.03155,0.0503,0.03115,0.2875,0.22907755
0.0304,0.04785,0.0296,0.25995,0.2230032
0.03065,0.04805,0.031,0.2385,0.22109279
0.02925,0.04815,0.03055,0.24525,0.24418604
0.02885,0.05005,0.03195,0.2625,0.26869455
0.0297,0.04675,0.03,0.2516,0.2230216
0.0281,0.04765,0.0282,0.2603,0.2580858
0.028,0.047,0.0247,0.3362,0.2533333
0.0287,0.0468,0.025,0.3184,0.2397351
0.0282,0.0449,0.0256,0.2854,0.22845416
0.03,0.05,0.0284,0.3042,0.25000003
0.0292,0.0528,0.0281,0.3266,0.28780487
0.0277,0.0505,0.0254,0.3272,0.29156014
0.0276,0.0456,0.0251,0.292,0.24590164
0.0286,0.0534,0.0248,0.3338,0.302439
0.0281,0.055,0.027,0.3666,0.32370636
0.0281,0.0476,0.0245,0.3266,0.25759578
0.027,0.0471,0.0237,0.2818,0.27125505
0.0282,0.048,0.0256,0.2986,0.25984251
0.0276,0.049,0.0244,0.3122,0.27937335
0.0305,0.0506,0.028,0.3334,0.24784216
0.0316,0.0553,0.0307,0.312,0.2727273
0.0315,0.0506,0.0283,0.3054,0.2326431
0.0319,0.0532,0.0286,0.2976,0.2502938
0.0311,0.0549,0.0292,0.2958,0.27674422
0.0308,0.055,0.03,0.3046,0.2820513
0.0301,0.0523,0.0298,0.293,0.2694175
0.0311,0.0576,0.0304,0.3034,0.29875988
0.0291,0.0512,0.0297,0.305,0.2752179
0.0288,0.0472,0.0266,0.2908,0.24210528
0.027,0.0463,0.0251,0.28,0.2633015
0.0264,0.0438,0.0233,0.2584,0.24786326
0.0285,0.0497,0.0276,0.289,0.27109975
0.028,0.0495,0.0257,0.303,0.27741933
0.0268,0.0487,0.0255,0.3076,0.29006627
0.0299,0.0527,0.0291,0.3179,0.27602908
0.03,0.0519,0.0299,0.3178,0.26739925
0.0282,0.0505,0.0284,0.306,0.2833545
0.0282,0.0505,0.0284,0.306,0.2833545
0.027,0.0503,0.0284,0.304,0.301423
0.0279,0.0507,0.0265,0.2992,0.29007635
0.0303,0.05515,0.03035,0.31745,0.29081333
0.03195,0.054,0.03095,0.3006,0.2565445
0.0333,0.053,0.0332,0.3072,0.22827344
0.0313,0.05345,0.02935,0.32125,0.26135692
0.02755,0.04865,0.02635,0.2973,0.27690288
0.0288,0.0478,0.0271,0.2708,0.2480418
0.0312,0.052,0.031,0.3032,0.25000003
0.0308,0.0512,0.0317,0.3018,0.24878047
0.029,0.048,0.0297,0.3006,0.24675326
0.0299,0.0505,0.0303,0.282,0.2562189
0.0308,0.0515,0.0327,0.281,0.25151885
0.0311,0.051,0.03195,0.2857,0.24238734
0.0305,0.05035,0.02985,0.3007,0.24551637
0.02975,0.0489,0.03,0.306,0.2434838
0.03295,0.0495,0.0349,0.2756,0.20072772
0.0345,0.0515,0.03655,0.2663,0.19767444
0.02965,0.0483,0.03215,0.2531,0.23925595
0.03095,0.05145,0.03315,0.2695,0.24878639
0.03,0.0474,0.03125,0.2687,0.22480623
0.02995,0.05005,0.0315,0.2604,0.25125003
0.0313,0.05115,0.0327,0.2792,0.24075197
0.03075,0.04945,0.032,0.2784,0.23316705
0.0304,0.0474,0.03175,0.2699,0.21850899
0.02995,0.0481,0.0305,0.2463,0.23254322
0.0303,0.0505,0.0314,0.2629,0.25
0.02895,0.05085,0.03115,0.28,0.2744361
0.02965,0.0486,0.0313,0.2649,0.24217251
0.0303,0.04685,0.02915,0.2665,0.21451716
0.0289,0.0489,0.0279,0.355,0.25706944
0.0284,0.0499,0.0267,0.3305,0.27458492
0.0287,0.0504,0.0271,0.2998,0.2743363
0.0308,0.0529,0.0302,0.3034,0.26403823
0.0287,0.0503,0.0281,0.3186,0.2734177
0.0281,0.0486,0.0264,0.311,0.26727507
0.0275,0.0465,0.0257,0.3142,0.25675678
0.0299,0.0562,0.0264,0.3664,0.3054588
0.0303,0.0529,0.0263,0.3739,0.2716346
0.0275,0.0461,0.0246,0.309,0.2527174
0.0276,0.0449,0.0244,0.2858,0.2386207
0.0298,0.0486,0.0262,0.3064,0.23979591
0.0305,0.0488,0.0262,0.3294,0.23076922
0.0297,0.052,0.0294,0.3343,0.27294984
0.0313,0.0518,0.0299,0.3067,0.24669072
0.0312,0.0502,0.0289,0.301,0.23341525
0.0324,0.0541,0.0304,0.2964,0.250867
0.031,0.0522,0.0288,0.292,0.2548077
0.0306,0.0545,0.0296,0.3142,0.28084606
0.0307,0.0537,0.0303,0.3084,0.27251184
0.0307,0.0527,0.0291,0.2952,0.26378897
0.0282,0.0462,0.0271,0.2684,0.24193548
0.0275,0.0449,0.0258,0.288,0.24033149
0.0268,0.0448,0.0248,0.2769,0.25139666
0.0251,0.0397,0.0208,0.257,0.22530866
0.0259,0.0422,0.024,0.2868,0.23935388
0.0285,0.0469,0.0255,0.304,0.24403183
0.0269,0.0498,0.0256,0.3098,0.29856583
0.0291,0.0505,0.0277,0.3078,0.26884422
0.0306,0.0514,0.0279,0.2986,0.2536585
0.0291,0.0542,0.0298,0.3024,0.30132052
0.0291,0.0542,0.0298,0.3024,0.30132052
0.0262,0.0466,0.0283,0.28,0.2802198
0.0265,0.0478,0.02505,0.3101,0.28667566
0.02945,0.05385,0.029,0.3389,0.2929172
0.03085,0.05345,0.0303,0.33005,0.26809016
0.03275,0.0559,0.0334,0.3394,0.2611393
0.03245,0.05255,0.02845,0.3158,0.23647055
0.02705,0.0479,0.02625,0.28665,0.27818546
0.0294,0.0499,0.0293,0.284,0.25851196
0.0311,0.053,0.0325,0.2932,0.2604043
0.0311,0.051,0.0303,0.2984,0.24238734
0.0294,0.0493,0.0289,0.2958,0.25285897
0.0289,0.0479,0.0288,0.279,0.24739584
0.0297,0.0494,0.0314,0.264,0.24905187
0.0271,0.04595,0.02825,0.2338,0.25804242
0.0297,0.0476,0.02965,0.2484,0.23156536
0.029,0.04905,0.02945,0.2716,0.2568866
0.0302,0.0461,0.0305,0.2667,0.20838794
0.034,0.0502,0.03565,0.271,0.19239902
0.0324,0.0532,0.03515,0.2751,0.24299063
0.0304,0.0479,0.0319,0.2731,0.22349934
0.02845,0.04315,0.02835,0.2517,0.20530729
0.0297,0.0485,0.0312,0.25525,0.24040924
0.0287,0.04865,0.0316,0.2439,0.25791857
0.03005,0.0462,0.0316,0.2377,0.21180327
0.032,0.0494,0.0332,0.2726,0.2137592
0.0322,0.0505,0.03185,0.2709,0.22128175
0.03065,0.05025,0.03115,0.2715,0.24227445
0.0318,0.0515,0.0324,0.27585,0.23649457
0.02975,0.0472,0.0312,0.26065,0.22677065
0.02955,0.0467,0.02925,0.2726,0.22491805
0.0304,0.0519,0.0308,0.3188,0.26123935
0.0312,0.0508,0.0298,0.324,0.23902439
0.0302,0.0512,0.0285,0.3274,0.25798523
0.0304,0.0508,0.0294,0.3152,0.2512315
0.028,0.0502,0.0285,0.291,0.28388748
0.0279,0.0482,0.0263,0.2938,0.2667543
0.028,0.0494,0.0254,0.3242,0.2764858
0.0286,0.0547,0.0269,0.3742,0.31332535
0.03,0.052,0.0247,0.3784,0.2682927
0.0285,0.0503,0.0253,0.3412,0.2766497
0.0307,0.0504,0.0265,0.3042,0.24290998
0.0304,0.0504,0.0278,0.3172,0.24752475
0.0303,0.0516,0.028,0.3222,0.26007327
0.0301,0.0534,0.0275,0.3064,0.27904192
0.0303,0.0511,0.0274,0.2884,0.25552827
0.0312,0.0505,0.028,0.2876,0.23623015
0.0292,0.0498,0.028,0.2802,0.26075947
0.0287,0.0498,0.0265,0.2746,0.26878983
0.0301,0.0521,0.0289,0.3086,0.2676399
0.0313,0.0563,0.0308,0.3042,0.2853881
0.0282,0.0465,0.0278,0.2644,0.24497993
0.0264,0.043,0.0248,0.2543,0.23919311
0.0269,0.0458,0.0263,0.2768,0.25997248
0.0266,0.0486,0.0257,0.2846,0.2925532
0.0245,0.0413,0.0219,0.2654,0.25531915
0.0247,0.0436,0.0224,0.2988,0.27672035
0.0264,0.0467,0.0259,0.3086,0.2777018
0.0279,0.0477,0.0258,0.3186,0.26190478
0.0273,0.0523,0.0262,0.3132,0.31407034
0.0304,0.0492,0.0268,0.306,0.23618089
0.0312,0.055,0.0315,0.3123,0.2761021
0.0312,0.055,0.0315,0.3123,0.2761021
0.0276,0.051,0.03,0.3104,0.29770994
0.02655,0.04885,0.0266,0.3127,0.29575595
0.02995,0.0532,0.0302,0.3291,0.27961513
0.0293,0.0557,0.0296,0.3339,0.31058824
0.03095,0.05745,0.031,0.3364,0.29977375
0.0292,0.05185,0.0302,0.3069,0.2794571
0.02965,0.04915,0.02835,0.2862,0.24746193
0.0319,0.0514,0.033,0.3006,0.23409364
0.0319,0.0537,0.0332,0.2954,0.25467288
0.0316,0.0518,0.0333,0.2976,0.24220628
0.0312,0.0535,0.0336,0.2964,0.26328218
0.0284,0.0516,0.0303,0.2862,0.29000002
0.0284,0.0466,0.0283,0.2796,0.24266665
0.02955,0.0432,0.028,0.2504,0.18762888
0.0308,0.04525,0.02885,0.25005,0.19000657
0.02995,0.04765,0.02995,0.2645,0.22809274
0.02885,0.0452,0.0301,0.2773,0.22079676
0.0333,0.0529,0.0355,0.2802,0.22737819
0.0349,0.05685,0.0374,0.2993,0.2392371
0.03145,0.0513,0.03155,0.3091,0.23987916
0.02935,0.0448,0.0285,0.2769,0.20836143
0.0296,0.0485,0.03105,0.26475,0.24199745
0.03015,0.04705,0.0311,0.2477,0.21891192
0.03035,0.0462,0.0321,0.2455,0.20705421
0.03165,0.0529,0.0335,0.2708,0.25133058
0.0307,0.0483,0.03135,0.2713,0.22278482
0.0289,0.04725,0.0306,0.2488,0.24097176
0.03125,0.05035,0.0318,0.2691,0.23406863
0.03,0.04555,0.03045,0.2488,0.20582397
0.03,0.04555,0.03045,0.2488,0.20582397
0.0296,0.0483,0.0287,0.3078,0.24005137
0.03,0.0536,0.0302,0.3374,0.28229663
0.0309,0.0506,0.0281,0.3438,0.24171779
0.0314,0.0495,0.0284,0.3325,0.22373302
0.0279,0.0493,0.0262,0.3172,0.2772021
0.0275,0.0469,0.026,0.3056,0.2607527
0.0286,0.0499,0.0252,0.3436,0.27133757
0.0276,0.0494,0.0266,0.3249,0.2831169
0.0299,0.0514,0.0258,0.3648,0.26445264
0.0298,0.0547,0.0276,0.3746,0.29467455
0.0308,0.054,0.0284,0.335,0.2735849
0.0297,0.05,0.0279,0.3176,0.25470516
0.0283,0.048,0.0271,0.2824,0.25819135
0.0283,0.049,0.0258,0.263,0.2677878
0.0292,0.0465,0.0278,0.2784,0.22853369
0.0294,0.0499,0.0276,0.2648,0.25851196
0.0298,0.054,0.0267,0.2802,0.28878284
0.0314,0.0534,0.0276,0.2822,0.25943395
0.0307,0.0561,0.0288,0.314,0.2926267
0.0295,0.0541,0.0278,0.3078,0.29425836
0.0275,0.0437,0.0249,0.2558,0.22752808
0.0276,0.0443,0.0248,0.2645,0.23226705
0.0285,0.0475,0.0266,0.283,0.25
0.0277,0.0454,0.0274,0.3022,0.24213408
0.0258,0.0433,0.0226,0.284,0.2532561
0.0255,0.0484,0.0234,0.3068,0.30987823
0.0269,0.0509,0.0259,0.3248,0.30848327
0.0286,0.0518,0.0289,0.3278,0.2885572
0.029,0.0514,0.028,0.3292,0.27860695
0.0308,0.0534,0.0327,0.3178,0.26840857
0.0308,0.0534,0.0327,0.3178,0.26840857
0.0333,0.0591,0.035,0.3362,0.27922076
0.032,0.0574,0.031,0.3382,0.2841163
0.0303,0.0513,0.02925,0.3257,0.25735292
0.02995,0.0518,0.03005,0.3219,0.26727828
0.02995,0.0559,0.03195,0.3239,0.3022714
0.0308,0.0566,0.0317,0.3325,0.2951945
0.02925,0.05195,0.02965,0.296,0.27955663
0.0303,0.04665,0.0301,0.2995,0.21247563
0.0307,0.0537,0.033,0.3208,0.27251184
0.0309,0.0495,0.0307,0.304,0.23134328
0.0294,0.0528,0.0323,0.3062,0.28467155
0.0283,0.052,0.0331,0.2954,0.29514322
0.0279,0.0519,0.0314,0.294,0.3007519
0.0292,0.0485,0.0298,0.2874,0.24839124
0.0287,0.0465,0.02925,0.2693,0.23670214
0.02935,0.04385,0.02945,0.2536,0.19808744
0.02935,0.04715,0.0304,0.267,0.23267975
0.02825,0.04755,0.03045,0.2936,0.25461742
0.0331,0.05115,0.0343,0.3013,0.21424332
0.03625,0.05795,0.0382,0.3278,0.23036095
0.0318,0.0542,0.0324,0.3579,0.2604651
0.0297,0.04905,0.029,0.301,0.24571428
0.0303,0.0504,0.03205,0.2757,0.24907061
0.0297,0.0471,0.03175,0.2586,0.22656249
0.0318,0.04905,0.03285,0.256,0.21335803
0.03035,0.0507,0.03185,0.2704,0.2510796
0.0268,0.0443,0.02945,0.2424,0.24613225
0.02935,0.0458,0.02895,0.2373,0.21889555
0.0308,0.04775,0.0311,0.2731,0.21578613
0.02805,0.0436,0.02985,0.2407,0.21702723
0.02805,0.0436,0.02985,0.2407,0.21702723
0.02945,0.0489,0.02725,0.2923,0.24824508
0.0309,0.05225,0.0272,0.3442,0.25676492
0.0318,0.0516,0.0286,0.3394,0.23741005
0.0321,0.0519,0.0292,0.3232,0.23571429
0.0293,0.0494,0.0264,0.3138,0.25540024
0.0271,0.048,0.0252,0.3238,0.27829558
0.0285,0.0488,0.0253,0.3376,0.2626132
0.028,0.0464,0.0243,0.2978,0.2473118
0.0294,0.0523,0.0261,0.3284,0.28029373
0.0304,0.054,0.0283,0.3638,0.27962086
0.0299,0.0545,0.0273,0.361,0.2914692
0.0286,0.0515,0.0261,0.341,0.28589264
0.0273,0.0469,0.0255,0.2922,0.26415092
0.0291,0.0511,0.0252,0.2856,0.2743142
0.0311,0.0559,0.0286,0.3086,0.2850575
0.031,0.0539,0.0274,0.2962,0.2697291
0.031,0.0541,0.028,0.3034,0.27144536
0.0308,0.0549,0.0279,0.3082,0.28121355
0.0313,0.0569,0.0284,0.3322,0.2902494
0.0305,0.0502,0.0262,0.3104,0.244114
0.02655,0.0467,0.02395,0.2586,0.27508533
0.027,0.04655,0.02575,0.2689,0.26580554
0.0269,0.04455,0.02345,0.271,0.24702589
0.02475,0.04005,0.0221,0.27995,0.2361111
0.0239,0.0429,0.0221,0.2942,0.28443113
0.02445,0.04485,0.0222,0.3033,0.2943723
0.0278,0.05105,0.027,0.3211,0.29486367
0.02815,0.0534,0.02815,0.3169,0.30962598
0.02795,0.05145,0.0265,0.3332,0.29596975
0.0309,0.05415,0.0297,0.3178,0.2733686
0.0309,0.05415,0.0297,0.3178,0.2733686
0.03195,0.0582,0.03175,0.3295,0.2911814
0.02835,0.0542,0.02955,0.3136,0.31314355
0.0287,0.05085,0.0279,0.3104,0.27844125
0.03015,0.05,0.0275,0.31875,0.24766064
0.0299,0.0543,0.0305,0.3155,0.28978625
0.0299,0.0528,0.0296,0.2917,0.2769045
0.02775,0.0475,0.02705,0.2649,0.26245847
0.02865,0.0484,0.0284,0.31295,0.25632703
0.0301,0.0539,0.0291,0.3364,0.28333333
0.0286,0.0515,0.0272,0.3132,0.28589264
0.0281,0.051,0.0291,0.2884,0.28950694
0.028,0.0486,0.0301,0.2702,0.26892948
0.0282,0.0509,0.0295,0.2954,0.2869785
0.0285,0.0496,0.0299,0.294,0.27016646
0.02935,0.04885,0.03025,0.282,0.24936062
0.02825,0.04455,0.02905,0.2562,0.22390112
0.0293,0.04805,0.02965,0.2776,0.24240464
0.0296,0.05075,0.03115,0.3155,0.26322338
0.03105,0.04825,0.0311,0.2914,0.21689786
0.0331,0.054,0.0336,0.3018,0.23995408
0.0338,0.05615,0.03345,0.3466,0.24847141
0.0286,0.0492,0.0298,0.3083,0.26478148
0.02965,0.04705,0.03015,0.2684,0.22685786
0.03025,0.04945,0.03285,0.2567,0.24090338
0.03075,0.0485,0.0316,0.2546,0.22397476
0.03075,0.0497,0.0306,0.2831,0.23555002
0.02995,0.04715,0.0313,0.2471,0.22308691
0.02935,0.04355,0.02935,0.2401,0.19478738
0.03,0.05015,0.03225,0.2653,0.25140363
0.02765,0.04465,0.0279,0.2435,0.23513138
0.02765,0.04465,0.0279,0.2435,0.23513138
0.02955,0.04985,0.0292,0.291,0.2556675
0.03145,0.04995,0.0284,0.3347,0.22727273
0.0296,0.0522,0.029,0.3288,0.27628362
0.0313,0.0513,0.029,0.3094,0.24213076
0.0294,0.0499,0.0266,0.311,0.25851196
0.0289,0.0514,0.0264,0.3386,0.28019926
0.0307,0.0509,0.027,0.3272,0.24754903
0.0292,0.0483,0.0293,0.2866,0.24645163
0.0314,0.0551,0.0319,0.3152,0.27398846
0.0314,0.0527,0.0288,0.3306,0.25326994
0.0309,0.0541,0.0278,0.3342,0.27294117
0.031,0.0518,0.0276,0.32,0.25120774
0.0282,0.0462,0.0244,0.2769,0.24193548
0.0299,0.049,0.0274,0.2861,0.24207859
0.0318,0.0584,0.0313,0.3272,0.29490018
0.031,0.0547,0.0281,0.3118,0.2765461
0.0315,0.0556,0.0291,0.3042,0.27669343
0.0316,0.0533,0.0298,0.3122,0.25559485
0.0292,0.0504,0.028,0.3164,0.26633164
0.0261,0.0434,0.0238,0.2686,0.24892087
0.02675,0.04455,0.02505,0.2715,0.24964939
0.02885,0.04915,0.0267,0.294,0.2602564
0.0245,0.04225,0.02265,0.271,0.26591763
0.02345,0.0433,0.02085,0.28265,0.29737827
0.02455,0.0471,0.0231,0.3091,0.31472436
0.026,0.04675,0.02435,0.3103,0.28522336
0.0284,0.05045,0.02695,0.3151,0.2796449
0.0274,0.0518,0.02715,0.29945,0.30808082
0.0278,0.05255,0.02575,0.3316,0.3080274
0.0286,0.0545,0.0275,0.3396,0.3116727
0.0286,0.0545,0.0275,0.3396,0.3116727
0.029,0.0554,0.0288,0.3117,0.3127962
0.0297,0.05345,0.0285,0.3009,0.28562838
0.02835,0.0507,0.0268,0.2989,0.28273246
0.0287,0.0514,0.0275,0.31265,0.28339574
0.0298,0.05155,0.02885,0.3064,0.26736325
0.0274,0.0485,0.0268,0.2785,0.27799737
0.02885,0.0477,0.0274,0.2878,0.24624427
0.03005,0.05275,0.0297,0.33185,0.27415457
0.0304,0.0531,0.0281,0.3248,0.2718563
0.0294,0.0531,0.027,0.3062,0.28727272
0.028,0.047,0.0275,0.2765,0.2533333
0.0291,0.0485,0.0304,0.284,0.25
0.0308,0.0491,0.0313,0.2814,0.22903632
0.0295,0.0487,0.0298,0.2924,0.24552432
0.02985,0.04845,0.0312,0.2941,0.23754789
0.02985,0.0466,0.0275,0.2665,0.21909744
0.03055,0.0488,0.03105,0.2851,0.22999372
0.0296,0.05195,0.03185,0.3069,0.274065
0.029,0.0465,0.02885,0.277,0.23178811
0.03015,0.04975,0.03185,0.268,0.24530664
0.03135,0.05245,0.0329,0.3003,0.25178996
0.0282,0.0478,0.03055,0.2911,0.25789472
0.028,0.04715,0.0303,0.26775,0.25482368
0.02915,0.04755,0.03095,0.2606,0.2398957
0.0307,0.0496,0.031,0.2725,0.23536739
0.03135,0.04975,0.0303,0.2855,0.22688037
0.02755,0.0451,0.0293,0.2472,0.24156915
0.0291,0.04455,0.02975,0.2365,0.20977597
0.02925,0.045,0.0298,0.2444,0.21212125
0.02825,0.04175,0.0265,0.2434,0.19285713
0.02825,0.04175,0.0265,0.2434,0.19285713
0.0326,0.0544,0.03345,0.312,0.2505747
0.03105,0.05315,0.0324,0.3226,0.2624703
0.0318,0.0523,0.031,0.3047,0.2437574
0.0312,0.0475,0.0282,0.2902,0.20711564
0.0298,0.0499,0.0273,0.3146,0.25219572
0.032,0.0518,0.028,0.341,0.23627684
0.0309,0.0506,0.0284,0.3178,0.24171779
0.0311,0.0509,0.0323,0.2968,0.24146342
0.033,0.055,0.0328,0.3178,0.25
0.0316,0.0538,0.0305,0.306,0.2599532
0.0315,0.0513,0.0289,0.2868,0.23913044
0.0295,0.0502,0.0281,0.2864,0.25972396
0.029,0.0468,0.0261,0.2788,0.23482849
0.0309,0.051,0.0283,0.29,0.24542123
0.0326,0.056,0.031,0.3144,0.26410836
0.031,0.0547,0.029,0.3012,0.2765461
0.0317,0.0544,0.0289,0.304,0.26364693
0.0309,0.0525,0.0288,0.3066,0.2589928
0.0283,0.0504,0.0273,0.2862,0.28081322
0.028,0.0467,0.0247,0.2764,0.25033468
0.0291,0.04855,0.0269,0.2921,0.25048292
0.02935,0.0496,0.0269,0.2992,0.25649145
0.0228,0.0445,0.022,0.268,0.32243687
0.0236,0.0452,0.0212,0.2882,0.3139535
0.0262,0.0461,0.02445,0.3258,0.27524206
0.02635,0.05135,0.0262,0.3177,0.3217503
0.02675,0.0516,0.02585,0.307,0.31716657
0.0275,0.05215,0.0258,0.2947,0.30947897
0.02815,0.05395,0.02605,0.3253,0.31425092
0.0282,0.0543,0.0264,0.3445,0.31636363
0.0282,0.0543,0.0264,0.3445,0.31636363
0.02815,0.0514,0.02725,0.3169,0.292269
0.0304,0.0515,0.02895,0.3031,0.25763124
0.0291,0.0503,0.02845,0.2934,0.26700246
0.02935,0.0555,0.02885,0.3082,0.30819094
0.0309,0.0522,0.0298,0.317,0.2563177
0.02715,0.04985,0.02805,0.2984,0.29480517
0.0301,0.05155,0.0298,0.304,0.2627067
0.03155,0.0545,0.03055,0.331,0.26670536
0.0302,0.0532,0.0292,0.3132,0.27577937
0.0283,0.0456,0.0264,0.282,0.23410015
0.0302,0.0503,0.0281,0.2832,0.24968942
0.0316,0.0509,0.0316,0.3098,0.23393944
0.031,0.0473,0.0294,0.2792,0.20817369
0.0287,0.0484,0.0296,0.268,0.25551233
0.02885,0.0473,0.032,0.2815,0.24228495
0.02875,0.0458,0.0267,0.2677,0.22870556
0.02965,0.048,0.029,0.2717,0.23631679
0.0303,0.0502,0.0281,0.292,0.24720497
0.02915,0.04745,0.0276,0.2937,0.23890337
0.0299,0.0504,0.03135,0.2873,0.25529265
0.0309,0.05155,0.032,0.2821,0.25045484
0.03,0.0487,0.02895,0.28025,0.2376112
0.02805,0.04435,0.0294,0.2745,0.22513811
0.0293,0.0441,0.03,0.2677,0.20163487
0.03035,0.0464,0.02975,0.267,0.20912053
0.0296,0.0471,0.03015,0.2617,0.22816166
0.02865,0.04555,0.02825,0.2572,0.22776277
0.0304,0.04665,0.0313,0.2519,0.210902
0.03045,0.04715,0.03015,0.255,0.21520619
0.03045,0.04715,0.03015,0.255,0.21520619
0.02885,0.04575,0.02775,0.2583,0.22654155
0.03115,0.05175,0.0308,0.3127,0.24849215
0.03155,0.0518,0.032,0.31415,0.24295141
0.0308,0.0499,0.0332,0.3006,0.23667906
0.0305,0.0506,0.0291,0.3134,0.24784216
0.0312,0.0506,0.0274,0.345,0.23716383
0.0304,0.0499,0.0279,0.336,0.24283932
0.0315,0.0524,0.0306,0.3238,0.24910606
0.0323,0.0508,0.0323,0.3112,0.22262335
0.0328,0.0554,0.0357,0.3124,0.2562358
0.0309,0.055,0.0323,0.3226,0.2805588
0.0315,0.0481,0.0314,0.3078,0.20854269
0.0306,0.0479,0.029,0.314,0.22038214
0.0323,0.0505,0.0301,0.3056,0.21980679
0.0339,0.0531,0.0332,0.2934,0.22068967
0.0339,0.0552,0.0313,0.3142,0.23905723
0.0296,0.0516,0.0277,0.3112,0.27093598
0.0313,0.0521,0.0286,0.3104,0.24940047
0.0297,0.051,0.0284,0.3064,0.2639405
0.0305,0.0524,0.0281,0.3088,0.2641737
0.0299,0.0509,0.0263,0.2942,0.25990102
0.029,0.0478,0.02555,0.3043,0.24479167
0.0276,0.04595,0.025,0.2825,0.24949013
0.02425,0.0424,0.0222,0.2701,0.27231804
0.02595,0.04845,0.02255,0.3013,0.30241936
0.02785,0.0477,0.02555,0.3269,0.2627399
0.0279,0.0522,0.02625,0.3217,0.3033708
0.0281,0.0521,0.0264,0.3177,0.29925185
0.0274,0.0525,0.0262,0.30795,0.31414267
0.02895,0.05355,0.0263,0.33205,0.29818183
0.02895,0.05355,0.0263,0.33205,0.29818183
0.02805,0.0547,0.0254,0.33,0.32205436
0.0271,0.0489,0.02645,0.3244,0.28684208
0.02865,0.04925,0.02835,0.2967,0.26444158
0.02915,0.04765,0.0282,0.2781,0.2408854
0.03055,0.05345,0.0289,0.3086,0.27261907
0.03115,0.05255,0.02985,0.3165,0.25567502
0.0302,0.05305,0.02885,0.3156,0.27447447
0.0299,0.05235,0.0299,0.3021,0.27294832
0.03115,0.0541,0.03135,0.30965,0.26920822
0.029,0.0521,0.0299,0.3042,0.28483352
0.028,0.0502,0.0272,0.3012,0.28388748
0.0315,0.0515,0.0298,0.3073,0.24096383
0.0301,0.0503,0.0306,0.304,0.25124377
0.0292,0.0478,0.0283,0.268,0.24155845
0.0281,0.0455,0.0282,0.2432,0.23641302
0.02755,0.0476,0.03,0.2647,0.26679975
0.02865,0.0448,0.02925,0.2568,0.21987744
0.0297,0.04885,0.03155,0.266,0.24379377
0.02965,0.0483,0.029,0.2775,0.23925595
0.02975,0.05285,0.031,0.3071,0.27966103
0.03075,0.05355,0.03095,0.3114,0.27046263
0.03095,0.05225,0.0319,0.2884,0.25600964
0.03035,0.05305,0.03205,0.2863,0.2721823
0.0297,0.04865,0.032,0.2867,0.24186344
0.0301,0.049,0.0305,0.2801,0.23893805
0.0282,0.04845,0.03135,0.2511,0.26418787
0.02805,0.04345,0.0292,0.2498,0.21538463
0.0288,0.04705,0.03085,0.2605,0.24060647
0.0301,0.0494,0.0295,0.2714,0.24276732
0.03015,0.0487,0.031,0.2785,0.23525682
0.03015,0.0487,0.031,0.2785,0.23525682
0.03035,0.0518,0.0296,0.2791,0.26110777
0.02945,0.0497,0.0283,0.3116,0.25584334
0.031,0.0498,0.02935,0.3169,0.2326733
0.0292,0.0477,0.0287,0.32,0.24057215
0.0279,0.0517,0.0265,0.3294,0.298995
0.0295,0.0524,0.0282,0.345,0.2796093
0.0292,0.0519,0.0286,0.3382,0.27990133
0.0335,0.0535,0.0304,0.3436,0.22988506
0.0309,0.05,0.0308,0.3252,0.23609397
0.0328,0.0537,0.0316,0.3484,0.24161848
0.0322,0.0556,0.0336,0.3306,0.26651478
0.0304,0.048,0.0294,0.299,0.2244898
0.0297,0.0501,0.0299,0.3366,0.2556391
0.0339,0.0535,0.0317,0.316,0.22425629
0.035,0.0584,0.0358,0.3062,0.25053534
0.0311,0.0533,0.0324,0.3096,0.2630332
0.029,0.0526,0.0275,0.3162,0.2892157
0.0294,0.0496,0.0283,0.3242,0.2556962
0.0283,0.0494,0.0263,0.3286,0.27155727
0.0296,0.0515,0.0263,0.3242,0.270037
0.0287,0.0467,0.0246,0.2976,0.2387268
0.02515,0.0422,0.02295,0.2759,0.25315517
0.0236,0.04155,0.0228,0.2664,0.275518
0.02425,0.04095,0.02325,0.2754,0.25613496
0.02735,0.0462,0.02585,0.2981,0.25628823
0.02785,0.0462,0.025,0.3177,0.24780552
0.02715,0.0504,0.0266,0.3231,0.29980657
0.02835,0.0534,0.0268,0.3239,0.30642202
0.02735,0.0515,0.0267,0.3165,0.30627775
0.0294,0.0581,0.0281,0.3426,0.328
0.0294,0.0581,0.0281,0.3426,0.328
0.0279,0.0538,0.0257,0.3337,0.3170135
0.0273,0.047,0.02475,0.3148,0.2651413
0.02845,0.0512,0.02845,0.3131,0.2856246
0.02925,0.05105,0.02995,0.3112,0.27148193
0.0289,0.0503,0.02995,0.2988,0.270202
0.0298,0.0519,0.0311,0.3151,0.27050185
0.02865,0.05225,0.02865,0.3084,0.29171818
0.02935,0.05275,0.0287,0.3064,0.28501827
0.0308,0.054,0.03205,0.3074,0.2735849
0.0297,0.0505,0.0303,0.2994,0.25935164
0.0301,0.0535,0.0294,0.3,0.27990434
0.0297,0.0541,0.03,0.3162,0.29116943
0.0296,0.0513,0.0305,0.3066,0.2682324
0.0279,0.0491,0.028,0.2814,0.2753247
0.0272,0.0451,0.0284,0.249,0.24757951
0.0282,0.0467,0.0295,0.2489,0.246996
0.0293,0.0469,0.0299,0.2539,0.23097113
0.0301,0.05205,0.0315,0.272,0.26719415
0.02905,0.0495,0.0301,0.2918,0.26034373
0.03045,0.05185,0.03165,0.282,0.26002428
0.0302,0.0508,0.0312,0.2994,0.25432098
0.0295,0.05295,0.0318,0.2839,0.28441477
0.0296,0.0523,0.031,0.2726,0.27716726
0.03065,0.0499,0.03145,0.2774,0.23898199
0.0306,0.05015,0.0325,0.2685,0.24210525
0.02905,0.0502,0.03135,0.25225,0.26687697
0.0278,0.04715,0.03005,0.2551,0.25817212
0.0311,0.0496,0.03215,0.2609,0.22924413
0.0276,0.04665,0.02885,0.2598,0.25656566
0.0298,0.0507,0.0295,0.275,0.25962734
0.0298,0.0507,0.0295,0.275,0.25962734
0.02975,0.0523,0.0308,0.2814,0.2748324
0.02695,0.0469,0.02655,0.3152,0.2701422
0.02885,0.04665,0.02785,0.319,0.2357616
0.028,0.0487,0.0255,0.3042,0.26988265
0.0273,0.0452,0.0241,0.3046,0.24689655
0.0296,0.0484,0.0267,0.3204,0.24102563
0.0301,0.0494,0.0287,0.323,0.24276732
0.0306,0.0498,0.0295,0.3272,0.23880596
0.0294,0.0484,0.0296,0.3187,0.24421594
0.0304,0.0526,0.0304,0.3428,0.26746985
0.0307,0.0515,0.0295,0.3076,0.25304136
0.0271,0.0447,0.0262,0.2828,0.24512534
0.0289,0.0512,0.0276,0.3242,0.278402
0.0321,0.0516,0.0307,0.314,0.23297493
0.0338,0.0586,0.0344,0.3049,0.26839828
0.03,0.0531,0.0328,0.2918,0.27797836
0.0261,0.0435,0.0267,0.28,0.24999997
0.0277,0.0458,0.0252,0.2918,0.24625851
0.0276,0.0483,0.0258,0.3186,0.27272728
0.0268,0.0488,0.0265,0.2952,0.29100528
0.0249,0.042,0.0223,0.263,0.25560537
0.02455,0.04065,0.0207,0.2594,0.24693249
0.02415,0.0439,0.0222,0.2603,0.29022777
0.02495,0.043,0.0231,0.2753,0.2656365
0.02705,0.04755,0.02615,0.2719,0.27479896
0.02675,0.046,0.02535,0.2823,0.2646048
0.0275,0.04945,0.0254,0.3018,0.28525016
0.02865,0.0519,0.02755,0.304,0.2886406
0.02755,0.0508,0.02625,0.3153,0.29674536
0.0301,0.05595,0.0269,0.3377,0.30040675
0.0301,0.05595,0.0269,0.3377,0.30040675
0.028,0.05325,0.0253,0.3321,0.31076923
0.0277,0.0506,0.02525,0.30705,0.29246488
0.0309,0.05505,0.03185,0.32645,0.2809773
0.03185,0.05405,0.032,0.3159,0.25844005
0.03055,0.05115,0.0314,0.30035,0.252142
0.0311,0.05185,0.0331,0.297,0.2501507
0.02785,0.05005,0.02775,0.2832,0.28498077
0.0294,0.0489,0.02775,0.2896,0.24904215
0.03105,0.05265,0.0314,0.29785,0.2580645
0.0291,0.0511,0.0299,0.28,0.2743142
0.0294,0.0532,0.0317,0.2908,0.2881356
0.029,0.0541,0.0305,0.306,0.30204573
0.0305,0.0555,0.0302,0.3144,0.29069766
0.0292,0.0512,0.0289,0.2954,0.2736318
0.0299,0.0466,0.029,0.2588,0.21830066
0.02865,0.04565,0.0282,0.2439,0.22880214
0.03035,0.04945,0.03005,0.262,0.23934838
0.0315,0.0532,0.03195,0.3042,0.25619832
0.0313,0.0488,0.02825,0.2939,0.21847688
0.03005,0.04845,0.0289,0.2713,0.23439491
0.0282,0.0512,0.02925,0.2753,0.28967252
0.03105,0.05135,0.02945,0.2801,0.24635923
0.02975,0.04915,0.03015,0.2773,0.24588086
0.0295,0.04935,0.02995,0.2662,0.25174382
0.02865,0.04785,0.03015,0.249,0.2509804
0.0298,0.04975,0.03,0.2397,0.25078568
0.03,0.04875,0.03235,0.2517,0.23809522
0.02975,0.0492,0.0322,0.2611,0.24635841
0.02665,0.04705,0.02895,0.2565,0.27679783
0.0296,0.05125,0.0298,0.25835,0.26777983
0.0296,0.05125,0.0298,0.25835,0.26777983
0.0264,0.04655,0.02935,0.2522,0.27621657
0.03,0.04835,0.0276,0.3078,0.23420548
0.0312,0.04875,0.02745,0.314,0.2195122
0.02865,0.04435,0.02445,0.3105,0.21506846
0.0282,0.0448,0.024,0.3286,0.22739723
0.0307,0.04845,0.0272,0.3102,0.22425775
0.03075,0.0501,0.02735,0.3202,0.23933208
0.03035,0.04885,0.02925,0.3196,0.23358586
0.0297,0.0499,0.0292,0.307,0.25376883
0.03,0.0487,0.0278,0.2974,0.2376112
0.0292,0.048,0.0292,0.2764,0.2435233
0.0265,0.0441,0.0261,0.2578,0.24929179
0.0296,0.0494,0.0289,0.294,0.2506329
0.0275,0.0468,0.0278,0.2934,0.25975773
0.0282,0.0503,0.03,0.2814,0.28152862
0.03145,0.0489,0.0314,0.2709,0.21717489
0.0266,0.043,0.0273,0.2617,0.23563221
0.0288,0.0462,0.02655,0.266,0.232
0.03025,0.04805,0.0282,0.28635,0.2273308
0.0276,0.0488,0.02735,0.2592,0.27748692
0.0257,0.04205,0.02495,0.2608,0.24132843
0.02505,0.04375,0.02345,0.2618,0.2718023
0.02535,0.0427,0.024,0.2668,0.25495958
0.02885,0.04985,0.02685,0.2949,0.26683608
0.0293,0.0503,0.02925,0.2859,0.26381907
0.02785,0.0492,0.02825,0.2877,0.27709278
0.0293,0.04935,0.02745,0.3027,0.2549269
0.0283,0.04835,0.02625,0.2852,0.2615786
0.0273,0.0484,0.02585,0.2873,0.27873182
0.02835,0.05425,0.02755,0.312,0.31355932
0.02835,0.05425,0.02755,0.312,0.31355932
0.02775,0.0522,0.0267,0.3114,0.3058161
0.0279,0.0521,0.027,0.3045,0.3025
0.03055,0.05675,0.03095,0.3329,0.30011454
0.0303,0.0548,0.0299,0.3122,0.28789657
0.0283,0.0494,0.0278,0.2754,0.27155727
0.0293,0.0511,0.0309,0.2702,0.27114427
0.0287,0.0472,0.0276,0.2668,0.24374178
0.0288,0.0505,0.0286,0.274,0.27364442
0.0288,0.0481,0.029,0.2766,0.25097528
0.029,0.05095,0.03035,0.2764,0.2745466
0.0304,0.0545,0.03165,0.2869,0.28386334
0.02945,0.0547,0.0282,0.2899,0.3000594
0.0301,0.05335,0.03045,0.2996,0.27860996
0.0287,0.0523,0.0282,0.2865,0.29135802
0.0295,0.047,0.02915,0.2649,0.22875816
0.0268,0.0437,0.026,0.247,0.23971629
0.032,0.0515,0.0318,0.2836,0.23353292
0.032,0.0529,0.0321,0.3176,0.24617195
0.0277,0.0469,0.0267,0.2742,0.25737268
0.0301,0.0482,0.0283,0.2614,0.2311622
0.0298,0.0499,0.029,0.2808,0.25219572
0.0308,0.04955,0.0306,0.2881,0.23335409
0.03015,0.05145,0.03035,0.3049,0.26102942
0.0301,0.05085,0.0311,0.2846,0.2563311
0.0293,0.0486,0.0301,0.253,0.24775352
0.0289,0.04505,0.03,0.2421,0.2183908
0.0283,0.04475,0.0304,0.2425,0.22518824
0.0267,0.046,0.0309,0.2392,0.26547456
0.029,0.047,0.0302,0.2554,0.2368421
0.029,0.047,0.0302,0.2554,0.2368421
0.0278,0.0492,0.0292,0.2558,0.27792206
0.0277,0.0423,0.0268,0.2316,0.20857145
0.02855,0.04805,0.0272,0.2867,0.2545692
0.0295,0.0457,0.0258,0.28455,0.21542552
0.0292,0.04555,0.0258,0.3103,0.2187291
0.0289,0.0476,0.0254,0.3209,0.24444447
0.02945,0.0478,0.02675,0.2857,0.23754045
0.02875,0.0478,0.0261,0.2939,0.24885696
0.02775,0.04875,0.0284,0.3273,0.2745098
0.0288,0.0485,0.0281,0.311,0.25485125
0.0292,0.0472,0.0269,0.284,0.2356021
0.029,0.0472,0.028,0.2858,0.23884517
0.0283,0.045,0.0275,0.2654,0.22783084
0.0296,0.0479,0.028,0.2872,0.23612902
0.029,0.0464,0.0269,0.3028,0.23076925
0.0292,0.046,0.0281,0.2746,0.22340424
0.0303,0.04535,0.0309,0.261,0.1989425
0.0278,0.04415,0.02855,0.2677,0.22724114
0.02885,0.04595,0.02685,0.25885,0.2286096
0.0307,0.04815,0.03,0.2686,0.22130626
0.02895,0.04735,0.02955,0.2647,0.24115334
0.027,0.0443,0.02845,0.267,0.24263676
0.02595,0.04235,0.0262,0.2633,0.24011715
0.0269,0.0431,0.02595,0.2672,0.23142855
0.03045,0.05145,0.0294,0.3003,0.25641024
0.02945,0.0511,0.031,0.3094,0.26877716
0.0294,0.05045,0.0311,0.3091,0.26361927
0.02895,0.0491,0.0286,0.3108,0.25816783
0.02655,0.0424,0.0251,0.264,0.22987671
0.02695,0.0457,0.0261,0.2629,0.2580867
0.02695,0.0457,0.0261,0.2629,0.2580867
0.02775,0.0498,0.02755,0.2867,0.2843327
0.0297,0.05485,0.0284,0.3014,0.29745713
0.0293,0.05265,0.02905,0.2966,0.28492984
0.0302,0.05505,0.03085,0.30865,0.2914956
0.0299,0.0544,0.0291,0.2972,0.29062873
0.0276,0.0495,0.028,0.2656,0.28404668
0.0281,0.0522,0.0299,0.264,0.30012453
0.0292,0.0519,0.0307,0.2744,0.27990133
0.0285,0.0521,0.0306,0.2752,0.29280394
0.0291,0.0481,0.0298,0.2756,0.24611397
0.0292,0.05335,0.0309,0.2786,0.29254997
0.02825,0.0517,0.02845,0.2786,0.29330832
0.0282,0.0496,0.02715,0.2631,0.27506426
0.02885,0.0542,0.02895,0.27535,0.30523783
0.0295,0.05425,0.02895,0.294,0.2955224
0.02805,0.0477,0.02785,0.2807,0.25940594
0.0276,0.0451,0.025,0.2546,0.24071527
0.0313,0.0529,0.0303,0.2964,0.25653207
0.0313,0.0517,0.0304,0.3116,0.2457831
0.0275,0.0471,0.0265,0.2964,0.2627346
0.0286,0.0486,0.0293,0.2812,0.25906736
0.0303,0.052,0.0305,0.291,0.26366952
0.02905,0.0489,0.02885,0.2811,0.2546504
0.03095,0.052,0.03045,0.2781,0.2537673
0.02985,0.0485,0.03085,0.2573,0.23803447
0.0295,0.04825,0.03115,0.2457,0.24115758
0.03055,0.04505,0.0307,0.2427,0.19179894
0.02695,0.0437,0.02805,0.2398,0.23708421
0.027,0.0436,0.0292,0.234,0.23512746
0.0293,0.047,0.0295,0.2608,0.23197901
0.0293,0.047,0.0295,0.2608,0.23197901
0.0276,0.0483,0.0292,0.2526,0.27272728
0.0274,0.0459,0.0289,0.2348,0.25238743
0.0273,0.0436,0.0243,0.2561,0.22990127
0.0293,0.04465,0.0254,0.2518,0.20757267
0.02995,0.0467,0.02865,0.2735,0.21852577
0.031,0.04825,0.0287,0.2733,0.21766563
0.03125,0.04605,0.02755,0.2779,0.19146186
0.02695,0.0459,0.02635,0.2869,0.26012352
0.02715,0.0478,0.0271,0.3084,0.27551702
0.0288,0.04885,0.02775,0.3323,0.25820994
0.0289,0.0476,0.0292,0.3138,0.24444447
0.027,0.0473,0.0292,0.2956,0.2732167
0.0276,0.0457,0.0272,0.2902,0.24693042
0.0289,0.0469,0.0271,0.3046,0.23746702
0.0291,0.0459,0.0272,0.2954,0.22399996
0.0279,0.0462,0.0283,0.292,0.24696356
0.02905,0.0478,0.029,0.2646,0.24398181
0.02805,0.04405,0.0284,0.26,0.22191402
0.0291,0.04475,0.02855,0.2602,0.21191603
0.0305,0.04935,0.0307,0.2732,0.23606762
0.0283,0.04725,0.029,0.2777,0.25082725
0.0283,0.04605,0.0288,0.2741,0.23873572
0.0258,0.0423,0.02505,0.2764,0.24229074
0.02825,0.04485,0.0269,0.2757,0.22708617
0.02945,0.04875,0.0299,0.2948,0.24680306
0.02895,0.04965,0.0294,0.3107,0.26335877
0.029,0.0502,0.0302,0.2978,0.26767677
0.0284,0.04735,0.0277,0.2904,0.25016502
0.02795,0.04695,0.02835,0.2762,0.2536716
0.02855,0.04995,0.0288,0.2806,0.27261144
0.02855,0.04995,0.0288,0.2806,0.27261144
0.0292,0.05035,0.0286,0.3003,0.2658705
0.0298,0.0565,0.03005,0.3131,0.30938587
0.0309,0.0539,0.0311,0.3041,0.27122644
0.0305,0.05615,0.0322,0.3018,0.29601848
0.0305,0.0543,0.031,0.3,0.28066036
0.0282,0.0512,0.0288,0.2698,0.28967252
0.0281,0.0501,0.029,0.2784,0.2813299
0.0304,0.0565,0.0306,0.2872,0.3003452
0.03,0.0572,0.0306,0.2784,0.3119266
0.0292,0.0592,0.0301,0.2924,0.33936653
0.0292,0.05635,0.02965,0.28255,0.31735826
0.0284,0.0552,0.02885,0.27265,0.32057416
0.0286,0.05005,0.0284,0.2708,0.2727273
0.03,0.05795,0.0295,0.2921,0.31779423
0.03035,0.0606,0.03135,0.3215,0.33260036
0.0276,0.0476,0.0273,0.30535,0.26595747
0.0289,0.0475,0.0261,0.2806,0.24345551
0.0311,0.0516,0.0314,0.2872,0.24788395
0.0308,0.0509,0.0308,0.3008,0.24602206
0.0292,0.0534,0.0286,0.3066,0.2929782
0.0285,0.0525,0.029,0.2876,0.29629627
0.0292,0.0521,0.0301,0.2994,0.2816728
0.0257,0.04755,0.02775,0.26015,0.29829356
0.0287,0.0467,0.02825,0.2522,0.2387268
0.03045,0.0472,0.03005,0.2543,0.21571155
0.0301,0.046,0.0282,0.2425,0.20893562
0.02935,0.04485,0.03105,0.25,0.20889488
0.02605,0.04595,0.02765,0.2502,0.27638888
0.0264,0.0448,0.0291,0.2436,0.25842696
0.0301,0.0482,0.0326,0.2526,0.2311622
0.0301,0.0482,0.0326,0.2526,0.2311622
0.0277,0.0475,0.0305,0.2482,0.2632979
0.028,0.0448,0.03,0.2308,0.23076922
0.0265,0.04395,0.02535,0.2484,0.24769339
0.0297,0.04465,0.02895,0.2634,0.20107599
0.0313,0.0473,0.0297,0.2843,0.20356232
0.03165,0.04835,0.03045,0.28,0.20875
0.03315,0.04915,0.03015,0.2823,0.19441073
0.028,0.0459,0.0284,0.27855,0.24221918
0.0285,0.0456,0.02765,0.2955,0.23076923
0.0305,0.0499,0.0293,0.3579,0.24129352
0.0285,0.0496,0.0295,0.3416,0.27016646
0.026,0.0468,0.025,0.2858,0.28571427
0.028,0.0474,0.029,0.2874,0.25729442
0.0275,0.0472,0.0281,0.292,0.2637216
0.0271,0.0458,0.0255,0.2739,0.25651577
0.0276,0.0453,0.0257,0.2916,0.24279836
0.02645,0.04445,0.0271,0.2765,0.25387868
0.0289,0.0453,0.02885,0.2551,0.22102427
0.0294,0.0471,0.0284,0.2658,0.23137255
0.0315,0.04955,0.0292,0.2834,0.22270203
0.02725,0.04575,0.02915,0.2929,0.25342467
0.0261,0.04405,0.02635,0.2736,0.25588024
0.0261,0.0445,0.0246,0.2739,0.26062322
0.0291,0.046,0.02685,0.2774,0.22503327
0.0284,0.04815,0.0292,0.2836,0.2580013
0.0287,0.04865,0.02825,0.3025,0.25791857
0.02945,0.04855,0.02905,0.3064,0.24487181
0.02815,0.0472,0.02725,0.2881,0.2528202
0.029,0.04845,0.0284,0.2984,0.25112978
0.02865,0.05105,0.02985,0.3069,0.28105393
0.02865,0.05105,0.02985,0.3069,0.28105393
0.0304,0.0499,0.0296,0.3124,0.24283932
0.0301,0.0534,0.0304,0.3007,0.27904192
0.03145,0.0541,0.03115,0.3101,0.26475745
0.03185,0.0563,0.03245,0.3115,0.27736816
0.0325,0.0557,0.033,0.3098,0.26303855
0.0309,0.0505,0.0294,0.2773,0.24078627
0.0296,0.0509,0.0296,0.292,0.26459628
0.0314,0.0558,0.0304,0.306,0.2798165
0.0321,0.0592,0.0309,0.3078,0.29682368
0.0317,0.0611,0.0317,0.3256,0.31681034
0.03035,0.0608,0.0308,0.29975,0.33406475
0.03185,0.06025,0.031,0.2948,0.3083605
0.0312,0.0561,0.0323,0.2911,0.28522336
0.0319,0.05675,0.0305,0.3096,0.28031585
0.0323,0.05845,0.03165,0.3297,0.28815427
0.02805,0.0505,0.0268,0.3164,0.28580523
0.0279,0.0491,0.0256,0.2878,0.2753247
0.0288,0.0517,0.0298,0.2919,0.28447205
0.0297,0.0522,0.0308,0.2994,0.2747253
0.0294,0.053,0.0281,0.293,0.28640774
0.0296,0.0503,0.0282,0.2884,0.25907382
0.0308,0.0531,0.0293,0.2966,0.2657926
0.0267,0.04475,0.02685,0.2596,0.25262424
0.0294,0.04615,0.02765,0.2457,0.22170746
0.03075,0.0482,0.02965,0.2632,0.22102594
0.02995,0.0458,0.02935,0.2486,0.20924093
0.028,0.04525,0.0287,0.2519,0.23549487
0.02675,0.04485,0.02825,0.25715,0.25279328
0.0285,0.0481,0.0294,0.26,0.25587466
0.0285,0.0481,0.0294,0.26,0.25587466
0.0285,0.0477,0.0307,0.2547,0.2519685
0.0253,0.0427,0.0301,0.2313,0.25588235
0.0258,0.0422,0.0286,0.2266,0.24117643
0.0279,0.043,0.0267,0.264,0.21297605
0.02975,0.0468,0.02885,0.2822,0.22273022
0.02995,0.0474,0.03125,0.2891,0.22559793
0.03165,0.0504,0.0317,0.2996,0.22851922
0.03085,0.0517,0.0313,0.3019,0.25257418
0.0284,0.04525,0.02815,0.286,0.22878477
0.03005,0.0458,0.02845,0.2844,0.20764667
0.03165,0.0529,0.0307,0.3324,0.25133058
0.029,0.0538,0.0293,0.335,0.29951695
0.0271,0.048,0.028,0.2752,0.27829558
0.0282,0.0442,0.0267,0.2652,0.22099444
0.0274,0.047,0.0268,0.2644,0.26344085
0.0276,0.0451,0.0257,0.2564,0.24071527
0.0267,0.0449,0.0267,0.2908,0.25418997
0.02555,0.0449,0.0264,0.2705,0.27466288
0.0268,0.0434,0.02615,0.25285,0.23646727
0.0293,0.0466,0.02825,0.2555,0.22793145
0.0301,0.0487,0.0297,0.2876,0.23604064
0.02665,0.0445,0.02695,0.2977,0.25087842
0.0254,0.04265,0.02605,0.2639,0.2534901
0.0265,0.0443,0.0276,0.2771,0.25141245
0.0286,0.04415,0.0271,0.2691,0.21374568
0.02715,0.0458,0.0281,0.2685,0.25565457
0.0284,0.04965,0.02745,0.3033,0.27226135
0.0281,0.05085,0.02745,0.315,0.28815705
0.0274,0.046,0.02835,0.2873,0.253406
0.0292,0.0514,0.0289,0.2893,0.27543423
0.02985,0.0499,0.02995,0.3111,0.25141063
0.02985,0.0499,0.02995,0.3111,0.25141063
0.029,0.0497,0.0291,0.3166,0.26302415
0.0302,0.05345,0.0304,0.3153,0.2779438
0.03005,0.05395,0.02995,0.3121,0.28452381
0.03175,0.05365,0.0312,0.3087,0.25644025
0.0315,0.0534,0.0312,0.3077,0.2579505
0.0293,0.0483,0.0292,0.2922,0.24484538
0.0299,0.0478,0.0277,0.2858,0.23037323
0.0309,0.0532,0.0289,0.31,0.2651605
0.0306,0.0572,0.0307,0.314,0.3029613
0.031,0.0599,0.0306,0.335,0.3179318
0.03165,0.058,0.0296,0.2963,0.2939208
0.0321,0.05725,0.0329,0.2944,0.28147736
0.03385,0.0566,0.0339,0.2972,0.2515202
0.0319,0.0581,0.03185,0.3237,0.2911111
0.03235,0.06005,0.0307,0.3409,0.29978356
0.0286,0.05055,0.0268,0.3024,0.27732155
0.0299,0.0496,0.0268,0.301,0.24779876
0.0292,0.0507,0.0294,0.311,0.26908636
0.028,0.052,0.0289,0.2976,0.3
0.0291,0.0489,0.0271,0.2872,0.25384614
0.029,0.0504,0.0284,0.2842,0.26952142
0.0314,0.0534,0.0313,0.2916,0.25943395
0.0272,0.04505,0.0276,0.2496,0.2470588
0.0291,0.04625,0.0293,0.253,0.22760451
0.0297,0.0485,0.0324,0.263,0.24040924
0.0295,0.04605,0.02995,0.2609,0.21906023
0.02745,0.04475,0.02655,0.2516,0.23961219
0.02735,0.0442,0.0281,0.2475,0.23549967
0.0263,0.0476,0.0304,0.2382,0.28822735
0.0263,0.0476,0.0304,0.2382,0.28822735
0.0262,0.0448,0.0303,0.2498,0.26197183
0.0274,0.0428,0.0289,0.2438,0.21937323
0.0276,0.0458,0.0298,0.2376,0.24795642
0.02995,0.0458,0.0281,0.2708,0.20924093
0.03,0.04805,0.02905,0.2907,0.23126203
0.02925,0.04745,0.03045,0.289,0.23728812
0.03075,0.048,0.0284,0.2893,0.21904762
0.03025,0.0485,0.0297,0.302,0.23174605
0.02705,0.0453,0.0271,0.2922,0.25224605
0.0289,0.04675,0.0283,0.2885,0.23595509
0.0325,0.0531,0.02995,0.30345,0.24065422
0.0312,0.0549,0.0296,0.3124,0.27526137
0.0276,0.0478,0.0274,0.2756,0.26790452
0.027,0.0458,0.0284,0.2746,0.25824174
0.0264,0.0464,0.0272,0.271,0.2747253
0.0272,0.0438,0.0269,0.2658,0.23380281
0.0263,0.0471,0.0272,0.2898,0.28337875
0.02515,0.0456,0.0255,0.2827,0.28904596
0.02415,0.04285,0.02365,0.2539,0.27910444
0.0271,0.0453,0.0263,0.259,0.2513812
0.0279,0.04805,0.02765,0.2852,0.26530617
0.02355,0.04185,0.0234,0.2642,0.2798165
0.0259,0.04195,0.02385,0.28295,0.23655118
0.028,0.04685,0.02805,0.2889,0.251837
0.0273,0.04445,0.02815,0.2712,0.23902439
0.02655,0.04345,0.02615,0.2621,0.24142858
0.02955,0.048,0.02745,0.2909,0.23791103
0.02795,0.0484,0.0272,0.3015,0.26784542
0.0279,0.04475,0.0284,0.28145,0.23193395
0.03185,0.05145,0.03115,0.2872,0.23529413
0.03185,0.05145,0.03115,0.2872,0.23529413
0.0298,0.05115,0.03055,0.3056,0.26374307
0.0293,0.0508,0.02785,0.3477,0.26841447
0.0307,0.05455,0.0297,0.3553,0.2797654
0.02995,0.0532,0.0294,0.316,0.27961513
0.0296,0.05035,0.02755,0.3033,0.25953722
0.0294,0.0509,0.0291,0.3076,0.26774594
0.0283,0.049,0.0289,0.301,0.2677878
0.0287,0.0484,0.0276,0.2906,0.25551233
0.0316,0.0556,0.0301,0.3138,0.27522936
0.0303,0.0598,0.0305,0.3104,0.32741398
0.0294,0.0532,0.0278,0.305,0.2881356
0.03025,0.0543,0.0289,0.30265,0.28444707
0.0317,0.05465,0.03115,0.30425,0.2657788
0.03235,0.056,0.0323,0.3087,0.26768535
0.03285,0.058,0.03275,0.3168,0.27682993
0.0328,0.0595,0.03,0.3418,0.28927413
0.0308,0.0537,0.0302,0.315,0.27100593
0.0318,0.0546,0.0326,0.3108,0.26388887
0.0311,0.0543,0.0322,0.304,0.27166277
0.031,0.0533,0.03,0.2928,0.26453146
0.0303,0.0495,0.0289,0.288,0.24060148
0.0301,0.0527,0.0301,0.2774,0.2729469
0.0303,0.0511,0.0309,0.2707,0.25552827
0.0291,0.0463,0.0286,0.2538,0.2281167
0.02945,0.04845,0.03095,0.2581,0.24390246
0.0291,0.04565,0.0288,0.2582,0.22140467
0.0273,0.04365,0.02745,0.2567,0.23044398
0.02555,0.04125,0.02645,0.2304,0.23502997
0.0258,0.04295,0.0279,0.2426,0.24945454
0.0255,0.0452,0.0289,0.247,0.27864215
0.0255,0.0452,0.0289,0.247,0.27864215
0.0267,0.0462,0.0309,0.2564,0.26748973
0.0271,0.0469,0.0296,0.2518,0.26756757
0.0264,0.0455,0.031,0.2452,0.26564673
0.0283,0.0442,0.0284,0.2796,0.21931034
0.0294,0.0457,0.0293,0.295,0.21704392
0.02745,0.0457,0.0279,0.2679,0.24948733
0.03035,0.04605,0.0276,0.2805,0.20549741
0.0293,0.04715,0.02765,0.2955,0.23348592
0.02665,0.04335,0.0254,0.2851,0.23857142
0.0283,0.04555,0.0267,0.29825,0.23358159
0.03035,0.05095,0.02965,0.30455,0.25338253
0.0305,0.0536,0.03,0.314,0.27467299
0.0277,0.0474,0.0272,0.2756,0.2623169
0.0276,0.0448,0.027,0.274,0.23756905
0.0266,0.0477,0.0261,0.2852,0.28398386
0.0265,0.0437,0.0253,0.2784,0.24501424
0.0263,0.0437,0.0252,0.2912,0.24857141
0.0279,0.0449,0.0241,0.2884,0.23351651
0.0244,0.0431,0.0252,0.2714,0.27703705
0.0254,0.0428,0.023,0.2486,0.255132
0.0263,0.0457,0.0259,0.278,0.26944444
0.0268,0.0493,0.026,0.298,0.29566363
0.0272,0.0505,0.0295,0.2986,0.2998713
0.03,0.0502,0.0309,0.3008,0.25187033
0.0292,0.0465,0.028,0.2938,0.22853369
0.0268,0.0449,0.0267,0.2658,0.25244075
0.0296,0.0483,0.0296,0.2788,0.24005137
0.0294,0.0455,0.0273,0.288,0.21495324
0.0289,0.0484,0.0284,0.2891,0.25226393
0.0302,0.04995,0.03205,0.279,0.24641296
0.0302,0.04995,0.03205,0.279,0.24641296
0.0293,0.049,0.03135,0.2979,0.2515964
0.0307,0.05245,0.0287,0.3516,0.2615755
0.0288,0.0539,0.0296,0.369,0.30350664
0.02945,0.0526,0.02705,0.3252,0.28214505
0.02925,0.049,0.0274,0.3036,0.25239617
0.0305,0.0545,0.0305,0.298,0.28235292
0.0282,0.0518,0.0293,0.2984,0.29500002
0.0288,0.0489,0.0292,0.2934,0.25868726
0.0314,0.0558,0.0317,0.3098,0.2798165
0.0312,0.0564,0.0287,0.3084,0.28767127
0.0292,0.0518,0.0274,0.299,0.27901235
0.03,0.0535,0.0292,0.2996,0.28143716
0.0307,0.0543,0.0299,0.3112,0.27764705
0.031,0.0567,0.0307,0.2976,0.29304448
0.0318,0.0587,0.0318,0.3098,0.29723755
0.0337,0.0622,0.0313,0.3356,0.29718456
0.0318,0.0576,0.0316,0.3252,0.28859058
0.0314,0.0516,0.0316,0.2858,0.24337351
0.0311,0.0539,0.0313,0.2852,0.2682353
0.0312,0.0514,0.0316,0.2852,0.24455206
0.0298,0.0507,0.0307,0.2968,0.25962734
0.03,0.0518,0.0299,0.2688,0.2665037
0.0293,0.0464,0.0295,0.2612,0.22589166
0.028,0.0472,0.02825,0.2491,0.25531915
0.0274,0.0448,0.0286,0.2539,0.24099721
0.0291,0.0441,0.0282,0.2514,0.20491804
0.028,0.0461,0.0303,0.2521,0.24426451
0.0255,0.04185,0.0265,0.2414,0.2427617
0.027,0.04625,0.03005,0.2624,0.2627986
0.02465,0.0427,0.0288,0.25,0.26800296
0.02465,0.0427,0.0288,0.25,0.26800296
0.0258,0.0446,0.0276,0.24365,0.26704544
0.02495,0.04465,0.03045,0.2504,0.28304598
0.02505,0.0434,0.0295,0.2516,0.2680789
0.0283,0.0473,0.028,0.3108,0.25132275
0.0291,0.0467,0.0286,0.2918,0.23218997
0.02705,0.0445,0.02595,0.2794,0.24388543
0.03075,0.049,0.0291,0.28265,0.2288401
0.03005,0.04785,0.0299,0.2934,0.22849809
0.0276,0.04385,0.02645,0.2854,0.22743177
0.02685,0.0467,0.02615,0.29755,0.26988444
0.03015,0.04975,0.02985,0.3273,0.24530664
0.0302,0.0527,0.0305,0.3216,0.27141133
0.0277,0.0449,0.0275,0.2714,0.2369146
0.0274,0.045,0.0269,0.284,0.24309394
0.0246,0.0436,0.0249,0.2891,0.2785924
0.0236,0.0412,0.0234,0.2908,0.27160493
0.0255,0.043,0.0247,0.293,0.25547448
0.0288,0.045,0.0244,0.2917,0.21951224
0.026,0.0433,0.0239,0.2828,0.24963924
0.0254,0.0404,0.0217,0.2646,0.22796352
0.0286,0.0468,0.0242,0.2906,0.2413793
0.0294,0.0519,0.0287,0.2946,0.27675277
0.031,0.0516,0.0339,0.3134,0.24939471
0.0306,0.0506,0.0299,0.3198,0.2463054
0.03,0.0478,0.0284,0.3054,0.2287918
0.0265,0.0469,0.0261,0.2674,0.2779292
0.0304,0.0444,0.0288,0.2676,0.18716575
0.0305,0.0469,0.0292,0.2834,0.2118863
0.0309,0.0504,0.0314,0.2876,0.23985241
0.03065,0.0494,0.0324,0.27135,0.23422864
0.03065,0.0494,0.0324,0.27135,0.23422864
0.0293,0.0499,0.0311,0.2828,0.260101
0.0296,0.05305,0.0307,0.3179,0.28372657
0.0284,0.0551,0.0288,0.3385,0.3197605
0.0292,0.05235,0.02775,0.32055,0.2838749
0.0308,0.0496,0.0301,0.319,0.23383085
0.0317,0.0548,0.0312,0.3216,0.267052
0.0291,0.0509,0.0281,0.2994,0.2725
0.0305,0.0526,0.0288,0.293,0.26594466
0.0314,0.0557,0.0313,0.3044,0.2789897
0.0307,0.0555,0.0291,0.2978,0.28770304
0.0303,0.0539,0.0298,0.293,0.28028503
0.0315,0.0561,0.0321,0.291,0.28082192
0.0304,0.0553,0.0313,0.3046,0.2905484
0.0308,0.0582,0.03,0.2896,0.30786517
0.0323,0.0604,0.0316,0.3078,0.3031284
0.0347,0.0605,0.0341,0.3344,0.2710084
0.0332,0.058,0.0326,0.3219,0.27192983
0.0323,0.0549,0.0316,0.2968,0.25917435
0.0318,0.0547,0.0327,0.2852,0.26473984
0.0313,0.0517,0.0339,0.2918,0.2457831
0.032,0.0537,0.0324,0.3068,0.25320885
0.0322,0.0517,0.0323,0.2844,0.23241952
0.0295,0.0498,0.0313,0.2632,0.2559899
0.02665,0.04565,0.0284,0.2519,0.26279393
0.02735,0.0427,0.0285,0.26885,0.2191292
0.0277,0.0472,0.0301,0.2643,0.26034716
0.0288,0.04755,0.0332,0.2511,0.24557957
0.02695,0.0459,0.0311,0.25145,0.26012352
0.02735,0.0479,0.0307,0.2749,0.2730897
0.02735,0.0479,0.0307,0.2749,0.2730897
0.02395,0.04335,0.0278,0.2505,0.28826153
0.0242,0.04215,0.0274,0.2266,0.27053502
0.0283,0.04335,0.0289,0.237,0.21004885
0.0277,0.04635,0.02995,0.2599,0.25185686
0.0258,0.0471,0.026,0.3118,0.29218107
0.0274,0.0476,0.0262,0.2918,0.26933333
0.02825,0.04625,0.02775,0.2896,0.24161075
0.0291,0.05075,0.03015,0.2944,0.27113333
0.02685,0.0459,0.0283,0.2712,0.26185563
0.0262,0.0438,0.02705,0.2718,0.25142857
0.02615,0.0431,0.0261,0.2969,0.24476534
0.02795,0.05025,0.02895,0.3372,0.28516626
0.0289,0.0541,0.0292,0.3284,0.30361447
0.0269,0.0483,0.0275,0.2708,0.28457445
0.0259,0.0458,0.0261,0.2773,0.27754533
0.0239,0.0432,0.0231,0.2884,0.2876304
0.0223,0.0397,0.0218,0.289,0.2806452
0.026,0.0434,0.0252,0.288,0.25072047
0.0254,0.0467,0.0264,0.2766,0.29542303
0.0234,0.0395,0.0225,0.2498,0.2559619
0.0246,0.0396,0.023,0.2556,0.23364487
0.0269,0.045,0.0272,0.291,0.25173852
0.0303,0.0491,0.0311,0.2886,0.2367758
0.0302,0.0506,0.0329,0.2954,0.25247523
0.0298,0.0481,0.0291,0.3162,0.23491654
0.03,0.0479,0.0303,0.2998,0.22978176
0.0298,0.0485,0.0286,0.283,0.23882505
0.0316,0.0489,0.0304,0.2768,0.21490686
0.0328,0.0501,0.0339,0.2858,0.20868514
0.0301,0.049,0.0304,0.2773,0.23893805
0.0301,0.049,0.0304,0.2773,0.23893805
0.0287,0.04655,0.0321,0.2693,0.23720929
0.0306,0.0516,0.0327,0.2771,0.25547445
0.03205,0.05405,0.0307,0.3148,0.25551686
0.0294,0.05595,0.02965,0.3098,0.31107205
0.0299,0.0545,0.0296,0.3176,0.2914692
0.0303,0.0556,0.0311,0.3351,0.29452848
0.0307,0.0555,0.0307,0.3366,0.28770304
0.0295,0.0512,0.0287,0.3157,0.26889715
0.0314,0.0553,0.0312,0.305,0.27566323
0.0315,0.0565,0.0321,0.31,0.2840909
0.0326,0.0576,0.0314,0.3006,0.27716184
0.0312,0.0585,0.0332,0.3038,0.30434784
0.0316,0.058,0.0336,0.3216,0.29464287
0.0306,0.0555,0.0314,0.3084,0.2891986
0.0313,0.0591,0.0315,0.3068,0.30752212
0.0324,0.0619,0.0341,0.335,0.31283137
0.033,0.0602,0.0343,0.3604,0.29184547
0.0349,0.0598,0.0351,0.3376,0.2629356
0.0344,0.0591,0.0372,0.3146,0.2641711
0.0303,0.0536,0.0323,0.292,0.27771154
0.0298,0.0539,0.0328,0.3088,0.28793308
0.0304,0.0531,0.0318,0.3232,0.2718563
0.029,0.052,0.03,0.3028,0.28395063
0.0294,0.0488,0.0292,0.2934,0.24808183
0.02765,0.0444,0.02935,0.2876,0.23247743
0.0269,0.0456,0.0285,0.2865,0.25793102
0.02575,0.0464,0.0264,0.28,0.2862093
0.0267,0.0452,0.02965,0.2489,0.25730184
0.02615,0.0467,0.02815,0.247,0.2820865
0.0266,0.046,0.0285,0.2662,0.26721764
0.0266,0.046,0.0285,0.2662,0.26721764
0.02475,0.0464,0.0262,0.2538,0.30428672
0.02625,0.0415,0.0249,0.2365,0.22509225
0.0262,0.0479,0.0284,0.2521,0.29284748
0.02695,0.04745,0.02875,0.2517,0.2755376
0.0272,0.0473,0.026,0.3306,0.26979864
0.0302,0.0491,0.0275,0.3072,0.23833543
0.0286,0.0507,0.0295,0.3193,0.27868855
0.02815,0.04655,0.02795,0.3019,0.2463186
0.02785,0.04705,0.0266,0.2784,0.2563418
0.02725,0.04595,0.0256,0.2756,0.25546446
0.0253,0.0416,0.02425,0.2649,0.24364723
0.0265,0.04515,0.02405,0.2802,0.2602931
0.0253,0.0426,0.0245,0.2786,0.25478643
0.0251,0.0397,0.0235,0.2564,0.22530866
0.0251,0.0389,0.0227,0.2698,0.215625
0.0234,0.0415,0.0225,0.2814,0.2788906
0.0219,0.0387,0.0218,0.2768,0.27722773
0.0241,0.0432,0.0237,0.2644,0.28380388
0.0254,0.0425,0.0238,0.2422,0.25184095
0.0232,0.0382,0.0216,0.2622,0.24429967
0.0263,0.0449,0.0258,0.2836,0.26123595
0.0289,0.049,0.028,0.2834,0.2580231
0.0286,0.0446,0.031,0.2792,0.21857922
0.029,0.0494,0.0306,0.282,0.2602041
0.031,0.0494,0.032,0.299,0.22885573
0.0294,0.0493,0.0322,0.3024,0.25285897
0.029,0.0477,0.0316,0.298,0.24380703
0.0316,0.0521,0.0344,0.3002,0.24492234
0.0332,0.0531,0.036,0.3062,0.23059098
0.0292,0.049,0.0321,0.2912,0.25319692
0.0292,0.049,0.0321,0.2912,0.25319692
0.02935,0.0475,0.03145,0.2854,0.23617437
0.03115,0.05275,0.03305,0.2961,0.25744933
0.0309,0.05695,0.03075,0.3238,0.2965282
0.03005,0.0546,0.03115,0.3112,0.29001772
0.03055,0.0552,0.03135,0.316,0.28746358
0.03085,0.05565,0.03175,0.3088,0.28670517
0.0316,0.0564,0.0327,0.3288,0.2818182
0.0301,0.0579,0.0311,0.323,0.31590912
0.0307,0.0553,0.0309,0.3096,0.2860465
0.0319,0.0552,0.0324,0.2994,0.2675086
0.0336,0.0575,0.0345,0.314,0.2623491
0.0332,0.0598,0.0364,0.3146,0.28602153
0.0329,0.0603,0.0357,0.3218,0.29399142
0.0307,0.0577,0.0314,0.3206,0.30542988
0.0331,0.0602,0.0322,0.3204,0.29046085
0.0349,0.0607,0.034,0.3392,0.2698745
0.0338,0.0598,0.0317,0.3496,0.2777778
0.0346,0.0594,0.0349,0.3296,0.2638298
0.0333,0.0576,0.0332,0.3086,0.26732668
0.0309,0.0545,0.0307,0.3056,0.2763466
0.0314,0.0598,0.032,0.3212,0.31140354
0.0297,0.0554,0.03,0.3403,0.30199766
0.0284,0.0538,0.0289,0.337,0.30900243
0.0284,0.0506,0.0282,0.3206,0.28101265
0.02715,0.045,0.02865,0.3124,0.24740128
0.0275,0.0486,0.02805,0.3082,0.27726674
0.0257,0.0485,0.02635,0.2865,0.30727765
0.02495,0.0449,0.0267,0.2501,0.28561205
0.02675,0.0456,0.0272,0.2659,0.26053905
0.02735,0.0489,0.02965,0.2774,0.28262296
0.02735,0.0489,0.02965,0.2774,0.28262296
0.02445,0.04555,0.02825,0.262,0.30142856
0.0258,0.04595,0.0268,0.2527,0.28083622
0.0276,0.0457,0.02795,0.2591,0.24693042
0.02665,0.04645,0.02775,0.2559,0.27086183
0.0287,0.0499,0.0273,0.353,0.2697201
0.0298,0.0494,0.0274,0.3262,0.24747477
0.02775,0.04945,0.02825,0.3157,0.28108808
0.0271,0.04605,0.02685,0.3004,0.25905675
0.0286,0.0479,0.02695,0.2889,0.25228757
0.0285,0.04565,0.0264,0.2791,0.23128794
0.02525,0.04195,0.0243,0.251,0.24851188
0.0246,0.0394,0.02315,0.2507,0.23125003
0.0233,0.0391,0.022,0.2648,0.25320512
0.0241,0.0386,0.0215,0.28,0.23125997
0.0245,0.0393,0.0223,0.2714,0.23197491
0.0239,0.0414,0.0225,0.2624,0.26799387
0.0236,0.0426,0.0214,0.258,0.287009
0.024,0.0435,0.022,0.2458,0.2888889
0.0229,0.0399,0.0234,0.2574,0.27070063
0.0241,0.042,0.0225,0.279,0.2708018
0.0274,0.0456,0.0276,0.284,0.24931508
0.0289,0.0472,0.03,0.2734,0.24047309
0.0271,0.0429,0.0281,0.262,0.22571428
0.0292,0.0441,0.0286,0.2728,0.20327422
0.032,0.049,0.0306,0.2946,0.20987651
0.0302,0.0488,0.0319,0.2984,0.23544303
0.0308,0.0477,0.0332,0.2946,0.21528661
0.0324,0.0545,0.0335,0.306,0.2543153
0.0342,0.0534,0.0339,0.3196,0.21917805
0.0318,0.0511,0.0349,0.3104,0.2328106
0.0318,0.0511,0.0349,0.3104,0.2328106
0.03145,0.0517,0.032,0.3017,0.24353579
0.03255,0.0549,0.03535,0.3187,0.25557464
0.0314,0.05715,0.03135,0.3154,0.29079616
0.0301,0.0532,0.02975,0.2919,0.27731094
0.02845,0.05215,0.0308,0.2706,0.29404467
0.0305,0.0556,0.03315,0.2919,0.2915215
0.0313,0.06,0.034,0.3182,0.31434828
0.0301,0.0554,0.0298,0.3118,0.29590642
0.0288,0.0536,0.0285,0.2998,0.30097088
0.0296,0.0517,0.03,0.2934,0.27183273
0.033,0.057,0.0336,0.3056,0.26666665
0.0332,0.0596,0.0369,0.3156,0.28448275
0.0334,0.0606,0.0347,0.3164,0.28936175
0.0312,0.0579,0.0325,0.3046,0.2996633
0.0319,0.0562,0.0328,0.3082,0.27582294
0.0328,0.0581,0.0332,0.333,0.27832782
0.0309,0.0572,0.0312,0.3142,0.2985244
0.0332,0.0546,0.0328,0.2978,0.24373579
0.0319,0.0543,0.0328,0.31,0.25986078
0.0317,0.0546,0.0317,0.3022,0.2653534
0.0353,0.0629,0.0341,0.3366,0.28105903
0.0333,0.0633,0.032,0.3566,0.310559
0.0316,0.0604,0.03,0.35,0.3130435
0.0286,0.0551,0.0283,0.3353,0.31660694
0.02685,0.04885,0.0273,0.3133,0.29062086
0.02795,0.05405,0.02805,0.3203,0.31829265
0.0269,0.05005,0.0288,0.3084,0.30084473
0.0246,0.04505,0.0264,0.2683,0.29361093
0.0272,0.0487,0.0298,0.2729,0.28326747
0.027,0.05085,0.02975,0.2829,0.30635837
0.027,0.05085,0.02975,0.2829,0.30635837
0.025,0.0471,0.02875,0.2683,0.30651873
0.0264,0.04755,0.02855,0.2611,0.28600407
0.02815,0.04635,0.0305,0.2631,0.2442953
0.02745,0.04685,0.02965,0.2775,0.26110363
0.028,0.053,0.027,0.3636,0.30864197
0.028,0.0502,0.0268,0.3242,0.28388748
0.0261,0.0437,0.02555,0.303,0.252149
0.0266,0.04445,0.02545,0.2887,0.25123152
0.02795,0.0467,0.02735,0.29465,0.25117213
0.02745,0.0472,0.0272,0.3004,0.26456797
0.02635,0.03995,0.0247,0.2607,0.20512818
0.0261,0.04315,0.02535,0.2573,0.24620938
0.0241,0.0386,0.0224,0.2596,0.23125997
0.024,0.0382,0.0206,0.2806,0.2282958
0.0232,0.0391,0.0222,0.28,0.2552167
0.0244,0.0412,0.0218,0.2728,0.25609758
0.0242,0.0417,0.0217,0.2734,0.26555392
0.0225,0.0384,0.0207,0.2674,0.26108375
0.025,0.042,0.0234,0.2862,0.2537313
0.0256,0.0412,0.0241,0.2818,0.23353297
0.0275,0.0451,0.0278,0.2732,0.24242425
0.0269,0.0435,0.0276,0.2705,0.23579542
0.0267,0.0429,0.0265,0.2566,0.23275863
0.0278,0.047,0.0286,0.273,0.25668448
0.0306,0.049,0.03,0.289,0.23115577
0.0292,0.0467,0.0293,0.2976,0.23056653
0.03,0.0476,0.0308,0.2962,0.22680414
0.0312,0.0535,0.032,0.2958,0.26328218
0.0329,0.0536,0.032,0.316,0.2393063
0.0314,0.0527,0.034,0.3052,0.25326994
0.0314,0.0527,0.034,0.3052,0.25326994
0.0295,0.04905,0.0322,0.3014,0.24888606
0.03195,0.0553,0.03115,0.3148,0.2676218
0.0304,0.0551,0.0295,0.3049,0.2888889
0.02845,0.0514,0.0275,0.2718,0.2874139
0.0295,0.0538,0.02895,0.2918,0.2917167
0.03145,0.06,0.0319,0.3284,0.31219244
0.0304,0.058,0.0302,0.3116,0.31221718
0.0287,0.0534,0.0277,0.3076,0.30085263
0.0288,0.0525,0.028,0.3044,0.2915129
0.0304,0.0505,0.0284,0.2916,0.2484549
0.0322,0.054,0.0329,0.3042,0.25290024
0.0303,0.0545,0.032,0.295,0.28537735
0.0305,0.0559,0.0296,0.2896,0.29398146
0.0288,0.055,0.0291,0.2706,0.31264916
0.0323,0.0551,0.0318,0.2854,0.2608696
0.0326,0.0563,0.0312,0.3152,0.26659167
0.0308,0.0537,0.0306,0.2863,0.27100593
0.0321,0.0547,0.0342,0.2768,0.26036867
0.0337,0.0567,0.0352,0.3012,0.25442478
0.0322,0.0528,0.0325,0.2806,0.24235292
0.0345,0.0634,0.0361,0.3218,0.2951992
0.0368,0.0678,0.0365,0.3702,0.2963671
0.0362,0.0678,0.0329,0.382,0.30384612
0.0302,0.059,0.0302,0.3277,0.32286993
0.02835,0.04725,0.0253,0.2768,0.25
0.03245,0.05615,0.033,0.3237,0.26749435
0.03135,0.0571,0.033,0.345,0.29112494
0.0262,0.0454,0.02845,0.2751,0.2681564
0.02715,0.04685,0.02895,0.2846,0.26621622
0.02715,0.04685,0.02895,0.2846,0.26621622
0.02595,0.0467,0.02745,0.2768,0.28561598
0.02675,0.046,0.0282,0.2616,0.2646048
0.0271,0.04905,0.03105,0.2752,0.28824687
0.0271,0.04565,0.03025,0.2723,0.25498283
0.0271,0.05115,0.0297,0.2925,0.30734822
0.0282,0.0543,0.0277,0.3364,0.31636363
0.0279,0.0502,0.0258,0.3094,0.2855314
0.02715,0.04335,0.02505,0.2816,0.22978723
0.02765,0.04395,0.02715,0.279,0.22765362
0.0269,0.04265,0.0267,0.2782,0.22645576
0.02505,0.0456,0.02625,0.2828,0.29087052
0.02385,0.0423,0.02445,0.2738,0.27891156
0.0277,0.0464,0.02735,0.2754,0.25236166
0.0258,0.04435,0.0246,0.2715,0.2644333
0.02485,0.041,0.02105,0.2695,0.24525437
0.02245,0.03905,0.02065,0.2856,0.2699187
0.0236,0.04075,0.0218,0.28145,0.26651126
0.0253,0.0448,0.02465,0.2881,0.27817404
0.02235,0.0423,0.0217,0.2834,0.3085847
0.02535,0.0475,0.02425,0.3069,0.30404937
0.02605,0.04325,0.0258,0.2802,0.24819624
0.02855,0.04745,0.0291,0.2823,0.24868418
0.0284,0.0444,0.0271,0.2755,0.21978022
0.02685,0.04355,0.0253,0.2726,0.2372159
0.0263,0.0478,0.02815,0.2814,0.29014844
0.0293,0.0476,0.0289,0.279,0.23797138
0.0298,0.0462,0.0313,0.3002,0.21578948
0.0302,0.0503,0.032,0.312,0.24968942
0.031,0.0491,0.0289,0.2958,0.22596756
0.0298,0.0509,0.0304,0.294,0.2614622
0.0298,0.0509,0.0304,0.294,0.2614622
0.0307,0.0508,0.0301,0.2872,0.24662575
0.0303,0.0529,0.03125,0.3011,0.2716346
0.0314,0.0521,0.0304,0.31005,0.2479042
0.02985,0.05165,0.0286,0.2912,0.26748464
0.0283,0.05305,0.0289,0.2898,0.30424094
0.0312,0.0565,0.02865,0.3014,0.28848347
0.0323,0.06125,0.0321,0.3241,0.30946022
0.0312,0.0605,0.0308,0.321,0.31952018
0.0312,0.0597,0.0319,0.3222,0.31353137
0.0298,0.0558,0.0298,0.313,0.30373833
0.0299,0.0524,0.0298,0.2986,0.27339005
0.0313,0.0536,0.0327,0.302,0.26266193
0.029,0.0525,0.0313,0.2912,0.28834358
0.0305,0.0536,0.0292,0.2792,0.27467299
0.0295,0.055,0.0298,0.271,0.30177516
0.0316,0.0548,0.0325,0.2868,0.26851854
0.0308,0.055,0.0307,0.2934,0.2820513
0.0304,0.0501,0.0295,0.264,0.24472047
0.0332,0.0539,0.0352,0.2836,0.23765787
0.0326,0.0579,0.0351,0.301,0.27955803
0.0307,0.0561,0.0322,0.2828,0.2926267
0.0336,0.0602,0.0343,0.309,0.2835821
0.0365,0.0655,0.0359,0.3606,0.2843137
0.0337,0.0669,0.0352,0.3732,0.33001986
0.0314,0.0602,0.0313,0.337,0.31441048
0.029,0.0501,0.029,0.2941,0.26675096
0.03615,0.0606,0.03865,0.3461,0.25271317
0.03355,0.06305,0.03565,0.3712,0.30538303
0.0264,0.045,0.02595,0.2969,0.26050422
0.0262,0.0459,0.02985,0.3045,0.2732316
0.0262,0.0459,0.02985,0.3045,0.2732316
0.0252,0.04465,0.02945,0.2843,0.27845383
0.0271,0.0496,0.02845,0.2849,0.29335073
0.02755,0.05005,0.02985,0.2916,0.28994846
0.02635,0.0438,0.02705,0.2941,0.24875265
0.02685,0.05155,0.02875,0.3005,0.31505102
0.029,0.0533,0.0274,0.3262,0.29526126
0.0283,0.0502,0.0276,0.321,0.27898088
0.0281,0.0458,0.027,0.2878,0.23951286
0.02775,0.048,0.02745,0.2754,0.26732674
0.0267,0.046,0.0275,0.2673,0.26547456
0.02745,0.04575,0.0277,0.2756,0.24999997
0.0261,0.0418,0.02545,0.2832,0.23122238
0.0266,0.0463,0.0266,0.28695,0.27023324
0.0257,0.04405,0.02355,0.2727,0.26308247
0.0239,0.0383,0.0213,0.24245,0.23151124
0.02285,0.03625,0.0203,0.2571,0.22673436
0.0247,0.04395,0.02245,0.2794,0.28040785
0.026,0.0451,0.02365,0.297,0.26863572
0.02345,0.04175,0.02105,0.2912,0.28067482
0.02355,0.0448,0.02335,0.30335,0.31089973
0.02535,0.0449,0.0254,0.28625,0.2782918
0.0277,0.0453,0.0273,0.2824,0.24109589
0.02575,0.0447,0.02635,0.2786,0.2689851
0.02585,0.0444,0.02485,0.2771,0.26405695
0.02915,0.04855,0.02835,0.2957,0.24967824
0.031,0.0498,0.0317,0.2964,0.2326733
0.0298,0.0495,0.0326,0.3074,0.24842371
0.03,0.0534,0.0318,0.3141,0.28057554
0.0287,0.0482,0.0291,0.2918,0.2535761
0.032,0.0521,0.0301,0.2978,0.23900115
0.032,0.0521,0.0301,0.2978,0.23900115
0.0304,0.0508,0.0312,0.2972,0.2512315
0.03135,0.0533,0.0316,0.312,0.259303
0.02855,0.0545,0.0296,0.3126,0.31246236
0.02865,0.0519,0.0274,0.2803,0.2886406
0.02885,0.05935,0.0297,0.3008,0.34580496
0.0309,0.05915,0.0302,0.3031,0.3137146
0.03245,0.0631,0.03095,0.3182,0.32077447
0.0323,0.0595,0.0312,0.3168,0.2962963
0.0337,0.0636,0.0314,0.3348,0.30729702
0.0309,0.0581,0.0312,0.3232,0.305618
0.0317,0.0548,0.032,0.2974,0.267052
0.0311,0.0561,0.0343,0.3016,0.28669724
0.0311,0.0555,0.0328,0.3104,0.2817552
0.0302,0.0579,0.0314,0.2964,0.31441543
0.0302,0.0577,0.0318,0.2986,0.3128555
0.0309,0.0579,0.0318,0.2941,0.30405408
0.0305,0.055,0.0307,0.277,0.2865497
0.0297,0.0469,0.0291,0.258,0.2245431
0.0314,0.0539,0.0338,0.2884,0.26377493
0.0338,0.0601,0.0353,0.314,0.28008524
0.0298,0.0557,0.0312,0.2906,0.30292398
0.0297,0.0576,0.0316,0.2996,0.31958762
0.0335,0.0611,0.0318,0.3138,0.29175472
0.0353,0.0639,0.0308,0.3476,0.28830644
0.033,0.0615,0.0343,0.3528,0.3015873
0.03125,0.05855,0.03305,0.3333,0.3040089
0.03675,0.0645,0.03915,0.3764,0.27407405
0.03295,0.06515,0.0349,0.3805,0.32823652
0.0268,0.04675,0.0264,0.3051,0.27124408
0.0266,0.0479,0.02895,0.3018,0.28590605
0.0266,0.0479,0.02895,0.3018,0.28590605
0.0272,0.0467,0.02995,0.2945,0.2638701
0.0272,0.05185,0.02925,0.3164,0.31182796
0.0264,0.0492,0.02655,0.319,0.30158728
0.0267,0.04705,0.02485,0.3088,0.27593222
0.0276,0.05295,0.0274,0.3203,0.31471133
0.0292,0.0529,0.0292,0.319,0.28867236
0.028,0.0508,0.0281,0.321,0.28934008
0.02695,0.04645,0.0287,0.3067,0.2656676
0.0272,0.0469,0.0291,0.287,0.26585695
0.0279,0.04685,0.0304,0.2849,0.25351173
0.0263,0.0446,0.02425,0.2838,0.25811
0.0248,0.04345,0.025,0.2895,0.2732601
0.0257,0.0467,0.02495,0.3018,0.29005525
0.0265,0.0455,0.02595,0.2804,0.2638889
0.0247,0.0412,0.02365,0.2657,0.25037938
0.0238,0.03925,0.02185,0.2739,0.24504362
0.0235,0.0413,0.0236,0.2858,0.27469137
0.02375,0.04455,0.0232,0.297,0.30453882
0.0225,0.03945,0.0211,0.2825,0.27360773
0.0244,0.04355,0.02315,0.3108,0.2818249
0.02515,0.04715,0.02565,0.3011,0.3042877
0.02835,0.0458,0.0276,0.287,0.23533382
0.0271,0.0456,0.0275,0.2663,0.25447044
0.0263,0.04375,0.02665,0.2831,0.24910776
0.02875,0.04735,0.0302,0.3026,0.24441525
0.0304,0.0511,0.0338,0.3044,0.25398773
0.0318,0.0533,0.0355,0.3056,0.2526439
0.0296,0.0507,0.0327,0.2896,0.26276463
0.0311,0.0526,0.0323,0.2976,0.25686976
0.0315,0.0559,0.0358,0.3204,0.27917618
0.0315,0.0559,0.0358,0.3204,0.27917618
0.0314,0.0576,0.0359,0.3184,0.294382
0.03065,0.0557,0.0336,0.3234,0.29009846
0.02905,0.05545,0.0296,0.3236,0.31242603
0.02975,0.0527,0.0309,0.2954,0.27835053
0.0314,0.05885,0.03345,0.3004,0.30415514
0.0316,0.0612,0.0311,0.3103,0.31896555
0.03165,0.05975,0.0307,0.32,0.30743983
0.0315,0.0589,0.0304,0.3168,0.30309734
0.0323,0.0622,0.031,0.3308,0.3164021
0.0312,0.0579,0.0302,0.3188,0.2996633
0.0316,0.0591,0.0339,0.305,0.30319735
0.0332,0.0613,0.0354,0.3124,0.2973545
0.0335,0.0603,0.0338,0.3154,0.28571427
0.0318,0.0575,0.031,0.302,0.28779393
0.0314,0.0589,0.0324,0.2934,0.30454043
0.0309,0.0589,0.0325,0.2942,0.311804
0.0306,0.0549,0.0327,0.2874,0.28421053
0.0308,0.0521,0.0339,0.2828,0.25693604
0.0314,0.0558,0.0335,0.2888,0.2798165
0.0298,0.0596,0.0343,0.2952,0.3333333
0.0286,0.0539,0.0297,0.28,0.30666667
0.0302,0.0585,0.03,0.293,0.319053
0.0323,0.0609,0.0316,0.311,0.30686694
0.0327,0.0581,0.0327,0.3074,0.27973568
0.0328,0.0604,0.0354,0.3252,0.29613736
0.03045,0.05675,0.03125,0.333,0.3016055
0.03395,0.0599,0.03505,0.368,0.27650505
0.03275,0.0621,0.0349,0.3743,0.30943596
0.02735,0.0525,0.0284,0.3332,0.31496558
0.02735,0.04905,0.0281,0.3112,0.28403142
0.02735,0.04905,0.0281,0.3112,0.28403142
0.0273,0.0501,0.0282,0.3192,0.29457363
0.02815,0.0536,0.02715,0.3567,0.31131497
0.02695,0.05115,0.0252,0.3417,0.30985916
0.02665,0.0508,0.02515,0.3305,0.31181407
0.0292,0.0535,0.0277,0.3457,0.29383314
0.0303,0.0509,0.0295,0.3129,0.25369456
0.0295,0.0491,0.0296,0.3118,0.24936385
0.0284,0.04865,0.0282,0.316,0.26281634
0.0271,0.0473,0.02855,0.3093,0.27150536
0.0264,0.04585,0.02845,0.2987,0.26920417
0.02375,0.0419,0.024,0.28565,0.27646613
0.0248,0.0455,0.02625,0.3015,0.29445234
0.0249,0.04615,0.0241,0.3105,0.2990851
0.02455,0.0449,0.02535,0.2885,0.29301655
0.0251,0.04215,0.0228,0.2758,0.25353158
0.02335,0.04145,0.0228,0.2803,0.27932099
0.024,0.0406,0.02215,0.2787,0.25696594
0.02275,0.04095,0.02165,0.2878,0.2857143
0.02465,0.0399,0.022,0.26065,0.236251
0.02785,0.0456,0.0254,0.3043,0.24166101
0.0267,0.0466,0.0263,0.3155,0.27148706
0.02735,0.04585,0.0271,0.294,0.25273225
0.0277,0.04415,0.02695,0.273,0.22894917
0.02665,0.04285,0.02515,0.27485,0.2330935
0.02815,0.0472,0.02955,0.2866,0.2528202
0.03,0.0478,0.0297,0.2718,0.2287918
0.0308,0.0511,0.0315,0.2842,0.24786326
0.0303,0.048,0.0308,0.2944,0.22605364
0.0336,0.0522,0.0352,0.3032,0.21678324
0.034,0.0594,0.0379,0.3264,0.27194858
0.034,0.0594,0.0379,0.3264,0.27194858
0.0343,0.0589,0.0365,0.3212,0.2639485
0.0302,0.05535,0.03175,0.3145,0.29398012
0.0299,0.0545,0.0297,0.32285,0.2914692
0.03095,0.05545,0.0326,0.3081,0.2835648
0.03295,0.0613,0.0338,0.2956,0.30079576
0.0327,0.06005,0.03215,0.307,0.29487872
0.0318,0.0606,0.0315,0.3293,0.3116883
0.0313,0.0593,0.0308,0.3166,0.3090508
0.0316,0.0594,0.0313,0.3152,0.30549452
0.0318,0.0591,0.0316,0.3084,0.30032998
0.0306,0.0625,0.0349,0.3188,0.34264234
0.0332,0.0635,0.0357,0.3188,0.31334025
0.0345,0.0623,0.0366,0.3265,0.2871901
0.0344,0.0614,0.0357,0.3134,0.28183717
0.0328,0.0622,0.0345,0.3032,0.30947366
0.0303,0.0583,0.0335,0.2868,0.31602708
0.0308,0.057,0.0327,0.295,0.29840547
0.0314,0.0575,0.0323,0.3012,0.29358834
0.0312,0.0583,0.0342,0.2954,0.30279332
0.0299,0.059,0.0321,0.2854,0.3273341
0.0298,0.0557,0.0305,0.2822,0.30292398
0.0303,0.0572,0.0294,0.303,0.30742857
0.0315,0.0566,0.0316,0.3086,0.28490353
0.0301,0.0557,0.0319,0.3,0.2983683
0.0304,0.0568,0.0316,0.3068,0.3027523
0.031,0.05495,0.02985,0.2934,0.27865037
0.03285,0.0595,0.0338,0.3322,0.28857607
0.0335,0.0643,0.03575,0.3615,0.3149284
0.03,0.0582,0.0305,0.3559,0.3197279
0.03,0.0582,0.0305,0.3559,0.3197279
0.02845,0.0557,0.02805,0.3424,0.32382652
0.02905,0.0559,0.03005,0.3503,0.31606826
0.02855,0.0563,0.02875,0.3533,0.3270477
0.02725,0.0541,0.0278,0.3614,0.33005533
0.02755,0.0543,0.031,0.3457,0.32681733
0.0306,0.0587,0.0315,0.3614,0.31466964
0.0314,0.0508,0.0301,0.2986,0.23600975
0.029,0.0489,0.0286,0.3012,0.25545573
0.02905,0.04935,0.0276,0.32305,0.25892857
0.0285,0.0486,0.0269,0.3127,0.26070037
0.0266,0.04595,0.0269,0.2759,0.2667126
0.02605,0.0405,0.02365,0.2784,0.21712998
0.02505,0.0453,0.0239,0.29225,0.28784648
0.02285,0.0445,0.02205,0.3006,0.3214551
0.02205,0.03735,0.02255,0.27505,0.25757572
0.02455,0.0408,0.02195,0.2846,0.24866106
0.0241,0.0422,0.02225,0.2893,0.2730015
0.0259,0.0422,0.02325,0.2885,0.23935388
0.02335,0.0408,0.0237,0.2853,0.2720187
0.0264,0.04375,0.0243,0.2667,0.24732713
0.02915,0.04515,0.0275,0.3031,0.21534322
0.0275,0.04825,0.02765,0.3164,0.2739274
0.02745,0.0468,0.0271,0.3136,0.26060605
0.0268,0.0466,0.02615,0.2876,0.26975477
0.0257,0.04405,0.0258,0.2755,0.26308247
0.02825,0.0456,0.0265,0.2628,0.2349357
0.0287,0.0462,0.0304,0.269,0.23364486
0.0318,0.0506,0.0315,0.2872,0.22815531
0.0305,0.0497,0.0322,0.293,0.23940147
0.0328,0.0522,0.0355,0.2921,0.2282353
0.0328,0.0522,0.0355,0.2921,0.2282353
0.035,0.0595,0.0415,0.3244,0.25925925
0.0336,0.0583,0.0332,0.3226,0.26877043
0.02915,0.05175,0.02815,0.3034,0.27935725
0.0303,0.0533,0.0306,0.3298,0.27511963
0.0325,0.05895,0.03355,0.3267,0.2892291
0.03185,0.06005,0.03305,0.3049,0.3068553
0.03285,0.05895,0.0332,0.3004,0.2843137
0.03315,0.0623,0.03235,0.3443,0.3053955
0.0311,0.0614,0.032,0.3332,0.32756758
0.0307,0.0615,0.0331,0.3138,0.3340564
0.0315,0.0605,0.0328,0.3064,0.31521738
0.0316,0.0602,0.0337,0.3108,0.31154686
0.0334,0.0625,0.0356,0.3164,0.3034411
0.0348,0.0648,0.0393,0.3222,0.30120483
0.036,0.0629,0.0395,0.316,0.27199194
0.0335,0.059,0.037,0.3072,0.27567565
0.0319,0.0557,0.0339,0.284,0.2716895
0.0316,0.0553,0.0327,0.2958,0.2727273
0.0309,0.0561,0.0322,0.2852,0.28965518
0.0292,0.0572,0.0328,0.2746,0.32407406
0.0303,0.0583,0.0313,0.2808,0.31602708
0.0312,0.0561,0.0305,0.2852,0.28522336
0.0293,0.0556,0.0307,0.292,0.3097762
0.0298,0.0549,0.0334,0.2972,0.29634005
0.0293,0.0583,0.0326,0.319,0.33105022
0.0291,0.0567,0.0321,0.3304,0.3216783
0.0297,0.055,0.03025,0.3223,0.2987013
0.03165,0.0595,0.03195,0.3351,0.30554035
0.0336,0.06395,0.03345,0.3641,0.3111225
0.03215,0.06235,0.03345,0.3653,0.3195767
0.03215,0.06235,0.03345,0.3653,0.3195767
0.0296,0.0571,0.0316,0.3503,0.31718573
0.0287,0.05255,0.0301,0.319,0.29353848
0.02745,0.05205,0.02785,0.3052,0.30943394
0.03055,0.05785,0.0305,0.3706,0.30882353
0.0312,0.05705,0.0322,0.3496,0.29291788
0.032,0.05855,0.033,0.3296,0.29320815
0.0298,0.0504,0.0289,0.3052,0.25685784
0.029,0.0502,0.0273,0.3042,0.26767677
0.02945,0.0502,0.02905,0.31785,0.26051477
0.0312,0.05045,0.02915,0.323,0.23576242
0.02615,0.04755,0.0255,0.2854,0.29036638
0.0252,0.0436,0.02545,0.26375,0.26744187
0.02605,0.0471,0.02435,0.2787,0.28776488
0.0241,0.0437,0.02395,0.293,0.2890855
0.02345,0.0411,0.02265,0.2829,0.27343145
0.0245,0.04315,0.0229,0.2959,0.2756837
0.02385,0.04335,0.02295,0.2893,0.2901786
0.0255,0.04645,0.0226,0.3137,0.2911744
0.0256,0.04325,0.0249,0.29815,0.2563544
0.02815,0.04545,0.02555,0.2849,0.23505434
0.02955,0.0478,0.0289,0.3114,0.23594056
0.0283,0.0482,0.0285,0.3168,0.26013073
0.02685,0.04715,0.0257,0.3113,0.27432433
0.0266,0.04435,0.0256,0.2769,0.25017616
0.02695,0.04365,0.02695,0.2739,0.23654392
0.0285,0.0456,0.02725,0.26385,0.23076923
0.0307,0.047,0.0309,0.28,0.2097812
0.0308,0.05,0.0316,0.289,0.23762378
0.031,0.0472,0.0298,0.2854,0.20716116
0.0306,0.049,0.0329,0.281,0.23115577
0.0306,0.049,0.0329,0.281,0.23115577
0.0338,0.0583,0.0396,0.3046,0.26601523
0.0326,0.0546,0.0346,0.2938,0.2522936
0.03075,0.0522,0.0302,0.2923,0.2585895
0.0328,0.05895,0.03555,0.3364,0.28501362
0.03325,0.05775,0.03545,0.3194,0.26923075
0.0305,0.05445,0.03245,0.285,0.28193057
0.03205,0.0585,0.0329,0.3128,0.29210383
0.034,0.06115,0.03325,0.33,0.2853389
0.0325,0.0609,0.0328,0.3276,0.3040685
0.0312,0.0606,0.033,0.3288,0.32026145
0.0325,0.0594,0.0346,0.3176,0.29270947
0.032,0.0592,0.034,0.3118,0.29824558
0.0328,0.0616,0.0342,0.3094,0.30508474
0.034,0.0641,0.0365,0.3094,0.30682972
0.0337,0.0599,0.035,0.2985,0.27991453
0.0329,0.0578,0.0352,0.2972,0.2745314
0.0325,0.0567,0.0361,0.278,0.27130046
0.0328,0.0573,0.0353,0.279,0.27192008
0.0321,0.0564,0.0342,0.268,0.27457628
0.0315,0.0577,0.0356,0.2706,0.29372197
0.0319,0.059,0.0354,0.2818,0.2981298
0.0303,0.056,0.0322,0.2846,0.2977984
0.0296,0.0535,0.03,0.294,0.28760532
0.03,0.0583,0.033,0.3019,0.32049832
0.0307,0.0602,0.0343,0.3162,0.32453245
0.0304,0.0612,0.0345,0.3272,0.33624452
0.03005,0.0581,0.032,0.3288,0.3182076
0.03,0.05975,0.0318,0.3389,0.3314763
0.03295,0.0652,0.03205,0.3689,0.32857874
0.03235,0.0604,0.0338,0.3465,0.3024259
0.03235,0.0604,0.0338,0.3465,0.3024259
0.02845,0.0489,0.02905,0.2899,0.2643827
0.0254,0.04645,0.0264,0.2577,0.29297146
0.0283,0.0492,0.02825,0.2708,0.2696774
0.0325,0.0564,0.0306,0.3359,0.26884142
0.0321,0.05825,0.03115,0.3512,0.28943
0.03205,0.05885,0.03255,0.3321,0.2948295
0.0309,0.0551,0.0302,0.316,0.28139535
0.0311,0.0512,0.0292,0.315,0.24422842
0.031,0.0542,0.0299,0.3448,0.2723005
0.0302,0.0519,0.0282,0.3308,0.2643118
0.0255,0.0469,0.0257,0.2856,0.29558012
0.0242,0.0439,0.025,0.268,0.28928047
0.0274,0.0459,0.0252,0.2852,0.25238743
0.025,0.0433,0.0237,0.279,0.26793554
0.0247,0.0451,0.024,0.2954,0.29226357
0.026,0.0472,0.026,0.3098,0.2896175
0.0248,0.0463,0.0231,0.3096,0.302391
0.0263,0.0493,0.0232,0.3259,0.3042328
0.0263,0.045,0.0227,0.3074,0.26227212
0.0281,0.0473,0.0265,0.303,0.2546419
0.0294,0.0497,0.0285,0.3286,0.25663716
0.029,0.0478,0.0272,0.3104,0.24479167
0.028,0.0476,0.0244,0.3072,0.25925925
0.0282,0.0462,0.0278,0.2852,0.24193548
0.0288,0.0477,0.029,0.2834,0.24705882
0.0299,0.0471,0.0266,0.2832,0.22337663
0.0314,0.0492,0.0305,0.2924,0.22084369
0.0311,0.0499,0.028,0.3008,0.23209876
0.0307,0.0472,0.0286,0.2778,0.21181004
0.0312,0.0485,0.0315,0.2812,0.21706402
0.0312,0.0485,0.0315,0.2812,0.21706402
0.0314,0.0518,0.0341,0.2854,0.24519233
0.0332,0.0537,0.0347,0.2808,0.23590335
0.0306,0.05545,0.03345,0.2881,0.28878558
0.03315,0.05935,0.03695,0.3122,0.28324324
0.0336,0.0589,0.03805,0.3086,0.2735135
0.02985,0.05125,0.032,0.277,0.26387176
0.0315,0.0618,0.03335,0.3127,0.32475883
0.03265,0.05975,0.033,0.3146,0.29329002
0.0317,0.0599,0.0323,0.3178,0.30786026
0.0318,0.0613,0.0324,0.3384,0.31686357
0.0326,0.0585,0.0328,0.3118,0.28430295
0.0308,0.0572,0.0333,0.3078,0.3
0.0317,0.059,0.0335,0.3056,0.30099228
0.0336,0.063,0.035,0.324,0.30434787
0.0304,0.0573,0.0339,0.291,0.30672747
0.0294,0.0564,0.0319,0.273,0.3146853
0.0316,0.0538,0.0349,0.2718,0.2599532
0.0325,0.0558,0.0347,0.2806,0.26387316
0.0321,0.0575,0.0338,0.2898,0.28348216
0.0321,0.0585,0.0346,0.2864,0.29139072
0.0317,0.0586,0.0354,0.2812,0.2978959
0.0298,0.056,0.0318,0.279,0.30536133
0.0298,0.0567,0.0313,0.2928,0.31098267
0.0302,0.0588,0.0317,0.3096,0.3213483
0.0301,0.0577,0.034,0.3132,0.31435084
0.0307,0.0586,0.0345,0.3194,0.31243002
0.03015,0.0582,0.0322,0.3133,0.3174873
0.02915,0.0571,0.03075,0.3084,0.324058
0.0319,0.0628,0.03165,0.339,0.32629356
0.0325,0.062,0.03225,0.3586,0.3121693
0.0325,0.062,0.03225,0.3586,0.3121693
0.0274,0.0519,0.0281,0.3053,0.30895332
0.02755,0.05135,0.02825,0.2779,0.30164766
0.0301,0.0577,0.0296,0.3157,0.31435084
0.03155,0.06085,0.03145,0.3436,0.31709954
0.03145,0.0581,0.03225,0.3221,0.2975991
0.0316,0.0611,0.03255,0.3541,0.31823087
0.0309,0.0532,0.0306,0.3106,0.2651605
0.0304,0.0534,0.0302,0.3234,0.27446297
0.0283,0.0548,0.0283,0.3452,0.3188929
0.0284,0.0467,0.026,0.312,0.2436751
0.0256,0.0461,0.0248,0.278,0.28591356
0.0269,0.045,0.0244,0.2692,0.25173852
0.0265,0.0439,0.023,0.2834,0.24715912
0.0239,0.0422,0.0237,0.2724,0.27685323
0.0266,0.0468,0.0272,0.3146,0.27520436
0.0272,0.0498,0.0256,0.327,0.2935065
0.0263,0.0478,0.0238,0.3194,0.29014844
0.0268,0.0496,0.0242,0.3226,0.29842937
0.0262,0.0471,0.0255,0.3122,0.28512958
0.0283,0.0502,0.0285,0.3262,0.27898088
0.0298,0.0497,0.0287,0.3278,0.25031447
0.0287,0.0463,0.026,0.293,0.23466668
0.0288,0.0462,0.0252,0.301,0.232
0.0297,0.0474,0.0276,0.2932,0.229572
0.0313,0.0484,0.029,0.2984,0.21455456
0.0306,0.0504,0.0295,0.3008,0.24444444
0.0321,0.053,0.0309,0.3256,0.24559343
0.0303,0.0502,0.0285,0.3128,0.24720497
0.0287,0.046,0.0275,0.279,0.23159306
0.0324,0.0496,0.032,0.277,0.2097561
0.0324,0.0496,0.032,0.277,0.2097561
0.0332,0.05,0.0328,0.2732,0.20192309
0.0334,0.0554,0.0366,0.289,0.24774775
0.02895,0.05195,0.0321,0.2842,0.2843016
0.0314,0.05865,0.0327,0.3079,0.30260965
0.03305,0.0592,0.0345,0.3035,0.2834688
0.03065,0.05355,0.03125,0.2844,0.27197152
0.03105,0.05905,0.0323,0.3137,0.3107658
0.03245,0.0597,0.0326,0.3077,0.29571348
0.0302,0.0589,0.0323,0.3094,0.32210994
0.0332,0.0619,0.0317,0.3364,0.3017876
0.0324,0.059,0.0319,0.3322,0.29102844
0.0308,0.059,0.0324,0.3164,0.31403118
0.0306,0.0589,0.0319,0.2972,0.31620112
0.0313,0.0609,0.0325,0.2868,0.3210412
0.0281,0.0535,0.031,0.2678,0.3112745
0.0293,0.0559,0.0302,0.2796,0.31220657
0.0304,0.0569,0.0315,0.2872,0.30355093
0.0317,0.058,0.032,0.2938,0.29319954
0.0318,0.0586,0.0341,0.2912,0.29646015
0.0319,0.0587,0.0348,0.3018,0.29580572
0.0314,0.0567,0.0341,0.2876,0.28717366
0.0309,0.057,0.033,0.282,0.29692835
0.0306,0.0573,0.0319,0.2956,0.3037543
0.0294,0.0572,0.0317,0.2863,0.32101616
0.0291,0.0545,0.0318,0.2902,0.30382773
0.0294,0.054,0.031,0.2896,0.29496402
0.0291,0.0545,0.03175,0.2809,0.30382773
0.0294,0.055,0.03065,0.2658,0.30331755
0.0313,0.0629,0.03435,0.3088,0.33545646
0.0313,0.0629,0.03435,0.3088,0.33545646
0.033,0.0633,0.03545,0.3479,0.31464174
0.02855,0.0553,0.0317,0.3169,0.31902206
0.0288,0.0523,0.03145,0.3002,0.28976572
0.0304,0.0603,0.03235,0.3297,0.3296582
0.0312,0.0615,0.03045,0.3297,0.32686085
0.03175,0.05785,0.03035,0.3167,0.29129463
0.0339,0.06315,0.0369,0.3451,0.30139107
0.0309,0.0501,0.0286,0.2938,0.23703702
0.0297,0.0504,0.0298,0.3252,0.25842696
0.0276,0.0466,0.0277,0.3164,0.25606468
0.0258,0.0442,0.0252,0.2906,0.2628571
0.0275,0.047,0.0255,0.2852,0.26174498
0.0282,0.0452,0.0253,0.2718,0.23160763
0.0254,0.0455,0.0245,0.2778,0.28349787
0.0251,0.0427,0.0245,0.2586,0.25958702
0.0256,0.0466,0.0285,0.3072,0.29085872
0.0268,0.0475,0.0252,0.3242,0.27860028
0.026,0.0491,0.0235,0.3238,0.30758986
0.027,0.0507,0.0248,0.34,0.3050193
0.0277,0.0515,0.0256,0.3282,0.30050507
0.0319,0.055,0.0308,0.3374,0.2658228
0.0315,0.0516,0.0312,0.3066,0.24187726
0.0302,0.0484,0.0304,0.2906,0.23155214
0.0289,0.0495,0.0289,0.3066,0.2627551
0.0301,0.0507,0.0297,0.303,0.25495052
0.032,0.0507,0.0306,0.3124,0.2261185
0.0303,0.05,0.0308,0.294,0.24533
0.0326,0.0536,0.0313,0.3052,0.24361947
0.031,0.0518,0.0303,0.3088,0.25120774
0.0299,0.0487,0.0282,0.2932,0.23918575
0.0299,0.0487,0.0282,0.2932,0.23918575
0.0317,0.0502,0.0295,0.2912,0.22588523
0.0324,0.0524,0.0335,0.2856,0.23584904
0.0326,0.0539,0.0383,0.3018,0.24624276
0.02915,0.0524,0.031,0.2919,0.28510118
0.03195,0.05955,0.03155,0.3102,0.30163932
0.0303,0.05345,0.0315,0.281,0.27641788
0.0305,0.05185,0.0308,0.2749,0.25925922
0.02975,0.05455,0.0317,0.2941,0.29418743
0.02925,0.05575,0.03245,0.2791,0.31176472
0.03,0.0598,0.0314,0.2996,0.33184856
0.0304,0.0628,0.0322,0.3462,0.34763947
0.0307,0.0604,0.0329,0.343,0.32601538
0.0307,0.0588,0.0315,0.3206,0.31396648
0.0306,0.0581,0.0312,0.3034,0.31003383
0.0303,0.0572,0.0305,0.2974,0.30742857
0.0295,0.0541,0.0292,0.2878,0.29425836
0.0304,0.0578,0.0305,0.303,0.31065756
0.0295,0.0586,0.0316,0.3008,0.33030647
0.0304,0.0571,0.033,0.2884,0.30514285
0.0314,0.0576,0.0346,0.2938,0.294382
0.0311,0.0575,0.034,0.2964,0.29796842
0.0297,0.0547,0.0341,0.282,0.29620853
0.0301,0.0543,0.0333,0.292,0.28672987
0.03,0.0551,0.0337,0.3,0.29494715
0.0301,0.0564,0.0318,0.2792,0.30404624
0.0291,0.0547,0.0301,0.278,0.3054892
0.0295,0.0526,0.0297,0.278,0.28136417
0.02875,0.0564,0.02955,0.2771,0.32472107
0.0304,0.0566,0.0313,0.2797,0.30114943
0.0323,0.06205,0.0357,0.3307,0.31531534
0.0323,0.06205,0.0357,0.3307,0.31531534
0.03415,0.06545,0.0394,0.3357,0.314257
0.0315,0.05525,0.0351,0.307,0.27377522
0.0297,0.05435,0.0324,0.3049,0.2932778
0.03,0.05945,0.03165,0.3126,0.3292342
0.03005,0.05995,0.031,0.3241,0.33222222
0.0318,0.0618,0.03335,0.3403,0.32051277
0.03735,0.06995,0.03925,0.3617,0.30382106
0.0289,0.0487,0.0295,0.2842,0.25515464
0.0305,0.0522,0.0315,0.3054,0.2623942
0.0279,0.0508,0.0284,0.309,0.2909784
0.0262,0.0478,0.0267,0.3132,0.2918919
0.0269,0.0469,0.025,0.2908,0.2710027
0.0249,0.0446,0.0243,0.2664,0.28345323
0.026,0.0447,0.0248,0.277,0.26449785
0.0239,0.0434,0.024,0.272,0.28974742
0.0254,0.046,0.026,0.2968,0.28851542
0.027,0.0467,0.0264,0.3265,0.26729986
0.028,0.0484,0.0281,0.3306,0.2670157
0.0269,0.0506,0.0259,0.3388,0.30580643
0.0293,0.0537,0.0286,0.3288,0.2939759
0.0305,0.0584,0.0332,0.3276,0.31383577
0.0314,0.0566,0.0343,0.3044,0.28636366
0.0309,0.0523,0.0338,0.2966,0.25721154
0.032,0.0517,0.0301,0.313,0.23536438
0.0308,0.0517,0.0291,0.314,0.25333333
0.0296,0.0504,0.0296,0.2922,0.26000002
0.0296,0.0455,0.0284,0.2614,0.21171771
0.0311,0.0509,0.0305,0.2906,0.24146342
0.0299,0.0539,0.0331,0.311,0.28639618
0.0317,0.0529,0.032,0.3206,0.25059104
0.0317,0.0529,0.032,0.3206,0.25059104
0.0317,0.0509,0.0308,0.3184,0.23244554
0.0322,0.0527,0.0321,0.3274,0.24146053
0.0321,0.0546,0.0346,0.321,0.25951558
0.0289,0.04895,0.0294,0.2824,0.2575466
0.0307,0.057,0.031,0.2937,0.29988596
0.02975,0.0517,0.03005,0.27485,0.26949048
0.03085,0.05485,0.0302,0.283,0.28004667
0.02815,0.0503,0.0308,0.2702,0.28234544
0.02865,0.05205,0.0303,0.2741,0.2899628
0.0306,0.0592,0.0319,0.3212,0.31848553
0.0304,0.0601,0.0334,0.3384,0.3281768
0.0294,0.0573,0.0317,0.3176,0.3217993
0.0297,0.0556,0.0296,0.2962,0.30363423
0.0303,0.0565,0.0294,0.2897,0.3018433
0.029,0.059,0.031,0.2964,0.3409091
0.0298,0.056,0.0303,0.2916,0.30536133
0.0291,0.0564,0.031,0.2944,0.31929824
0.0293,0.0576,0.0304,0.3046,0.3256617
0.0293,0.056,0.0304,0.2836,0.31301293
0.0302,0.0565,0.0308,0.2942,0.30334485
0.0302,0.0553,0.0328,0.295,0.29356724
0.0282,0.052,0.0319,0.2792,0.29675812
0.0285,0.0544,0.0318,0.2775,0.3124246
0.0297,0.057,0.0312,0.2822,0.31487888
0.0298,0.0576,0.0305,0.2811,0.3180778
0.0292,0.0542,0.0298,0.293,0.2997602
0.0284,0.0551,0.0277,0.293,0.3197605
0.0281,0.0571,0.0291,0.28775,0.34037557
0.03035,0.05565,0.03085,0.2878,0.29418606
0.03085,0.06015,0.0338,0.3304,0.321978
0.03085,0.06015,0.0338,0.3304,0.321978
0.0333,0.06225,0.0388,0.3287,0.30298272
0.03255,0.0547,0.03595,0.2942,0.2538682
0.0289,0.0521,0.02985,0.2835,0.28641975
0.02975,0.0573,0.0315,0.3097,0.31648478
0.03055,0.05725,0.0309,0.323,0.30410025
0.0329,0.0613,0.03425,0.3372,0.30148616
0.03805,0.07085,0.04125,0.3456,0.30119377
0.0308,0.0514,0.0314,0.3128,0.25060827
0.0315,0.0548,0.0312,0.3222,0.26998842
0.0287,0.0517,0.0292,0.3162,0.28606966
0.0287,0.0514,0.0282,0.3394,0.28339574
0.0267,0.047,0.025,0.2974,0.275441
0.024,0.0424,0.0229,0.2565,0.27710843
0.0259,0.0454,0.0259,0.2724,0.2734923
0.0255,0.0456,0.024,0.3052,0.28270045
0.0261,0.0435,0.0241,0.3024,0.24999997
0.0285,0.0487,0.0271,0.3205,0.26165804
0.0292,0.0517,0.0272,0.3382,0.27812114
0.0288,0.0518,0.0273,0.3256,0.28535983
0.0284,0.0525,0.0291,0.3228,0.29789862
0.0296,0.0541,0.0349,0.323,0.29271206
0.0319,0.0555,0.0343,0.305,0.27002287
0.0306,0.0547,0.0313,0.3046,0.28253222
0.0312,0.0534,0.0305,0.3162,0.26241133
0.0309,0.0529,0.031,0.3168,0.26252985
0.0303,0.0488,0.0293,0.283,0.23388115
0.0285,0.0465,0.027,0.2774,0.24000001
0.0316,0.0529,0.0306,0.3112,0.25207105
0.0324,0.0559,0.0329,0.3094,0.26613814
0.0306,0.0525,0.0325,0.3122,0.26353788
0.0306,0.0525,0.0325,0.3122,0.26353788
0.0303,0.0526,0.0322,0.3142,0.26899877
0.0322,0.0547,0.0317,0.3252,0.2589183
0.0308,0.0566,0.032,0.3264,0.2951945
0.027,0.048,0.02855,0.2863,0.27999997
0.0296,0.0562,0.0296,0.2915,0.31002334
0.03055,0.05765,0.0312,0.3073,0.30725622
0.02895,0.0558,0.02975,0.3004,0.31681415
0.0272,0.04795,0.02875,0.2651,0.27611443
0.0297,0.0535,0.03015,0.2885,0.2860577
0.0308,0.0595,0.0331,0.3206,0.31782946
0.0303,0.0583,0.0321,0.3184,0.31602708
0.0299,0.0582,0.0304,0.3028,0.3212259
0.0288,0.0533,0.0297,0.291,0.29841655
0.0297,0.0589,0.0301,0.3,0.3295711
0.0296,0.0601,0.0318,0.299,0.3400223
0.0295,0.0578,0.0306,0.292,0.32416952
0.0299,0.0571,0.0309,0.2998,0.3126437
0.0297,0.0573,0.0296,0.309,0.3172414
0.0293,0.0538,0.0292,0.3074,0.2948255
0.0304,0.0583,0.031,0.304,0.3145434
0.0306,0.056,0.0311,0.2952,0.29330254
0.0298,0.055,0.0339,0.2852,0.29716983
0.0284,0.0541,0.0313,0.2724,0.31151515
0.029,0.0573,0.031,0.2976,0.32792586
0.0303,0.059,0.0291,0.3016,0.32138857
0.0301,0.0564,0.029,0.299,0.30404624
0.0283,0.0556,0.0275,0.298,0.32538736
0.0285,0.05675,0.02855,0.2954,0.3313783
0.02905,0.05705,0.0298,0.2961,0.32520327
0.02845,0.0584,0.0308,0.3043,0.34484744
0.02845,0.0584,0.0308,0.3043,0.34484744
0.02905,0.06085,0.03425,0.3125,0.35372633
0.0287,0.0523,0.03175,0.2824,0.29135802
0.0263,0.04895,0.0285,0.2651,0.3009967
0.02935,0.05675,0.03305,0.3096,0.31823462
0.02955,0.05625,0.0311,0.3066,0.31118882
0.0304,0.05805,0.0343,0.3093,0.31260598
0.03285,0.06055,0.0359,0.329,0.29657388
0.0328,0.0559,0.0331,0.3452,0.26042843
0.0325,0.055,0.0326,0.3307,0.25714287
0.0305,0.0535,0.0291,0.3226,0.27380952
0.0287,0.0498,0.029,0.315,0.26878983
0.0257,0.0436,0.0247,0.278,0.2582973
0.0246,0.0414,0.0241,0.2566,0.25454548
0.0269,0.0482,0.0286,0.2876,0.28362182
0.0271,0.0487,0.0271,0.3152,0.28496042
0.0252,0.0468,0.025,0.3082,0.29999998
0.0269,0.0491,0.0253,0.3207,0.29210523
0.029,0.0525,0.0274,0.3328,0.28834358
0.0291,0.0507,0.0285,0.326,0.2706767
0.0292,0.0544,0.0282,0.3244,0.3014354
0.0299,0.0546,0.0305,0.3096,0.2923077
0.03,0.0541,0.0325,0.29,0.2865636
0.0313,0.0511,0.0317,0.2986,0.24029125
0.0306,0.0522,0.0313,0.3238,0.26086956
0.0322,0.0544,0.0338,0.3142,0.25635102
0.031,0.05,0.0305,0.282,0.23456791
0.0302,0.0491,0.0301,0.2978,0.23833543
0.0323,0.0551,0.0325,0.3194,0.2608696
0.0312,0.0536,0.0322,0.315,0.26415095
0.0305,0.055,0.0322,0.3348,0.2865497
0.0305,0.055,0.0322,0.3348,0.2865497
0.0301,0.0539,0.0323,0.3108,0.28333333
0.0301,0.0504,0.0304,0.3068,0.25217393
0.0309,0.0544,0.0322,0.3198,0.27549827
0.02805,0.05225,0.0293,0.2808,0.30136988
0.0299,0.05515,0.0301,0.3074,0.29688418
0.0311,0.0591,0.03315,0.3331,0.3104213
0.029,0.0544,0.0313,0.2948,0.3045564
0.0276,0.0505,0.02705,0.2946,0.29321384
0.0305,0.059,0.0305,0.3197,0.31843576
0.0308,0.0593,0.0335,0.311,0.3163152
0.0313,0.059,0.0327,0.3198,0.30675524
0.0306,0.0583,0.0301,0.3272,0.31158605
0.0303,0.0576,0.0309,0.2956,0.3105802
0.031,0.0589,0.0305,0.3098,0.31034482
0.0296,0.0603,0.0306,0.2978,0.34149054
0.0286,0.0576,0.0305,0.2966,0.3364269
0.0292,0.0598,0.0312,0.3098,0.3438202
0.0293,0.0569,0.0311,0.3156,0.3201856
0.0295,0.0578,0.0305,0.3028,0.32416952
0.0303,0.0594,0.0317,0.2988,0.3244147
0.032,0.0552,0.033,0.2944,0.26605502
0.03,0.053,0.0324,0.2718,0.27710843
0.0271,0.051,0.0268,0.267,0.30601794
0.0297,0.055,0.0298,0.2934,0.2987013
0.03,0.0579,0.0302,0.2841,0.31740618
0.031,0.0587,0.0304,0.3019,0.30880713
0.0285,0.055,0.0285,0.2958,0.3173653
0.02695,0.0571,0.02915,0.3041,0.3587151
0.0282,0.0582,0.0292,0.2928,0.34722224
0.0282,0.0582,0.0292,0.2928,0.34722224
0.02925,0.05925,0.02935,0.2958,0.33898306
0.0295,0.0605,0.0312,0.3089,0.34444442
0.02685,0.0507,0.02715,0.2858,0.30754355
0.02665,0.0525,0.02755,0.28335,0.32659504
0.02805,0.0586,0.0321,0.3134,0.35256782
0.0281,0.05525,0.0308,0.3019,0.32573482
0.03165,0.05685,0.03345,0.2909,0.28474578
0.0319,0.05875,0.0345,0.3191,0.29619417
0.0327,0.057,0.0324,0.3296,0.27090302
0.0325,0.0574,0.0323,0.3266,0.2769744
0.03045,0.05605,0.031,0.3122,0.29595375
0.0265,0.04535,0.02705,0.2744,0.26235214
0.0246,0.04205,0.0234,0.2638,0.26181546
0.0256,0.04275,0.02455,0.262,0.25091442
0.02905,0.04675,0.0295,0.2815,0.23350926
0.0267,0.0491,0.02685,0.3043,0.29551452
0.02895,0.05235,0.029,0.3197,0.28782287
0.0284,0.05065,0.0278,0.324,0.2814674
0.02965,0.05245,0.0292,0.3304,0.2777101
0.02995,0.0525,0.0291,0.32185,0.27349907
0.0293,0.05195,0.02965,0.321,0.27876922
0.0312,0.05395,0.0307,0.3115,0.26717559
0.03075,0.055,0.0312,0.2949,0.28279883
0.02995,0.0572,0.03325,0.3102,0.3126793
0.0316,0.0562,0.0325,0.3247,0.28018227
0.0315,0.05695,0.03315,0.31275,0.28773317
0.03075,0.05285,0.031,0.2933,0.26435405
0.03185,0.05315,0.0297,0.2938,0.25058824
0.0311,0.0531,0.0329,0.294,0.26128268
0.0305,0.0527,0.032,0.315,0.26682693
0.0305,0.0527,0.032,0.315,0.26682693
0.0325,0.0581,0.0319,0.3462,0.28256074
0.0329,0.0585,0.0343,0.3252,0.2800875
0.0323,0.0568,0.0316,0.3206,0.27497193
0.0306,0.0548,0.0302,0.2888,0.28337237
0.0278,0.04845,0.0286,0.2548,0.2708197
0.0299,0.0547,0.0309,0.3052,0.2931442
0.0315,0.05785,0.03295,0.3104,0.29490766
0.0291,0.05045,0.02905,0.2776,0.26838467
0.02825,0.0554,0.02885,0.2931,0.32456663
0.03085,0.0603,0.03205,0.3206,0.3230938
0.0323,0.0608,0.0334,0.3066,0.30612248
0.0311,0.0602,0.0323,0.313,0.31872946
0.0303,0.0594,0.0324,0.319,0.3244147
0.0302,0.0586,0.0301,0.2946,0.31981984
0.0319,0.0596,0.0304,0.3098,0.30273223
0.0292,0.0585,0.0303,0.3006,0.33409348
0.0317,0.0595,0.0308,0.3152,0.30482456
0.0321,0.0625,0.0328,0.3188,0.32135308
0.0309,0.0598,0.0322,0.3204,0.31863284
0.0299,0.0587,0.0314,0.3096,0.32505643
0.0312,0.0576,0.0318,0.298,0.2972973
0.0309,0.0576,0.033,0.2922,0.3016949
0.0288,0.0531,0.0303,0.2678,0.2967033
0.0275,0.0518,0.0285,0.262,0.3064313
0.0293,0.0535,0.0297,0.2886,0.29227054
0.0297,0.0546,0.0297,0.2727,0.29537368
0.029,0.0577,0.0292,0.288,0.33102655
0.0292,0.0549,0.0291,0.2864,0.3055886
0.02765,0.0553,0.02885,0.2883,0.3333333
0.028,0.05885,0.03,0.291,0.35521013
0.028,0.05885,0.03,0.291,0.35521013
0.0293,0.0616,0.03035,0.3121,0.3553355
0.0307,0.0603,0.03085,0.3185,0.32527474
0.02885,0.0563,0.0279,0.3091,0.32237226
0.0264,0.0531,0.02805,0.3083,0.33584905
0.02695,0.05745,0.0297,0.3075,0.3613744
0.0284,0.05375,0.03055,0.2997,0.3085819
0.0298,0.05715,0.03485,0.2926,0.31454858
0.0336,0.06275,0.0375,0.3261,0.3025428
0.0281,0.0531,0.0311,0.2994,0.30788177
0.0327,0.0563,0.0325,0.31,0.26516855
0.02905,0.05675,0.031,0.304,0.32284382
0.0253,0.04485,0.02515,0.2743,0.2786885
0.02545,0.0449,0.0247,0.2836,0.27647477
0.02435,0.0454,0.02625,0.2779,0.30179211
0.02635,0.0469,0.02715,0.2764,0.28054607
0.02895,0.0509,0.0279,0.3122,0.27489042
0.03145,0.05635,0.03065,0.3262,0.2835991
0.03065,0.0534,0.0289,0.3297,0.2706722
0.029,0.05425,0.02895,0.3342,0.3033033
0.0306,0.05465,0.0288,0.3333,0.28211144
0.02985,0.0551,0.03085,0.3284,0.29723367
0.0325,0.0588,0.0347,0.3273,0.28806138
0.03675,0.05985,0.0366,0.3309,0.23913044
0.0349,0.06185,0.03695,0.3343,0.27855298
0.03185,0.05645,0.0336,0.3177,0.2785957
0.03125,0.05535,0.0314,0.3056,0.278291
0.02955,0.049,0.02905,0.2832,0.247613
0.0285,0.05195,0.03055,0.2904,0.2914854
0.0277,0.0525,0.0283,0.2954,0.3092269
0.0328,0.0538,0.0331,0.3056,0.24249423
0.0328,0.0538,0.0331,0.3056,0.24249423
0.0338,0.058,0.0367,0.3154,0.26361656
0.0319,0.0572,0.034,0.2954,0.2839506
0.033,0.0539,0.0326,0.2924,0.24050634
0.0291,0.05,0.0317,0.269,0.2642225
0.0282,0.04695,0.03145,0.2708,0.24950102
0.0307,0.05695,0.03275,0.3177,0.29948658
0.0301,0.05665,0.0331,0.2939,0.3060519
0.02795,0.052,0.02955,0.2689,0.300813
0.0296,0.0563,0.03095,0.3031,0.31082654
0.03085,0.0595,0.03185,0.3201,0.31710017
0.0314,0.0582,0.0323,0.3006,0.2991072
0.0314,0.0617,0.0311,0.3104,0.32545653
0.0302,0.0593,0.0305,0.3028,0.32513967
0.0299,0.0564,0.0307,0.3034,0.30706838
0.0306,0.0583,0.0313,0.3,0.31158605
0.0295,0.0579,0.0316,0.2966,0.32494277
0.0329,0.0623,0.0322,0.3218,0.3088235
0.0317,0.0624,0.0331,0.325,0.32624865
0.0308,0.0578,0.0326,0.3124,0.3047404
0.031,0.0582,0.0308,0.3006,0.30493274
0.0322,0.0566,0.0326,0.2974,0.2747748
0.0319,0.0566,0.0317,0.2956,0.27909607
0.0298,0.0548,0.0315,0.2814,0.29550827
0.0292,0.0536,0.0299,0.2828,0.29468596
0.0291,0.0525,0.0301,0.2758,0.28676468
0.0289,0.0538,0.0291,0.2818,0.3010883
0.0289,0.0586,0.0294,0.2942,0.3394286
0.0294,0.0551,0.0279,0.2842,0.30414203
0.02855,0.05385,0.0283,0.2884,0.3070388
0.02895,0.0598,0.03035,0.2981,0.34760565
0.02895,0.0598,0.03035,0.2981,0.34760565
0.02965,0.0614,0.03155,0.3137,0.34870952
0.0301,0.06125,0.0324,0.3243,0.34099618
0.02925,0.05845,0.0313,0.3309,0.33295324
0.02735,0.0549,0.02935,0.3249,0.33495444
0.0275,0.0574,0.03045,0.313,0.35217902
0.02905,0.05695,0.03275,0.30125,0.3244186
0.0321,0.0599,0.03605,0.3153,0.3021739
0.0367,0.0667,0.0395,0.3278,0.29013538
0.0292,0.0512,0.0305,0.2916,0.2736318
0.0328,0.0586,0.0337,0.3008,0.28227574
0.02775,0.05565,0.0302,0.3076,0.33453238
0.02615,0.0478,0.02465,0.301,0.2927654
0.02655,0.04615,0.0249,0.3002,0.26960108
0.02655,0.04595,0.0271,0.28975,0.2675862
0.02645,0.04625,0.0263,0.2895,0.27235213
0.0292,0.05165,0.02925,0.3131,0.2776747
0.03085,0.05515,0.0293,0.3348,0.28255814
0.0312,0.0545,0.0302,0.3378,0.27187866
0.03,0.05645,0.02855,0.3297,0.3059572
0.0308,0.0547,0.02965,0.3243,0.27953213
0.0313,0.05545,0.0311,0.328,0.27838615
0.03325,0.0605,0.03655,0.3345,0.29066667
0.0334,0.0618,0.0391,0.3059,0.2983193
0.034,0.0556,0.03785,0.29205,0.2410714
0.03245,0.05335,0.03495,0.2985,0.24358973
0.03025,0.0515,0.03165,0.3012,0.25993884
0.0303,0.0515,0.0306,0.3039,0.2591687
0.03095,0.053,0.0301,0.2917,0.26265633
0.0286,0.0512,0.0313,0.3096,0.283208
0.0315,0.0536,0.0347,0.2934,0.25969446
0.0315,0.0536,0.0347,0.2934,0.25969446
0.0344,0.0555,0.0372,0.292,0.23470522
0.0324,0.0554,0.0349,0.3056,0.261959
0.0319,0.0533,0.0341,0.2924,0.25117373
0.0295,0.0498,0.0319,0.2774,0.2559899
0.02965,0.0501,0.03195,0.2875,0.2564263
0.03095,0.05945,0.0324,0.3235,0.31526548
0.02925,0.05585,0.0321,0.2865,0.31257346
0.0287,0.05565,0.03055,0.2873,0.3195021
0.03175,0.0598,0.03245,0.3154,0.30638993
0.03115,0.05765,0.03215,0.3194,0.29842344
0.0312,0.058,0.0321,0.3054,0.30044842
0.0312,0.0598,0.0319,0.3028,0.31428573
0.03,0.0568,0.03,0.3138,0.30875576
0.0307,0.0564,0.0307,0.3208,0.29506317
0.0299,0.0571,0.032,0.3078,0.3126437
0.0312,0.0571,0.0318,0.3012,0.29331824
0.0316,0.062,0.0335,0.3318,0.32478634
0.0294,0.0577,0.0312,0.3254,0.3249139
0.0304,0.0584,0.0318,0.2924,0.31531534
0.0312,0.058,0.0331,0.285,0.30044842
0.0314,0.0565,0.0318,0.2828,0.2855518
0.0308,0.0573,0.032,0.288,0.30079457
0.0304,0.0558,0.0322,0.2852,0.29466355
0.0302,0.0544,0.0316,0.2952,0.286052
0.0294,0.0531,0.0305,0.2824,0.28727272
0.0298,0.0558,0.0301,0.29,0.30373833
0.0285,0.057,0.0299,0.3098,0.3333333
0.0275,0.0539,0.029,0.2972,0.3243243
0.0283,0.05295,0.0278,0.2968,0.3033846
0.02855,0.05625,0.03055,0.3048,0.32665092
0.02855,0.05625,0.03055,0.3048,0.32665092
0.0299,0.0588,0.031,0.3118,0.32581738
0.0297,0.05995,0.03135,0.3196,0.33742332
0.0286,0.05535,0.0316,0.3128,0.31864205
0.0278,0.05655,0.0305,0.3211,0.34084174
0.02875,0.06005,0.03125,0.31625,0.3524775
0.02915,0.059,0.03505,0.30945,0.33862734
0.0326,0.0633,0.03785,0.3336,0.3201251
0.04065,0.07175,0.04355,0.3578,0.27669042
0.0284,0.0496,0.0327,0.2686,0.2717949
0.0315,0.0548,0.0332,0.28,0.26998842
0.02875,0.05275,0.0298,0.3041,0.2944785
0.027,0.0504,0.02705,0.3227,0.30232558
0.0265,0.04795,0.0255,0.3094,0.28811282
0.02775,0.04645,0.028,0.2918,0.25202155
0.0287,0.05085,0.0294,0.2992,0.27844125
0.02985,0.05145,0.0295,0.3159,0.26568264
0.0308,0.0538,0.0295,0.3358,0.27186763
0.0332,0.05815,0.03195,0.3427,0.27312535
0.0322,0.0585,0.0325,0.3383,0.2899669
0.031,0.05415,0.0306,0.3282,0.27187318
0.03275,0.05765,0.0314,0.3258,0.2754425
0.03325,0.0592,0.03515,0.333,0.28069225
0.0316,0.0546,0.03445,0.30465,0.26682138
0.03205,0.0526,0.03715,0.2959,0.24276435
0.03255,0.0553,0.03495,0.29235,0.25896415
0.03045,0.05085,0.0316,0.30645,0.25092253
0.03,0.0539,0.03075,0.316,0.28486294
0.03095,0.05285,0.03105,0.2984,0.2613365
0.0319,0.052,0.035,0.2842,0.23957092
0.0306,0.0518,0.037,0.2702,0.25728157
0.0306,0.0518,0.037,0.2702,0.25728157
0.0324,0.0551,0.0362,0.2999,0.25942856
0.033,0.0575,0.0337,0.341,0.27071825
0.0324,0.056,0.0339,0.316,0.2669683
0.03,0.0529,0.0306,0.2852,0.27623644
0.0296,0.05425,0.0309,0.2902,0.29397732
0.032,0.06155,0.0322,0.3281,0.31587386
0.03075,0.0564,0.0315,0.3017,0.29432014
0.0312,0.05775,0.03355,0.3099,0.29848233
0.03175,0.06055,0.0344,0.3208,0.312026
0.03115,0.0573,0.03255,0.307,0.29564726
0.0305,0.0585,0.0325,0.3152,0.31460673
0.0309,0.0559,0.0327,0.2972,0.28801844
0.0313,0.0538,0.0316,0.2954,0.26439482
0.0308,0.0574,0.0314,0.3106,0.30158728
0.0301,0.0581,0.0322,0.3128,0.31746033
0.0314,0.0589,0.0326,0.3128,0.30454043
0.0308,0.0622,0.0323,0.3334,0.3376344
0.0285,0.0585,0.0311,0.3266,0.3448276
0.0309,0.0608,0.0316,0.2962,0.32606325
0.0308,0.0581,0.0328,0.2854,0.30708662
0.0302,0.0554,0.0312,0.2802,0.2943925
0.0309,0.055,0.0315,0.2856,0.2805588
0.0303,0.0555,0.0325,0.2912,0.2937063
0.0308,0.0575,0.0316,0.3028,0.30237827
0.0296,0.0524,0.0303,0.2854,0.27804878
0.0296,0.0558,0.0298,0.314,0.30679154
0.0282,0.0564,0.0296,0.3222,0.33333334
0.0276,0.0521,0.0281,0.3084,0.30740276
0.0272,0.0518,0.0272,0.2907,0.3113924
0.0272,0.0518,0.0272,0.2907,0.3113924
0.028,0.05295,0.02995,0.3023,0.30821493
0.02745,0.05495,0.0292,0.3147,0.33373782
0.02805,0.06015,0.02995,0.3252,0.36394557
0.02795,0.05545,0.0302,0.3079,0.32973623
0.02835,0.0583,0.03025,0.3185,0.3456434
0.03,0.0581,0.03195,0.3214,0.31895575
0.0311,0.05835,0.0358,0.3191,0.30463946
0.0344,0.0661,0.0383,0.3469,0.3154229
0.04085,0.0752,0.0468,0.3698,0.29599312
0.0294,0.0527,0.0338,0.2842,0.28380024
0.0305,0.0522,0.0331,0.283,0.2623942
0.02855,0.0503,0.0298,0.2849,0.27584016
0.02625,0.04975,0.0259,0.3067,0.30921054
0.0245,0.0446,0.0247,0.2925,0.29088277
0.0269,0.04525,0.02695,0.2856,0.25433123
0.03125,0.05475,0.0299,0.3233,0.27325583
0.02985,0.05295,0.02935,0.3106,0.27898547
0.0305,0.05285,0.0299,0.31405,0.26814637
0.03445,0.05685,0.03165,0.3296,0.24534506
0.0325,0.0592,0.03295,0.344,0.29116684
0.0318,0.0588,0.03275,0.3316,0.29801324
0.03405,0.06085,0.03355,0.3397,0.28240252
0.03475,0.06225,0.0377,0.3414,0.28350514
0.0335,0.0619,0.03735,0.324,0.2976939
0.0353,0.0622,0.04075,0.3357,0.2758974
0.03385,0.0619,0.03625,0.3257,0.2929504
0.0308,0.05565,0.03335,0.3132,0.2874494
0.03145,0.0534,0.03175,0.3042,0.25869182
0.0304,0.05135,0.0313,0.2994,0.2562691
0.0284,0.0523,0.0328,0.2802,0.2961586
0.0284,0.0523,0.0328,0.2802,0.2961586
0.0325,0.0539,0.0359,0.2902,0.2476852
0.0323,0.0581,0.0363,0.3232,0.28539824
0.0319,0.06,0.0335,0.3372,0.30576712
0.0295,0.0535,0.0281,0.2832,0.28915662
0.0307,0.052,0.0288,0.28,0.25755745
0.0325,0.05575,0.0309,0.3081,0.26345614
0.0331,0.06175,0.0322,0.3267,0.30205584
0.03145,0.0612,0.03265,0.3069,0.32110095
0.0328,0.0627,0.03515,0.3205,0.313089
0.03325,0.0595,0.0339,0.316,0.2830189
0.03175,0.0574,0.03315,0.3124,0.2877173
0.0308,0.0572,0.033,0.2964,0.3
0.032,0.0552,0.0336,0.2824,0.26605502
0.0316,0.0578,0.0333,0.2986,0.2930649
0.0299,0.0573,0.0305,0.3056,0.3142202
0.0296,0.0594,0.0308,0.3064,0.33483145
0.0296,0.0603,0.0306,0.313,0.34149054
0.0293,0.0623,0.0315,0.3152,0.360262
0.0296,0.0591,0.0318,0.3082,0.33258173
0.0299,0.0604,0.0317,0.2954,0.33776304
0.0294,0.0573,0.0336,0.2786,0.3217993
0.0297,0.058,0.0337,0.2952,0.322691
0.0302,0.0585,0.0317,0.3042,0.319053
0.0306,0.0543,0.0327,0.2996,0.27915195
0.0316,0.0573,0.0322,0.3038,0.2890889
0.0291,0.054,0.0307,0.2964,0.299639
0.0295,0.0564,0.0292,0.3194,0.31315485
0.0282,0.0557,0.0289,0.3254,0.32777113
0.0275,0.0532,0.029,0.309,0.31846344
0.02655,0.0526,0.02715,0.3033,0.32912192
0.02655,0.0526,0.02715,0.3033,0.32912192
0.0269,0.05365,0.0292,0.3067,0.33209184
0.02735,0.0579,0.0292,0.3185,0.3583578
0.02855,0.0549,0.0282,0.3326,0.31575793
0.0274,0.05045,0.02955,0.3146,0.29608223
0.02875,0.0575,0.03065,0.3264,0.33333334
0.03105,0.06125,0.03365,0.3251,0.32719395
0.0321,0.06035,0.0369,0.3289,0.3055706
0.034,0.0668,0.0388,0.3476,0.32539678
0.0402,0.07335,0.0425,0.3673,0.29194188
0.0316,0.0536,0.0331,0.314,0.25821596
0.0321,0.0523,0.032,0.2966,0.23933649
0.0265,0.04265,0.0266,0.2643,0.23355025
0.02765,0.04695,0.0277,0.2868,0.25871313
0.0254,0.04395,0.0263,0.2941,0.26748377
0.02725,0.0482,0.0295,0.3047,0.2776673
0.03255,0.0551,0.03075,0.3429,0.25727326
0.0303,0.0547,0.02975,0.3244,0.2870588
0.0306,0.05065,0.0289,0.3028,0.24676925
0.0336,0.05745,0.03105,0.3298,0.261944
0.03365,0.06075,0.0331,0.3414,0.28707626
0.03295,0.06045,0.0336,0.3408,0.29443255
0.0336,0.05965,0.03415,0.3312,0.2793566
0.03395,0.061,0.0366,0.3343,0.28488678
0.0356,0.0633,0.03895,0.3486,0.28008088
0.0379,0.06595,0.03915,0.35995,0.2701011
0.03605,0.0649,0.03735,0.3496,0.28578508
0.0337,0.06145,0.03385,0.323,0.29164478
0.03025,0.0535,0.0292,0.289,0.27761194
0.03105,0.05225,0.031,0.2902,0.25450182
0.0302,0.0513,0.0307,0.2984,0.2588957
0.0302,0.0513,0.0307,0.2984,0.2588957
0.0334,0.0574,0.0336,0.3242,0.26431718
0.0328,0.0564,0.0328,0.3232,0.264574
0.0309,0.0536,0.0315,0.3032,0.26863903
0.0283,0.051,0.0292,0.2876,0.2862547
0.0312,0.0553,0.032,0.305,0.27861273
0.03225,0.06035,0.03395,0.3333,0.30345574
0.0332,0.0588,0.034,0.3127,0.2782609
0.0332,0.0597,0.033,0.302,0.285253
0.03355,0.05885,0.03525,0.31635,0.27380952
0.0332,0.06065,0.0356,0.3226,0.292488
0.0321,0.0584,0.03375,0.3141,0.29060775
0.0307,0.0564,0.0332,0.2898,0.29506317
0.0326,0.0573,0.034,0.2884,0.27474973
0.0305,0.0586,0.0339,0.3006,0.31537598
0.0297,0.0572,0.0301,0.3046,0.31645572
0.0281,0.0571,0.0296,0.3108,0.34037557
0.0289,0.0609,0.03,0.3168,0.3563474
0.0309,0.0584,0.0318,0.3068,0.30795074
0.0317,0.059,0.0327,0.3044,0.30099228
0.0296,0.0599,0.0328,0.3042,0.3385475
0.0299,0.0577,0.0338,0.289,0.3173516
0.0315,0.0592,0.0375,0.3128,0.30540243
0.0307,0.0548,0.0335,0.3018,0.28187135
0.0301,0.0563,0.0321,0.293,0.30324075
0.0297,0.0565,0.0306,0.3008,0.31090486
0.0286,0.055,0.0309,0.2996,0.31578946
0.0279,0.0543,0.0304,0.3074,0.3211679
0.0292,0.0558,0.0298,0.3264,0.31294113
0.0285,0.058,0.0283,0.3162,0.34104046
0.02855,0.05465,0.02725,0.3061,0.31370193
0.02855,0.05465,0.02725,0.3061,0.31370193
0.0273,0.05465,0.02765,0.3002,0.3337401
0.0283,0.05495,0.02905,0.3243,0.3201201
0.02655,0.05025,0.0285,0.3216,0.30859375
0.02715,0.0517,0.02945,0.31,0.31135067
0.02985,0.0604,0.03165,0.3254,0.33850417
0.03115,0.0611,0.0348,0.3268,0.32466125
0.03145,0.06125,0.03505,0.3217,0.3214671
0.03395,0.0586,0.03265,0.3196,0.26634252
0.03805,0.06825,0.0389,0.3568,0.2841016
0.03035,0.05135,0.033,0.2962,0.25703797
0.028,0.0484,0.02995,0.28395,0.2670157
0.0266,0.04295,0.02685,0.2569,0.23508269
0.0299,0.0494,0.03165,0.3036,0.24590166
0.0299,0.0519,0.03115,0.3087,0.26894864
0.0298,0.04875,0.0301,0.3044,0.24124761
0.03165,0.0569,0.0319,0.345,0.2851496
0.03235,0.056,0.03195,0.3281,0.26768535
0.0314,0.0516,0.03035,0.3194,0.24337351
0.032,0.05715,0.03175,0.33725,0.28210878
0.0332,0.059,0.03425,0.3411,0.2798265
0.0335,0.06035,0.03315,0.3503,0.2860948
0.03215,0.05845,0.03265,0.3348,0.29028696
0.0316,0.05895,0.03305,0.3117,0.30204308
0.03565,0.0606,0.037,0.3485,0.2592208
0.03525,0.06385,0.03635,0.351,0.28859738
0.0338,0.0612,0.035,0.3296,0.28842106
0.03385,0.05935,0.0334,0.3233,0.27360514
0.0303,0.0503,0.0271,0.2871,0.24813892
0.03225,0.05345,0.03265,0.299,0.24737458
0.0314,0.05445,0.03115,0.31565,0.2684916
0.0314,0.05445,0.03115,0.31565,0.2684916
0.03445,0.05805,0.03355,0.3385,0.25513515
0.03425,0.05735,0.03205,0.3186,0.2521834
0.03235,0.053,0.0321,0.3031,0.24194492
0.03175,0.0555,0.03285,0.3032,0.2722063
0.0316,0.05535,0.0331,0.2995,0.2731455
0.0323,0.0556,0.0327,0.306,0.26507396
0.0328,0.06,0.0323,0.3132,0.29310343
0.0339,0.0634,0.0336,0.311,0.30318603
0.0351,0.0621,0.0356,0.333,0.27777776
0.0334,0.0639,0.0362,0.3316,0.31346354
0.0325,0.0561,0.0336,0.3078,0.2663657
0.0307,0.0531,0.0326,0.2802,0.2673031
0.0317,0.056,0.0332,0.289,0.27708098
0.0317,0.0572,0.0336,0.2872,0.28683913
0.0312,0.0566,0.0325,0.291,0.2892939
0.0295,0.0567,0.0306,0.2988,0.31554523
0.0312,0.0613,0.0317,0.3296,0.3254054
0.0306,0.0609,0.0324,0.313,0.33114752
0.0322,0.0603,0.035,0.3082,0.30378377
0.0317,0.0591,0.0329,0.3024,0.30176207
0.0313,0.0591,0.0339,0.3006,0.30752212
0.0313,0.0586,0.0354,0.3152,0.30367073
0.0297,0.0535,0.0332,0.2916,0.2860577
0.0301,0.0564,0.0323,0.2916,0.30404624
0.0288,0.0556,0.0304,0.2924,0.31753555
0.028,0.0553,0.0308,0.3008,0.32773107
0.028,0.055,0.0299,0.3188,0.32530117
0.029,0.0545,0.0298,0.3388,0.30538923
0.0297,0.0567,0.0299,0.33,0.31249997
0.02825,0.05635,0.0283,0.3161,0.3321513
0.02825,0.05635,0.0283,0.3161,0.3321513
0.02735,0.0543,0.0278,0.2964,0.33006737
0.02995,0.0582,0.0311,0.3312,0.32047647
0.0283,0.0537,0.0334,0.3271,0.30975607
0.0285,0.0528,0.03235,0.3281,0.298893
0.02915,0.0577,0.0335,0.3105,0.3287277
0.0299,0.0589,0.03565,0.3225,0.32657656
0.0295,0.05815,0.03265,0.3148,0.32686824
0.0309,0.0583,0.0318,0.3186,0.3071749
0.0387,0.07035,0.03915,0.3517,0.29023385
0.0289,0.0496,0.0309,0.2783,0.2636943
0.0274,0.0475,0.02695,0.2758,0.26835778
0.0283,0.04595,0.02685,0.26945,0.23771043
0.03235,0.05425,0.0338,0.32,0.25288683
0.0313,0.05435,0.03145,0.3062,0.26911852
0.0291,0.0519,0.0314,0.3152,0.28148147
0.0322,0.05645,0.03195,0.3568,0.27354762
0.03345,0.05835,0.0324,0.3467,0.2712418
0.03125,0.05615,0.02995,0.3384,0.28489703
0.0327,0.05775,0.03215,0.3401,0.2769486
0.03335,0.05955,0.0351,0.3426,0.2820237
0.03465,0.0611,0.03425,0.3664,0.27624017
0.0337,0.0598,0.03205,0.3382,0.27914435
0.0314,0.0547,0.03405,0.3102,0.27061558
0.0355,0.06105,0.03825,0.3451,0.26462972
0.0348,0.0659,0.03595,0.3573,0.3088381
0.0329,0.0605,0.03345,0.3388,0.29550317
0.0315,0.05955,0.0319,0.3129,0.30807248
0.03005,0.05155,0.0282,0.3064,0.2634804
0.03055,0.05205,0.03115,0.313,0.26029056
0.0318,0.05475,0.033,0.3184,0.2651646
0.0318,0.05475,0.033,0.3184,0.2651646
0.0348,0.05785,0.03335,0.3314,0.24878575
0.0356,0.058,0.03415,0.3201,0.23931624
0.0314,0.0546,0.03255,0.3092,0.26976746
0.03195,0.0566,0.0319,0.3112,0.2783738
0.03055,0.0526,0.03185,0.2827,0.26518342
0.0318,0.0556,0.0309,0.2984,0.27231115
0.0335,0.0612,0.0323,0.3134,0.29250264
0.0324,0.0633,0.0332,0.3244,0.322884
0.0349,0.0631,0.0357,0.3396,0.28775513
0.0324,0.0644,0.0372,0.3186,0.33057854
0.0313,0.0533,0.0309,0.2902,0.2600473
0.03,0.055,0.03,0.2884,0.29411766
0.0312,0.0565,0.0324,0.3022,0.28848347
0.0319,0.0606,0.0342,0.3016,0.31027028
0.031,0.0584,0.0346,0.3008,0.3064877
0.0305,0.058,0.0335,0.3156,0.31073445
0.0321,0.0623,0.034,0.3316,0.31991526
0.0305,0.0562,0.0341,0.3172,0.29642448
0.0303,0.0568,0.0341,0.2994,0.30424798
0.0319,0.0595,0.0335,0.3002,0.30196938
0.0325,0.0588,0.0338,0.3086,0.28806138
0.0298,0.0552,0.0346,0.2996,0.29882354
0.0291,0.0544,0.0336,0.2974,0.302994
0.0303,0.058,0.0336,0.2956,0.31370327
0.0274,0.0538,0.0309,0.2928,0.32512316
0.0279,0.0545,0.0321,0.2852,0.32281554
0.0285,0.0581,0.0299,0.324,0.3418014
0.0296,0.0587,0.0305,0.3404,0.3295583
0.0308,0.0591,0.0333,0.3366,0.31479418
0.0308,0.0591,0.0333,0.3366,0.31479418
0.02915,0.0566,0.0321,0.32,0.32011664
0.0293,0.0567,0.031,0.3199,0.31860465
0.03265,0.06545,0.0376,0.3401,0.33435267
0.0338,0.06235,0.0391,0.3222,0.29693192
0.02935,0.0567,0.03295,0.3208,0.31783846
0.02945,0.0566,0.0314,0.3065,0.31551424
0.0308,0.0627,0.0343,0.3252,0.3411765
0.0299,0.0585,0.031,0.3215,0.32352942
0.03265,0.0608,0.03335,0.3463,0.30123058
0.03935,0.06905,0.0406,0.3457,0.27398524
0.03145,0.0508,0.03115,0.289,0.23525836
0.028,0.04625,0.02935,0.2914,0.24579126
0.02915,0.04835,0.0283,0.2809,0.24774192
0.03265,0.05415,0.03335,0.3158,0.24769583
0.0322,0.05125,0.03115,0.3066,0.22828038
0.03095,0.05455,0.0319,0.3323,0.2760234
0.0318,0.0558,0.0317,0.3476,0.27397257
0.03325,0.05655,0.03165,0.3353,0.2594655
0.03165,0.05815,0.03015,0.3344,0.29510024
0.03355,0.0595,0.0315,0.3472,0.2788823
0.0326,0.06115,0.0326,0.35305,0.30453333
0.0342,0.0599,0.03425,0.3569,0.2731137
0.0339,0.0575,0.0323,0.3151,0.2582057
0.03245,0.05575,0.0334,0.322,0.26417232
0.0351,0.0602,0.03785,0.3339,0.26337877
0.03545,0.06645,0.0357,0.3739,0.30421984
0.0339,0.0649,0.03295,0.3408,0.3137652
0.03055,0.0555,0.0305,0.2991,0.28994772
0.02995,0.05275,0.03065,0.2964,0.27569526
0.03155,0.0538,0.033,0.3173,0.26069126
0.03155,0.0538,0.033,0.3173,0.26069126
0.0326,0.05675,0.0332,0.3438,0.2702854
0.0313,0.0559,0.0321,0.3238,0.28211007
0.03265,0.05485,0.0335,0.31,0.25371426
0.031,0.05575,0.03235,0.323,0.2853026
0.03,0.05715,0.03215,0.3341,0.31153184
0.03185,0.0574,0.03465,0.3039,0.28627452
0.0331,0.0586,0.0344,0.3152,0.27808067
0.0322,0.061,0.0336,0.3252,0.3090129
0.0323,0.0608,0.0321,0.3254,0.30612248
0.0322,0.0611,0.0334,0.3238,0.30975345
0.0315,0.0596,0.0348,0.3044,0.30845225
0.0306,0.0556,0.0326,0.2908,0.29002318
0.0303,0.0594,0.0309,0.3052,0.3244147
0.0309,0.0608,0.032,0.3044,0.32606325
0.0331,0.0612,0.0339,0.313,0.29798514
0.032,0.0614,0.0355,0.309,0.31477514
0.0297,0.0588,0.035,0.3086,0.32881355
0.0296,0.0583,0.0317,0.3132,0.3265074
0.0289,0.0532,0.0309,0.2944,0.2959805
0.0285,0.0573,0.0317,0.283,0.33566436
0.0316,0.0616,0.0337,0.3042,0.32188842
0.031,0.0589,0.0337,0.2984,0.31034482
0.0292,0.055,0.0335,0.2908,0.3064133
0.0301,0.0572,0.0334,0.3118,0.31042382
0.0303,0.0604,0.0348,0.316,0.33186328
0.028,0.0525,0.0298,0.2798,0.30434778
0.0295,0.0569,0.0313,0.2984,0.3171296
0.0301,0.0573,0.0312,0.3242,0.31121284
0.0299,0.0584,0.0339,0.3308,0.32276332
0.0304,0.0596,0.035,0.3313,0.3244444
0.0304,0.0596,0.035,0.3313,0.3244444
0.03155,0.0562,0.03495,0.3127,0.28091168
0.0324,0.05695,0.0361,0.3119,0.27476215
0.0317,0.06205,0.0364,0.3223,0.32373333
0.0334,0.06085,0.0372,0.3133,0.29124668
0.0329,0.0616,0.03665,0.3289,0.30370367
0.0317,0.0631,0.03455,0.3414,0.33122364
0.0303,0.0595,0.03215,0.3313,0.32516703
0.03055,0.05975,0.03215,0.3398,0.32336655
0.033,0.06155,0.0347,0.3451,0.30195662
0.03815,0.06505,0.0394,0.3299,0.2606589
0.03215,0.05265,0.0312,0.3184,0.24174528
0.0268,0.04745,0.02815,0.3042,0.27811447
0.02985,0.04905,0.0306,0.2985,0.24334599
0.03305,0.05235,0.03345,0.30865,0.2259953
0.0307,0.0517,0.031,0.3004,0.25485435
0.0302,0.0553,0.03075,0.3398,0.29356724
0.0302,0.053,0.03015,0.33315,0.27403843
0.0316,0.05115,0.032,0.30915,0.23625381
0.02955,0.049,0.02985,0.2799,0.247613
0.03255,0.0537,0.0343,0.3004,0.2452174
0.0304,0.0485,0.03055,0.2826,0.22940432
0.0308,0.04995,0.0308,0.2839,0.2371517
0.0316,0.0538,0.0318,0.3169,0.2599532
0.03365,0.05665,0.03295,0.3339,0.25470656
0.03195,0.0574,0.03065,0.318,0.2848349
0.0325,0.0607,0.03125,0.327,0.3025751
0.03215,0.0589,0.0309,0.316,0.2937946
0.02965,0.0532,0.03065,0.3026,0.28424862
0.02985,0.05255,0.03235,0.3065,0.27548543
0.03005,0.0519,0.03305,0.29925,0.26662597
0.03005,0.0519,0.03305,0.29925,0.26662597
0.0325,0.0574,0.03495,0.3319,0.2769744
0.0312,0.05445,0.03275,0.3296,0.27145362
0.02955,0.0512,0.03095,0.2988,0.26811147
0.031,0.05525,0.0317,0.3182,0.28115943
0.0307,0.06035,0.03185,0.3323,0.32564527
0.03075,0.0579,0.0339,0.3241,0.30626056
0.0326,0.0605,0.035,0.3298,0.29967776
0.0331,0.0614,0.0343,0.3386,0.29947087
0.0318,0.0585,0.0317,0.3414,0.29568103
0.032,0.0642,0.0328,0.3447,0.3347193
0.0308,0.0616,0.0322,0.3154,0.33333334
0.0293,0.0566,0.0322,0.312,0.3178114
0.0315,0.0605,0.032,0.303,0.31521738
0.031,0.0596,0.0325,0.312,0.3156733
0.0339,0.0608,0.0353,0.3218,0.2840549
0.0357,0.0656,0.0396,0.3198,0.2951629
0.0307,0.0611,0.035,0.3116,0.33115467
0.0258,0.0515,0.0293,0.2829,0.3324709
0.027,0.0515,0.0296,0.2668,0.3121019
0.029,0.0586,0.0309,0.2868,0.33789957
0.0309,0.0594,0.0332,0.2938,0.3156146
0.0306,0.0558,0.0329,0.3018,0.29166663
0.029,0.0537,0.0322,0.2868,0.2986699
0.031,0.0594,0.0326,0.3156,0.3141593
0.0295,0.0549,0.0319,0.3046,0.3009479
0.0272,0.0495,0.0281,0.275,0.29074314
0.0303,0.0594,0.0306,0.3019,0.3244147
0.0299,0.0559,0.0319,0.3044,0.3030303
0.0306,0.0623,0.036,0.3174,0.3412271
0.0315,0.0609,0.0374,0.3233,0.3181818
0.0315,0.0609,0.0374,0.3233,0.3181818
0.03045,0.0589,0.0377,0.3051,0.31841072
0.03165,0.05495,0.03615,0.306,0.26905313
0.03015,0.0597,0.03355,0.3102,0.32888147
0.03325,0.0619,0.0372,0.3172,0.30110353
0.03745,0.0658,0.04055,0.3411,0.27457628
0.04015,0.0709,0.04035,0.3574,0.2769023
0.03435,0.06255,0.03725,0.3246,0.29102167
0.0304,0.0597,0.0327,0.3236,0.3251942
0.03285,0.05885,0.03275,0.3222,0.28353325
0.03555,0.06265,0.0354,0.3421,0.27596745
0.03005,0.05225,0.0303,0.3122,0.26974484
0.02795,0.04895,0.0266,0.3013,0.27308193
0.03005,0.0499,0.0295,0.2993,0.24828017
0.0303,0.05115,0.03245,0.2979,0.2559853
0.03005,0.0512,0.02925,0.3041,0.26030767
0.0302,0.05345,0.0291,0.3199,0.2779438
0.0305,0.05055,0.0296,0.2958,0.24737814
0.03175,0.0504,0.03245,0.2856,0.22702374
0.0304,0.04695,0.0302,0.2568,0.2139625
0.0287,0.0458,0.03015,0.2529,0.2295302
0.02985,0.0484,0.029,0.2501,0.2370607
0.0299,0.0506,0.0314,0.2871,0.25714287
0.0317,0.056,0.03405,0.3115,0.27708098
0.032,0.0559,0.03395,0.3245,0.27189988
0.0312,0.05875,0.0299,0.345,0.3062813
0.0301,0.0576,0.0288,0.3224,0.313569
0.02995,0.0534,0.03045,0.3071,0.2813437
0.03055,0.0556,0.0312,0.3298,0.2907719
0.0317,0.053,0.03135,0.311,0.25147578
0.03055,0.04965,0.0321,0.2971,0.2381546
0.03055,0.04965,0.0321,0.2971,0.2381546
0.0334,0.05585,0.0363,0.323,0.25154063
0.0323,0.05345,0.0342,0.3147,0.24664724
0.0299,0.04935,0.03035,0.2802,0.24542588
0.02995,0.0558,0.0326,0.3172,0.3014577
0.0306,0.05945,0.0335,0.3314,0.3203776
0.0318,0.0598,0.0319,0.3372,0.30567682
0.0332,0.0616,0.0335,0.3536,0.29957807
0.0317,0.0612,0.0346,0.3476,0.31754574
0.0313,0.0584,0.0334,0.3326,0.30211818
0.0322,0.0621,0.0333,0.3494,0.31707317
0.0296,0.0568,0.0308,0.3232,0.3148148
0.0305,0.0559,0.0289,0.3166,0.29398146
0.0302,0.0591,0.0297,0.3066,0.3236282
0.0301,0.0576,0.0313,0.2988,0.313569
0.0339,0.062,0.035,0.3322,0.29301354
0.0332,0.0622,0.0372,0.316,0.3039832
0.0302,0.0537,0.0336,0.2686,0.28009534
0.0257,0.0477,0.0274,0.2508,0.29972753
0.0282,0.0552,0.0301,0.289,0.32374102
0.0302,0.0605,0.032,0.3086,0.33406833
0.0309,0.059,0.0331,0.3024,0.31256953
0.0309,0.0567,0.0328,0.294,0.29452053
0.0301,0.057,0.0303,0.3094,0.30884042
0.0286,0.0602,0.0322,0.321,0.35585585
0.0278,0.0536,0.0303,0.2906,0.3169533
0.0268,0.0534,0.0264,0.2888,0.33167082
0.0274,0.0559,0.03,0.3096,0.34213686
0.0287,0.0583,0.0301,0.3038,0.3402299
0.0314,0.0629,0.035,0.3182,0.33404028
0.0314,0.0629,0.035,0.3182,0.33404028
0.0326,0.0625,0.0409,0.319,0.3144059
0.03045,0.05665,0.0363,0.2949,0.3008037
0.0306,0.05705,0.03415,0.3087,0.3017684
0.03145,0.05935,0.0341,0.3215,0.3072687
0.03525,0.06575,0.0435,0.3247,0.3019802
0.03755,0.06855,0.04345,0.3232,0.2921772
0.04205,0.0759,0.0459,0.3439,0.28698602
0.04175,0.07275,0.04605,0.3347,0.2707424
0.0355,0.06435,0.0397,0.3154,0.2889334
0.03295,0.05915,0.0338,0.3294,0.28447342
0.0353,0.06445,0.03495,0.3476,0.29223058
0.0293,0.04835,0.0281,0.2833,0.24533162
0.02975,0.0511,0.02665,0.2974,0.26406926
0.03045,0.05015,0.0292,0.3015,0.24441688
0.0304,0.0503,0.02935,0.2962,0.2465923
0.02875,0.05055,0.0298,0.2896,0.27490538
0.03045,0.05065,0.02985,0.28235,0.24907522
0.0312,0.0504,0.03205,0.2761,0.23529415
0.03095,0.0543,0.035,0.3074,0.27390027
0.0312,0.04835,0.03075,0.2882,0.21558768
0.0298,0.04775,0.02865,0.27,0.23146357
0.03225,0.0509,0.0325,0.2949,0.22429349
0.03235,0.0518,0.0336,0.3046,0.23113489
0.0326,0.05085,0.03225,0.2813,0.21869381
0.03245,0.05095,0.0325,0.2899,0.22182252
0.03255,0.05695,0.0318,0.3171,0.2726257
0.02935,0.0533,0.03015,0.2894,0.28977618
0.0314,0.0543,0.03145,0.299,0.2672112
0.03075,0.05655,0.03245,0.3227,0.2955326
0.0302,0.0526,0.0298,0.3063,0.2705314
0.02905,0.05225,0.03225,0.29615,0.28536284
0.02905,0.05225,0.03225,0.29615,0.28536284
0.0313,0.05475,0.03355,0.31,0.27251595
0.0308,0.0533,0.03315,0.2907,0.26753867
0.0298,0.05075,0.032,0.2753,0.2600869
0.0316,0.05545,0.03355,0.32195,0.2739805
0.03135,0.0593,0.03375,0.3434,0.30832872
0.0325,0.0627,0.03425,0.3563,0.31722695
0.0311,0.0599,0.0339,0.365,0.31648353
0.0315,0.0597,0.0353,0.3362,0.30921054
0.0304,0.0568,0.0332,0.3264,0.3027523
0.0315,0.0623,0.0336,0.3474,0.3283582
0.0283,0.0534,0.0304,0.3226,0.30722153
0.0295,0.0567,0.0297,0.3151,0.31554523
0.0288,0.059,0.0301,0.3254,0.3439636
0.032,0.0586,0.0324,0.3257,0.29359823
0.0321,0.0619,0.0362,0.3274,0.3170213
0.0294,0.055,0.0351,0.289,0.30331755
0.0298,0.0539,0.0336,0.28,0.28793308
0.028,0.0522,0.03,0.2688,0.30174562
0.0291,0.0581,0.0307,0.302,0.3325688
0.0302,0.0586,0.0308,0.323,0.31981984
0.0312,0.0573,0.032,0.313,0.2949153
0.0307,0.0607,0.0314,0.3206,0.32822758
0.0295,0.0585,0.0321,0.3316,0.32954544
0.029,0.0587,0.0317,0.3182,0.33865452
0.0277,0.0584,0.0297,0.3061,0.35656217
0.0288,0.0558,0.0293,0.3142,0.31914893
0.0297,0.0575,0.0303,0.3178,0.31880736
0.0297,0.0594,0.0331,0.3259,0.3333333
0.031,0.0568,0.0335,0.326,0.29384968
0.031,0.0568,0.0335,0.326,0.29384968
0.0327,0.0611,0.0388,0.3184,0.30277187
0.03035,0.055,0.0347,0.3084,0.2888108
0.0308,0.0553,0.03385,0.311,0.28455287
0.0329,0.0601,0.0361,0.3209,0.2924731
0.03705,0.0638,0.04385,0.3188,0.2652454
0.0359,0.0626,0.0395,0.2947,0.271066
0.03955,0.07165,0.04785,0.3323,0.28866908
0.04545,0.07895,0.05235,0.339,0.26929262
0.0455,0.0736,0.0546,0.33595,0.2359362
0.03795,0.06875,0.0447,0.3572,0.28865978
0.03695,0.07045,0.0398,0.37055,0.31191808
0.0295,0.0497,0.0284,0.3035,0.2550505
0.03055,0.0525,0.03,0.3238,0.26429862
0.0285,0.0509,0.0295,0.3128,0.28211588
0.0285,0.0498,0.0308,0.2886,0.27203068
0.0296,0.0534,0.0309,0.2918,0.28674698
0.0293,0.0497,0.0316,0.292,0.25822785
0.0316,0.0519,0.0323,0.288,0.24311379
0.0331,0.0547,0.0328,0.309,0.24601364
0.0303,0.04825,0.02915,0.3113,0.22851686
0.0308,0.05005,0.03035,0.2997,0.23809524
0.03255,0.051,0.03515,0.2976,0.22082585
0.0318,0.05,0.03315,0.2811,0.22249387
0.03035,0.05045,0.03215,0.2637,0.2487624
0.03255,0.0531,0.0329,0.2794,0.23992997
0.0322,0.05545,0.0335,0.2942,0.26525953
0.03145,0.0538,0.0333,0.2824,0.2621701
0.0314,0.05265,0.0339,0.2818,0.25282574
0.0304,0.053,0.03475,0.30455,0.27098322
0.03,0.05255,0.0294,0.3104,0.2731678
0.03,0.05255,0.0294,0.3104,0.2731678
0.03015,0.05185,0.03085,0.3115,0.26463413
0.0294,0.0496,0.0298,0.2818,0.2556962
0.03055,0.0476,0.0316,0.2695,0.2181702
0.0302,0.04935,0.0358,0.2918,0.24072911
0.03135,0.0547,0.0338,0.3293,0.2713538
0.03195,0.0589,0.03355,0.344,0.2966428
0.0323,0.0601,0.036,0.3576,0.30086583
0.0328,0.0618,0.0379,0.3684,0.3065539
0.0329,0.0601,0.0358,0.353,0.2924731
0.0293,0.0562,0.0346,0.322,0.3146199
0.0318,0.0594,0.0315,0.344,0.30263156
0.0296,0.0566,0.0296,0.3422,0.31322506
0.0301,0.0614,0.0319,0.3274,0.3420765
0.031,0.0617,0.032,0.3364,0.33117583
0.0319,0.0619,0.0342,0.3482,0.31982943
0.0307,0.0578,0.0334,0.3188,0.30621466
0.0298,0.0537,0.0318,0.2842,0.28622755
0.0308,0.0572,0.0342,0.3002,0.3
0.0292,0.0566,0.0305,0.3108,0.31934732
0.03015,0.05785,0.0302,0.3258,0.31477273
0.0304,0.05865,0.03115,0.3316,0.3172375
0.0295,0.05865,0.0317,0.3248,0.33068633
0.03,0.058,0.0316,0.3245,0.3181818
0.0295,0.05835,0.0305,0.3097,0.32840067
0.0301,0.05935,0.0301,0.3047,0.32699832
0.0287,0.0555,0.03,0.315,0.3182898
0.0297,0.0534,0.0309,0.3052,0.28519854
0.0305,0.0576,0.031,0.3292,0.30760497
0.03,0.0596,0.0356,0.3394,0.33035716
0.0301,0.0603,0.0344,0.348,0.33407083
0.0301,0.0603,0.0344,0.348,0.33407083
0.0322,0.063,0.0343,0.3572,0.3235294
0.03015,0.0578,0.0361,0.3357,0.31438315
0.02995,0.0586,0.035,0.3191,0.32354602
0.03495,0.0602,0.0396,0.3076,0.2653705
0.03495,0.06205,0.03935,0.2964,0.27938145
0.0329,0.0582,0.03805,0.2938,0.2777168
0.03795,0.06765,0.0426,0.3264,0.28124997
0.0422,0.0734,0.0481,0.3379,0.26989618
0.04505,0.0783,0.0587,0.3491,0.2695582
0.04055,0.0744,0.05185,0.3654,0.29447585
0.0421,0.0729,0.04395,0.3461,0.26782608
0.0295,0.0497,0.0284,0.3035,0.2550505
0.0308,0.0564,0.03275,0.3333,0.293578
0.0284,0.0506,0.0289,0.2744,0.28101265
0.033,0.0573,0.0362,0.302,0.269103
0.0353,0.0558,0.0392,0.3144,0.22502741
0.0293,0.0483,0.0294,0.2844,0.24484538
0.0301,0.0508,0.032,0.2688,0.25587144
0.0341,0.0539,0.0339,0.2967,0.225
0.0296,0.0464,0.03015,0.3021,0.22105263
0.0299,0.04855,0.0304,0.3145,0.23773104
0.03075,0.04915,0.0324,0.2919,0.23028785
0.0323,0.05195,0.03555,0.2895,0.23323442
0.03465,0.0523,0.03735,0.2827,0.20299017
0.0329,0.05775,0.0364,0.30475,0.27413124
0.0354,0.0596,0.03745,0.3326,0.25473684
0.03465,0.0561,0.03685,0.3049,0.2363636
0.03125,0.05095,0.0325,0.2801,0.23965935
0.0309,0.05485,0.03305,0.2863,0.2793003
0.0307,0.05425,0.03165,0.3126,0.2772219
0.0307,0.05425,0.03165,0.3126,0.2772219
0.03,0.05425,0.03145,0.3171,0.28783384
0.02765,0.0454,0.02865,0.2677,0.24298427
0.0325,0.0465,0.0326,0.282,0.17721523
0.03255,0.05105,0.03675,0.3205,0.22129187
0.0305,0.05085,0.0331,0.317,0.25015366
0.0307,0.05195,0.0304,0.2936,0.2571083
0.0319,0.05765,0.03565,0.3159,0.28754884
0.0311,0.0601,0.0347,0.3458,0.31798247
0.0315,0.0576,0.0328,0.345,0.29292926
0.0284,0.0549,0.0334,0.3122,0.31812727
0.0297,0.0578,0.0316,0.3504,0.32114285
0.0304,0.0607,0.0298,0.346,0.33260152
0.0305,0.0596,0.0322,0.3386,0.32297447
0.031,0.0594,0.0317,0.332,0.3141593
0.0316,0.0616,0.0323,0.337,0.32188842
0.0304,0.0585,0.0311,0.3228,0.3160855
0.0293,0.0535,0.031,0.2952,0.29227054
0.0301,0.0565,0.0323,0.3028,0.3048499
0.0305,0.0588,0.0315,0.3142,0.3169093
0.02905,0.05775,0.0298,0.317,0.33064517
0.0288,0.05785,0.0305,0.3186,0.3352568
0.0304,0.0615,0.03095,0.335,0.3384113
0.02975,0.0593,0.0314,0.3236,0.33183604
0.02925,0.0594,0.03055,0.3103,0.3401015
0.02955,0.06145,0.02895,0.33575,0.3505495
0.0294,0.0552,0.0296,0.323,0.3049645
0.0296,0.0543,0.0324,0.325,0.2943981
0.031,0.0587,0.0326,0.3372,0.30880713
0.0305,0.0621,0.0342,0.3494,0.34125268
0.0343,0.0631,0.0384,0.3592,0.2956879
0.0343,0.0631,0.0384,0.3592,0.2956879
0.0347,0.0674,0.0395,0.3595,0.32027426
0.03315,0.064,0.0371,0.349,0.31755024
0.0336,0.06215,0.03775,0.31905,0.29817232
0.03255,0.0579,0.03765,0.2938,0.28026533
0.03245,0.06135,0.0357,0.288,0.3081023
0.03025,0.0573,0.03575,0.289,0.30896634
0.0326,0.0627,0.0352,0.3075,0.3158447
0.03615,0.0649,0.04085,0.3249,0.28451264
0.0388,0.0708,0.0477,0.352,0.2919708
0.039,0.0722,0.04885,0.36005,0.29856113
0.0405,0.0785,0.04495,0.35305,0.31932774
0.0322,0.0537,0.0305,0.3399,0.25029102
0.0308,0.0564,0.03275,0.3333,0.293578
0.0267,0.0447,0.0275,0.2656,0.25210086
0.0377,0.0611,0.0403,0.3194,0.23684207
0.035,0.0548,0.041,0.3096,0.22048998
0.0289,0.0474,0.0285,0.279,0.24246398
0.0286,0.0474,0.0295,0.273,0.24736843
0.031,0.0508,0.0342,0.2854,0.24205379
0.02925,0.0478,0.03145,0.28875,0.24075277
0.0281,0.04795,0.0306,0.2937,0.2610125
0.02905,0.04795,0.0304,0.2893,0.24545453
0.03455,0.0557,0.0378,0.3047,0.23434903
0.0363,0.05835,0.0428,0.3018,0.23296356
0.035,0.0553,0.03505,0.3124,0.2248062
0.0363,0.05975,0.038,0.345,0.24414368
0.03445,0.05565,0.03795,0.32085,0.23529413
0.0331,0.053,0.0352,0.3008,0.23112658
0.0313,0.054,0.0333,0.304,0.2661196
0.0306,0.0488,0.03085,0.2914,0.22921912
0.0306,0.0488,0.03085,0.2914,0.22921912
0.03015,0.0529,0.0307,0.2993,0.27393138
0.0286,0.05015,0.0301,0.2901,0.2736508
0.0311,0.0511,0.03205,0.3133,0.24330902
0.0303,0.0546,0.0342,0.33345,0.2862191
0.02825,0.0498,0.0306,0.2805,0.27610508
0.02875,0.04845,0.02945,0.2696,0.25518134
0.0315,0.05685,0.0353,0.3144,0.286927
0.0288,0.0543,0.0305,0.3206,0.3068592
0.0298,0.0541,0.0289,0.334,0.28963053
0.0298,0.0559,0.0294,0.332,0.30455077
0.0312,0.0596,0.0314,0.3452,0.3127753
0.0306,0.0594,0.0304,0.323,0.32
0.0296,0.0591,0.0295,0.3238,0.33258173
0.0286,0.0571,0.0294,0.3172,0.3325554
0.0284,0.0586,0.0297,0.3182,0.34712645
0.0306,0.0596,0.0325,0.3282,0.32150775
0.0283,0.0565,0.0295,0.3154,0.33254716
0.0307,0.0585,0.0319,0.3182,0.3116592
0.0285,0.0542,0.0308,0.3194,0.3107618
0.02745,0.05325,0.02845,0.2972,0.31970257
0.02975,0.0559,0.0303,0.3207,0.30531234
0.03005,0.0588,0.0323,0.3296,0.32357907
0.0291,0.0556,0.03105,0.3055,0.31286892
0.02885,0.05925,0.0307,0.3231,0.34506243
0.02975,0.0582,0.0293,0.3402,0.32347924
0.0282,0.0548,0.0291,0.3142,0.3204819
0.0303,0.0564,0.0309,0.3308,0.30103806
0.0306,0.0605,0.0326,0.352,0.32821074
0.0324,0.0617,0.0342,0.3562,0.31137088
0.0324,0.0617,0.0342,0.3562,0.31137088
0.0352,0.0647,0.0429,0.3526,0.2952953
0.0408,0.0716,0.0441,0.3454,0.27402133
0.0385,0.0701,0.0436,0.3407,0.29097608
0.0376,0.0684,0.0425,0.3231,0.29056606
0.033,0.0574,0.0382,0.2787,0.26991153
0.03185,0.059,0.03535,0.3049,0.29884428
0.0306,0.058,0.03515,0.2978,0.30925506
0.0315,0.05865,0.033,0.2906,0.30116472
0.03315,0.0618,0.0349,0.2974,0.3017378
0.0362,0.0634,0.0381,0.3191,0.27309236
0.0396,0.06795,0.04155,0.3515,0.26359835
0.04135,0.0762,0.04725,0.371,0.2964696
