BLUE,GREEN,RED,NIR,NDVI
0.0421,0.051,0.02635,0.0114,0.09559611
0.04315,0.0519,0.02435,0.0102,0.0920568
0.04395,0.05165,0.0245,0.0098,0.080543935
0.0415,0.0511,0.02435,0.0097,0.10367173
0.04185,0.05025,0.0235,0.00985,0.09120522
0.04175,0.04905,0.0227,0.00985,0.08039648
0.0432,0.0491,0.0233,0.0098,0.06392199
0.0418,0.0485,0.0239,0.0098,0.074197136
0.0414,0.049,0.0268,0.01,0.08407078
0.0419,0.0505,0.0277,0.01015,0.0930736
0.0422,0.0494,0.0279,0.0091,0.07860265
0.0422,0.0494,0.0279,0.009,0.07860265
0.0418,0.0481,0.0249,0.00845,0.070077844
0.04025,0.04885,0.0245,0.0086,0.09652077
0.0408,0.0468,0.02455,0.00845,0.06849312
0.0408,0.048,0.0245,0.00835,0.08108107
0.03965,0.0471,0.02405,0.0086,0.08587895
0.0408,0.0479,0.02435,0.0084,0.08004507
0.0398,0.0487,0.0244,0.0084,0.10056499
0.0411,0.05025,0.0248,0.00815,0.10016422
0.04065,0.05125,0.02535,0.0078,0.11534277
0.0414,0.05085,0.02615,0.0078,0.102439016
0.0414,0.05085,0.02615,0.0078,0.102439016
0.0418,0.0506,0.02685,0.00805,0.0952381
0.0427,0.05175,0.0273,0.00805,0.0958179
0.0433,0.0525,0.02765,0.0086,0.096033394
0.04245,0.05005,0.02845,0.00845,0.08216218
0.04235,0.0505,0.02875,0.0084,0.08777598
0.042,0.05035,0.02725,0.00825,0.09041689
0.0433,0.04925,0.0277,0.0086,0.06428958
0.04225,0.04985,0.0256,0.00885,0.08251899
0.0425,0.0514,0.0287,0.0089,0.09478167
0.0426,0.0509,0.0284,0.0089,0.08877008
0.0432,0.0509,0.0281,0.009,0.08182784
0.0444,0.0539,0.0281,0.0099,0.09664294
0.044,0.0539,0.0299,0.0099,0.101123594
0.0437,0.0534,0.0302,0.0107,0.09989702
0.0433,0.0531,0.0309,0.0106,0.101659775
0.0437,0.0525,0.0304,0.011,0.0914761
0.0448,0.0518,0.0308,0.012,0.0724638
0.0435,0.05,0.0308,0.0118,0.06951874
0.0422,0.0497,0.03,0.0124,0.08161045
0.0422,0.0492,0.0295,0.0134,0.076586425
0.043,0.0492,0.0298,0.0136,0.06724509
0.0435,0.0493,0.0299,0.0138,0.062500015
0.0437,0.0484,0.0296,0.0145,0.051031504
0.0415,0.048,0.0301,0.0148,0.07262573
0.042,0.048,0.0299,0.0152,0.06666668
0.0432,0.0503,0.0298,0.014,0.075935796
0.04275,0.0494,0.0292,0.01395,0.07216495
0.0441,0.05005,0.02895,0.01605,0.063197024
0.04485,0.05175,0.0305,0.0163,0.07142859
0.04485,0.05175,0.0305,0.0163,0.07142859
0.0455,0.05225,0.03045,0.01625,0.06905373
0.045,0.0534,0.0294,0.01465,0.085365824
0.0,0.0,0.0,0.0,0.0
0.04235,0.04965,0.02605,0.0108,0.07934779
0.04135,0.0503,0.024,0.01065,0.09765411
0.04165,0.0508,0.02495,0.0098,0.0989724
0.04265,0.0503,0.02365,0.00955,0.0823023
0.04185,0.04825,0.02295,0.00985,0.07103219
0.0427,0.04835,0.02305,0.0095,0.062053803
0.0427,0.0482,0.0225,0.0094,0.060506046
0.0418,0.0473,0.0224,0.01,0.06172839
0.0427,0.0516,0.0292,0.0101,0.094379656
0.0421,0.0509,0.0283,0.0099,0.094623655
0.0425,0.0486,0.0278,0.0093,0.06695937
0.0431,0.0485,0.0278,0.0092,0.058951985
0.0414,0.0481,0.0249,0.00835,0.07486032
0.04115,0.04785,0.0245,0.0083,0.07528092
0.0409,0.04645,0.02455,0.0083,0.06353751
0.0416,0.0477,0.02435,0.0083,0.06830906
0.04035,0.0469,0.0243,0.0085,0.07507162
0.0397,0.0476,0.0244,0.0084,0.09049255
0.0408,0.0495,0.0245,0.0084,0.09634549
0.04035,0.0507,0.02485,0.00815,0.113673806
0.0408,0.05105,0.0257,0.00785,0.111594975
0.0408,0.05105,0.0257,0.00785,0.111594975
0.04225,0.0502,0.026,0.0078,0.08599243
0.04125,0.0493,0.0267,0.0074,0.08890114
0.0421,0.0502,0.0274,0.00805,0.087757304
0.0427,0.0512,0.02765,0.00825,0.09052182
0.0411,0.0499,0.0289,0.00825,0.0967033
0.04165,0.0496,0.02925,0.00825,0.08712329
0.04135,0.0497,0.02705,0.0083,0.09170785
0.04225,0.04965,0.0269,0.00865,0.08052229
0.04205,0.0497,0.026,0.0086,0.08337874
0.0433,0.0522,0.0288,0.0089,0.09319373
0.0432,0.0508,0.0284,0.0089,0.08085105
0.0432,0.0509,0.0281,0.009,0.08182784
0.043,0.0536,0.0289,0.0098,0.109730825
0.0429,0.0542,0.029,0.0095,0.11637488
0.0437,0.0537,0.0295,0.0106,0.102669425
0.0425,0.0534,0.0305,0.0108,0.113660045
0.0442,0.0524,0.0304,0.0115,0.08488614
0.045,0.0513,0.0309,0.012,0.065420546
0.0426,0.0512,0.031,0.012,0.091684446
0.0411,0.0507,0.0296,0.0122,0.10457519
0.0404,0.0496,0.0293,0.0135,0.10222225
0.0433,0.0492,0.0289,0.0135,0.06378377
0.0438,0.0493,0.0294,0.0137,0.059076265
0.0411,0.0491,0.0298,0.0149,0.08869181
0.0418,0.047,0.0301,0.0156,0.058558546
0.0416,0.0473,0.0302,0.0157,0.064116985
0.0433,0.0488,0.0301,0.0148,0.0597177
0.04355,0.04925,0.02955,0.01455,0.06142241
0.0447,0.0499,0.0293,0.0157,0.05496827
0.0447,0.05065,0.0303,0.0156,0.062401682
0.0447,0.05065,0.0303,0.0156,0.062401682
0.04525,0.0535,0.03005,0.0155,0.08354433
0.04645,0.05395,0.03005,0.0153,0.0747012
0.0,0.0,0.0,0.0,0.0
0.0418,0.0483,0.02485,0.01075,0.07214208
0.0419,0.04855,0.0228,0.01055,0.07352125
0.04225,0.0482,0.02465,0.0101,0.0657822
0.0424,0.04765,0.02315,0.0097,0.05830094
0.04155,0.0471,0.02285,0.00935,0.06260576
0.0412,0.048,0.02505,0.0093,0.07623318
0.0418,0.0476,0.0276,0.0097,0.06487697
0.0416,0.0471,0.0278,0.01,0.062006768
0.0421,0.0493,0.0292,0.0099,0.07877461
0.0416,0.0518,0.0305,0.01,0.10920772
0.0422,0.0502,0.0302,0.0092,0.0865801
0.0415,0.0513,0.028,0.0092,0.10560347
0.04095,0.04925,0.02695,0.0089,0.092017725
0.0408,0.048,0.02545,0.0083,0.08108107
0.04035,0.0462,0.02455,0.0085,0.067590974
0.0398,0.0467,0.02425,0.0088,0.0797688
0.0391,0.04735,0.0246,0.0085,0.09543091
0.04035,0.0471,0.0244,0.0084,0.07718695
0.0417,0.0505,0.0247,0.00805,0.09544468
0.0418,0.0503,0.02585,0.0084,0.092290975
0.0423,0.05045,0.027,0.00845,0.08787062
0.0423,0.05045,0.027,0.00845,0.08787062
0.0423,0.0514,0.02645,0.0081,0.09711844
0.04125,0.05085,0.02665,0.0075,0.10423451
0.0427,0.0504,0.0277,0.0075,0.08270677
0.03935,0.04785,0.0251,0.00785,0.09747709
0.0378,0.04725,0.0254,0.008,0.111111104
0.04015,0.0469,0.02515,0.00805,0.07754163
0.03865,0.0477,0.02355,0.0079,0.104806036
0.0395,0.0476,0.0248,0.0084,0.092996545
0.0424,0.05,0.02665,0.0087,0.0822511
0.042,0.0504,0.0288,0.0089,0.0909091
0.0404,0.0511,0.0283,0.0089,0.11693992
0.0433,0.0509,0.0286,0.009,0.080679424
0.043,0.0536,0.0289,0.0098,0.109730825
0.043,0.0539,0.0285,0.0097,0.11248708
0.0442,0.0532,0.029,0.0106,0.092402466
0.0433,0.0525,0.0304,0.0107,0.096033394
0.0448,0.052,0.0309,0.0108,0.0743802
0.0428,0.0512,0.0312,0.012,0.089361675
0.0424,0.0514,0.0312,0.012,0.09594883
0.0445,0.0506,0.0292,0.0117,0.064142995
0.0437,0.0502,0.0293,0.0135,0.0692226
0.0432,0.0492,0.0291,0.0131,0.064935036
0.0425,0.0493,0.0289,0.0137,0.07407407
0.0404,0.0491,0.0296,0.0148,0.097206734
0.0433,0.049,0.0293,0.0156,0.061755143
0.042,0.0486,0.0296,0.0155,0.07284768
0.0432,0.0487,0.0298,0.0158,0.059847657
0.04405,0.04905,0.0304,0.0151,0.053705685
0.0438,0.05005,0.02975,0.01535,0.066595644
0.0449,0.05095,0.03085,0.0162,0.06311944
0.0449,0.05095,0.03085,0.0162,0.06311944
0.04565,0.0534,0.03135,0.01575,0.078243285
0.04675,0.05385,0.03155,0.01595,0.07057651
0.0,0.0,0.0,0.0,0.0
0.0415,0.04795,0.02335,0.01095,0.07210734
0.0413,0.0474,0.0226,0.01055,0.06877117
0.0433,0.0474,0.02195,0.01005,0.045203995
0.0411,0.0469,0.0217,0.0094,0.06590911
0.0418,0.0484,0.02315,0.00995,0.07317073
0.0422,0.048,0.0246,0.00945,0.064301565
0.04225,0.04625,0.0253,0.0093,0.045197748
0.0422,0.0466,0.0262,0.00965,0.04954955
0.0418,0.0476,0.02675,0.00985,0.06487697
0.0419,0.0507,0.02945,0.00925,0.095032394
0.04175,0.0532,0.0296,0.0087,0.120589785
0.0416,0.05315,0.0296,0.00875,0.12189972
0.0413,0.0524,0.0306,0.0091,0.118463196
0.0422,0.0512,0.0306,0.0087,0.09635974
0.0399,0.0487,0.0285,0.0087,0.099322796
0.0405,0.0468,0.0282,0.0089,0.07216493
0.0391,0.0477,0.0281,0.0088,0.09907835
0.0402,0.0484,0.0281,0.0084,0.09255081
0.04185,0.04985,0.026,0.0083,0.08724097
0.04195,0.04975,0.02695,0.008,0.08505999
0.04225,0.04955,0.0276,0.00845,0.0795207
0.04225,0.04955,0.0276,0.00845,0.0795207
0.0431,0.0505,0.0271,0.00885,0.07905985
0.042,0.0513,0.0266,0.00805,0.099678464
0.0395,0.048,0.0245,0.00705,0.09714284
0.0383,0.04805,0.02405,0.00755,0.11291257
0.0388,0.04765,0.02445,0.00785,0.10237128
0.0395,0.04705,0.02385,0.00765,0.08723278
0.03895,0.04695,0.0237,0.008,0.093131565
0.0393,0.0473,0.02355,0.00825,0.09237877
0.03955,0.04715,0.02355,0.0082,0.087658614
0.0404,0.0485,0.026,0.0089,0.09111364
0.0402,0.0485,0.0296,0.009,0.093573876
0.0422,0.0527,0.0288,0.0092,0.11064281
0.0428,0.0536,0.0283,0.0092,0.11203316
0.043,0.0536,0.0277,0.0099,0.109730825
0.0425,0.0529,0.0285,0.0102,0.109014675
0.0429,0.0524,0.0309,0.0107,0.09968521
0.042,0.0518,0.0303,0.0109,0.10447763
0.045,0.0512,0.0312,0.0108,0.06444903
0.0431,0.0518,0.0312,0.0114,0.091675475
0.044,0.0505,0.0292,0.0118,0.06878309
0.0436,0.0497,0.0291,0.012,0.065380484
0.0422,0.0492,0.0292,0.0129,0.076586425
0.0408,0.0491,0.0283,0.0137,0.09232479
0.0419,0.0499,0.0296,0.0145,0.08714594
0.0427,0.049,0.0292,0.0149,0.06870227
0.0438,0.049,0.0291,0.0139,0.056034468
0.0425,0.0491,0.0301,0.014,0.072052404
0.04355,0.0492,0.03025,0.01475,0.06091643
0.0427,0.04965,0.0308,0.01515,0.07525716
0.04505,0.051,0.03025,0.0168,0.061946906
0.04505,0.051,0.03025,0.0168,0.061946906
0.0462,0.0533,0.0321,0.0166,0.071356796
0.04775,0.0538,0.0329,0.01655,0.059576582
0.0,0.0,0.0,0.0,0.0
0.04135,0.0477,0.02345,0.01065,0.071308255
0.04065,0.0481,0.0228,0.0105,0.08394366
0.04155,0.0472,0.02225,0.00985,0.063662
0.0416,0.0457,0.022,0.0096,0.046964474
0.04195,0.0477,0.0227,0.0101,0.06413832
0.04225,0.0474,0.02265,0.00945,0.057445634
0.04175,0.04655,0.0241,0.0098,0.05436013
0.0415,0.047,0.02545,0.0097,0.0621469
0.04215,0.0462,0.02555,0.00895,0.045840427
0.0418,0.05045,0.02855,0.00945,0.09376694
0.0411,0.05055,0.02885,0.0088,0.10310966
0.0411,0.0504,0.02875,0.0088,0.10163935
0.0419,0.0526,0.0289,0.0088,0.113227494
0.0414,0.0521,0.0287,0.0087,0.11443848
0.0408,0.0487,0.0242,0.0084,0.088268146
0.0391,0.0462,0.0253,0.0087,0.08323565
0.0394,0.0469,0.0261,0.0083,0.08690614
0.0395,0.0477,0.0256,0.008,0.09403666
0.04275,0.04725,0.02535,0.00815,0.049999975
0.0418,0.04965,0.02715,0.00785,0.08583924
0.04225,0.04925,0.02755,0.00845,0.076502725
0.04225,0.04925,0.02755,0.00845,0.076502725
0.04285,0.0501,0.0272,0.00875,0.07799892
0.0402,0.04695,0.0242,0.0081,0.0774527
0.0392,0.0474,0.0234,0.00705,0.09468823
0.0397,0.04825,0.02335,0.00745,0.09721431
0.04095,0.0481,0.0236,0.00755,0.08029196
0.0399,0.0475,0.02385,0.00745,0.0869565
0.04055,0.047,0.0238,0.00775,0.07367216
0.03995,0.048,0.02385,0.008,0.0915293
0.0402,0.0492,0.0251,0.0085,0.10067114
0.0415,0.0498,0.0288,0.00885,0.09090912
0.0409,0.0531,0.0296,0.0089,0.12978725
0.0424,0.0536,0.0292,0.0091,0.11666666
0.0435,0.0529,0.0285,0.0092,0.0975104
0.043,0.0536,0.0277,0.0099,0.109730825
0.042,0.0529,0.0281,0.0108,0.11485777
0.0426,0.0523,0.0295,0.0107,0.10221286
0.0426,0.0516,0.0304,0.0116,0.09554144
0.0444,0.0512,0.0312,0.0114,0.07112971
0.043,0.051,0.0312,0.0118,0.08510636
0.0444,0.0505,0.0312,0.0125,0.064278215
0.043,0.0513,0.03,0.013,0.08801696
0.043,0.0513,0.0304,0.0136,0.08801696
0.0426,0.0503,0.0291,0.0137,0.082884826
0.0417,0.0501,0.029,0.0132,0.09150323
0.0412,0.0494,0.0287,0.0131,0.09050774
0.0411,0.05,0.0295,0.0131,0.09769486
0.0427,0.0498,0.0304,0.0138,0.07675677
0.0437,0.04905,0.03035,0.0139,0.057681955
0.0428,0.04925,0.0311,0.01495,0.07007059
0.0428,0.04925,0.0311,0.01495,0.07007059
0.04425,0.0518,0.03095,0.0175,0.07860491
0.0464,0.0532,0.03065,0.0172,0.06827309
0.04615,0.05385,0.03295,0.0171,0.07700001
0.0,0.0,0.0,0.0,0.0
0.0403,0.0466,0.02305,0.01035,0.07249711
0.04015,0.047,0.02255,0.01025,0.07860008
0.04075,0.0467,0.02215,0.0097,0.06803888
0.04085,0.04495,0.0219,0.0096,0.047785576
0.03985,0.0464,0.0219,0.0094,0.07594202
0.04085,0.04695,0.0223,0.00975,0.06947611
0.04195,0.04715,0.02365,0.0099,0.058361415
0.041,0.04745,0.0254,0.00945,0.07292253
0.04085,0.04695,0.02655,0.0098,0.06947611
0.04155,0.0472,0.02665,0.00945,0.063662
0.04195,0.05075,0.0287,0.00845,0.09492988
0.0412,0.05015,0.0282,0.0087,0.09797481
0.0425,0.0532,0.0287,0.0088,0.11180773
0.0419,0.053,0.028,0.0089,0.116965204
0.0402,0.048,0.0272,0.0082,0.08843539
0.04,0.047,0.0247,0.0087,0.080459766
0.0398,0.0473,0.0236,0.0082,0.086107925
0.0394,0.0469,0.0242,0.0081,0.08690614
0.0405,0.047,0.02535,0.00795,0.07428569
0.04135,0.04655,0.0264,0.00765,0.05915812
0.04135,0.04655,0.0264,0.00765,0.05915812
0.0416,0.04955,0.0268,0.0082,0.08721887
0.043,0.0503,0.0268,0.0084,0.0782422
0.04115,0.0487,0.02545,0.0084,0.08402895
0.03885,0.0488,0.02555,0.00795,0.11351969
0.0389,0.05025,0.02545,0.00765,0.12731354
0.03955,0.0488,0.02625,0.0083,0.10469723
0.04065,0.0478,0.0274,0.00785,0.08083665
0.04125,0.04795,0.02745,0.00815,0.07511208
0.0422,0.04975,0.02755,0.00785,0.08210985
0.041,0.04925,0.02765,0.0084,0.09141272
0.0417,0.0522,0.0283,0.0084,0.11182107
0.043,0.0529,0.028,0.0086,0.10323253
0.0435,0.0523,0.0285,0.0091,0.09185804
0.0434,0.053,0.0285,0.0092,0.09958505
0.0428,0.0529,0.0281,0.0095,0.10553813
0.042,0.0529,0.0281,0.0108,0.11485777
0.041,0.0525,0.0295,0.011,0.12299462
0.0436,0.0516,0.0308,0.0115,0.08403362
0.0448,0.0512,0.0312,0.011,0.06666667
0.0424,0.0509,0.0312,0.0118,0.09110399
0.043,0.0507,0.0311,0.0126,0.082177155
0.0438,0.0514,0.0317,0.0118,0.07983191
0.0429,0.0513,0.0319,0.013,0.08917198
0.0436,0.0514,0.0305,0.0138,0.08210524
0.0407,0.0507,0.0288,0.0137,0.10940921
0.0414,0.0502,0.0286,0.0129,0.096069865
0.0406,0.0508,0.0296,0.0136,0.11159735
0.0428,0.0507,0.0303,0.0139,0.08449197
0.04345,0.04975,0.03085,0.0134,0.067596555
0.04355,0.05065,0.0317,0.01345,0.07537156
0.04355,0.05065,0.0317,0.01345,0.07537156
0.04405,0.0519,0.03135,0.0154,0.08181343
0.04545,0.0524,0.03135,0.01755,0.07102711
0.04605,0.05435,0.03285,0.01735,0.08266931
0.0,0.0,0.0,0.0,0.0
0.03805,0.0469,0.02275,0.0104,0.104178935
0.03815,0.04675,0.02225,0.0103,0.101295635
0.03865,0.0461,0.0218,0.0091,0.087905645
0.0381,0.0456,0.02155,0.009,0.089605734
0.0398,0.04595,0.0219,0.0092,0.071720116
0.04,0.046,0.02245,0.0088,0.06976746
0.0422,0.0476,0.0259,0.0096,0.06013365
0.0406,0.04725,0.0267,0.0094,0.075697176
0.0409,0.0495,0.02705,0.0099,0.09513275
0.041,0.04955,0.0272,0.00915,0.09442296
0.04105,0.04955,0.0266,0.0087,0.093819015
0.04205,0.04995,0.0273,0.0087,0.08586956
0.0426,0.0529,0.0306,0.009,0.107853435
0.0416,0.052,0.0284,0.0084,0.11111111
0.0405,0.0484,0.0257,0.0084,0.08886389
0.0408,0.0464,0.0239,0.0088,0.06422016
0.0404,0.0465,0.0237,0.008,0.07019566
0.0399,0.046,0.0243,0.0076,0.071012795
0.0397,0.04605,0.0253,0.00765,0.074052475
0.04,0.04625,0.0254,0.0075,0.07246379
0.04,0.04625,0.0254,0.0075,0.07246379
0.0423,0.04615,0.02675,0.0079,0.043527395
0.04205,0.05055,0.0267,0.0079,0.091792636
0.04175,0.0504,0.0269,0.008,0.0938687
0.0411,0.05035,0.026,0.0079,0.10114817
0.0414,0.05015,0.02645,0.0076,0.095576175
0.04095,0.04955,0.0268,0.0077,0.09502763
0.0411,0.0488,0.02715,0.00795,0.08565072
0.04085,0.049,0.02735,0.00805,0.09070674
0.0426,0.04935,0.0275,0.00825,0.07340949
0.04105,0.04915,0.02785,0.00845,0.08980048
0.0426,0.0522,0.0276,0.0085,0.101265855
0.0408,0.0524,0.0274,0.0086,0.12446351
0.0435,0.0524,0.0274,0.0087,0.09280502
0.0419,0.0518,0.0277,0.0088,0.10565634
0.0426,0.0529,0.0281,0.0097,0.107853435
0.0426,0.0527,0.0285,0.0109,0.10598114
0.041,0.0525,0.0295,0.011,0.12299462
0.0437,0.0518,0.029,0.011,0.08481678
0.0428,0.0517,0.0295,0.0115,0.09417987
0.0429,0.051,0.0312,0.0113,0.08626198
0.0426,0.0507,0.0317,0.0118,0.08681675
0.0426,0.0513,0.0319,0.0118,0.092651784
0.042,0.0513,0.0319,0.0119,0.099678464
0.0426,0.0514,0.0322,0.0122,0.09361702
0.0432,0.0514,0.0295,0.0128,0.08668073
0.0419,0.0514,0.0292,0.0123,0.10182205
0.0428,0.0515,0.0295,0.0132,0.09225873
0.0425,0.0513,0.0303,0.0133,0.09381663
0.0422,0.05015,0.0309,0.01375,0.08608555
0.04325,0.05065,0.03185,0.0137,0.07880727
0.04325,0.05065,0.03185,0.0137,0.07880727
0.04405,0.0519,0.03075,0.014,0.08181343
0.04515,0.05405,0.0314,0.0156,0.08971772
0.04805,0.05495,0.03165,0.01715,0.06699027
0.0,0.0,0.0,0.0,0.0
0.03805,0.04575,0.0227,0.0106,0.09188544
0.03855,0.04665,0.022,0.00975,0.095070414
0.0388,0.0456,0.02185,0.00905,0.080568716
0.0381,0.04615,0.02165,0.0088,0.09554894
0.0382,0.0458,0.0218,0.00915,0.090476215
0.03885,0.04495,0.0228,0.00895,0.07279239
0.0404,0.04875,0.0262,0.00945,0.093662366
0.04045,0.0496,0.0272,0.0092,0.10161024
0.04245,0.0505,0.0279,0.00935,0.08660572
0.0427,0.0509,0.0277,0.00905,0.08760684
0.0419,0.04995,0.02705,0.00885,0.08764288
0.04155,0.0506,0.02735,0.0086,0.09820944
0.0425,0.0537,0.0303,0.0086,0.116424106
0.0409,0.0469,0.0263,0.0083,0.06833714
0.0409,0.0477,0.0276,0.0085,0.07674944
0.0408,0.0465,0.0279,0.0083,0.06529209
0.0409,0.0472,0.0269,0.008,0.071509674
0.0398,0.0465,0.0283,0.0077,0.077636175
0.03915,0.0453,0.02625,0.00755,0.07282416
0.04005,0.04585,0.0267,0.00765,0.06752039
0.04005,0.04585,0.0267,0.00765,0.06752039
0.03935,0.0481,0.027,0.0079,0.10005717
0.03915,0.04555,0.0243,0.00695,0.0755608
0.0397,0.04625,0.024,0.00715,0.07620709
0.0411,0.05035,0.0263,0.00745,0.10114817
0.0421,0.05025,0.02685,0.0077,0.08825121
0.0419,0.05015,0.02715,0.00755,0.08962518
0.04135,0.0493,0.02735,0.00805,0.08769995
0.0405,0.04905,0.0276,0.0081,0.09547738
0.0421,0.04905,0.028,0.0083,0.07624792
0.04155,0.04915,0.02855,0.00845,0.083792746
0.043,0.0522,0.0282,0.0091,0.09663864
0.0411,0.0522,0.0279,0.0085,0.11897108
0.041,0.0512,0.0284,0.0085,0.110629044
0.0414,0.0508,0.0277,0.0086,0.10195227
0.042,0.0516,0.0283,0.0086,0.10256412
0.0425,0.0534,0.029,0.0098,0.113660045
0.0399,0.0524,0.0294,0.0108,0.13542795
0.0419,0.0533,0.0302,0.0107,0.11974789
0.043,0.0518,0.0289,0.011,0.092827
0.0429,0.0518,0.0299,0.0113,0.093981005
0.042,0.0518,0.0316,0.0117,0.10447763
0.041,0.0514,0.0319,0.012,0.11255408
0.0422,0.0514,0.0321,0.0119,0.09829059
0.0451,0.0514,0.0326,0.0124,0.06528496
0.0437,0.0507,0.0298,0.012,0.074152574
0.043,0.0507,0.031,0.0129,0.082177155
0.0465,0.0513,0.0313,0.0125,0.049079746
0.0449,0.0515,0.0305,0.0135,0.068464726
0.04345,0.0508,0.03085,0.01375,0.07798406
0.04335,0.0512,0.0312,0.0145,0.083024845
0.04335,0.0512,0.0312,0.0145,0.083024845
0.0447,0.05235,0.0314,0.01525,0.07882534
0.04525,0.0547,0.03075,0.01615,0.09454727
0.0451,0.05275,0.03035,0.01685,0.07818089
0.0,0.0,0.0,0.0,0.0
0.0411,0.04765,0.02275,0.01065,0.07380281
0.03925,0.04645,0.02255,0.00985,0.08401398
0.0388,0.04695,0.0219,0.0094,0.09504373
0.03875,0.0464,0.02185,0.00855,0.08984144
0.04005,0.04585,0.02235,0.0095,0.06752039
0.0389,0.04505,0.02375,0.00915,0.07325789
0.0392,0.04645,0.0237,0.00865,0.08464682
0.0417,0.0493,0.02745,0.00955,0.083516456
0.04285,0.0507,0.02845,0.0096,0.08391237
0.0431,0.05065,0.02865,0.0085,0.08053335
0.04285,0.0502,0.02785,0.00905,0.078989804
0.04215,0.05045,0.0273,0.00875,0.089632854
0.0428,0.0539,0.0278,0.0089,0.11478799
0.0408,0.0542,0.0274,0.0083,0.14105263
0.0401,0.0542,0.0279,0.0088,0.1495228
0.0412,0.0487,0.0279,0.0083,0.08342603
0.0412,0.0499,0.0277,0.0088,0.09549943
0.0401,0.0491,0.0282,0.0082,0.10089685
0.03925,0.0459,0.02525,0.00805,0.07809744
0.04035,0.04985,0.0257,0.0078,0.105321474
0.04035,0.04985,0.0257,0.0078,0.105321474
0.0401,0.0452,0.0237,0.0073,0.059788987
0.0401,0.0456,0.02445,0.007,0.06417736
0.0395,0.04645,0.0246,0.0078,0.08086094
0.0418,0.0501,0.02715,0.00735,0.09031555
0.0422,0.0498,0.02755,0.00775,0.082608715
0.04165,0.0507,0.028,0.00765,0.09799675
0.04135,0.04935,0.0282,0.0079,0.08820288
0.04175,0.0493,0.0282,0.00795,0.08292148
0.04185,0.0493,0.0287,0.0084,0.0817334
0.04175,0.0492,0.02795,0.0085,0.081913136
0.0422,0.052,0.0289,0.0088,0.10403399
0.0413,0.0514,0.0272,0.0086,0.10895361
0.0412,0.0504,0.0281,0.0086,0.10043667
0.0409,0.0505,0.0275,0.0091,0.105032854
0.0417,0.0516,0.0282,0.0092,0.10610932
0.0421,0.0534,0.0292,0.0093,0.118324585
0.042,0.0528,0.0287,0.0109,0.11392406
0.0419,0.0533,0.0302,0.0107,0.11974789
0.0431,0.0516,0.0291,0.0109,0.08975715
0.043,0.0519,0.029,0.011,0.09378291
0.0436,0.0513,0.0291,0.0111,0.081138045
0.0435,0.0509,0.029,0.0114,0.07838985
0.04095,0.04995,0.0303,0.011,0.099009894
0.0419,0.04995,0.03065,0.01125,0.08764288
0.04175,0.0501,0.0301,0.01185,0.09090909
0.04245,0.0499,0.03065,0.0121,0.080671355
0.04365,0.0499,0.0314,0.0127,0.06680917
0.0445,0.0502,0.03145,0.0134,0.06019007
0.0436,0.05075,0.03175,0.0133,0.07578165
0.0436,0.05075,0.03175,0.0133,0.07578165
0.0433,0.0521,0.0319,0.01325,0.09224319
0.0448,0.0534,0.03185,0.01455,0.08757638
0.04555,0.05415,0.03065,0.0154,0.08625878
0.04505,0.05145,0.02925,0.01565,0.066321254
0.0,0.0,0.0,0.0,0.0
0.04235,0.0469,0.0228,0.0107,0.050980378
0.03925,0.0467,0.0232,0.0101,0.0866783
0.04065,0.04695,0.02255,0.0096,0.07191783
0.04035,0.0463,0.02175,0.00885,0.068667054
0.0411,0.0457,0.02195,0.0092,0.05299539
0.0405,0.04535,0.0235,0.0094,0.056493886
0.04025,0.04715,0.02425,0.0097,0.07894738
0.0418,0.05065,0.02805,0.0099,0.09572743
0.04235,0.05045,0.0285,0.00925,0.08728447
0.04245,0.0516,0.0292,0.0085,0.09728869
0.04195,0.04985,0.02865,0.009,0.08605664
0.04205,0.05045,0.028,0.0087,0.09081081
0.04295,0.0504,0.02765,0.00865,0.07980717
0.04075,0.0502,0.02755,0.0083,0.10390324
0.04095,0.05015,0.0267,0.00855,0.10098792
0.04135,0.0497,0.02655,0.0081,0.09170785
0.0409,0.054,0.0286,0.00795,0.13804007
0.04125,0.0536,0.02855,0.0076,0.13020554
0.0387,0.0486,0.0277,0.0081,0.11340206
0.0387,0.0486,0.0277,0.0081,0.11340206
0.04,0.0478,0.0243,0.0081,0.088838294
0.0401,0.0455,0.0253,0.0077,0.06308409
0.0416,0.0554,0.0276,0.00785,0.14226803
0.043,0.055,0.0278,0.00795,0.12244896
0.0428,0.0536,0.0284,0.0077,0.11203316
0.04105,0.04945,0.0283,0.0078,0.09281769
0.0415,0.0495,0.02875,0.00745,0.087912105
0.0423,0.04955,0.0287,0.0076,0.078933045
0.04225,0.04955,0.02835,0.0077,0.0795207
0.04235,0.04915,0.0286,0.0082,0.074316934
0.0425,0.0492,0.0284,0.00775,0.07306431
0.0422,0.051,0.0289,0.0084,0.094420604
0.0416,0.0508,0.027,0.0085,0.09956709
0.0417,0.05,0.0278,0.0084,0.09051253
0.0421,0.0514,0.0273,0.0087,0.099465206
0.0422,0.0524,0.0281,0.0093,0.107822426
0.0421,0.054,0.0289,0.0093,0.12382934
0.0415,0.0533,0.0287,0.0098,0.1244726
0.0425,0.0546,0.03,0.0107,0.12461379
0.0431,0.0516,0.0291,0.0109,0.08975715
0.0423,0.0521,0.0304,0.0111,0.10381354
0.0427,0.0513,0.0306,0.011,0.09148937
0.043,0.0498,0.0295,0.0116,0.07327586
0.04155,0.04945,0.02855,0.0108,0.08681318
0.0422,0.04995,0.02885,0.01085,0.08410201
0.0432,0.05035,0.0301,0.01185,0.0764297
0.0442,0.0504,0.03065,0.01215,0.06553912
0.0432,0.05,0.03045,0.01175,0.07296137
0.0436,0.05065,0.03045,0.01315,0.074801065
0.0447,0.0509,0.03205,0.0142,0.064853564
0.0447,0.0509,0.03205,0.0142,0.064853564
0.044,0.0517,0.0321,0.0143,0.08045977
0.04445,0.05345,0.03205,0.01515,0.09193053
0.04405,0.0538,0.03185,0.01565,0.09964232
0.04335,0.0536,0.03015,0.0152,0.10572459
0.0,0.0,0.0,0.0,0.0
0.0418,0.04665,0.0226,0.01035,0.05483324
0.0416,0.04615,0.0233,0.0102,0.051851835
0.0413,0.0462,0.0223,0.00985,0.056000013
0.0403,0.0461,0.022,0.00915,0.06712964
0.04095,0.0457,0.02185,0.00875,0.054818217
0.0404,0.0481,0.02385,0.0095,0.08700565
0.0414,0.0506,0.02665,0.00975,0.099999994
0.04165,0.05145,0.02815,0.00985,0.105263144
0.04135,0.0492,0.0287,0.00915,0.08669242
0.0416,0.05105,0.02915,0.00835,0.101996765
0.0427,0.0502,0.0287,0.0089,0.08073197
0.0432,0.05055,0.02795,0.00865,0.07839998
0.0416,0.0498,0.0269,0.0086,0.08971555
0.0411,0.05025,0.0269,0.00825,0.10016422
0.04095,0.0501,0.0271,0.0082,0.10049422
0.04215,0.05435,0.02825,0.0083,0.1264249
0.0422,0.05405,0.0286,0.00805,0.12311688
0.04345,0.0537,0.02815,0.00795,0.105506934
0.0417,0.0537,0.0275,0.0082,0.12578614
0.0417,0.0537,0.0275,0.0082,0.12578614
0.0422,0.0541,0.0275,0.0085,0.12357218
0.0437,0.0548,0.0276,0.0077,0.112690374
0.042,0.0556,0.0276,0.008,0.13934426
0.0426,0.0549,0.0276,0.0077,0.12615389
0.0437,0.0538,0.0275,0.0079,0.10358978
0.04205,0.04985,0.0282,0.0075,0.084874846
0.04195,0.04935,0.02915,0.00745,0.081051506
0.04245,0.0489,0.0287,0.0078,0.070607565
0.0426,0.04885,0.0285,0.0077,0.06834337
0.0418,0.04935,0.0286,0.00765,0.08283051
0.041,0.04925,0.0284,0.00765,0.09141272
0.0422,0.0508,0.0283,0.0085,0.09247313
0.0426,0.0508,0.0283,0.0085,0.08779444
0.0435,0.0505,0.0278,0.0086,0.07446812
0.043,0.0524,0.0274,0.0086,0.098532476
0.0424,0.054,0.0283,0.0089,0.12033198
0.0427,0.0536,0.0286,0.0091,0.11318794
0.0436,0.0551,0.0291,0.0094,0.1165147
0.0425,0.0554,0.0299,0.0102,0.1317671
0.0428,0.0512,0.0305,0.0107,0.089361675
0.0444,0.0524,0.0308,0.011,0.08264464
0.0434,0.0521,0.0314,0.0112,0.091099456
0.0431,0.0514,0.0292,0.0111,0.08783068
0.04275,0.04985,0.02705,0.01065,0.076673836
0.04145,0.05055,0.02695,0.01085,0.098913014
0.0431,0.0507,0.02795,0.01145,0.08102348
0.04325,0.0514,0.02835,0.01215,0.08610671
0.04355,0.0522,0.02845,0.01255,0.09033944
0.0441,0.0526,0.02875,0.01335,0.08790071
0.04565,0.0521,0.03205,0.0148,0.06598463
0.04565,0.0521,0.03205,0.0148,0.06598463
0.0453,0.05215,0.032,0.01505,0.07029246
0.04495,0.053,0.03215,0.01525,0.08218478
0.04455,0.0538,0.03215,0.0151,0.09405185
0.04455,0.05335,0.0314,0.01475,0.089887634
0.0,0.0,0.0,0.0,0.0
0.0415,0.04645,0.02235,0.01035,0.056282
0.0421,0.04625,0.02195,0.01035,0.046972264
0.04125,0.04615,0.0222,0.00985,0.05606404
0.0407,0.04585,0.02145,0.00955,0.059503198
0.04105,0.04535,0.02215,0.00925,0.04976854
0.0397,0.0476,0.0248,0.0095,0.09049255
0.04195,0.05075,0.02525,0.0098,0.09492988
0.0427,0.05105,0.0261,0.0098,0.08906666
0.0427,0.05035,0.0288,0.00855,0.08221385
0.0432,0.0506,0.029,0.00835,0.07889124
0.04285,0.0507,0.029,0.00865,0.08391237
0.042,0.05035,0.0281,0.0086,0.09041689
0.04125,0.05035,0.027,0.0079,0.099344954
0.04165,0.05055,0.0269,0.0084,0.09652927
0.04095,0.05065,0.02715,0.008,0.1058952
0.0422,0.05345,0.02825,0.00825,0.11761631
0.04105,0.05215,0.02865,0.00805,0.11909873
0.04115,0.0499,0.02655,0.0081,0.09610104
0.0422,0.0535,0.0275,0.0085,0.118077345
0.0422,0.0535,0.0275,0.0085,0.118077345
0.0433,0.0532,0.0275,0.0083,0.10259068
0.0433,0.0535,0.0276,0.0077,0.105371915
0.0422,0.0538,0.0276,0.0077,0.12083336
0.0422,0.053,0.0278,0.0077,0.11344538
0.0423,0.053,0.0272,0.0074,0.112277
0.04175,0.0499,0.028,0.00745,0.088925265
0.04265,0.04945,0.0289,0.00755,0.07383279
0.0427,0.04915,0.02825,0.00795,0.070223205
0.0431,0.04875,0.0285,0.0075,0.061513327
0.04255,0.049,0.02865,0.00765,0.07045328
0.0424,0.04935,0.0282,0.0078,0.075749345
0.0426,0.0512,0.0282,0.0085,0.091684446
0.0434,0.0516,0.0283,0.0083,0.0863158
0.0441,0.0521,0.028,0.0092,0.08316006
0.0433,0.0538,0.0284,0.0086,0.10813596
0.0422,0.0549,0.0289,0.0086,0.13079302
0.0427,0.0549,0.0289,0.0094,0.12500001
0.0444,0.056,0.0289,0.0093,0.115537874
0.0429,0.0544,0.029,0.0095,0.11819117
0.0422,0.0526,0.0301,0.0105,0.10970466
0.0444,0.0524,0.0308,0.011,0.08264464
0.0442,0.0541,0.0305,0.0111,0.10071211
0.0439,0.0551,0.0287,0.0112,0.1131313
0.0438,0.0507,0.02805,0.0102,0.07301588
0.04155,0.0509,0.02735,0.0103,0.10113577
0.04335,0.05105,0.02795,0.0111,0.081567794
0.0432,0.0519,0.0287,0.01205,0.09148263
0.04375,0.0536,0.0283,0.0124,0.10118129
0.0423,0.05415,0.0287,0.0139,0.12286158
0.04295,0.0537,0.02925,0.0134,0.11122606
0.04295,0.0537,0.02925,0.0134,0.11122606
0.045,0.05285,0.0305,0.01705,0.08022482
0.04495,0.053,0.0321,0.0152,0.08218478
0.0449,0.05375,0.03195,0.01505,0.08971111
0.0448,0.05315,0.0314,0.01625,0.085247576
0.0,0.0,0.0,0.0,0.0
0.0403,0.04635,0.02255,0.01035,0.0698211
0.0416,0.0463,0.02215,0.00975,0.05346987
0.0405,0.04545,0.02135,0.00975,0.0575916
0.0405,0.04525,0.02185,0.00955,0.05539357
0.04085,0.04515,0.02265,0.0094,0.050000027
0.0395,0.04675,0.02245,0.00895,0.084057964
0.0399,0.04715,0.02475,0.0088,0.08328546
0.04125,0.0482,0.0268,0.0088,0.07769702
0.04275,0.0512,0.0279,0.00855,0.089941435
0.0429,0.051,0.02835,0.00865,0.08626198
0.0433,0.0507,0.02775,0.0086,0.07872343
0.0429,0.05035,0.02835,0.00855,0.079892755
0.0423,0.0505,0.0277,0.00815,0.088362075
0.0419,0.0506,0.02735,0.00795,0.094054036
0.0407,0.0508,0.02685,0.00835,0.11038251
0.0422,0.05135,0.02625,0.00825,0.09780868
0.042,0.0512,0.0278,0.00805,0.09871244
0.04135,0.0517,0.0287,0.008,0.11123052
0.0442,0.0549,0.0296,0.0087,0.107971765
0.0442,0.0549,0.0296,0.0087,0.107971765
0.0431,0.0535,0.0287,0.0077,0.10766047
0.0419,0.0526,0.0276,0.0073,0.113227494
0.0417,0.0526,0.0276,0.0079,0.11558852
0.0422,0.052,0.0278,0.0075,0.10403399
0.041,0.053,0.0277,0.0074,0.12765956
0.0418,0.05015,0.0278,0.0075,0.090810224
0.0427,0.0505,0.0287,0.0076,0.08369101
0.04265,0.0501,0.0281,0.00785,0.08032344
0.04225,0.0491,0.0285,0.0077,0.074986316
0.0418,0.04915,0.02885,0.0077,0.080813654
0.04145,0.04955,0.02835,0.00795,0.089010976
0.0429,0.0517,0.028,0.008,0.093023255
0.0435,0.0522,0.0285,0.0082,0.090909116
0.0441,0.053,0.0277,0.0084,0.091658056
0.0439,0.055,0.0282,0.009,0.112234555
0.0429,0.0549,0.0281,0.0094,0.1226994
0.0431,0.056,0.0285,0.0101,0.13017157
0.0452,0.0556,0.0295,0.0094,0.103174575
0.0426,0.0553,0.0286,0.0095,0.12972423
0.0431,0.054,0.0304,0.011,0.112255424
0.0442,0.0534,0.031,0.0112,0.09426229
0.0442,0.0541,0.0305,0.0111,0.10071211
0.0459,0.0566,0.0292,0.0111,0.10439027
0.0433,0.05095,0.0312,0.01085,0.0811671
0.042,0.0519,0.0305,0.0106,0.10543132
0.0433,0.0518,0.0275,0.0108,0.08937962
0.0437,0.05115,0.0284,0.01195,0.0785451
0.0443,0.0539,0.02875,0.01255,0.09775966
0.04175,0.0539,0.02955,0.0135,0.12702562
0.04175,0.0539,0.02955,0.0135,0.12702562
0.04175,0.0535,0.0297,0.0142,0.1233596
0.0442,0.05265,0.0299,0.01675,0.08724834
0.0456,0.05245,0.03155,0.0153,0.06986232
0.04505,0.05305,0.0312,0.01615,0.08154945
0.04665,0.05305,0.03095,0.0156,0.06419258
0.0,0.0,0.0,0.0,0.0
0.03945,0.04625,0.0221,0.0103,0.079346545
0.0414,0.0459,0.0214,0.00975,0.051546365
0.03975,0.0451,0.0211,0.0094,0.06305246
0.04045,0.04505,0.0217,0.00975,0.053801164
0.04075,0.04495,0.02265,0.00885,0.04900817
0.04025,0.04605,0.0234,0.0084,0.06720743
0.0395,0.0468,0.0247,0.00865,0.08458861
0.0387,0.0467,0.02565,0.0079,0.09367683
0.04215,0.04965,0.02845,0.00855,0.08169935
0.0425,0.0502,0.028,0.00835,0.08306364
0.0425,0.05085,0.02765,0.00855,0.08944831
0.0426,0.05105,0.0275,0.00845,0.09022959
0.0422,0.05095,0.0276,0.00815,0.093934506
0.0419,0.0508,0.02735,0.00795,0.096008606
0.04105,0.0513,0.0275,0.0083,0.11099082
0.0416,0.0511,0.02775,0.00815,0.10248113
0.04335,0.0534,0.0284,0.0081,0.10387596
0.0437,0.0554,0.02865,0.008,0.11806258
0.0437,0.0554,0.02865,0.008,0.11806258
0.0443,0.0552,0.0295,0.0084,0.10954772
0.0434,0.0554,0.0288,0.0079,0.121457465
0.0401,0.0528,0.0276,0.0075,0.13670613
0.0413,0.053,0.0276,0.0078,0.12407211
0.0413,0.0528,0.0277,0.0074,0.12221043
0.0428,0.054,0.0277,0.0076,0.11570247
0.04275,0.051,0.02775,0.00765,0.08799998
0.0433,0.0511,0.0284,0.0078,0.08262713
0.04295,0.0501,0.0278,0.00775,0.076840386
0.04285,0.0493,0.02805,0.0079,0.069994584
0.0429,0.0496,0.02845,0.0079,0.07243245
0.0433,0.0501,0.0284,0.008,0.07280514
0.0433,0.052,0.0288,0.008,0.091290675
0.0438,0.0526,0.029,0.0083,0.09128631
0.0444,0.0534,0.0275,0.0084,0.092024535
0.0439,0.0544,0.0288,0.0092,0.10681586
0.0442,0.0556,0.0281,0.0094,0.11422845
0.0443,0.056,0.028,0.0107,0.11665006
0.0449,0.0558,0.0295,0.0095,0.10824229
0.0438,0.0557,0.0297,0.0096,0.119597994
0.0439,0.0549,0.0304,0.0097,0.11133603
0.0439,0.0535,0.0306,0.0112,0.09856261
0.0455,0.0554,0.0299,0.0111,0.09811695
0.0459,0.0566,0.0292,0.0111,0.10439027
0.0429,0.0555,0.0308,0.01145,0.12804879
0.0422,0.05255,0.03085,0.01105,0.109234825
0.0436,0.0524,0.03075,0.01075,0.09166667
0.04425,0.0508,0.0284,0.01235,0.06891109
0.04375,0.05375,0.0295,0.01355,0.102564126
0.04195,0.0535,0.0301,0.0135,0.12100578
0.04195,0.0535,0.0301,0.0135,0.12100578
0.04255,0.0517,0.03035,0.01365,0.09708221
0.0437,0.05185,0.03095,0.0162,0.085295655
0.04595,0.0513,0.0313,0.0159,0.055012867
0.04555,0.05265,0.03105,0.01645,0.07230143
0.0471,0.0537,0.0312,0.0157,0.06547619
0.0,0.0,0.0,0.0,0.0
0.04125,0.04635,0.0218,0.0094,0.058219142
0.04135,0.04585,0.02155,0.00945,0.051605523
0.0402,0.04525,0.0211,0.009,0.059098892
0.03995,0.04545,0.0212,0.00935,0.06440281
0.0403,0.0457,0.02205,0.00865,0.062790684
0.0403,0.0462,0.02295,0.0085,0.06820808
0.0396,0.0468,0.02375,0.00825,0.08333332
0.0398,0.04595,0.02455,0.0077,0.071720116
0.0411,0.04585,0.0259,0.0083,0.05462912
0.0424,0.04965,0.02835,0.0083,0.07876154
0.0424,0.05005,0.02665,0.0087,0.08274746
0.0422,0.04815,0.02515,0.00815,0.06585501
0.04255,0.0479,0.0256,0.0081,0.05914867
0.0425,0.05075,0.02735,0.00775,0.08847183
0.042,0.05145,0.0277,0.0081,0.1011236
0.0413,0.05335,0.02875,0.008,0.12731117
0.0421,0.05615,0.0287,0.00805,0.14300254
0.04315,0.0558,0.02835,0.0079,0.12784232
0.04315,0.0558,0.02835,0.0079,0.12784232
0.0443,0.0564,0.0285,0.0083,0.12015888
0.0434,0.0559,0.0287,0.0079,0.12588117
0.0405,0.0529,0.0276,0.0077,0.13276233
0.0418,0.0534,0.0276,0.0076,0.121848725
0.0422,0.0537,0.0277,0.0074,0.11991659
0.0422,0.0545,0.0277,0.0074,0.12719752
0.043,0.05115,0.0276,0.00775,0.08656399
0.0434,0.05125,0.02805,0.0079,0.08293712
0.04315,0.05,0.0281,0.00765,0.073537305
0.0427,0.0496,0.0276,0.0079,0.07475624
0.0422,0.0497,0.02835,0.00815,0.08161045
0.0427,0.05,0.02855,0.00815,0.07874865
0.043,0.0522,0.0289,0.0079,0.09663864
0.0439,0.0528,0.0284,0.0081,0.09203721
0.0447,0.0528,0.028,0.0081,0.08307692
0.0447,0.053,0.0277,0.0086,0.08495393
0.0445,0.0549,0.028,0.0088,0.10462778
0.0443,0.056,0.0283,0.0098,0.11665006
0.045,0.0559,0.0282,0.0095,0.108027734
0.045,0.0555,0.0288,0.0099,0.1044776
0.0448,0.0554,0.0298,0.0095,0.10578843
0.0454,0.0521,0.0287,0.0097,0.06871793
0.0456,0.0551,0.0283,0.0104,0.094339624
0.0451,0.0562,0.0287,0.0113,0.10957553
0.0448,0.05585,0.0306,0.0119,0.1097864
0.04395,0.0561,0.03025,0.0112,0.121439286
0.04395,0.05305,0.03045,0.01135,0.09381444
0.0436,0.0528,0.02945,0.01265,0.09543568
0.04265,0.05485,0.02895,0.01395,0.12512822
0.04245,0.0525,0.03175,0.01405,0.10584517
0.04245,0.0525,0.03175,0.01405,0.10584517
0.0434,0.05165,0.02975,0.0153,0.0867964
0.04425,0.052,0.0305,0.0161,0.08051949
0.0462,0.0528,0.0311,0.01565,0.06666667
0.0448,0.0546,0.03125,0.01545,0.09859157
0.04685,0.05485,0.0312,0.01675,0.078662746
0.0,0.0,0.0,0.0,0.0
0.0411,0.0458,0.0212,0.009,0.054085173
0.0415,0.0455,0.0215,0.00875,0.04597702
0.04075,0.0452,0.0211,0.0081,0.051774297
0.03975,0.0458,0.0213,0.0084,0.07071891
0.03965,0.0451,0.02135,0.0085,0.06430677
0.0392,0.04515,0.02135,0.00845,0.070539415
0.03905,0.04655,0.0214,0.00815,0.08761678
0.041,0.04755,0.0257,0.00855,0.0739695
0.04125,0.05035,0.0273,0.0082,0.099344954
0.0413,0.04785,0.02715,0.00805,0.07347171
0.04175,0.04565,0.025,0.0082,0.044622455
0.0421,0.0454,0.0247,0.00765,0.037714284
0.04145,0.0457,0.0248,0.00775,0.048766464
0.0427,0.04695,0.0258,0.0075,0.04740659
0.0417,0.0503,0.02685,0.00805,0.093478225
0.0415,0.0551,0.0288,0.008,0.14078678
0.0412,0.05615,0.0283,0.0078,0.1535696
0.0422,0.0563,0.02865,0.00775,0.14314722
0.0422,0.0563,0.02865,0.00775,0.14314722
0.04185,0.0555,0.0279,0.0082,0.14021571
0.0418,0.05475,0.0283,0.00775,0.13412738
0.04055,0.04985,0.0261,0.0074,0.10287608
0.0415,0.04965,0.0265,0.0074,0.089413054
0.0422,0.05035,0.02685,0.00735,0.08806051
0.04285,0.05085,0.0274,0.00735,0.085378885
0.0442,0.054,0.0278,0.0078,0.099796355
0.0438,0.0535,0.0281,0.008,0.099691674
0.0443,0.0522,0.0298,0.0078,0.08186528
0.0423,0.0512,0.0291,0.0079,0.09518714
0.0444,0.0512,0.0288,0.008,0.07112971
0.0444,0.0517,0.0282,0.0079,0.07596254
0.0434,0.0524,0.0288,0.0082,0.09394572
0.044,0.053,0.0285,0.0079,0.092783496
0.0448,0.0532,0.0287,0.0082,0.085714296
0.0445,0.053,0.0281,0.0085,0.087179475
0.0432,0.0542,0.0278,0.0091,0.11293634
0.0441,0.0556,0.0281,0.0095,0.11534601
0.0449,0.0559,0.0282,0.0096,0.109126985
0.0443,0.0553,0.0298,0.0094,0.11044177
0.045,0.053,0.0288,0.0091,0.08163262
0.0455,0.0543,0.0301,0.0093,0.088176355
0.0462,0.0543,0.0292,0.0106,0.080597006
0.0444,0.0556,0.029,0.0113,0.112
0.0448,0.05585,0.0306,0.0119,0.1097864
0.04505,0.0549,0.03005,0.0112,0.0985493
0.0444,0.05565,0.03025,0.0111,0.11244378
0.0443,0.0537,0.03085,0.0124,0.09591835
0.04325,0.05435,0.0314,0.0139,0.11372953
0.04325,0.05435,0.0314,0.0139,0.11372953
0.0434,0.05265,0.03145,0.0149,0.09630401
0.044,0.0533,0.0312,0.0156,0.09558069
0.0453,0.0532,0.02975,0.0158,0.08020304
0.04615,0.0541,0.0318,0.01605,0.07930175
0.0455,0.0551,0.0321,0.01575,0.09542745
0.04685,0.0547,0.0326,0.0177,0.07730181
0.0,0.0,0.0,0.0,0.0
0.04155,0.04625,0.02125,0.0088,0.053530768
0.0415,0.04585,0.0215,0.0078,0.049799692
0.04115,0.04545,0.0214,0.00755,0.04965356
0.04065,0.04565,0.02165,0.0073,0.05793746
0.0413,0.0453,0.02165,0.00715,0.046189386
0.04015,0.0455,0.02175,0.0084,0.062463485
0.0392,0.0454,0.02155,0.00825,0.07328606
0.0391,0.0456,0.0247,0.00825,0.076741464
0.04115,0.04815,0.02565,0.008,0.078387454
0.04115,0.0459,0.02545,0.0077,0.054566324
0.04165,0.0445,0.02505,0.0083,0.03308183
0.0422,0.0453,0.02465,0.00765,0.035428576
0.04155,0.0462,0.02495,0.00755,0.052991457
0.0412,0.0461,0.0256,0.0076,0.056128304
0.04215,0.0476,0.0263,0.008,0.060724266
0.043,0.05215,0.0279,0.008,0.096163936
0.0428,0.0558,0.02835,0.0077,0.1318458
0.0428,0.0558,0.02835,0.0077,0.1318458
0.043,0.05575,0.0285,0.00795,0.12911391
0.04245,0.0553,0.0283,0.008,0.13145782
0.0414,0.05475,0.02835,0.00745,0.13884555
0.04085,0.0496,0.0262,0.00705,0.096738555
0.0417,0.05,0.02645,0.00765,0.09051253
0.04205,0.0509,0.02675,0.00745,0.09521249
0.04315,0.0511,0.0274,0.0072,0.08435014
0.0433,0.0538,0.0278,0.0076,0.10813596
0.0432,0.0529,0.0288,0.008,0.100936525
0.0434,0.0524,0.0291,0.0079,0.09394572
0.0426,0.052,0.0291,0.0079,0.09936578
0.0446,0.0514,0.0283,0.0081,0.070833325
0.0445,0.0522,0.028,0.0083,0.079627715
0.0445,0.0528,0.0288,0.0085,0.08530317
0.044,0.0534,0.0289,0.0086,0.09650923
0.0447,0.0542,0.0288,0.0083,0.096056625
0.0442,0.0536,0.0289,0.0085,0.09611451
0.042,0.0544,0.0283,0.0092,0.12863071
0.0435,0.0554,0.0281,0.0095,0.12032356
0.0446,0.0559,0.0282,0.0095,0.11243782
0.0449,0.055,0.029,0.0096,0.1011011
0.045,0.0538,0.029,0.0093,0.08906882
0.0449,0.0546,0.0292,0.0097,0.09748744
0.0451,0.0545,0.03,0.0109,0.094377495
0.0451,0.0544,0.0294,0.0112,0.09346735
0.04615,0.05455,0.03015,0.0114,0.0834161
0.04505,0.0549,0.03005,0.0112,0.0985493
0.04565,0.05465,0.03055,0.0116,0.08973081
0.04295,0.0552,0.0307,0.0128,0.12480895
0.04445,0.05585,0.03125,0.01375,0.11365902
0.04445,0.05585,0.03125,0.01375,0.11365902
0.0451,0.0547,0.0321,0.0145,0.096192375
0.04505,0.054,0.03175,0.01515,0.09035843
0.0456,0.05455,0.033,0.01595,0.08936594
0.04585,0.0552,0.0333,0.0167,0.092528425
0.0458,0.0543,0.0338,0.01775,0.08491507
0.04685,0.0545,0.03245,0.01825,0.075481005
0.0,0.0,0.0,0.0,0.0
0.04155,0.04695,0.02235,0.0093,0.061016973
0.04115,0.04585,0.0212,0.0081,0.054023005
0.04115,0.0454,0.0214,0.0076,0.04910458
0.0411,0.0455,0.02165,0.0075,0.050808314
0.04095,0.04565,0.02165,0.00705,0.05427253
0.0406,0.04465,0.02185,0.00715,0.0475073
0.0394,0.04425,0.02165,0.00755,0.057979677
0.0393,0.04525,0.02195,0.0081,0.07037257
0.03965,0.04675,0.02495,0.0082,0.08217593
0.04145,0.04535,0.02505,0.0078,0.044930864
0.04185,0.04545,0.0249,0.00805,0.041237086
0.04145,0.046,0.0248,0.00745,0.052029718
0.04055,0.046,0.0251,0.0073,0.06296937
0.0394,0.04635,0.0256,0.00755,0.08104955
0.0416,0.04675,0.02705,0.00805,0.058290906
0.04255,0.05075,0.02825,0.00805,0.0878885
0.0437,0.0534,0.027,0.0075,0.09989702
0.0437,0.0534,0.027,0.0075,0.09989702
0.04355,0.0549,0.02815,0.00775,0.11528696
0.0427,0.0544,0.02825,0.00765,0.120494336
0.0413,0.0516,0.0284,0.0074,0.11087193
0.0411,0.0494,0.0264,0.0072,0.09171274
0.0421,0.0505,0.02595,0.00755,0.09071275
0.0423,0.05215,0.02655,0.00745,0.104287975
0.0436,0.0508,0.0272,0.0072,0.07627117
0.0436,0.0534,0.028,0.0075,0.10103091
0.0453,0.0529,0.028,0.008,0.07739309
0.0442,0.052,0.0284,0.0079,0.08108109
0.0435,0.052,0.0284,0.0081,0.08900526
0.0441,0.0514,0.0286,0.0081,0.07643976
0.0427,0.0524,0.029,0.0083,0.1019979
0.0444,0.0534,0.0289,0.0087,0.092024535
0.044,0.0534,0.0288,0.0087,0.09650923
0.0436,0.054,0.0289,0.0082,0.10655739
0.044,0.0541,0.029,0.0086,0.10295616
0.043,0.0544,0.0281,0.0095,0.11704311
0.0424,0.0546,0.0281,0.0096,0.1257732
0.0442,0.0544,0.0282,0.0096,0.10344829
0.0446,0.0553,0.0284,0.0096,0.10710713
0.045,0.0535,0.0284,0.0094,0.086294405
0.045,0.0536,0.0287,0.0091,0.08722106
0.0451,0.0536,0.0283,0.0102,0.08611954
0.0451,0.0527,0.0289,0.0105,0.07770963
0.04445,0.05335,0.03005,0.0109,0.09100206
0.0444,0.0533,0.03045,0.01045,0.09109521
0.04565,0.05465,0.03055,0.0116,0.08973081
0.04615,0.0574,0.03245,0.01335,0.10864317
0.04685,0.05825,0.03175,0.0146,0.10846812
0.04685,0.05825,0.03175,0.0146,0.10846812
0.04825,0.05835,0.0334,0.0156,0.09474671
0.04725,0.0576,0.0328,0.01515,0.09871245
0.04535,0.05495,0.0328,0.016,0.09571285
0.04575,0.05545,0.03335,0.0174,0.095849805
0.0459,0.054,0.03455,0.0175,0.081081115
0.04665,0.0547,0.0324,0.0182,0.07942771
0.0,0.0,0.0,0.0,0.0
0.0412,0.0467,0.02395,0.00915,0.06257111
0.03985,0.046,0.0219,0.00845,0.07163657
0.04055,0.0456,0.02135,0.00765,0.058618683
0.0399,0.04565,0.0216,0.00745,0.06721216
0.03925,0.04385,0.02175,0.0071,0.055354986
0.03975,0.0445,0.02165,0.00685,0.056379847
0.0387,0.0457,0.02145,0.00805,0.08293838
0.0388,0.04535,0.0218,0.008,0.077837184
0.03905,0.04555,0.02175,0.0078,0.07683213
0.03915,0.045,0.0224,0.0077,0.06951874
0.04025,0.04665,0.0239,0.00785,0.07364788
0.0406,0.0465,0.02515,0.0075,0.06773823
0.03955,0.046,0.02525,0.0076,0.075394526
0.03895,0.04535,0.0255,0.0076,0.075919345
0.0414,0.04795,0.02815,0.0079,0.07330721
0.04295,0.05045,0.0282,0.008,0.08029979
0.04435,0.05065,0.02695,0.0076,0.066315815
0.04435,0.05065,0.02695,0.0076,0.066315815
0.0427,0.0547,0.0281,0.0078,0.12320328
0.04265,0.05425,0.02805,0.00755,0.11971103
0.0413,0.0501,0.02635,0.00755,0.09628009
0.042,0.04975,0.02645,0.00705,0.08446868
0.0425,0.0509,0.02585,0.00745,0.089935765
0.04285,0.05195,0.02645,0.00715,0.09599158
0.044,0.05045,0.0272,0.00725,0.068290114
0.0442,0.0538,0.0276,0.0078,0.097959206
0.0458,0.0541,0.028,0.008,0.08308307
0.0457,0.053,0.0285,0.0079,0.073961504
0.0433,0.0528,0.0281,0.008,0.09885536
0.0443,0.0516,0.0291,0.0083,0.076120965
0.0444,0.0529,0.0295,0.0084,0.087358706
0.0442,0.0528,0.0289,0.0084,0.08865979
0.0446,0.054,0.0289,0.0087,0.095334716
0.0439,0.0545,0.0304,0.0082,0.10772355
0.0446,0.0541,0.029,0.0084,0.09625127
0.0434,0.0541,0.0281,0.0091,0.10974358
0.0417,0.0533,0.0281,0.0094,0.122105256
0.044,0.0524,0.0282,0.0095,0.08713694
0.0446,0.0527,0.0282,0.0096,0.08324772
0.0449,0.0528,0.0282,0.0097,0.08085977
0.0454,0.0525,0.0282,0.0103,0.07252295
0.0436,0.0514,0.0286,0.01,0.08210524
0.0416,0.0513,0.0283,0.0097,0.10441335
0.04345,0.05165,0.03105,0.0104,0.086224996
0.04405,0.05445,0.0326,0.01035,0.105583765
0.0449,0.05715,0.0325,0.0116,0.12003919
0.04815,0.0579,0.0325,0.01415,0.09193777
0.04785,0.0588,0.03255,0.0144,0.10267228
0.04785,0.0588,0.03255,0.0144,0.10267228
0.0481,0.05755,0.0328,0.0152,0.08944629
0.0488,0.05455,0.0333,0.01605,0.055636194
0.0493,0.0549,0.03335,0.01585,0.053742815
0.0463,0.05565,0.0331,0.0173,0.0917116
0.0462,0.05385,0.0334,0.01775,0.076461755
0.04595,0.0549,0.0327,0.0177,0.08874568
0.0,0.0,0.0,0.0,0.0
0.0408,0.04635,0.02375,0.00885,0.06368327
0.04085,0.04595,0.0217,0.00855,0.05875577
0.04,0.04545,0.0212,0.0078,0.06377998
0.03955,0.0463,0.0216,0.00755,0.07862554
0.03905,0.0443,0.02175,0.00705,0.062987395
0.03915,0.0447,0.0215,0.00785,0.06618964
0.0385,0.04575,0.02135,0.0081,0.08605341
0.0385,0.0455,0.0218,0.008,0.08333333
0.0388,0.04495,0.02185,0.0078,0.07343283
0.0392,0.0449,0.02205,0.0076,0.06777645
0.0393,0.0458,0.0219,0.00775,0.07638076
0.0411,0.04645,0.0253,0.00765,0.061107952
0.04115,0.0456,0.0254,0.00735,0.051296838
0.04005,0.04515,0.0255,0.0074,0.059859164
0.03985,0.04845,0.0281,0.0079,0.09739524
0.0423,0.0508,0.02825,0.00795,0.09129967
0.04255,0.0503,0.0276,0.00755,0.08346793
0.04255,0.0503,0.0276,0.00755,0.08346793
0.0434,0.0526,0.02645,0.0078,0.095833324
0.0425,0.0547,0.02815,0.0075,0.12551439
0.0414,0.0496,0.02655,0.0072,0.09010989
0.04255,0.05035,0.02635,0.00705,0.083961226
0.04235,0.0513,0.0252,0.00715,0.0955686
0.0424,0.0514,0.0265,0.00715,0.09594883
0.0428,0.05085,0.02715,0.00725,0.08595834
0.0433,0.0553,0.0279,0.0081,0.12170387
0.0444,0.0548,0.0282,0.0089,0.10483872
0.045,0.055,0.0284,0.0087,0.09999998
0.044,0.0536,0.0284,0.0084,0.09836064
0.0451,0.0524,0.0287,0.0079,0.0748718
0.045,0.0536,0.0287,0.0085,0.08722106
0.0442,0.0534,0.0289,0.0087,0.09426229
0.0453,0.0542,0.0295,0.0087,0.08944725
0.0446,0.0546,0.0305,0.0083,0.100806475
0.0446,0.054,0.0288,0.0084,0.095334716
0.0432,0.0541,0.0281,0.0088,0.11202465
0.043,0.0534,0.0281,0.0089,0.10788379
0.0441,0.0525,0.0282,0.009,0.08695649
0.044,0.0523,0.031,0.0094,0.08618898
0.0456,0.0524,0.0312,0.0095,0.06938775
0.0432,0.0517,0.0306,0.0099,0.08956795
0.0427,0.051,0.0312,0.0098,0.08858056
0.0426,0.0505,0.0298,0.0101,0.084855035
0.0439,0.0551,0.0323,0.0102,0.1131313
0.04745,0.05475,0.0325,0.0111,0.071428575
0.0458,0.05575,0.0323,0.0126,0.0979813
0.04815,0.0579,0.0325,0.01415,0.09193777
0.04805,0.05885,0.0327,0.01445,0.101028994
0.04815,0.05595,0.03225,0.0148,0.07492796
0.04795,0.05575,0.0321,0.01515,0.07521699
0.0464,0.0538,0.03255,0.0168,0.07385232
0.04795,0.0549,0.03365,0.01685,0.06757416
0.0453,0.05905,0.0341,0.0175,0.1317681
0.04675,0.0556,0.03385,0.01775,0.086467974
0.04705,0.0572,0.0333,0.01845,0.097362116
0.0,0.0,0.0,0.0,0.0
0.04045,0.0461,0.02455,0.0088,0.065280214
0.04065,0.04625,0.0233,0.0085,0.06444191
0.04075,0.04545,0.0213,0.00755,0.054524336
0.03965,0.0456,0.0216,0.00755,0.06979472
0.0393,0.04545,0.02165,0.0074,0.072566375
0.0393,0.0455,0.0214,0.00705,0.07311322
0.0392,0.04525,0.0214,0.00795,0.07164
0.0396,0.0462,0.0218,0.00785,0.07692308
0.0397,0.0455,0.0219,0.0076,0.06807509
0.0404,0.0448,0.0222,0.00755,0.051643193
0.0403,0.047,0.02505,0.00745,0.07674682
0.04155,0.046,0.0255,0.0074,0.050828107
0.0414,0.0446,0.02545,0.00705,0.037209284
0.04125,0.04575,0.0255,0.00705,0.051724117
0.04075,0.04575,0.02625,0.00735,0.057803452
0.0423,0.05045,0.02745,0.00765,0.08787062
0.0423,0.05045,0.02745,0.00765,0.08787062
0.04205,0.05035,0.0265,0.00755,0.08982683
0.0421,0.05105,0.0262,0.0078,0.09608157
0.04265,0.0539,0.02765,0.00745,0.11651994
0.04195,0.05085,0.02805,0.00735,0.09590519
0.04235,0.0504,0.0262,0.0072,0.08679244
0.04235,0.05065,0.0256,0.00725,0.0892473
0.04315,0.0512,0.02695,0.0072,0.0853206
0.04325,0.05135,0.02705,0.00745,0.08562371
0.0445,0.0566,0.0278,0.0083,0.11968348
0.0442,0.057,0.0284,0.0092,0.12648222
0.044,0.0562,0.0286,0.0092,0.12175651
0.0443,0.054,0.0287,0.0083,0.098677516
0.0448,0.0533,0.029,0.0081,0.0866463
0.0429,0.0542,0.0289,0.0085,0.11637488
0.0439,0.0542,0.029,0.0087,0.104994886
0.0451,0.0546,0.0293,0.0087,0.09528586
0.0446,0.0546,0.0292,0.0089,0.100806475
0.044,0.054,0.0288,0.0083,0.10204083
0.0443,0.0544,0.0281,0.0089,0.10233029
0.044,0.0546,0.0281,0.009,0.107505076
0.0435,0.0537,0.0297,0.0093,0.10493828
0.046,0.0526,0.031,0.009,0.06693712
0.0459,0.0526,0.0306,0.0092,0.06802032
0.0448,0.0529,0.0306,0.0098,0.08290689
0.0446,0.0519,0.0307,0.0093,0.07564768
0.0467,0.0513,0.0309,0.0096,0.04693877
0.0463,0.0551,0.03135,0.0102,0.086785
0.0463,0.0543,0.03175,0.01145,0.07952283
0.04745,0.0563,0.0322,0.01265,0.08530121
0.04805,0.05885,0.0327,0.01445,0.101028994
0.04805,0.05885,0.0327,0.01445,0.101028994
0.048,0.0612,0.0336,0.0154,0.12087912
0.0469,0.0583,0.0327,0.0156,0.108365014
0.0457,0.0576,0.0336,0.0165,0.115198456
0.0485,0.0584,0.0344,0.0168,0.09260991
0.0511,0.0619,0.0346,0.0178,0.09557522
0.0487,0.0615,0.0339,0.0185,0.11615245
0.0495,0.0608,0.0346,0.0189,0.102447875
0.0,0.0,0.0,0.0,0.0
0.04115,0.0463,0.02455,0.00865,0.058890812
0.0412,0.04615,0.0242,0.00865,0.056668557
0.0407,0.0452,0.02145,0.0078,0.052386515
0.04035,0.0454,0.02135,0.00745,0.058892127
0.04075,0.04555,0.0214,0.0076,0.05561992
0.0385,0.0453,0.0215,0.007,0.08114558
0.0399,0.0459,0.02185,0.00735,0.06993004
0.03995,0.0462,0.0216,0.007,0.0725479
0.0392,0.0455,0.02185,0.00725,0.074380144
0.03885,0.0453,0.0222,0.00745,0.07664885
0.0405,0.04575,0.0249,0.0074,0.06086956
0.04195,0.0459,0.02515,0.00725,0.044963006
0.04095,0.04455,0.02555,0.0071,0.042105276
0.0407,0.04575,0.0258,0.0071,0.05841527
0.0411,0.04525,0.0255,0.00705,0.048060216
0.0417,0.04575,0.0258,0.00735,0.046312153
0.0417,0.04575,0.0258,0.00735,0.046312153
0.0405,0.04575,0.02685,0.00715,0.06086956
0.0407,0.0467,0.02625,0.00775,0.068649895
0.04105,0.04735,0.02555,0.00735,0.071266994
0.0427,0.0503,0.02615,0.0074,0.08172042
0.0429,0.0496,0.0262,0.00715,0.07243245
0.04245,0.05105,0.0265,0.00725,0.09197861
0.0431,0.05075,0.02715,0.0074,0.08151304
0.04335,0.0525,0.0268,0.00775,0.095461644
0.0459,0.0567,0.0277,0.0086,0.105263166
0.0447,0.0579,0.0286,0.0092,0.12865497
0.0443,0.057,0.0286,0.0092,0.12537017
0.0451,0.054,0.0287,0.0078,0.08980829
0.0435,0.0544,0.0293,0.0078,0.111338116
0.0429,0.0548,0.0293,0.0086,0.121801436
0.0449,0.0546,0.0293,0.0087,0.09748744
0.0446,0.0548,0.029,0.0087,0.10261571
0.0445,0.0546,0.0279,0.0088,0.10191725
0.0438,0.0549,0.0303,0.0086,0.11246202
0.0448,0.0544,0.0297,0.0087,0.09677422
0.0446,0.0548,0.03,0.0092,0.10261571
0.0448,0.055,0.0318,0.0093,0.10220443
0.0478,0.057,0.0326,0.0096,0.08778625
0.0465,0.0598,0.0325,0.0095,0.12511757
0.0488,0.0587,0.0332,0.0098,0.09209302
0.0483,0.0583,0.0334,0.0098,0.093808606
0.0481,0.0578,0.0321,0.0099,0.09159585
0.048,0.056,0.0322,0.0114,0.07692309
0.0484,0.0572,0.0329,0.0116,0.083333336
0.0481,0.0564,0.0337,0.0136,0.079425864
0.0484,0.0592,0.0336,0.0148,0.10037175
0.0484,0.0592,0.0336,0.0148,0.10037175
0.048,0.0601,0.0334,0.0154,0.111933395
0.0455,0.0583,0.0332,0.0156,0.123314075
0.0468,0.0595,0.0335,0.016,0.11947322
0.0482,0.0614,0.0347,0.0165,0.12043796
0.048,0.0614,0.0345,0.0175,0.12248628
0.0474,0.0614,0.0336,0.0183,0.12867646
0.0499,0.0603,0.0346,0.0185,0.094373874
0.0,0.0,0.0,0.0,0.0
0.04135,0.0458,0.02395,0.0085,0.0510614
0.0412,0.0461,0.0241,0.0084,0.056128304
0.0408,0.04605,0.02185,0.00815,0.06044904
0.04075,0.04515,0.02135,0.0081,0.05122235
0.04065,0.04545,0.0214,0.0076,0.055749122
0.0403,0.0451,0.0218,0.00735,0.05620608
0.03995,0.04545,0.0221,0.0073,0.06440281
0.04,0.0454,0.02155,0.0071,0.06323187
0.03995,0.0455,0.0217,0.0069,0.06495028
0.03995,0.0458,0.0228,0.0075,0.0682216
0.03895,0.04575,0.0246,0.0074,0.080283344
0.0393,0.04585,0.02545,0.0074,0.07692311
0.04055,0.04525,0.0257,0.00735,0.054778527
0.0406,0.046,0.02565,0.0071,0.062355634
0.0421,0.04585,0.0255,0.00705,0.042637862
0.04295,0.0464,0.02575,0.00695,0.038612187
0.04295,0.0464,0.02575,0.00695,0.038612187
0.04145,0.0445,0.02545,0.00675,0.03548574
0.0408,0.0455,0.02505,0.00705,0.054461155
0.0408,0.04575,0.02505,0.00705,0.057192355
0.0427,0.05085,0.0266,0.00715,0.08711919
0.0431,0.05025,0.02675,0.0072,0.07659348
0.04215,0.0514,0.027,0.0072,0.09887761
0.0426,0.0511,0.0274,0.0076,0.09071507
0.04305,0.0524,0.0273,0.0079,0.09795707
0.0439,0.0573,0.0284,0.0085,0.13241106
0.044,0.0579,0.0289,0.009,0.13640825
0.0432,0.057,0.029,0.0092,0.13772455
0.046,0.0544,0.0284,0.0078,0.08366534
0.0458,0.0554,0.0283,0.0076,0.09486165
0.0422,0.0554,0.0287,0.008,0.1352459
0.0441,0.0552,0.0289,0.0085,0.11178246
0.0445,0.0548,0.0297,0.0087,0.10372608
0.0439,0.0546,0.0303,0.0088,0.10862943
0.0438,0.0555,0.0303,0.0088,0.117824785
0.0446,0.0549,0.0297,0.0088,0.103517614
0.0432,0.0544,0.0298,0.0088,0.114754096
0.0459,0.0595,0.0323,0.0097,0.12903228
0.0469,0.0551,0.0326,0.0097,0.08039217
0.0475,0.0539,0.0328,0.0093,0.06311637
0.0465,0.0589,0.0334,0.0098,0.11764704
0.0469,0.0595,0.034,0.0098,0.11842106
0.0485,0.0594,0.0322,0.0101,0.10101944
0.0475,0.0566,0.0317,0.0113,0.087415956
0.0473,0.0569,0.0327,0.0121,0.092130505
0.0479,0.0577,0.0333,0.0129,0.092803046
0.0459,0.058,0.0329,0.0149,0.11645813
0.0459,0.058,0.0329,0.0149,0.11645813
0.048,0.0601,0.0334,0.0154,0.111933395
0.0455,0.0595,0.0341,0.0162,0.13333336
0.0476,0.063,0.0336,0.0164,0.1392405
0.0478,0.0626,0.0336,0.0162,0.13405797
0.0477,0.0596,0.0348,0.0173,0.11090401
0.0478,0.0611,0.0333,0.0181,0.12213038
0.0485,0.0579,0.035,0.0183,0.088345855
0.0,0.0,0.0,0.0,0.0
0.04115,0.04615,0.02395,0.00845,0.057273757
0.04075,0.0463,0.0235,0.0084,0.063756466
0.0405,0.0465,0.02135,0.0084,0.06896553
0.04045,0.0452,0.02135,0.00825,0.05545829
0.04035,0.04495,0.0213,0.0079,0.053927314
0.0402,0.04495,0.02195,0.00765,0.055783935
0.04035,0.0447,0.0219,0.00745,0.051146373
0.0402,0.04465,0.0215,0.00755,0.0524455
0.04055,0.0452,0.02485,0.0076,0.05422741
0.0411,0.04635,0.0252,0.0076,0.0600343
0.0409,0.0456,0.0253,0.0076,0.054335274
0.0407,0.0457,0.02575,0.0076,0.05787036
0.0411,0.0457,0.0257,0.0075,0.05299539
0.04075,0.0456,0.02615,0.00745,0.056166764
0.0409,0.04615,0.02575,0.0074,0.060310163
0.041,0.04625,0.02585,0.0074,0.060171913
0.041,0.04625,0.02585,0.0074,0.060171913
0.0399,0.0455,0.02575,0.0069,0.065573744
0.04105,0.04615,0.02565,0.007,0.058486246
0.04065,0.0459,0.02555,0.007,0.060658574
0.0428,0.04775,0.0268,0.0072,0.054665904
0.04235,0.05095,0.02685,0.0072,0.09217574
0.0424,0.05175,0.02725,0.00735,0.09930963
0.04345,0.05155,0.02735,0.0077,0.08526315
0.0435,0.05195,0.02765,0.00745,0.088528045
0.0449,0.0576,0.0281,0.0084,0.12390243
0.0453,0.0578,0.0291,0.0092,0.1212415
0.0443,0.0574,0.0287,0.0089,0.12881021
0.0457,0.0557,0.0282,0.0087,0.09861934
0.0448,0.0558,0.0283,0.0078,0.10934394
0.0434,0.0545,0.0293,0.0083,0.113380976
0.0446,0.0549,0.0298,0.0086,0.103517614
0.0457,0.0545,0.0297,0.0087,0.08782435
0.0439,0.0545,0.0305,0.0088,0.10772355
0.0434,0.0552,0.03,0.0087,0.11967544
0.0439,0.0544,0.0298,0.0086,0.10681586
0.0425,0.0551,0.0298,0.0091,0.12909837
0.046,0.0599,0.0327,0.0097,0.1312559
0.0466,0.0586,0.0329,0.0097,0.114068456
0.0472,0.052,0.0332,0.0095,0.048387088
0.0473,0.0579,0.0322,0.0098,0.10076046
0.0474,0.0603,0.0342,0.0098,0.11977714
0.0476,0.0597,0.0332,0.01065,0.11276794
0.0489,0.0584,0.0317,0.0107,0.08853682
0.0464,0.0577,0.0328,0.012,0.10854948
0.0463,0.0559,0.0327,0.0122,0.09393345
0.0463,0.0559,0.0327,0.0122,0.09393345
0.0448,0.0575,0.0316,0.0145,0.124144696
0.0469,0.0591,0.0334,0.015,0.11509432
0.0455,0.0595,0.0341,0.0162,0.13333336
0.0486,0.0634,0.0349,0.0159,0.13214286
0.0496,0.0634,0.0339,0.0156,0.122123875
0.0471,0.0591,0.0335,0.0162,0.11299434
0.0477,0.0588,0.0338,0.0172,0.10422537
0.0477,0.0579,0.0341,0.0175,0.09659092
0.0,0.0,0.0,0.0,0.0
0.0403,0.04615,0.0235,0.00835,0.06766916
0.0402,0.0458,0.02115,0.0084,0.0651163
0.04,0.04585,0.0209,0.00835,0.06814213
0.04085,0.04525,0.02105,0.0082,0.05110337
0.03975,0.0449,0.02205,0.008,0.06083877
0.04035,0.04555,0.02215,0.00765,0.06053549
0.0399,0.045,0.0218,0.0073,0.060070675
0.03955,0.04555,0.0214,0.00765,0.070505306
0.03955,0.04525,0.0219,0.00795,0.06721698
0.04,0.0459,0.02405,0.0077,0.06868451
0.04,0.04455,0.02255,0.0077,0.05381434
0.04,0.0453,0.0254,0.0078,0.06213365
0.04125,0.04585,0.02595,0.00775,0.052812856
0.04035,0.046,0.0264,0.0076,0.06543137
0.0419,0.0458,0.0259,0.00735,0.04446977
0.0419,0.0458,0.0259,0.00735,0.04446977
0.04095,0.0459,0.0257,0.0074,0.056994796
0.0406,0.04635,0.02615,0.0073,0.06612992
0.0409,0.0467,0.02615,0.00715,0.06621006
0.04075,0.046,0.0258,0.0074,0.060518727
0.0414,0.0488,0.02675,0.0072,0.08203989
0.04285,0.05115,0.0269,0.00725,0.0882979
0.0424,0.05175,0.02725,0.00735,0.09930963
0.0436,0.0512,0.02765,0.0078,0.08016876
0.04325,0.0515,0.0279,0.0079,0.087071255
0.0451,0.0558,0.028,0.0087,0.10604558
0.0443,0.0579,0.0287,0.0086,0.13307239
0.0439,0.0577,0.0287,0.0086,0.13582675
0.0456,0.0566,0.029,0.0086,0.10763209
0.0438,0.0554,0.0287,0.0087,0.11693548
0.044,0.0544,0.0295,0.0087,0.10569107
0.0456,0.0553,0.0298,0.0087,0.09613479
0.046,0.0566,0.0299,0.0087,0.10331385
0.0438,0.0552,0.0305,0.0087,0.11515151
0.0434,0.0544,0.0298,0.0083,0.112474434
0.0444,0.0542,0.0298,0.0088,0.0993915
0.0452,0.0564,0.0298,0.0088,0.11023621
0.0456,0.0597,0.033,0.0093,0.13390313
0.0459,0.0562,0.0332,0.0096,0.10088152
0.0446,0.0582,0.0328,0.0096,0.13229576
0.0463,0.06,0.0327,0.0098,0.1288805
0.0469,0.059,0.034,0.0098,0.11425873
0.0473,0.0608,0.0327,0.0101,0.12488438
0.046,0.0595,0.0316,0.0099,0.1279621
0.0464,0.0576,0.0321,0.0115,0.1076923
0.0477,0.0536,0.0307,0.0119,0.058242835
0.0477,0.0536,0.0307,0.0119,0.058242835
0.048,0.0554,0.0305,0.0135,0.071566716
0.046,0.059,0.0334,0.0156,0.123809524
0.0493,0.0603,0.0349,0.0156,0.10036496
0.0486,0.0634,0.0349,0.0159,0.13214286
0.0509,0.0636,0.0325,0.0149,0.110917054
0.0474,0.0636,0.0336,0.0152,0.14594597
0.0473,0.059,0.0341,0.0157,0.11006586
0.0466,0.0612,0.0329,0.0165,0.135436
0.0,0.0,0.0,0.0,0.0
0.03975,0.0445,0.0217,0.0084,0.056379847
0.03985,0.04455,0.02085,0.0083,0.05568722
0.03945,0.04455,0.0211,0.00825,0.06071429
0.03985,0.0445,0.02105,0.0079,0.05512745
0.04,0.0458,0.02245,0.00795,0.06759908
0.0402,0.0457,0.0224,0.00765,0.06402794
0.03995,0.04525,0.02185,0.0076,0.062206578
0.03955,0.04545,0.0214,0.0077,0.06941176
0.03985,0.04575,0.0231,0.00805,0.068925224
0.0415,0.04595,0.02535,0.0076,0.050886232
0.04105,0.0455,0.02565,0.0077,0.051415376
0.0393,0.0459,0.0241,0.00785,0.07746479
0.042,0.04645,0.02585,0.00805,0.05031092
0.04185,0.04635,0.02645,0.0074,0.051020384
0.0413,0.0457,0.0259,0.00765,0.050574712
0.0413,0.0457,0.0259,0.00765,0.050574712
0.0412,0.04625,0.02595,0.0077,0.057747282
0.04085,0.0462,0.02655,0.00765,0.061458945
0.0397,0.0467,0.0266,0.0075,0.08101851
0.0412,0.0462,0.0258,0.0073,0.05720822
0.04315,0.04725,0.0268,0.0072,0.045353968
0.04275,0.0507,0.0274,0.0076,0.085072234
0.04395,0.05115,0.0274,0.00765,0.075709805
0.04405,0.05135,0.028,0.008,0.07651992
0.0435,0.0515,0.0275,0.00805,0.084210545
0.0441,0.0551,0.0282,0.0084,0.110887095
0.0447,0.058,0.0294,0.0086,0.1295034
0.0438,0.0578,0.0291,0.0086,0.13779527
0.0443,0.057,0.0294,0.0086,0.12537017
0.0435,0.0548,0.0294,0.0087,0.11495424
0.0451,0.054,0.0296,0.0087,0.08980829
0.0457,0.0545,0.0294,0.0087,0.08782435
0.0455,0.0539,0.0298,0.0087,0.08450705
0.045,0.0539,0.0303,0.0081,0.08998986
0.0442,0.0566,0.0297,0.0081,0.12301589
0.0455,0.0537,0.0298,0.0082,0.0826613
0.0424,0.053,0.0298,0.0084,0.11111112
0.0462,0.0579,0.0333,0.0089,0.112391934
0.0441,0.0591,0.0339,0.0095,0.1453488
0.0469,0.0606,0.034,0.0095,0.12744187
0.0457,0.0603,0.0335,0.0098,0.13773586
0.0461,0.0592,0.0338,0.01,0.12440644
0.0467,0.0608,0.0329,0.0104,0.13116279
0.047,0.058,0.0325,0.0099,0.104761906
0.0455,0.054,0.0312,0.0107,0.08542716
0.048,0.0558,0.0311,0.0113,0.07514449
0.048,0.0558,0.0311,0.0113,0.07514449
0.0448,0.0561,0.0309,0.0118,0.11199209
0.0471,0.053,0.0332,0.0156,0.058941055
0.0493,0.0579,0.0328,0.0154,0.08022389
0.0507,0.0604,0.0331,0.0157,0.087308735
0.052,0.0591,0.0318,0.0145,0.063906364
0.0505,0.062,0.0323,0.0155,0.1022222
0.0487,0.0623,0.0327,0.0152,0.12252251
0.0484,0.0592,0.032,0.0165,0.10037175
0.0,0.0,0.0,0.0,0.0
0.03875,0.04355,0.02095,0.0086,0.0583232
0.0386,0.0437,0.02105,0.0085,0.06196837
0.0383,0.04295,0.0216,0.0083,0.057230778
0.04,0.04445,0.02155,0.0079,0.05269391
0.04015,0.0455,0.022,0.00775,0.062463485
0.03995,0.04535,0.0222,0.0078,0.063306004
0.03985,0.0449,0.0223,0.00775,0.05958702
0.0405,0.04515,0.0224,0.0079,0.054290727
0.04055,0.0451,0.0255,0.0079,0.053123165
0.04045,0.0456,0.02575,0.0077,0.059848938
0.0409,0.0467,0.0257,0.00755,0.06621006
0.04175,0.0464,0.026,0.00735,0.052751
0.0417,0.0491,0.02835,0.00795,0.08149778
0.0409,0.0462,0.0263,0.008,0.060849603
0.0406,0.04605,0.026,0.0073,0.0628967
0.0406,0.04605,0.026,0.0073,0.0628967
0.04095,0.0465,0.02615,0.00775,0.06346485
0.04165,0.04615,0.02675,0.00725,0.051252827
0.03995,0.046,0.02695,0.0075,0.07038978
0.03985,0.046,0.0264,0.0075,0.07163657
0.0423,0.046,0.02745,0.00735,0.041902594
0.043,0.0478,0.02775,0.00755,0.052863427
0.0429,0.05095,0.02815,0.00765,0.08577515
0.04265,0.0513,0.02855,0.0081,0.09207026
0.04245,0.0507,0.02765,0.00795,0.08856684
0.0431,0.0565,0.0289,0.0085,0.13453814
0.0445,0.0579,0.0292,0.0086,0.13085936
0.0434,0.0582,0.0291,0.0086,0.1456693
0.0439,0.0569,0.029,0.0086,0.12896822
0.0446,0.0536,0.0292,0.0087,0.091649696
0.0446,0.0534,0.0283,0.0087,0.08979592
0.0451,0.0536,0.028,0.0083,0.08611954
0.0448,0.0531,0.0294,0.0082,0.08478041
0.0437,0.0538,0.0294,0.0082,0.10358978
0.0454,0.0538,0.0294,0.0081,0.08467742
0.0435,0.0513,0.0289,0.0087,0.082278505
0.043,0.0529,0.0298,0.0081,0.10323253
0.0451,0.0571,0.0341,0.0087,0.117416844
0.0453,0.0566,0.0338,0.0087,0.11089305
0.0466,0.0593,0.034,0.0092,0.11992448
0.0461,0.0593,0.0333,0.0098,0.12523718
0.046,0.06,0.033,0.0099,0.13207546
0.0467,0.0565,0.0319,0.01,0.09496122
0.0467,0.0529,0.0312,0.0106,0.062249
0.0453,0.0516,0.0313,0.0105,0.0650155
0.0436,0.0546,0.0319,0.0111,0.11201629
0.0436,0.0546,0.0319,0.0111,0.11201629
0.0444,0.0565,0.0335,0.0138,0.11992072
0.0448,0.0527,0.0324,0.0153,0.081025675
0.0474,0.0561,0.0326,0.0149,0.08405796
0.0459,0.0602,0.0328,0.0152,0.13477851
0.052,0.0591,0.0318,0.0145,0.063906364
0.0495,0.0625,0.0321,0.0158,0.116071425
0.0498,0.0594,0.031,0.0153,0.087912075
0.0477,0.0561,0.0302,0.0156,0.08092486
0.0,0.0,0.0,0.0,0.0
0.0379,0.0433,0.0209,0.0085,0.06650244
0.0385,0.04365,0.02075,0.00865,0.06269022
0.0385,0.04265,0.02135,0.00815,0.05113986
0.0394,0.04355,0.022,0.00795,0.050030135
0.03915,0.04585,0.0218,0.00775,0.07882355
0.03965,0.0453,0.022,0.00765,0.066509694
0.0403,0.04525,0.0223,0.00745,0.05786088
0.04165,0.0469,0.02525,0.00795,0.05928853
0.042,0.0456,0.0256,0.00785,0.041095905
0.0399,0.04585,0.0256,0.0078,0.06938776
0.0415,0.0462,0.0254,0.0075,0.05359181
0.0411,0.0457,0.02605,0.00735,0.05299539
0.04055,0.04585,0.02655,0.0074,0.061342593
0.0411,0.04675,0.02755,0.00795,0.064314194
0.0397,0.04605,0.02645,0.0074,0.074052475
0.0397,0.04605,0.02645,0.0074,0.074052475
0.04055,0.04635,0.0261,0.00745,0.06674336
0.04235,0.0461,0.02625,0.00725,0.042396836
0.0397,0.04585,0.02675,0.00775,0.07188778
0.0399,0.0462,0.02675,0.0077,0.07317072
0.0414,0.04675,0.0271,0.0079,0.060692012
0.04205,0.04825,0.02735,0.0076,0.06866003
0.04185,0.0472,0.02695,0.00765,0.060078617
0.0437,0.0472,0.0284,0.00795,0.038503885
0.043,0.0517,0.028,0.00795,0.09186904
0.043,0.0506,0.02905,0.008,0.08119656
0.0433,0.0519,0.02895,0.00815,0.09033614
0.0439,0.05245,0.02855,0.0083,0.08873897
0.04395,0.0511,0.02815,0.008,0.07522359
0.04395,0.05095,0.0285,0.0081,0.07376185
0.04225,0.0511,0.0287,0.00835,0.09480451
0.04385,0.0511,0.02805,0.00825,0.07635597
0.0426,0.05045,0.02905,0.0079,0.08436327
0.0438,0.05415,0.0288,0.0086,0.10566616
0.04435,0.0545,0.02895,0.0088,0.10268084
0.04405,0.05295,0.0301,0.00875,0.09175255
0.0433,0.0541,0.0315,0.0088,0.11088297
0.0426,0.0559,0.03185,0.00875,0.1350254
0.04465,0.056,0.0317,0.0087,0.11276704
0.0463,0.05695,0.0318,0.00905,0.10314768
0.04585,0.05575,0.0307,0.0094,0.097440936
0.0469,0.0546,0.03175,0.00955,0.075862065
0.04525,0.05265,0.0324,0.01005,0.075587355
0.0452,0.051,0.0331,0.0107,0.060291033
0.0455,0.0526,0.0326,0.0102,0.07237514
0.0455,0.0526,0.0326,0.0102,0.07237514
0.0438,0.0554,0.0316,0.0112,0.11693548
0.0454,0.0567,0.034,0.0121,0.11067578
0.0458,0.0565,0.0321,0.0123,0.10459431
0.0463,0.0587,0.0332,0.014,0.11809521
0.0466,0.0587,0.0329,0.0148,0.11490979
0.0486,0.0588,0.0319,0.0147,0.09497208
0.0495,0.0625,0.0321,0.0158,0.116071425
0.0506,0.06,0.0323,0.0145,0.084990956
0.0498,0.0578,0.0298,0.016,0.07434942
0.0,0.0,0.0,0.0,0.0
0.03755,0.0431,0.02145,0.0084,0.06881588
0.0387,0.04285,0.02125,0.0083,0.05088902
0.0382,0.0427,0.02155,0.0081,0.05562425
0.03855,0.0432,0.02185,0.0079,0.056880735
0.0394,0.04425,0.02175,0.0075,0.057979677
0.04035,0.04515,0.0218,0.0077,0.05614034
0.04155,0.0455,0.02295,0.00745,0.04537622
0.04235,0.0472,0.0254,0.0083,0.054159686
0.0422,0.04765,0.0259,0.0077,0.060656644
0.04045,0.0468,0.0259,0.00745,0.072779365
0.04195,0.0468,0.0255,0.00745,0.05464789
0.041,0.04635,0.0262,0.0078,0.061247826
0.0408,0.0466,0.0268,0.0074,0.066361524
0.0384,0.04425,0.0241,0.0068,0.070780374
0.0384,0.04425,0.0241,0.0068,0.070780374
0.03875,0.0464,0.02615,0.00755,0.08984144
0.0399,0.0461,0.02675,0.00765,0.072093025
0.0395,0.04595,0.02635,0.0077,0.075482704
0.04025,0.04585,0.0268,0.0078,0.06504067
0.03885,0.0467,0.027,0.0078,0.09175924
0.0408,0.04805,0.02695,0.0083,0.08159819
0.0421,0.04795,0.02785,0.0081,0.06496389
0.0414,0.04725,0.0269,0.0082,0.06598983
0.0429,0.04705,0.0289,0.008,0.04613674
0.0431,0.0504,0.02875,0.00795,0.07807487
0.04315,0.0505,0.0286,0.008,0.07848373
0.04375,0.05065,0.02865,0.00825,0.07309323
0.04385,0.05095,0.0287,0.0084,0.07489449
0.0444,0.05015,0.0283,0.008,0.060814388
0.0428,0.051,0.02825,0.00825,0.08742001
0.04365,0.05065,0.0286,0.0081,0.07423117
0.0439,0.0508,0.0293,0.00795,0.07286164
0.04415,0.05095,0.02925,0.0076,0.07150368
0.04295,0.05495,0.0287,0.00755,0.12257403
0.0429,0.05415,0.02885,0.0087,0.115919635
0.044,0.05425,0.0315,0.00885,0.10432568
0.04325,0.0536,0.0315,0.00885,0.1068663
0.04335,0.0558,0.0315,0.00895,0.1255673
0.0443,0.0567,0.0313,0.0093,0.12277226
0.046,0.0529,0.0306,0.00925,0.06976745
0.0465,0.0528,0.0317,0.0095,0.0634441
0.04585,0.05295,0.03225,0.0095,0.07186232
0.04365,0.0528,0.03225,0.0102,0.09486779
0.0458,0.0513,0.0334,0.0106,0.056642633
0.0465,0.0501,0.0312,0.0105,0.03726706
0.0465,0.0501,0.0312,0.0105,0.03726706
0.0458,0.0518,0.0321,0.0117,0.061475422
0.0479,0.0558,0.0339,0.012,0.07618129
0.0477,0.0558,0.034,0.0124,0.07826087
0.0466,0.0593,0.0329,0.0127,0.11992448
0.0464,0.0593,0.0319,0.014,0.12204354
0.0469,0.0583,0.0326,0.0138,0.108365014
0.0516,0.06,0.0312,0.0142,0.07526879
0.0514,0.0585,0.0307,0.0141,0.06460419
0.0487,0.0568,0.034,0.0149,0.07677725
0.0,0.0,0.0,0.0,0.0
0.0387,0.0434,0.0213,0.00765,0.057247274
0.03765,0.04305,0.02155,0.00795,0.066914484
0.03755,0.04315,0.0212,0.00805,0.06939284
0.03745,0.0428,0.02145,0.00785,0.06666668
0.03945,0.0443,0.02225,0.0074,0.05791045
0.04155,0.045,0.02245,0.00735,0.03986138
0.04125,0.0446,0.02315,0.00725,0.039021514
0.04135,0.04595,0.02435,0.008,0.052691862
0.04185,0.048,0.02625,0.00765,0.06844741
0.04155,0.0468,0.02575,0.0079,0.059422746
0.04245,0.0466,0.0256,0.00755,0.046603028
0.04165,0.0471,0.026,0.00745,0.061408438
0.03815,0.0449,0.0246,0.0074,0.08127633
0.03815,0.0435,0.02405,0.0069,0.06552354
0.03815,0.0435,0.02405,0.0069,0.06552354
0.038,0.04285,0.0239,0.00755,0.059987634
0.03855,0.0444,0.0239,0.00715,0.070524395
0.0399,0.0459,0.02625,0.00785,0.06993004
0.039,0.0459,0.026,0.00815,0.08127206
0.03855,0.04705,0.026,0.00825,0.09929904
0.04035,0.04705,0.02605,0.00845,0.07665901
0.0409,0.04665,0.02705,0.0083,0.06567676
0.0389,0.04685,0.0275,0.00805,0.092711374
0.0413,0.0468,0.028,0.00795,0.062429056
0.04235,0.0503,0.02815,0.00795,0.085806765
0.0429,0.05055,0.0286,0.008,0.08186195
0.0422,0.04985,0.02825,0.0083,0.083106995
0.0423,0.0501,0.028,0.00825,0.08441556
0.04335,0.0505,0.0281,0.00795,0.07618542
0.0435,0.05055,0.02825,0.008,0.07496013
0.0443,0.05035,0.028,0.00765,0.063919686
0.0441,0.0535,0.0289,0.00805,0.096311465
0.04385,0.05505,0.02895,0.0079,0.113245696
0.04375,0.0547,0.02865,0.00765,0.111223966
0.04295,0.05435,0.03085,0.00885,0.117163405
0.04335,0.05525,0.03145,0.0088,0.12068966
0.04395,0.05575,0.03185,0.0088,0.11835508
0.04375,0.05465,0.0318,0.00885,0.11077238
0.04425,0.0541,0.0319,0.00965,0.10015251
0.04465,0.0523,0.03175,0.0094,0.07890665
0.04525,0.0521,0.03205,0.00965,0.07036467
0.0443,0.052,0.032,0.00965,0.07995846
0.0442,0.0524,0.0325,0.00955,0.08488614
0.0437,0.0512,0.0323,0.0106,0.079030566
0.046,0.0525,0.0329,0.0104,0.06598983
0.046,0.0525,0.0329,0.0104,0.06598983
0.048,0.0544,0.0317,0.0107,0.0625
0.0502,0.0561,0.0346,0.0126,0.055503286
0.0503,0.0593,0.0326,0.0136,0.08211682
0.0508,0.0593,0.034,0.0127,0.077202566
0.0501,0.0591,0.0318,0.0123,0.08241758
0.0485,0.0589,0.0311,0.014,0.096834235
0.0508,0.0589,0.0302,0.0136,0.073837735
0.0514,0.0585,0.0307,0.0141,0.06460419
0.0455,0.0574,0.0337,0.0146,0.115646265
0.0,0.0,0.0,0.0,0.0
0.03845,0.04295,0.0216,0.008,0.055282578
0.0376,0.0429,0.02165,0.008,0.065838516
0.03695,0.04335,0.0213,0.00805,0.07970112
0.0383,0.04295,0.0216,0.00775,0.057230778
0.0399,0.04305,0.02225,0.0076,0.037974656
0.04135,0.04485,0.02245,0.00725,0.040603243
0.04035,0.0457,0.0234,0.0072,0.062173124
0.04155,0.04555,0.02305,0.00745,0.04592423
0.04155,0.0462,0.02365,0.0072,0.052991457
0.0412,0.04715,0.02475,0.0075,0.06734579
0.0412,0.0463,0.0255,0.0074,0.058285717
0.03845,0.0448,0.0241,0.0074,0.076276265
0.0385,0.0437,0.0241,0.0068,0.063260324
0.03815,0.0433,0.02365,0.0068,0.06322895
0.03815,0.0433,0.02365,0.0068,0.06322895
0.03725,0.0428,0.0232,0.00755,0.069331676
0.03685,0.04255,0.02285,0.0076,0.07178841
0.0371,0.0425,0.0225,0.00725,0.06783922
0.0368,0.04685,0.02535,0.0077,0.120143436
0.03855,0.0472,0.0256,0.00845,0.10087465
0.0386,0.0467,0.02565,0.0085,0.09495896
0.04055,0.0464,0.02625,0.0083,0.067280024
0.0399,0.04645,0.0276,0.00825,0.07585407
0.04075,0.049,0.02795,0.00805,0.091921985
0.04135,0.0501,0.0283,0.00795,0.09568069
0.04255,0.04975,0.0287,0.008,0.07800649
0.0426,0.0498,0.02785,0.0083,0.077922106
0.04295,0.0506,0.02755,0.00815,0.08177444
0.0429,0.05065,0.0288,0.00755,0.08284341
0.0434,0.0501,0.028,0.00795,0.07165773
0.0435,0.04995,0.02775,0.00755,0.06902088
0.04395,0.05345,0.0293,0.008,0.097535945
0.0442,0.056,0.02915,0.00785,0.117764495
0.0444,0.0558,0.0305,0.00895,0.11377245
0.0442,0.05495,0.0313,0.00915,0.10842158
0.04325,0.0551,0.03165,0.00895,0.12048808
0.04455,0.0537,0.0318,0.0089,0.093129754
0.0448,0.05625,0.03215,0.00895,0.11331025
0.0446,0.0569,0.03185,0.0095,0.12118226
0.0448,0.05605,0.03165,0.00945,0.111551814
0.04465,0.0544,0.0317,0.00955,0.09843515
0.04515,0.05265,0.0317,0.0098,0.07668712
0.0443,0.05245,0.0311,0.0096,0.084237725
0.0446,0.0558,0.0306,0.0103,0.11155378
0.0465,0.0586,0.031,0.01,0.11512844
0.0465,0.0586,0.031,0.01,0.11512844
0.0459,0.0586,0.0313,0.0123,0.12153113
0.0483,0.0598,0.0355,0.0127,0.10638296
0.0466,0.0595,0.0337,0.0127,0.12158343
0.0453,0.0583,0.0327,0.0127,0.12548263
0.0479,0.0568,0.0321,0.0127,0.08500479
0.047,0.0572,0.0326,0.0145,0.09788869
0.0482,0.0593,0.032,0.0134,0.10325583
0.0478,0.0573,0.0329,0.0138,0.09039011
0.0455,0.0574,0.0337,0.0146,0.115646265
0.0,0.0,0.0,0.0,0.0
0.0386,0.04285,0.0216,0.0076,0.05217922
0.038,0.0431,0.02175,0.00785,0.06288534
0.03725,0.04385,0.0216,0.00795,0.08138101
0.03815,0.0424,0.0217,0.00755,0.05276223
0.03925,0.0416,0.02195,0.00735,0.029066155
0.04205,0.0455,0.0223,0.00735,0.03940604
0.0404,0.04565,0.02335,0.00755,0.061011076
0.0418,0.0461,0.0256,0.00795,0.04891925
0.0418,0.047,0.0258,0.0072,0.058558546
0.042,0.0458,0.02455,0.0071,0.043280195
0.0406,0.04695,0.0248,0.0071,0.07252998
0.03935,0.0445,0.0237,0.00675,0.061419223
0.03835,0.0442,0.02325,0.00685,0.07086612
0.0392,0.04425,0.0229,0.0069,0.060515273
0.0392,0.04425,0.0229,0.0069,0.060515273
0.0389,0.04305,0.02265,0.00765,0.05064063
0.03785,0.04255,0.02245,0.0076,0.058457725
0.03765,0.0428,0.0226,0.00745,0.064014934
0.03745,0.04355,0.02275,0.00725,0.07530863
0.0371,0.04375,0.02275,0.00755,0.082251094
0.03725,0.0437,0.02255,0.00755,0.07967878
0.03705,0.04335,0.0228,0.00755,0.07835819
0.03745,0.0447,0.02575,0.008,0.08825319
0.0434,0.0489,0.0284,0.0082,0.059588302
0.042,0.04985,0.02855,0.00825,0.085465424
0.04235,0.0498,0.02825,0.00845,0.08084644
0.0428,0.04955,0.0276,0.00855,0.073091485
0.04225,0.0501,0.0282,0.0083,0.0850027
0.0418,0.05,0.02845,0.0077,0.08932462
0.0429,0.04985,0.0276,0.0078,0.0749326
0.0427,0.05075,0.0273,0.00785,0.08614231
0.0444,0.05085,0.0292,0.00815,0.067716554
0.0451,0.05605,0.02925,0.00925,0.10825506
0.04405,0.0568,0.03135,0.00945,0.12642539
0.0446,0.0551,0.03165,0.0094,0.10531597
0.0459,0.0563,0.03185,0.0096,0.10176126
0.0451,0.0563,0.03125,0.00925,0.11045364
0.0445,0.057,0.03205,0.0091,0.123152696
0.04355,0.05635,0.03185,0.00935,0.12812814
0.0447,0.0554,0.03145,0.0093,0.1068931
0.0458,0.05475,0.0313,0.0095,0.08901043
0.04545,0.05505,0.03115,0.0097,0.09552241
0.04435,0.05435,0.0299,0.0098,0.10131714
0.0431,0.0573,0.0296,0.0099,0.14143428
0.0431,0.0573,0.0296,0.0099,0.14143428
0.0462,0.0569,0.0306,0.0102,0.10378272
0.043,0.0572,0.0305,0.012,0.14171655
0.0442,0.0596,0.0366,0.0122,0.14836223
0.0485,0.0577,0.0359,0.0123,0.086628996
0.0455,0.0566,0.0318,0.0125,0.10871696
0.0508,0.06,0.0323,0.0124,0.08303249
0.0502,0.0608,0.0325,0.0128,0.0954955
0.0479,0.0584,0.0321,0.0129,0.09877708
0.0464,0.0578,0.0322,0.0133,0.10940499
0.0487,0.0591,0.0331,0.0141,0.09647493
0.0,0.0,0.0,0.0,0.0
0.038,0.04595,0.02195,0.00765,0.094699234
0.03895,0.04275,0.02215,0.0074,0.046511643
0.03805,0.04375,0.0218,0.0075,0.06968215
0.03855,0.04195,0.0223,0.0074,0.042236
0.03825,0.0422,0.0225,0.00745,0.04909882
0.03885,0.0447,0.0227,0.00725,0.07001798
0.0394,0.04615,0.0237,0.00795,0.07890122
0.04195,0.04615,0.0254,0.0075,0.047673102
0.04375,0.04725,0.0259,0.0071,0.038461536
0.0424,0.0462,0.0253,0.00725,0.042889405
0.04135,0.04705,0.0254,0.0071,0.064479634
0.04055,0.04715,0.02425,0.0071,0.075256556
0.0395,0.04655,0.0242,0.00705,0.081929065
0.0395,0.04655,0.0242,0.00705,0.081929065
0.0394,0.0444,0.02255,0.00695,0.059665855
0.03925,0.0444,0.0228,0.0077,0.06156602
0.039,0.04335,0.02265,0.00755,0.052823305
0.03905,0.0433,0.02275,0.0078,0.051608954
0.0386,0.0433,0.02255,0.00735,0.057387028
0.0372,0.04355,0.02245,0.00715,0.078637764
0.03775,0.0436,0.022,0.00755,0.07191152
0.03655,0.043,0.02345,0.00785,0.0810811
0.03815,0.0455,0.0253,0.0078,0.08786608
0.0436,0.0489,0.02855,0.00825,0.0572973
0.0428,0.0507,0.0285,0.00825,0.08449197
0.0414,0.04955,0.02825,0.00855,0.08960968
0.04185,0.04905,0.02805,0.00875,0.079207905
0.04205,0.05005,0.02825,0.0078,0.08686212
0.04205,0.04945,0.0281,0.00815,0.0808743
0.04285,0.05025,0.0274,0.0081,0.079484455
0.0432,0.05095,0.02915,0.0083,0.08231542
0.0447,0.0523,0.0297,0.0084,0.07835049
0.0448,0.05615,0.0308,0.00945,0.11243191
0.0454,0.05785,0.0314,0.0094,0.120581105
0.0443,0.05655,0.0306,0.0095,0.121467516
0.0471,0.05695,0.03015,0.00945,0.09466602
0.04505,0.05395,0.02995,0.0088,0.089899
0.04425,0.0574,0.0303,0.00925,0.12936546
0.04335,0.05615,0.031,0.00915,0.12864321
0.0444,0.05495,0.0311,0.00895,0.106190234
0.0451,0.05485,0.0304,0.0093,0.09754878
0.0451,0.05525,0.03015,0.0097,0.10114599
0.0432,0.05235,0.02985,0.0097,0.095761366
0.0441,0.0505,0.03,0.0099,0.067653276
0.0441,0.0505,0.03,0.0099,0.067653276
0.0446,0.0513,0.0298,0.01,0.06986446
0.0426,0.0506,0.0309,0.012,0.085836925
0.0462,0.056,0.0317,0.012,0.09589043
0.0493,0.0526,0.0318,0.0111,0.032384694
0.0493,0.0529,0.032,0.0107,0.03522506
0.0502,0.0532,0.0311,0.0109,0.029013526
0.0491,0.0607,0.0323,0.0117,0.105646625
0.0479,0.0568,0.0323,0.0127,0.08500479
0.0472,0.0572,0.0326,0.0129,0.09578542
0.0494,0.0594,0.0329,0.0137,0.09191174
0.0,0.0,0.0,0.0,0.0
0.04015,0.04645,0.0221,0.00745,0.072748244
0.03865,0.046,0.022,0.0074,0.086828135
0.0387,0.0437,0.022,0.00725,0.060679603
0.03925,0.04265,0.02225,0.00725,0.041514017
0.03925,0.0417,0.0226,0.00735,0.0302656
0.03825,0.0449,0.02325,0.00745,0.079975955
0.0401,0.0461,0.02455,0.00785,0.06960558
0.0422,0.0454,0.0252,0.0074,0.036529705
0.04285,0.04785,0.0257,0.00715,0.05512682
0.0413,0.04825,0.025,0.0072,0.07761029
0.04275,0.0473,0.02455,0.0071,0.050527472
0.0427,0.04625,0.0235,0.00715,0.039910067
0.041,0.0465,0.0232,0.0071,0.062857136
0.041,0.0465,0.0232,0.0071,0.062857136
0.0382,0.0468,0.0229,0.0071,0.101176485
0.0377,0.0437,0.023,0.0078,0.07371004
0.0377,0.0439,0.0214,0.0077,0.075980395
0.0383,0.0424,0.0222,0.0077,0.05080544
0.0371,0.0413,0.0214,0.0072,0.053571433
0.0377,0.0414,0.0212,0.0071,0.046776224
0.0369,0.0411,0.0214,0.0073,0.05384616
0.038,0.04,0.0231,0.0078,0.025641032
0.0377,0.0432,0.0226,0.0075,0.06798517
0.0368,0.0473,0.0282,0.0074,0.12485135
0.0396,0.0473,0.0272,0.0074,0.0886076
0.0409,0.0478,0.02785,0.0086,0.07779032
0.04165,0.04825,0.0276,0.0085,0.07341491
0.04105,0.04895,0.0277,0.00785,0.08777781
0.04175,0.04965,0.0291,0.0084,0.08643326
0.044,0.05215,0.029,0.00795,0.08476339
0.04425,0.0536,0.0275,0.009,0.095554404
0.0443,0.05485,0.02905,0.00855,0.10640443
0.04345,0.0558,0.0302,0.0095,0.12443321
0.04485,0.05765,0.0314,0.0097,0.12487806
0.04595,0.058,0.03175,0.00975,0.11592112
0.04655,0.05705,0.0317,0.0097,0.10135138
0.0458,0.0569,0.0313,0.00975,0.10808177
0.04415,0.0576,0.03135,0.00925,0.13218674
0.04425,0.05535,0.0314,0.00915,0.11144576
0.04475,0.0557,0.03095,0.00975,0.109009445
0.0444,0.0554,0.03035,0.00965,0.11022044
0.0445,0.05485,0.0301,0.0097,0.10417715
0.0422,0.05085,0.0294,0.00965,0.09296078
0.0442,0.0509,0.0304,0.0098,0.070452176
0.0442,0.0509,0.0304,0.0098,0.070452176
0.044,0.0521,0.0289,0.01,0.08428719
0.0454,0.0511,0.03,0.01,0.059067354
0.0446,0.0511,0.0319,0.012,0.06792061
0.0452,0.0533,0.0314,0.0121,0.082233496
0.0452,0.0531,0.0292,0.0112,0.08036622
0.0443,0.0534,0.0288,0.0106,0.09314225
0.0445,0.056,0.0287,0.0109,0.114427865
0.0469,0.0561,0.0315,0.0123,0.089320384
0.0473,0.057,0.0327,0.0128,0.09300096
0.0501,0.059,0.0326,0.0136,0.08157655
0.0,0.0,0.0,0.0,0.0
0.0419,0.0461,0.02245,0.00695,0.047727276
0.04085,0.04495,0.022,0.00685,0.047785576
0.0411,0.04445,0.02155,0.0069,0.0391584
0.0388,0.04465,0.0218,0.00715,0.070101835
0.0383,0.0417,0.0231,0.00715,0.042500023
0.03985,0.0391,0.02365,0.00715,-0.009499703
0.0398,0.04615,0.0244,0.00775,0.07388016
0.03965,0.04605,0.0245,0.0073,0.074679114
0.0425,0.0475,0.02505,0.00715,0.05555554
0.04215,0.0472,0.0245,0.0071,0.056519344
0.04245,0.04685,0.0236,0.0071,0.049272116
0.0417,0.0462,0.0233,0.00725,0.05119452
0.0403,0.0466,0.0228,0.0072,0.07249711
0.0403,0.0466,0.0228,0.0072,0.07249711
0.0404,0.0466,0.023,0.0075,0.07126438
0.0376,0.0467,0.0251,0.0082,0.10794783
0.0382,0.0462,0.028,0.0078,0.09478675
0.0382,0.0429,0.0235,0.0079,0.05795316
0.0369,0.0423,0.0216,0.0071,0.06818184
0.0368,0.0424,0.0221,0.0072,0.070707045
0.0376,0.0429,0.0216,0.0072,0.065838516
0.0377,0.0416,0.0215,0.00795,0.049180314
0.0388,0.0407,0.0218,0.0075,0.023899352
0.0403,0.0407,0.0233,0.0073,0.004938263
0.0419,0.0459,0.025,0.0075,0.045558054
0.04145,0.0469,0.0265,0.00865,0.061686467
0.04105,0.04765,0.02685,0.00845,0.07440812
0.04125,0.04885,0.0273,0.00785,0.0843507
0.043,0.05,0.02905,0.0088,0.075268805
0.04365,0.05235,0.02685,0.00855,0.09062498
0.0444,0.0498,0.02765,0.00885,0.05732486
0.04305,0.05195,0.0291,0.00925,0.093684226
0.0437,0.0569,0.02975,0.00935,0.13121273
0.0453,0.0584,0.0313,0.00965,0.12632596
0.04695,0.0583,0.03145,0.00965,0.10783847
0.0467,0.05815,0.03175,0.00975,0.10920362
0.04645,0.05785,0.03175,0.01,0.10930009
0.045,0.05705,0.0314,0.0093,0.11807936
0.04405,0.05535,0.0312,0.009,0.11368207
0.0444,0.056,0.0312,0.0096,0.115537874
0.04415,0.055,0.03115,0.0096,0.109430164
0.044,0.054,0.03025,0.00965,0.10204083
0.04365,0.05005,0.0291,0.00975,0.06830309
0.0448,0.0506,0.0287,0.0099,0.06079666
0.0448,0.0506,0.0287,0.0099,0.06079666
0.0454,0.0524,0.0288,0.01,0.071574636
0.0453,0.0518,0.0289,0.01,0.06694131
0.0441,0.0514,0.0314,0.01,0.07643976
0.0452,0.0529,0.0312,0.0101,0.07849133
0.046,0.0527,0.0292,0.0102,0.067882486
0.0458,0.0537,0.0287,0.011,0.07939698
0.0443,0.0549,0.0298,0.011,0.10685484
0.0451,0.0553,0.0301,0.0124,0.101593636
0.0477,0.0567,0.0302,0.0128,0.0862069
0.0491,0.0586,0.0298,0.0137,0.08820799
0.0,0.0,0.0,0.0,0.0
0.0389,0.0465,0.0226,0.00665,0.088993
0.04015,0.0441,0.02185,0.00685,0.04688427
0.03825,0.04425,0.02175,0.0067,0.072727285
0.0378,0.0437,0.0222,0.00705,0.072392635
0.0389,0.04345,0.0225,0.0072,0.055252004
0.03995,0.043,0.02365,0.0072,0.036769178
0.03805,0.04345,0.02345,0.0077,0.06625769
0.0415,0.04645,0.02505,0.0072,0.056282
0.04155,0.04665,0.0249,0.00725,0.057823136
0.0415,0.0465,0.0248,0.00725,0.056818213
0.0414,0.04675,0.02405,0.00715,0.060692012
0.0411,0.04665,0.0236,0.00715,0.06324787
0.0395,0.0467,0.0229,0.0072,0.08352667
0.0395,0.0467,0.0229,0.0072,0.08352667
0.0406,0.0457,0.0239,0.0077,0.05909614
0.0415,0.0453,0.0243,0.0077,0.043778818
0.0412,0.0456,0.0272,0.0078,0.050691243
0.0407,0.046,0.0279,0.0086,0.061130337
0.0379,0.0462,0.026,0.0084,0.09869202
0.0368,0.0468,0.0224,0.0078,0.1196172
0.0376,0.0452,0.0226,0.0073,0.091787465
0.0378,0.0409,0.0209,0.008,0.039390095
0.0377,0.0407,0.0216,0.0074,0.038265288
0.0368,0.0408,0.0228,0.0072,0.0515464
0.0358,0.0409,0.0228,0.0074,0.06649283
0.04005,0.047,0.0255,0.00895,0.079839155
0.0401,0.0472,0.0247,0.00855,0.08132876
0.04,0.04885,0.0257,0.008,0.09960609
0.0429,0.04715,0.0246,0.00825,0.047196016
0.0436,0.04855,0.02685,0.0089,0.053716745
0.04185,0.0491,0.0278,0.0089,0.07971413
0.04255,0.0508,0.02885,0.00925,0.08837705
0.0458,0.0546,0.0291,0.00935,0.0876494
0.0451,0.0592,0.0303,0.0094,0.13518697
0.0467,0.0586,0.0316,0.0097,0.113010444
0.04615,0.0581,0.03175,0.00985,0.11462831
0.0463,0.05805,0.03165,0.01,0.1126018
0.04525,0.05675,0.0316,0.0093,0.112745106
0.0442,0.0555,0.0312,0.0092,0.11334003
0.04455,0.05505,0.03075,0.00955,0.10542168
0.047,0.0545,0.0314,0.0096,0.07389163
0.0452,0.05075,0.0302,0.00955,0.057842597
0.04275,0.0506,0.02845,0.0099,0.08409211
0.04275,0.0506,0.02845,0.0099,0.08409211
0.0418,0.0506,0.0292,0.0102,0.0952381
0.0421,0.0509,0.0289,0.01,0.094623655
0.0426,0.0512,0.0287,0.0102,0.091684446
0.0448,0.0519,0.0312,0.0112,0.07342297
0.0466,0.0519,0.0308,0.0121,0.05380711
0.0469,0.053,0.0312,0.0119,0.06106105
0.0462,0.0533,0.03,0.012,0.071356796
0.0452,0.0547,0.0298,0.0112,0.09509506
0.0462,0.055,0.03,0.0117,0.08695652
0.0469,0.0579,0.0304,0.0124,0.10496183
0.0484,0.0586,0.0308,0.0132,0.09532712
0.0,0.0,0.0,0.0,0.0
0.03805,0.04355,0.022,0.00635,0.06740196
0.03715,0.04275,0.0216,0.0068,0.070087634
0.03655,0.04275,0.0218,0.0066,0.07818412
0.0369,0.0435,0.0223,0.0072,0.08208955
0.0372,0.0427,0.02275,0.0068,0.06883605
0.0399,0.0436,0.02355,0.00685,0.04431137
0.03895,0.04265,0.0231,0.00725,0.04534313
0.0398,0.0469,0.02525,0.00765,0.08189159
0.04245,0.04675,0.02545,0.00795,0.0482063
0.0424,0.0469,0.02505,0.0075,0.050391957
0.04115,0.04835,0.0271,0.0076,0.08044692
0.04195,0.04975,0.0266,0.0075,0.08505999
0.04195,0.04975,0.0266,0.0075,0.08505999
0.041,0.0472,0.0262,0.0077,0.07029479
0.0403,0.0468,0.0266,0.0085,0.07462685
0.042,0.0464,0.0274,0.0086,0.049773756
0.0422,0.046,0.0281,0.0089,0.04308391
0.0419,0.046,0.0279,0.0079,0.046643898
0.0423,0.0469,0.028,0.008,0.0515695
0.0398,0.047,0.0224,0.0079,0.0829493
0.0377,0.0476,0.0228,0.0081,0.116060965
0.0374,0.0464,0.0233,0.0081,0.10739856
0.0372,0.0422,0.0233,0.0074,0.06297228
0.0366,0.0415,0.0231,0.0072,0.06274004
0.0353,0.0404,0.0228,0.0074,0.06737116
0.03835,0.0463,0.0253,0.009,0.093916126
0.03985,0.04725,0.025,0.0085,0.0849598
0.04005,0.04735,0.02445,0.00825,0.08352403
0.0425,0.04715,0.02595,0.00815,0.05186838
0.04095,0.0487,0.0272,0.00885,0.0864473
0.04035,0.04905,0.02795,0.00805,0.097315416
0.04095,0.0493,0.0282,0.0087,0.09252077
0.0433,0.0512,0.02915,0.00935,0.08359788
0.0462,0.0541,0.02935,0.0095,0.07876371
0.0462,0.05485,0.03165,0.0097,0.085601196
0.04635,0.0589,0.03175,0.00995,0.119239904
0.04495,0.0565,0.03175,0.0099,0.11384917
0.0452,0.056,0.03175,0.00915,0.106719375
0.04435,0.05195,0.03095,0.0092,0.07892007
0.0431,0.052,0.0301,0.009,0.093585715
0.04535,0.05505,0.03085,0.00965,0.09661355
0.04435,0.05145,0.0294,0.0097,0.07411275
0.0422,0.0505,0.0295,0.00975,0.08953616
0.0422,0.0505,0.0295,0.00975,0.08953616
0.0436,0.0566,0.0298,0.0103,0.12974052
0.0426,0.051,0.0296,0.0106,0.0897436
0.0432,0.053,0.0287,0.0106,0.10187108
0.0439,0.0514,0.0309,0.0119,0.07869881
0.0447,0.0542,0.0303,0.0121,0.096056625
0.0455,0.0536,0.0322,0.012,0.08173562
0.0448,0.0543,0.0308,0.0119,0.095862776
0.0467,0.0547,0.0292,0.012,0.078895435
0.0459,0.0562,0.0295,0.0124,0.10088152
0.0461,0.0576,0.0318,0.0128,0.110896796
0.0477,0.0582,0.0319,0.0132,0.099150166
0.0,0.0,0.0,0.0,0.0
0.03835,0.03985,0.02115,0.00665,0.019181577
0.03665,0.03945,0.02035,0.00685,0.036793727
0.03645,0.0408,0.02155,0.007,0.056310713
0.0354,0.04295,0.0224,0.00685,0.096362494
0.0366,0.04295,0.02235,0.0068,0.07982401
0.03905,0.04325,0.023,0.0074,0.051032767
0.03725,0.04265,0.02285,0.00745,0.06758446
0.03995,0.04615,0.023,0.00715,0.0720093
0.0422,0.04785,0.0248,0.0078,0.06274295
0.0429,0.04585,0.02505,0.00775,0.03323945
0.04315,0.04695,0.02745,0.0079,0.042175367
0.0431,0.0496,0.02705,0.00785,0.07011868
0.0431,0.0496,0.02705,0.00785,0.07011868
0.0426,0.0478,0.0269,0.008,0.05752215
0.042,0.0466,0.0276,0.0088,0.051918734
0.0423,0.0472,0.0279,0.0088,0.054748613
0.0432,0.0497,0.0286,0.0089,0.06996769
0.0427,0.0468,0.0279,0.008,0.045810044
0.0418,0.0477,0.028,0.008,0.06592178
0.0382,0.047,0.0239,0.0082,0.103286386
0.0381,0.0478,0.0229,0.0077,0.112922005
0.0375,0.0464,0.0232,0.0079,0.10607863
0.0368,0.0464,0.0229,0.0074,0.1153846
0.0368,0.0469,0.0227,0.0074,0.12066905
0.0367,0.0449,0.0235,0.0074,0.10049021
0.03705,0.04575,0.0252,0.0087,0.10507244
0.03815,0.0471,0.025,0.0086,0.10498532
0.0391,0.04715,0.02485,0.00835,0.093333356
0.04135,0.0474,0.02585,0.0082,0.06816903
0.04045,0.0495,0.02775,0.0081,0.10061146
0.04005,0.049,0.028,0.00795,0.10050532
0.0402,0.0496,0.0277,0.00865,0.10467709
0.04355,0.0502,0.02945,0.0091,0.07093334
0.0457,0.0517,0.0293,0.0096,0.061601657
0.04595,0.0584,0.03135,0.0101,0.11931004
0.04675,0.0593,0.03145,0.01005,0.11834041
0.04445,0.0569,0.0314,0.0094,0.12284163
0.0455,0.05505,0.02985,0.0088,0.09497764
0.04475,0.05115,0.03065,0.009,0.066736184
0.0449,0.04985,0.03,0.009,0.052242722
0.04575,0.05495,0.0308,0.01005,0.09136047
0.04605,0.0521,0.0298,0.00995,0.061640326
0.0447,0.0511,0.0286,0.01015,0.06680585
0.0447,0.0511,0.0286,0.01015,0.06680585
0.0439,0.0514,0.0291,0.0108,0.07869881
0.0439,0.0519,0.029,0.0109,0.083507285
0.044,0.0538,0.0299,0.011,0.10020452
0.044,0.0538,0.0308,0.0107,0.10020452
0.0457,0.054,0.0303,0.0121,0.08324977
0.047,0.0546,0.032,0.0119,0.07480317
0.0487,0.0565,0.0314,0.012,0.07414447
0.0469,0.0556,0.0317,0.0123,0.084878035
0.046,0.0569,0.0318,0.0128,0.10592807
0.0461,0.0578,0.0317,0.0127,0.11260825
0.0458,0.0585,0.0321,0.0128,0.12176413
0.0,0.0,0.0,0.0,0.0
0.03655,0.04025,0.01995,0.00695,0.04817707
0.0357,0.04005,0.02045,0.007,0.05742573
0.0359,0.0405,0.02045,0.00745,0.060209423
0.03555,0.0414,0.021,0.007,0.07602342
0.0353,0.03995,0.0223,0.007,0.061793976
0.0362,0.0428,0.0226,0.0071,0.0835443
0.0376,0.0397,0.02275,0.0074,0.027166909
0.03945,0.04015,0.0228,0.007,0.008793978
0.0396,0.0429,0.0247,0.0081,0.040000003
0.04355,0.046,0.0244,0.00785,0.027359022
0.04345,0.04575,0.02465,0.00735,0.025784729
0.04265,0.04755,0.02695,0.00785,0.054323737
0.04265,0.04755,0.02695,0.00785,0.054323737
0.0417,0.048,0.0273,0.0084,0.0702341
0.0419,0.0461,0.0236,0.00915,0.047727276
0.0414,0.0461,0.0245,0.0083,0.053714298
0.0428,0.0473,0.0286,0.008,0.04994448
0.0434,0.0474,0.0273,0.008,0.04405287
0.0421,0.0469,0.0224,0.0079,0.053932574
0.0397,0.0451,0.0225,0.0083,0.06367922
0.037,0.0398,0.0208,0.008,0.036458317
0.0376,0.0406,0.0215,0.0079,0.038363203
0.0377,0.0402,0.0232,0.0074,0.032092396
0.0376,0.0397,0.0227,0.0074,0.027166909
0.0363,0.0437,0.0227,0.0074,0.09249999
0.0363,0.04735,0.0251,0.0081,0.13209803
0.0379,0.04695,0.0247,0.0079,0.10665882
0.03895,0.0471,0.0261,0.0084,0.09471238
0.04205,0.0476,0.0255,0.008,0.06190742
0.0405,0.0483,0.0261,0.00845,0.08783786
0.04075,0.04905,0.02605,0.0081,0.092427604
0.0409,0.05105,0.02935,0.00885,0.11038609
0.0415,0.04995,0.02975,0.00925,0.09240024
0.0433,0.05485,0.03005,0.00965,0.11767704
0.04615,0.0589,0.0312,0.0097,0.12137078
0.04655,0.0593,0.03155,0.0101,0.12045351
0.0469,0.0577,0.03135,0.00925,0.10325048
0.0461,0.05355,0.03005,0.0092,0.07476166
0.04535,0.0512,0.0315,0.00905,0.06059035
0.04545,0.0514,0.03065,0.009,0.061435215
0.0458,0.05275,0.0305,0.0101,0.07052256
0.0456,0.0512,0.03085,0.01005,0.057851218
0.0456,0.0512,0.03085,0.01005,0.057851218
0.04505,0.0519,0.0302,0.0101,0.07065499
0.0446,0.053,0.0289,0.0107,0.08606558
0.0444,0.0524,0.0284,0.0107,0.08264464
0.0446,0.0526,0.0291,0.0107,0.082304545
0.0445,0.0545,0.0297,0.0108,0.101010084
0.044,0.0528,0.0291,0.0115,0.09090909
0.0449,0.0551,0.0315,0.0121,0.10200001
0.0497,0.0568,0.0307,0.0124,0.06666668
0.0469,0.0562,0.0318,0.0125,0.090203695
0.0459,0.0571,0.0319,0.0128,0.10873789
0.0454,0.0578,0.0318,0.0129,0.120155014
0.0452,0.0584,0.0312,0.0132,0.12741312
0.0,0.0,0.0,0.0,0.0
0.0362,0.0399,0.0205,0.0076,0.048620224
0.0348,0.039,0.0187,0.0071,0.056910574
0.0349,0.0397,0.0183,0.0071,0.06434321
0.0349,0.0398,0.0209,0.0063,0.06559573
0.0356,0.0395,0.022,0.0073,0.051930793
0.0354,0.0399,0.0216,0.0073,0.059760977
0.037,0.0394,0.0218,0.0073,0.03141361
0.0378,0.0399,0.0217,0.007,0.027027052
0.0378,0.0403,0.0229,0.0071,0.03201026
0.0372,0.0411,0.023,0.0071,0.049808417
0.0393,0.0431,0.0231,0.0071,0.04611652
0.0393,0.0431,0.0231,0.0071,0.04611652
0.0379,0.0462,0.0231,0.0073,0.09869202
0.0396,0.0456,0.0232,0.0074,0.07042255
0.0419,0.0441,0.0234,0.0085,0.025581395
0.042,0.0461,0.0234,0.0086,0.04653805
0.0424,0.0459,0.0234,0.0087,0.039637595
0.0428,0.0457,0.0226,0.0086,0.032768328
0.0379,0.0459,0.0223,0.0084,0.09546536
0.0385,0.0428,0.0208,0.0085,0.05289055
0.0375,0.0406,0.0205,0.008,0.039692704
0.0361,0.0406,0.0201,0.0078,0.058670163
0.0367,0.0398,0.0216,0.008,0.04052288
0.0378,0.0409,0.0226,0.0074,0.039390095
0.0377,0.0422,0.0227,0.0082,0.056320377
0.0368,0.0473,0.0251,0.0082,0.12485135
0.0376,0.04745,0.0264,0.008,0.11581422
0.03705,0.04735,0.0268,0.00835,0.12203791
0.0396,0.04735,0.0257,0.00795,0.08913169
0.04155,0.0479,0.0252,0.00825,0.07098937
0.0406,0.0475,0.0263,0.00805,0.07832006
0.04035,0.05045,0.0293,0.00895,0.11123347
0.0433,0.0528,0.0298,0.0096,0.09885536
0.0445,0.05365,0.02955,0.0096,0.09322464
0.0464,0.0552,0.0294,0.0097,0.08661418
0.0465,0.05755,0.0314,0.0101,0.10619892
0.04675,0.0564,0.03135,0.00955,0.09355307
0.04575,0.0542,0.03155,0.0093,0.08454228
0.04485,0.05265,0.03145,0.00875,0.08000002
0.0457,0.05215,0.03065,0.00905,0.06591724
0.04505,0.05195,0.03075,0.01,0.07113403
0.04375,0.05155,0.03085,0.01,0.08184681
0.04375,0.05155,0.03085,0.01,0.08184681
0.0451,0.0537,0.0305,0.0101,0.08704454
0.04565,0.05235,0.0301,0.01055,0.068367325
0.04525,0.0519,0.0295,0.01055,0.06845086
0.0448,0.05145,0.0292,0.0107,0.06909092
0.0443,0.0527,0.0294,0.0106,0.08659794
0.044,0.0531,0.02845,0.0112,0.09371783
0.0441,0.05355,0.03005,0.0122,0.09677418
0.0474,0.0571,0.031,0.0126,0.09282297
0.0503,0.0571,0.032,0.0133,0.06331474
0.048,0.0589,0.0324,0.0128,0.10196444
0.0501,0.0585,0.0316,0.0127,0.077348076
0.0491,0.057,0.0315,0.0133,0.074458055
0.0,0.0,0.0,0.0,0.0
0.0357,0.0402,0.0211,0.0078,0.05928851
0.034,0.0393,0.0216,0.0076,0.072305545
0.0349,0.0399,0.022,0.0073,0.066844955
0.0349,0.0395,0.0222,0.0071,0.061828002
0.0355,0.0399,0.0214,0.0079,0.058355436
0.0346,0.0399,0.021,0.0081,0.071140945
0.0361,0.0395,0.0216,0.0075,0.044973567
0.0372,0.0403,0.0216,0.0071,0.040000003
0.0377,0.0402,0.0218,0.0071,0.032092396
0.0375,0.0425,0.0223,0.0071,0.06249999
0.0383,0.0455,0.0213,0.0072,0.08591884
0.0383,0.0455,0.0213,0.0072,0.08591884
0.0387,0.0457,0.0215,0.0073,0.08293838
0.0374,0.0447,0.0232,0.0076,0.08891596
0.0365,0.0423,0.0218,0.008,0.07360408
0.0378,0.0457,0.0232,0.0087,0.09461077
0.0393,0.0466,0.0234,0.0088,0.08498255
0.0383,0.0459,0.0229,0.0088,0.090261266
0.0388,0.0452,0.0222,0.0088,0.07619047
0.0378,0.0462,0.0225,0.0076,0.10000001
0.038,0.0442,0.0231,0.0083,0.0754258
0.037,0.0406,0.0203,0.0077,0.04639177
0.0379,0.0411,0.0223,0.008,0.04050631
0.0381,0.0429,0.0226,0.0087,0.05925925
0.039,0.0467,0.0272,0.0091,0.0898483
0.03975,0.0485,0.0285,0.0089,0.09915018
0.03785,0.04845,0.02805,0.0088,0.12282735
0.03635,0.0473,0.02665,0.00815,0.13090256
0.0384,0.04735,0.0257,0.00825,0.104373164
0.03795,0.04745,0.0247,0.00825,0.111241184
0.0401,0.0474,0.02445,0.0082,0.08342858
0.0402,0.049,0.0285,0.00905,0.09865471
0.0441,0.0519,0.02975,0.009,0.081249975
0.04545,0.05265,0.02945,0.00955,0.07339452
0.0457,0.0535,0.02935,0.0098,0.078629054
0.04545,0.0566,0.0294,0.01,0.109260194
0.04535,0.0582,0.03,0.0099,0.12409465
0.0456,0.056,0.0304,0.00955,0.10236221
0.04525,0.05395,0.0299,0.0099,0.08770163
0.0449,0.05165,0.03145,0.01,0.06991195
0.0448,0.05215,0.03155,0.00995,0.075812295
0.0438,0.05225,0.03135,0.0101,0.087975025
0.0438,0.05225,0.03135,0.0101,0.087975025
0.04625,0.05515,0.03105,0.01005,0.08777118
0.0448,0.0564,0.03055,0.0103,0.11462453
0.04515,0.0548,0.03035,0.01035,0.09654827
0.04555,0.05215,0.03085,0.0105,0.067553736
0.0444,0.05225,0.0301,0.0106,0.081220925
0.0436,0.0536,0.02935,0.01105,0.10288064
0.04375,0.053,0.03095,0.0121,0.095607236
0.0447,0.054,0.0312,0.0124,0.09422493
0.0472,0.0576,0.0314,0.0129,0.099236615
0.0505,0.0584,0.0311,0.0129,0.07254361
0.0508,0.0584,0.032,0.0129,0.06959709
0.0472,0.0562,0.0312,0.0134,0.08704061
0.0,0.0,0.0,0.0,0.0
0.0358,0.0409,0.0212,0.0079,0.06649283
0.036,0.0397,0.0211,0.0078,0.048877187
0.0358,0.0403,0.0224,0.0076,0.059132744
0.0363,0.0393,0.0224,0.0078,0.039682522
0.0358,0.0407,0.0224,0.0085,0.0640523
0.0348,0.0426,0.0214,0.0081,0.10077517
0.0365,0.0396,0.0208,0.0081,0.040735878
0.036,0.0397,0.0221,0.0073,0.048877187
0.037,0.0419,0.0221,0.0074,0.06210394
0.0382,0.0419,0.0221,0.0073,0.046192296
0.0368,0.0422,0.0208,0.0073,0.06835441
0.0368,0.0422,0.0208,0.0073,0.06835441
0.0388,0.0435,0.0213,0.0073,0.05710811
0.0371,0.0443,0.022,0.0077,0.08845212
0.0353,0.0433,0.0219,0.0073,0.10178114
0.0358,0.0454,0.0218,0.0082,0.118226625
0.0368,0.0462,0.0233,0.0086,0.11325299
0.0367,0.0448,0.022,0.0087,0.0993865
0.0394,0.0445,0.0221,0.0075,0.060786653
0.0401,0.0459,0.0225,0.0095,0.067441836
0.0381,0.0467,0.023,0.0089,0.10141509
0.0373,0.0435,0.0227,0.008,0.076732635
0.0377,0.0449,0.0225,0.0081,0.08716706
0.0386,0.0465,0.0281,0.0088,0.092831954
0.0387,0.0477,0.028,0.0093,0.10416666
0.0396,0.0488,0.02805,0.00955,0.10407239
0.03875,0.04835,0.02795,0.0089,0.11021812
0.03815,0.0473,0.0264,0.0083,0.10708015
0.03825,0.04735,0.0259,0.00815,0.10630842
0.03955,0.0476,0.02475,0.0083,0.092369504
0.04035,0.0476,0.02525,0.00865,0.082433194
0.0414,0.04785,0.0278,0.00915,0.07226892
0.0453,0.0521,0.02935,0.0089,0.069815196
0.04525,0.05275,0.0293,0.0096,0.07653062
0.04585,0.0535,0.02935,0.00995,0.07700049
0.0458,0.0543,0.02945,0.0098,0.08491507
0.04565,0.0554,0.02945,0.01005,0.09648686
0.0454,0.05425,0.02945,0.0096,0.08881081
0.0456,0.05365,0.0288,0.00985,0.081108294
0.0447,0.05575,0.0314,0.00995,0.110004984
0.046,0.0543,0.0316,0.01,0.082751736
0.04405,0.05285,0.03165,0.00995,0.09081527
0.04405,0.05285,0.03165,0.00995,0.09081527
0.046,0.05595,0.0313,0.00995,0.09759686
0.0457,0.05445,0.03125,0.01025,0.08736897
0.0466,0.0558,0.0311,0.0101,0.08984374
0.0457,0.0559,0.03085,0.0104,0.10039371
0.04545,0.0546,0.0309,0.01085,0.09145429
0.04565,0.0542,0.03115,0.01105,0.085628435
0.0455,0.056,0.03085,0.012,0.103448294
0.0469,0.0578,0.031,0.0122,0.104106955
0.0478,0.058,0.031,0.0129,0.09640829
0.0485,0.0584,0.0309,0.0134,0.09260991
0.0502,0.0581,0.0316,0.0138,0.07294552
0.047,0.0558,0.0321,0.0136,0.08560312
0.0,0.0,0.0,0.0,0.0
0.0377,0.0403,0.0211,0.0074,0.033333324
0.0362,0.0398,0.0205,0.0075,0.047368385
0.0365,0.0417,0.0213,0.0079,0.06649619
0.0371,0.043,0.0226,0.0079,0.07365797
0.0366,0.0443,0.0232,0.0084,0.09517924
0.0348,0.0414,0.022,0.0083,0.08661417
0.0364,0.0395,0.0212,0.008,0.04084322
0.0371,0.0467,0.0214,0.0072,0.114558496
0.0383,0.0459,0.0222,0.0073,0.090261266
0.0379,0.0446,0.0219,0.0072,0.0812121
0.039,0.0444,0.0215,0.0071,0.06474818
0.039,0.0444,0.0215,0.0071,0.06474818
0.0386,0.0425,0.0215,0.00725,0.048088767
0.0362,0.0401,0.0207,0.0077,0.051114008
0.0344,0.0402,0.0217,0.0073,0.07774796
0.0353,0.0431,0.0208,0.0076,0.09948977
0.0365,0.0412,0.0218,0.0088,0.060489073
0.0377,0.0451,0.022,0.0085,0.089371964
0.0372,0.0447,0.0224,0.0072,0.09157509
0.0365,0.0457,0.0226,0.0094,0.11192214
0.0371,0.0462,0.0229,0.0087,0.10924372
0.0369,0.0453,0.0225,0.0085,0.102189794
0.0379,0.046,0.0223,0.0082,0.09654349
0.0397,0.0473,0.0261,0.009,0.08735631
0.0395,0.0478,0.0281,0.0087,0.09507444
0.03975,0.04765,0.02875,0.00925,0.09038901
0.0394,0.04715,0.02575,0.0089,0.089543626
0.038,0.0475,0.0255,0.0082,0.11111112
0.0393,0.04735,0.0274,0.00875,0.092902504
0.0406,0.04735,0.0249,0.0086,0.07674813
0.0394,0.04725,0.02485,0.0087,0.09059433
0.04105,0.047,0.0278,0.00905,0.067575246
0.0452,0.0511,0.0279,0.00885,0.06126686
0.045,0.0529,0.02935,0.0088,0.08069458
0.04605,0.0536,0.02985,0.00915,0.075765155
0.04565,0.05415,0.0298,0.00955,0.08517032
0.0467,0.05405,0.02965,0.0101,0.07295283
0.04495,0.0535,0.03005,0.00945,0.086846106
0.0455,0.05295,0.0312,0.01015,0.075672925
0.0447,0.05695,0.0314,0.01005,0.12051155
0.04585,0.05595,0.03175,0.00995,0.09921414
0.04585,0.05595,0.03175,0.00995,0.09921414
0.043,0.0527,0.03205,0.0099,0.10135841
0.0448,0.0539,0.0319,0.01,0.092198595
0.04575,0.0534,0.03135,0.01005,0.07715581
0.0459,0.05505,0.0309,0.01015,0.09063895
0.04615,0.05595,0.03085,0.01055,0.09598435
0.0447,0.05625,0.0308,0.011,0.11441305
0.0481,0.0565,0.03065,0.01075,0.080305934
0.04655,0.0567,0.02995,0.01195,0.09830509
0.0463,0.0581,0.0309,0.0122,0.113026805
0.0484,0.0584,0.0314,0.0127,0.09363297
0.0486,0.0584,0.0312,0.0129,0.0915888
0.0502,0.0581,0.032,0.0131,0.07294552
0.0473,0.0559,0.0318,0.0133,0.083333336
0.0,0.0,0.0,0.0,0.0
0.0367,0.0405,0.021,0.007,0.049222812
0.0373,0.0414,0.0219,0.0079,0.05209655
0.037,0.0408,0.0211,0.008,0.048843198
0.0353,0.0415,0.0214,0.0082,0.08072912
0.037,0.0401,0.0218,0.0078,0.040207528
0.0358,0.0424,0.0229,0.0077,0.08439898
0.0357,0.0461,0.0232,0.0074,0.12713937
0.0388,0.0462,0.0214,0.0073,0.087058805
0.0382,0.0452,0.0222,0.0072,0.08393289
0.0372,0.0443,0.0219,0.0072,0.08711658
0.0372,0.0443,0.0219,0.0072,0.08711658
0.0378,0.0443,0.0215,0.0074,0.07917176
0.038,0.0452,0.0212,0.0074,0.08653849
0.0355,0.0408,0.0206,0.0076,0.06946265
0.0343,0.0411,0.0219,0.0073,0.09018568
0.0348,0.0396,0.0208,0.0073,0.06451612
0.0364,0.0409,0.0213,0.0074,0.058214724
0.038,0.0418,0.0215,0.0075,0.047619063
0.0387,0.0446,0.0223,0.0077,0.070828326
0.0369,0.0466,0.0228,0.0076,0.11616767
0.0365,0.0464,0.0228,0.008,0.11942098
0.0372,0.0462,0.0222,0.0088,0.10791367
0.0365,0.0464,0.0222,0.0086,0.11942098
0.0383,0.0469,0.0224,0.0091,0.100938976
0.0409,0.047,0.0231,0.0086,0.06939703
0.03995,0.0469,0.0291,0.0093,0.08002305
0.03985,0.04605,0.0261,0.00845,0.072176956
0.0391,0.0474,0.02535,0.00825,0.095953785
0.0405,0.04765,0.0269,0.00905,0.08111172
0.0409,0.0467,0.02645,0.00865,0.06621006
0.0391,0.0464,0.0269,0.0084,0.08538012
0.041,0.04755,0.0278,0.0091,0.0739695
0.04485,0.04895,0.02795,0.0087,0.043710046
0.0455,0.0496,0.02825,0.00885,0.04311254
0.04485,0.05345,0.02995,0.00925,0.08748729
0.0452,0.05405,0.0298,0.00925,0.089168735
0.0466,0.0543,0.0296,0.0102,0.07631318
0.0456,0.05405,0.0315,0.01015,0.08479677
0.04555,0.0571,0.0311,0.0098,0.11251828
0.0458,0.05675,0.0313,0.009,0.106777176
0.0463,0.05555,0.03155,0.0091,0.09081983
0.0463,0.05555,0.03155,0.0091,0.09081983
0.04365,0.05555,0.03155,0.00935,0.119959675
0.04525,0.05545,0.03135,0.0094,0.10129098
0.0456,0.05445,0.03085,0.00975,0.08845578
0.04545,0.05515,0.0302,0.0103,0.09642148
0.04615,0.05595,0.03145,0.01055,0.09598435
0.0448,0.05665,0.03015,0.0107,0.11680634
0.04545,0.05695,0.03005,0.01115,0.1123047
0.0453,0.0566,0.0294,0.0114,0.11089305
0.0452,0.0587,0.0307,0.0118,0.1299326
0.0478,0.058,0.0319,0.0122,0.09640829
0.0474,0.0584,0.0316,0.013,0.10396975
0.0491,0.0585,0.0318,0.0132,0.08736058
0.0458,0.0561,0.0302,0.013,0.10107949
0.0,0.0,0.0,0.0,0.0
0.0361,0.0413,0.0216,0.0072,0.06718344
0.0377,0.0451,0.0228,0.0079,0.089371964
0.0373,0.0411,0.0191,0.0077,0.048469353
0.0367,0.0398,0.0209,0.0078,0.04052288
0.0354,0.0398,0.0216,0.0078,0.05851064
0.0349,0.0433,0.0225,0.008,0.10741689
0.0357,0.0463,0.0236,0.008,0.1292683
0.0372,0.0459,0.0227,0.0077,0.10469312
0.0361,0.0457,0.0224,0.00715,0.1173594
0.0363,0.0455,0.0214,0.0074,0.11246943
0.0363,0.0455,0.0214,0.0074,0.11246943
0.0374,0.0448,0.0216,0.0072,0.090024315
0.0366,0.0408,0.0211,0.0074,0.05426357
0.0354,0.0411,0.0209,0.0072,0.0745098
0.0348,0.041,0.0215,0.0071,0.0817942
0.0352,0.0402,0.0213,0.0073,0.06631299
0.0369,0.0451,0.0226,0.0074,0.10000001
0.0393,0.0451,0.0227,0.0074,0.06872039
0.039,0.046,0.0225,0.0092,0.08235293
0.0366,0.046,0.0217,0.0074,0.11380144
0.0365,0.0444,0.0224,0.0078,0.09765142
0.0369,0.0441,0.0225,0.0081,0.08888892
0.0365,0.0466,0.0224,0.009,0.12154031
0.0372,0.0469,0.0222,0.009,0.115338884
0.0378,0.0467,0.0224,0.0084,0.10532546
0.0394,0.04645,0.02615,0.0087,0.08211998
0.04,0.0464,0.0254,0.0085,0.074074075
0.0399,0.0475,0.0237,0.0082,0.0869565
0.0394,0.04775,0.02465,0.0095,0.095811814
0.0396,0.04725,0.0241,0.00855,0.08808289
0.0393,0.04715,0.02595,0.0089,0.090803966
0.0405,0.04715,0.0275,0.009,0.07586995
0.04375,0.0474,0.02775,0.0087,0.04004391
0.0446,0.04915,0.02745,0.0089,0.04853336
0.04435,0.0533,0.02885,0.0093,0.09165389
0.04565,0.0534,0.02945,0.01015,0.078243285
0.04605,0.05355,0.03125,0.01015,0.07530121
0.0459,0.0576,0.0312,0.01015,0.113043495
0.046,0.0574,0.0312,0.00955,0.11025144
0.0458,0.0572,0.03105,0.00895,0.110679604
0.0457,0.0563,0.0313,0.00915,0.10392158
0.0457,0.0563,0.0313,0.00915,0.10392158
0.0448,0.05545,0.0313,0.00935,0.10623443
0.04485,0.05605,0.0308,0.00955,0.11100099
0.0448,0.05415,0.03035,0.00995,0.09449219
0.0468,0.0546,0.0305,0.0105,0.076923095
0.046,0.05615,0.0316,0.0106,0.099363685
0.0453,0.0562,0.0298,0.0106,0.107389174
0.045,0.05595,0.0303,0.011,0.10846953
0.04535,0.056,0.02965,0.01085,0.10508142
0.0463,0.0589,0.0303,0.0115,0.11977184
0.0463,0.0588,0.0303,0.012,0.11893433
0.0461,0.0584,0.0309,0.0124,0.11770334
0.0503,0.0553,0.0317,0.0126,0.04734851
0.0482,0.0582,0.0318,0.0137,0.09398498
0.0,0.0,0.0,0.0,0.0
0.0354,0.0428,0.0228,0.0072,0.09462919
0.0365,0.0458,0.0228,0.0077,0.11300123
0.0369,0.04,0.02,0.0077,0.0403121
0.0369,0.0399,0.021,0.0078,0.03906253
0.0348,0.04,0.0218,0.0078,0.0695187
0.0348,0.0403,0.0222,0.0078,0.07323568
0.0361,0.0457,0.0239,0.0072,0.1173594
0.0375,0.0462,0.0231,0.0071,0.10394263
0.036,0.0461,0.0222,0.0071,0.12302074
0.0357,0.0458,0.0219,0.0072,0.12392637
0.0357,0.0458,0.0219,0.0072,0.12392637
0.0365,0.0448,0.0213,0.0074,0.10209101
0.0361,0.0413,0.0213,0.0074,0.06718344
0.0351,0.0416,0.0205,0.007,0.084745735
0.0351,0.0415,0.0214,0.0071,0.08355087
0.0352,0.0407,0.0217,0.0074,0.072463766
0.0362,0.0435,0.0224,0.0071,0.09159344
0.0359,0.0466,0.0212,0.008,0.12969697
0.0376,0.0467,0.0228,0.0086,0.10794783
0.03775,0.0468,0.0246,0.00895,0.10703727
0.03635,0.0463,0.0238,0.0089,0.120387174
0.03715,0.0465,0.02405,0.00875,0.11177527
0.037,0.04705,0.0248,0.00895,0.11957167
0.03775,0.04725,0.02495,0.0094,0.11176472
0.0369,0.0469,0.02445,0.00925,0.119331755
0.03685,0.0465,0.0245,0.0091,0.11577684
0.0386,0.0465,0.0231,0.0088,0.092831954
0.03835,0.0471,0.02195,0.00835,0.10239905
0.03635,0.0457,0.0231,0.00895,0.11395489
0.04055,0.0466,0.02295,0.0086,0.06942052
0.0377,0.04805,0.02385,0.00905,0.12069971
0.0418,0.0476,0.02705,0.00885,0.06487697
0.04385,0.0479,0.0279,0.00875,0.04414167
0.0461,0.0497,0.0278,0.00905,0.037578262
0.04495,0.0498,0.02795,0.0095,0.051187336
0.0446,0.05145,0.0292,0.00995,0.07131703
0.0457,0.0542,0.0306,0.01005,0.08508511
0.046,0.0555,0.03025,0.01,0.09359606
0.0454,0.05455,0.02905,0.0095,0.09154575
0.045,0.0526,0.0291,0.00905,0.077868834
0.04495,0.05305,0.03065,0.00935,0.08265305
0.04495,0.05305,0.03065,0.00935,0.08265305
0.04635,0.0553,0.03085,0.00955,0.08804724
0.04655,0.05495,0.0305,0.00955,0.08275863
0.04565,0.05365,0.03025,0.00995,0.080563925
0.04605,0.0542,0.0303,0.01035,0.08129676
0.0456,0.0558,0.03035,0.0106,0.10059169
0.0477,0.05565,0.02995,0.01045,0.07692308
0.0455,0.05545,0.0307,0.01095,0.09856365
0.04585,0.0555,0.0303,0.01095,0.0952146
0.0468,0.0584,0.0305,0.0112,0.11026619
0.0451,0.0581,0.0298,0.0111,0.125969
0.0454,0.0589,0.0302,0.0115,0.1294343
0.0498,0.0563,0.0323,0.0123,0.061262943
0.0507,0.0587,0.0322,0.0123,0.073126115
0.0,0.0,0.0,0.0,0.0
0.0354,0.0409,0.0221,0.0072,0.07208388
0.0356,0.0407,0.0206,0.0078,0.06684143
0.0358,0.0413,0.0214,0.0078,0.071335934
0.037,0.0411,0.0213,0.0078,0.052496783
0.0354,0.0431,0.0212,0.0077,0.098089166
0.0344,0.0451,0.0231,0.0077,0.13459116
0.0368,0.0453,0.0228,0.0071,0.103532255
0.0371,0.0443,0.0228,0.0071,0.08845212
0.036,0.0444,0.0221,0.0076,0.10447762
0.0352,0.0441,0.0219,0.0074,0.11223205
0.0352,0.0441,0.0219,0.0074,0.11223205
0.0359,0.045,0.0215,0.0072,0.11248457
0.0347,0.0413,0.0213,0.0072,0.086842105
0.0354,0.0416,0.0214,0.0072,0.08051949
0.0353,0.0416,0.0214,0.0072,0.08192455
0.0351,0.0409,0.0211,0.0065,0.07631575
0.0353,0.0402,0.0211,0.007,0.06490063
0.0359,0.0429,0.0207,0.007,0.088832475
0.0363,0.045,0.0231,0.0076,0.10701109
0.037,0.04615,0.0247,0.00845,0.11004207
0.0364,0.0476,0.0246,0.0084,0.13333333
0.0372,0.04705,0.02485,0.00845,0.11691393
0.0362,0.04695,0.025,0.00875,0.12928443
0.03685,0.04715,0.0248,0.00905,0.12261903
0.0362,0.0466,0.0234,0.00875,0.12560382
0.0362,0.04605,0.0223,0.009,0.11975683
0.0379,0.0451,0.0237,0.0083,0.08674697
0.03725,0.04545,0.0223,0.0089,0.09915353
0.0366,0.04515,0.02265,0.0089,0.104587145
0.0394,0.04625,0.0234,0.0083,0.079976656
0.0388,0.0468,0.0242,0.00875,0.093457915
0.04035,0.048,0.02635,0.0085,0.08658743
0.04315,0.04905,0.02785,0.00875,0.063991316
0.04445,0.04975,0.0278,0.0091,0.05626327
0.04485,0.0501,0.0279,0.0093,0.055292256
0.04485,0.05035,0.0277,0.0096,0.057773106
0.04525,0.0505,0.0282,0.00995,0.054830316
0.0445,0.05125,0.0278,0.00975,0.07049607
0.04505,0.05095,0.0283,0.00935,0.061458327
0.04405,0.0519,0.0283,0.00925,0.08181343
0.04405,0.0519,0.0283,0.00925,0.08181343
0.04305,0.0523,0.0289,0.0093,0.097011015
0.04505,0.05315,0.0295,0.0094,0.08248472
0.04645,0.0543,0.0301,0.0097,0.077915624
0.04625,0.05175,0.02965,0.01,0.056122445
0.04545,0.05145,0.02905,0.0104,0.061919514
0.0458,0.05545,0.02965,0.01045,0.09530864
0.04465,0.0557,0.0298,0.01055,0.110114604
0.0454,0.05585,0.03,0.011,0.10320986
0.04705,0.0561,0.0304,0.0108,0.087736316
0.0464,0.0545,0.0292,0.011,0.0802775
0.0443,0.0553,0.0291,0.0111,0.11044177
0.0458,0.0561,0.0293,0.0113,0.10107949
0.0469,0.0555,0.03,0.0123,0.083984375
0.0489,0.0561,0.0303,0.0123,0.06857142
0.0,0.0,0.0,0.0,0.0
0.0355,0.0445,0.0212,0.0075,0.1125
0.0358,0.0445,0.021,0.0078,0.10834373
0.0357,0.0455,0.0213,0.0078,0.12068963
0.0368,0.0447,0.0213,0.0078,0.09693251
0.0352,0.0451,0.0231,0.0077,0.12328766
0.0363,0.0458,0.0225,0.0076,0.115712546
0.0365,0.045,0.022,0.007,0.10429451
0.0364,0.0448,0.0223,0.0071,0.103448234
0.0355,0.0453,0.0219,0.008,0.121287115
0.0355,0.0453,0.0219,0.008,0.121287115
0.0349,0.0454,0.0217,0.0076,0.13075969
0.0363,0.0443,0.0221,0.0074,0.0992556
0.0353,0.0417,0.0213,0.0074,0.08311688
0.0358,0.0419,0.0214,0.0074,0.07850711
0.036,0.0415,0.0214,0.0072,0.07096774
0.0358,0.0409,0.0205,0.0073,0.06649283
0.0352,0.041,0.0207,0.0068,0.076115504
0.0362,0.0405,0.0206,0.0065,0.056062557
0.0361,0.0428,0.0217,0.0073,0.084917635
0.0364,0.0455,0.02455,0.00825,0.11111108
0.03585,0.046,0.02445,0.00805,0.12400734
0.03565,0.04555,0.0234,0.0079,0.121921174
0.03485,0.04465,0.02175,0.0081,0.123270415
0.0352,0.04465,0.0217,0.0083,0.11834689
0.03455,0.04505,0.0218,0.00825,0.13190953
0.03525,0.04535,0.0211,0.00855,0.12531017
0.0361,0.0443,0.02295,0.0082,0.10199006
0.0368,0.04545,0.0228,0.009,0.10516714
0.0377,0.04555,0.0228,0.00905,0.09429428
0.03895,0.04605,0.0234,0.00845,0.08352942
0.0397,0.04655,0.0242,0.0086,0.07942025
0.04,0.0492,0.02515,0.0084,0.103139006
0.04085,0.0493,0.0276,0.0088,0.093732685
0.04355,0.049,0.02755,0.0092,0.058887083
0.04455,0.04905,0.02775,0.00915,0.048076898
0.0447,0.0492,0.0274,0.0097,0.047923304
0.04525,0.0496,0.0282,0.00935,0.045861915
0.0457,0.0517,0.0287,0.0097,0.061601657
0.04475,0.05005,0.02795,0.0094,0.055907175
0.04365,0.0507,0.0275,0.009,0.07472178
0.04365,0.0507,0.0275,0.009,0.07472178
0.04255,0.05185,0.02785,0.0094,0.09851692
0.04355,0.05195,0.0285,0.0095,0.08795812
0.04465,0.05185,0.0294,0.0099,0.074611396
0.042,0.0515,0.02955,0.0101,0.10160428
0.04185,0.05155,0.0287,0.01045,0.10385439
0.04175,0.0509,0.02835,0.01045,0.098758794
0.04405,0.0514,0.0291,0.01055,0.07700364
0.0462,0.05525,0.0291,0.01055,0.08920652
0.04555,0.0562,0.0298,0.0107,0.10466832
0.0429,0.0554,0.0296,0.0107,0.12716174
0.0433,0.0557,0.0295,0.0108,0.12525254
0.0453,0.0556,0.0296,0.011,0.10208127
0.0467,0.0556,0.0311,0.0124,0.086999
0.049,0.0555,0.0305,0.0123,0.06220098
0.0,0.0,0.0,0.0,0.0
0.0365,0.0446,0.0214,0.008,0.09987669
0.0371,0.0448,0.0209,0.0081,0.094017096
0.0376,0.0453,0.021,0.0084,0.09288299
0.0361,0.0442,0.0211,0.0082,0.10087172
0.0359,0.046,0.0234,0.0078,0.123321116
0.036,0.0458,0.0224,0.0075,0.11980443
0.0382,0.0451,0.0216,0.007,0.082833156
0.0358,0.0449,0.0217,0.0078,0.112763345
0.0359,0.045,0.0225,0.0079,0.11248457
0.0359,0.045,0.0225,0.0079,0.11248457
0.0362,0.0451,0.0227,0.0079,0.10947106
0.0365,0.0451,0.0218,0.0072,0.105392165
0.0359,0.0448,0.0213,0.0074,0.110284984
0.0353,0.0422,0.0215,0.0073,0.089032225
0.036,0.0416,0.0213,0.0074,0.07216497
0.0353,0.0411,0.0206,0.0074,0.0759162
0.0352,0.0407,0.0208,0.0068,0.072463766
0.0361,0.0412,0.0206,0.0068,0.065976724
0.0359,0.0402,0.0209,0.0073,0.056504577
0.0356,0.0438,0.0224,0.00775,0.10327457
0.03675,0.04615,0.0219,0.00775,0.11338961
0.03545,0.0448,0.0218,0.008,0.11651089
0.03515,0.0446,0.02175,0.0079,0.11849529
0.03675,0.04495,0.02195,0.00825,0.10036721
0.035,0.04515,0.0208,0.00845,0.12663756
0.0338,0.04515,0.0208,0.00845,0.1437619
0.0339,0.04425,0.02185,0.0082,0.13243762
0.0379,0.04505,0.02285,0.00915,0.08619648
0.03775,0.0457,0.0234,0.00875,0.09526663
0.0366,0.0464,0.02315,0.0089,0.118072264
0.03915,0.04675,0.02375,0.00855,0.088475
0.0397,0.04775,0.0235,0.0083,0.09205259
0.04075,0.04815,0.0259,0.00875,0.08323958
0.0437,0.0486,0.02705,0.0093,0.05308777
0.04335,0.04865,0.02765,0.009,0.057608698
0.044,0.0487,0.02755,0.00885,0.050701197
0.04585,0.0504,0.02825,0.00935,0.047272716
0.045,0.051,0.0289,0.0096,0.06249997
0.04315,0.05045,0.02745,0.0092,0.077991456
0.0401,0.04855,0.0271,0.0092,0.09531864
0.0401,0.04855,0.0271,0.0092,0.09531864
0.03855,0.0484,0.02615,0.00925,0.11328348
0.03885,0.0492,0.02635,0.0095,0.11754686
0.04205,0.0512,0.02905,0.01,0.09812331
0.041,0.0511,0.0291,0.01,0.109663405
0.0417,0.05175,0.0286,0.0101,0.107544124
0.04175,0.05115,0.02855,0.01055,0.1011841
0.04125,0.0505,0.02885,0.01055,0.100817434
0.0455,0.0553,0.0296,0.01055,0.09722224
0.044,0.05245,0.0297,0.0106,0.08761018
0.042,0.0561,0.0301,0.0107,0.1437309
0.0455,0.0562,0.03,0.0106,0.10521143
0.0459,0.0559,0.0301,0.0107,0.098231845
0.0458,0.0562,0.0316,0.0121,0.10196079
0.0444,0.0554,0.0318,0.0123,0.11022044
0.0,0.0,0.0,0.0,0.0
0.0366,0.0446,0.0223,0.0086,0.098522134
0.0373,0.0451,0.0233,0.0085,0.09466017
0.0375,0.0447,0.0211,0.0086,0.08759122
0.0365,0.0437,0.0215,0.0078,0.08977555
0.0357,0.0464,0.0233,0.0078,0.13032885
0.0371,0.0457,0.022,0.0072,0.10386474
0.0361,0.0454,0.022,0.0071,0.11411044
0.0344,0.0462,0.0217,0.0078,0.14640197
0.037,0.0451,0.0217,0.008,0.098660156
0.037,0.0451,0.0217,0.008,0.098660156
0.0375,0.0458,0.0221,0.0076,0.09963984
0.0369,0.045,0.0216,0.0073,0.09890114
0.0376,0.0443,0.0213,0.0074,0.0818071
0.0356,0.0441,0.0215,0.0074,0.106649965
0.0354,0.0425,0.0211,0.0072,0.091142505
0.0361,0.0401,0.0207,0.0074,0.052493446
0.0351,0.0408,0.0203,0.0068,0.075098805
0.0354,0.0412,0.0207,0.0069,0.07571803
0.0359,0.0412,0.0209,0.0074,0.068741895
0.03585,0.04305,0.0214,0.0078,0.09125475
0.03595,0.0447,0.022,0.00795,0.10849348
0.0355,0.04525,0.02205,0.008,0.120743
0.03525,0.04505,0.0224,0.0081,0.12204231
0.0367,0.04525,0.02185,0.0082,0.10433191
0.0362,0.0445,0.0212,0.0087,0.10285004
0.03445,0.0428,0.021,0.00835,0.108090654
0.03485,0.0437,0.02165,0.00905,0.11266706
0.0361,0.044,0.0226,0.0083,0.09862671
0.03615,0.04535,0.02395,0.00825,0.112883426
0.0391,0.04735,0.02465,0.00895,0.09543091
0.0369,0.0471,0.02395,0.00885,0.12142859
0.03855,0.0472,0.02445,0.0087,0.10087465
0.04165,0.0488,0.0257,0.00885,0.07904918
0.04175,0.04915,0.0267,0.0091,0.081408165
0.0436,0.04845,0.0274,0.0088,0.05268876
0.0444,0.0485,0.0275,0.00925,0.044133503
0.0452,0.05175,0.02855,0.00935,0.06756059
0.04535,0.05235,0.02895,0.0097,0.0716479
0.04285,0.05125,0.02705,0.00925,0.08926675
0.0384,0.04865,0.02715,0.0094,0.117748395
0.0384,0.04865,0.02715,0.0094,0.117748395
0.03785,0.04865,0.0248,0.0092,0.12485549
0.03955,0.0483,0.0253,0.00955,0.09960162
0.0421,0.04955,0.0276,0.00995,0.081287496
0.04125,0.0503,0.0285,0.01,0.09885305
0.0415,0.0507,0.02865,0.01,0.099783115
0.04265,0.05115,0.02885,0.01015,0.090618365
0.0427,0.0512,0.02955,0.01055,0.09052182
0.04575,0.05615,0.03155,0.01055,0.102060854
0.0446,0.05675,0.03115,0.01055,0.119881615
0.0443,0.0569,0.0303,0.0107,0.1245059
0.0458,0.0574,0.0305,0.0107,0.11240309
0.0451,0.057,0.0304,0.0105,0.116552405
0.0432,0.0553,0.0301,0.0105,0.12284264
0.043,0.051,0.03,0.0119,0.08510636
0.0,0.0,0.0,0.0,0.0
0.0374,0.0422,0.0238,0.0086,0.0603015
0.0369,0.0414,0.0231,0.0086,0.057471287
0.0375,0.045,0.0239,0.0084,0.09090909
0.0368,0.0448,0.0215,0.0077,0.098039195
0.0354,0.0451,0.0236,0.0078,0.1204969
0.0369,0.0457,0.0228,0.0071,0.106537536
0.0383,0.0464,0.0214,0.0074,0.09563163
0.0351,0.046,0.0214,0.0075,0.13440195
0.0372,0.045,0.0213,0.0077,0.09489053
0.0372,0.045,0.0213,0.0077,0.09489053
0.0377,0.0457,0.0216,0.0075,0.09592324
0.0371,0.0448,0.0215,0.0072,0.094017096
0.0355,0.042,0.0213,0.0074,0.08387095
0.0359,0.0422,0.0211,0.0074,0.0806658
0.0359,0.0428,0.0214,0.00755,0.08767472
0.0352,0.0404,0.022,0.0075,0.06878305
0.0357,0.0404,0.0206,0.0072,0.06176081
0.035,0.0412,0.0205,0.0072,0.08136484
0.0358,0.0434,0.02,0.0074,0.09595962
0.0358,0.04355,0.022,0.0076,0.09766857
0.03555,0.04545,0.02195,0.00805,0.12222222
0.03625,0.04495,0.02185,0.00825,0.10714287
0.03525,0.04555,0.0227,0.00805,0.12747525
0.03495,0.04525,0.02065,0.00855,0.12842892
0.0347,0.04445,0.0222,0.0087,0.12318385
0.035,0.04475,0.02235,0.0085,0.12225707
0.0359,0.04605,0.0222,0.0091,0.123856016
0.0363,0.04545,0.0226,0.0083,0.111926585
0.03615,0.0458,0.0237,0.00825,0.11775472
0.03635,0.04595,0.02545,0.00915,0.1166464
0.03755,0.04545,0.02445,0.0089,0.09518072
0.03835,0.04745,0.02555,0.00915,0.10606058
0.04135,0.0481,0.0264,0.0092,0.075461134
0.04215,0.04965,0.02655,0.00915,0.08169935
0.0439,0.04845,0.0271,0.00885,0.04926907
0.0439,0.0485,0.027,0.00885,0.049783546
0.0419,0.0491,0.02515,0.0087,0.07912086
0.0442,0.0496,0.02895,0.0096,0.057569318
0.0449,0.05205,0.0285,0.0092,0.07374934
0.0449,0.05205,0.0285,0.0092,0.07374934
0.04235,0.04975,0.0273,0.00935,0.08034743
0.03885,0.0479,0.0259,0.00915,0.10432277
0.04055,0.048,0.0264,0.0096,0.08413325
0.0412,0.0495,0.02755,0.0098,0.09151046
0.04075,0.04985,0.0286,0.01,0.10044148
0.04105,0.0504,0.02905,0.0103,0.10224169
0.042,0.05165,0.02895,0.0102,0.10304324
0.04285,0.0521,0.02975,0.0105,0.0974197
0.04765,0.0525,0.0298,0.0106,0.048427362
0.04875,0.05645,0.03075,0.0106,0.07319392
0.0445,0.0563,0.0297,0.0106,0.11706348
0.0444,0.0572,0.0295,0.0107,0.12598427
0.0416,0.0563,0.0297,0.0107,0.1501532
0.0421,0.0505,0.0291,0.0107,0.09071275
0.0384,0.0474,0.0283,0.0108,0.10489509
0.0,0.0,0.0,0.0,0.0
0.0391,0.0432,0.0232,0.00855,0.049817767
0.0367,0.04345,0.0232,0.00855,0.08421712
0.03795,0.0436,0.02405,0.00845,0.06928263
0.03625,0.04385,0.0228,0.008,0.09488142
0.03625,0.04455,0.023,0.0079,0.10272281
0.03765,0.04555,0.02305,0.00775,0.09495192
0.03735,0.0441,0.0229,0.00745,0.08287296
0.0354,0.0442,0.02315,0.00775,0.110552765
0.0354,0.0442,0.02315,0.00775,0.110552765
0.0358,0.04255,0.02275,0.00755,0.08615191
0.03595,0.044,0.0227,0.00765,0.100687906
0.0355,0.04415,0.02225,0.00795,0.108600095
0.03405,0.04325,0.02245,0.0075,0.11901681
0.0355,0.04325,0.02245,0.0074,0.09841266
0.0357,0.0419,0.0211,0.00715,0.07989691
0.03565,0.0423,0.02055,0.0079,0.08531111
0.03675,0.04265,0.0208,0.00715,0.07430729
0.0347,0.0431,0.0209,0.0074,0.107969165
0.03485,0.0408,0.01975,0.0075,0.07865168
0.0348,0.04335,0.02185,0.00785,0.10940498
0.0363,0.0465,0.0224,0.00825,0.12318842
0.03525,0.0456,0.02205,0.00805,0.12801483
0.035,0.04285,0.0224,0.00845,0.10083492
0.0356,0.0441,0.02145,0.0085,0.106649965
0.03645,0.04455,0.02245,0.0091,0.10000004
0.03555,0.04395,0.0219,0.0086,0.10566039
0.0356,0.0446,0.02215,0.00895,0.112219445
0.03595,0.0453,0.02205,0.0083,0.11507691
0.0365,0.0432,0.0221,0.0089,0.084065266
0.03665,0.0455,0.0251,0.0096,0.10772978
0.04005,0.04825,0.0269,0.00875,0.092865236
0.0392,0.04735,0.02665,0.00925,0.09416523
0.04025,0.0479,0.0266,0.00905,0.086783886
0.04265,0.04975,0.02665,0.0092,0.076839834
0.0426,0.0488,0.02705,0.009,0.06783371
0.04075,0.0495,0.02685,0.00855,0.0969529
0.04,0.0467,0.0245,0.00775,0.07727799
0.0412,0.04875,0.02475,0.0086,0.08393549
0.04225,0.04915,0.0258,0.00885,0.07549236
0.04225,0.04915,0.0258,0.00885,0.07549236
0.04195,0.04795,0.0279,0.0094,0.06674083
0.0424,0.0491,0.0282,0.00945,0.07322406
0.04255,0.0499,0.02855,0.0096,0.07950241
0.04105,0.05065,0.02895,0.00965,0.104689226
0.0407,0.04905,0.0285,0.0098,0.09303621
0.04175,0.04855,0.02875,0.01005,0.07530454
0.0409,0.0508,0.0295,0.01035,0.10796074
0.04445,0.0533,0.0304,0.01045,0.09053709
0.04485,0.0533,0.0296,0.0106,0.08609273
0.0457,0.0531,0.0289,0.0105,0.07489881
0.0469,0.0485,0.0293,0.0106,0.016771497
0.0445,0.0551,0.0284,0.0106,0.10642571
0.042,0.0498,0.0294,0.0103,0.08496734
0.0386,0.0478,0.0283,0.0103,0.10648147
0.0394,0.047,0.0283,0.0106,0.08796294
0.0,0.0,0.0,0.0,0.0
0.0369,0.0422,0.02335,0.00825,0.0670038
0.03685,0.0438,0.0231,0.0082,0.08617481
0.0369,0.0438,0.0231,0.008,0.08550188
0.0359,0.0426,0.0216,0.0073,0.08535029
0.03555,0.0441,0.0225,0.007,0.10734467
0.03605,0.04315,0.0228,0.0073,0.08964648
0.03495,0.0423,0.02325,0.00745,0.09514564
0.03585,0.04305,0.0228,0.00775,0.09125475
0.03585,0.04305,0.0228,0.00775,0.09125475
0.03575,0.0418,0.0221,0.0075,0.07801416
0.03495,0.0422,0.0221,0.0075,0.09397277
0.03385,0.04355,0.0214,0.0074,0.125323
0.0347,0.0434,0.02125,0.00695,0.11139568
0.0356,0.0432,0.02045,0.0071,0.09644672
0.035,0.0417,0.02095,0.00705,0.08735334
0.0359,0.0419,0.0209,0.0075,0.07712083
0.03365,0.04255,0.02025,0.00705,0.116797924
0.0337,0.04145,0.02015,0.00745,0.10312709
0.0348,0.0415,0.02025,0.00745,0.08781125
0.03475,0.0434,0.0215,0.00775,0.11068459
0.0369,0.04365,0.02195,0.0079,0.083798915
0.03545,0.0444,0.02225,0.00785,0.11208514
0.0342,0.0442,0.0219,0.00815,0.12755099
0.03575,0.0439,0.0227,0.00865,0.10232266
0.03565,0.04465,0.0247,0.00935,0.112079695
0.03485,0.0456,0.0232,0.0092,0.13362336
0.0358,0.0455,0.0224,0.0092,0.1193112
0.0368,0.04745,0.0253,0.0093,0.12640947
0.0389,0.04695,0.0252,0.00995,0.093768224
0.04,0.0476,0.02565,0.00965,0.08675801
0.0431,0.048,0.0267,0.01015,0.053787056
0.0423,0.0478,0.0272,0.0098,0.06104328
0.0415,0.0476,0.026,0.009,0.06846243
0.0429,0.0477,0.0248,0.0092,0.052980125
0.0422,0.04955,0.02685,0.00915,0.080109015
0.03975,0.0477,0.0244,0.00845,0.0909091
0.04105,0.04575,0.02455,0.00865,0.054147486
0.0393,0.04655,0.0241,0.00895,0.08444962
0.04245,0.04945,0.0259,0.0094,0.076169744
0.04245,0.04945,0.0259,0.0094,0.076169744
0.0428,0.04995,0.0271,0.00955,0.07708893
0.0427,0.05145,0.02855,0.00955,0.09293679
0.045,0.0511,0.02865,0.00965,0.063475534
0.04445,0.04995,0.0289,0.0098,0.05826271
0.04125,0.0487,0.0287,0.0098,0.08282378
0.0414,0.048,0.0286,0.0101,0.0738255
0.04135,0.0494,0.02915,0.01015,0.08870526
0.0416,0.05155,0.0288,0.0104,0.10681696
0.0429,0.05255,0.0296,0.0104,0.10110005
0.0461,0.0483,0.0291,0.00975,0.023305085
0.0443,0.0493,0.0294,0.0106,0.05341879
0.04,0.0466,0.0283,0.0102,0.07621247
0.037,0.0451,0.0267,0.0103,0.098660156
0.0368,0.0463,0.0256,0.0101,0.11432009
0.0386,0.0458,0.025,0.0103,0.085308045
0.0,0.0,0.0,0.0,0.0
0.03515,0.04175,0.02185,0.008,0.08582575
0.0357,0.04155,0.02215,0.0079,0.07572813
0.0365,0.04355,0.0232,0.00775,0.08806996
0.03545,0.04125,0.02095,0.007,0.07561931
0.0357,0.04385,0.02255,0.0069,0.102451295
0.0362,0.04295,0.02245,0.0071,0.08528109
0.03755,0.0432,0.0225,0.00745,0.069969065
0.03755,0.0433,0.02215,0.00735,0.07111937
0.03755,0.0433,0.02215,0.00735,0.07111937
0.0367,0.043,0.02155,0.0074,0.07904645
0.0365,0.04125,0.0219,0.00745,0.06109328
0.03455,0.04085,0.0219,0.00705,0.083554365
0.0341,0.0428,0.02115,0.00695,0.11313396
0.03505,0.0427,0.02005,0.00695,0.09839228
0.03495,0.0426,0.0208,0.0071,0.09864603
0.03465,0.04265,0.0205,0.0072,0.103492856
0.0338,0.0399,0.02025,0.00685,0.082768016
0.0345,0.0416,0.02,0.00705,0.09329831
0.0337,0.0435,0.0202,0.00745,0.12694299
0.0364,0.04305,0.0208,0.00785,0.08370041
0.0373,0.0425,0.0206,0.00785,0.06516289
0.0357,0.04575,0.02225,0.00785,0.123388566
0.0363,0.04465,0.02235,0.0079,0.10315009
0.0383,0.04705,0.02425,0.00925,0.10251903
0.0379,0.04575,0.02615,0.0093,0.09384338
0.0374,0.04775,0.0269,0.0101,0.1215502
0.03845,0.04745,0.02575,0.01025,0.10477299
0.03915,0.04735,0.0257,0.0098,0.09479769
0.03905,0.04715,0.02585,0.0092,0.09396751
0.0401,0.04775,0.0259,0.0097,0.08708023
0.04055,0.0491,0.026,0.00965,0.095370874
0.0425,0.04745,0.0265,0.01,0.055030555
0.0415,0.0488,0.02805,0.0095,0.08084165
0.04295,0.04945,0.0264,0.00905,0.0703463
0.04305,0.0477,0.02445,0.00915,0.051239677
0.042,0.0477,0.02565,0.00915,0.063545145
0.04025,0.04635,0.0251,0.00925,0.07043879
0.04115,0.04845,0.0267,0.00915,0.081473224
0.04105,0.04895,0.02665,0.00975,0.08777781
0.04105,0.04895,0.02665,0.00975,0.08777781
0.0416,0.0491,0.0272,0.00995,0.08269019
0.0421,0.04865,0.0273,0.0101,0.0721763
0.04495,0.05,0.0288,0.0104,0.053185884
0.04415,0.04815,0.0279,0.01045,0.043336954
0.0419,0.04635,0.02675,0.0102,0.0504249
0.04185,0.0456,0.0267,0.0098,0.04288165
0.0413,0.04735,0.02895,0.01015,0.06824593
0.0419,0.04785,0.029,0.0104,0.06629526
0.04105,0.0478,0.0285,0.0105,0.07597077
0.0399,0.04735,0.0265,0.0102,0.08538681
0.0403,0.0467,0.0266,0.0103,0.073563226
0.0395,0.0469,0.026,0.0099,0.08564813
0.0374,0.0446,0.025,0.0099,0.08780486
0.0354,0.0447,0.0248,0.0091,0.11610488
0.0366,0.0459,0.0247,0.0099,0.11272725
0.0,0.0,0.0,0.0,0.0
0.03475,0.0425,0.023,0.00785,0.10032363
0.0337,0.0415,0.02255,0.0081,0.10372338
0.03545,0.04005,0.0206,0.00715,0.06092715
0.0358,0.0423,0.02215,0.00735,0.083226666
0.03665,0.044,0.0227,0.00695,0.09113455
0.0368,0.0447,0.02275,0.0072,0.09693251
0.03765,0.0433,0.0217,0.00725,0.06979615
0.0379,0.0421,0.02245,0.00745,0.052500006
0.0379,0.0421,0.02245,0.00745,0.052500006
0.03785,0.0427,0.02265,0.00725,0.06021105
0.0371,0.04135,0.0218,0.00715,0.05417465
0.03395,0.04075,0.0214,0.0068,0.091030784
0.03325,0.04215,0.02145,0.00695,0.11803711
0.03465,0.04255,0.0202,0.00675,0.10233159
0.0351,0.04225,0.0213,0.0074,0.09243695
0.03345,0.0407,0.02,0.0073,0.09777478
0.03295,0.04025,0.0198,0.007,0.09972678
0.0328,0.0411,0.01965,0.007,0.112313926
0.0366,0.04355,0.0203,0.00715,0.0867124
0.037,0.0446,0.0218,0.0073,0.09313724
0.038,0.04445,0.0222,0.0078,0.07822924
0.0389,0.04525,0.0221,0.0079,0.07546048
0.0372,0.0445,0.0223,0.008,0.0893513
0.0377,0.0458,0.0246,0.00935,0.09700598
0.03765,0.0443,0.025,0.00945,0.08114705
0.03725,0.04765,0.02635,0.01005,0.12249702
0.03815,0.0477,0.0257,0.0104,0.111240506
0.0393,0.04675,0.0263,0.01005,0.0865776
0.03935,0.045,0.02635,0.00995,0.066982836
0.0402,0.0493,0.0258,0.0102,0.101675995
0.04155,0.04915,0.02615,0.00975,0.083792746
0.04085,0.04895,0.0272,0.0098,0.09020048
0.0401,0.0493,0.02785,0.00985,0.10290827
0.0399,0.0487,0.02515,0.0093,0.099322796
0.03945,0.0472,0.0243,0.0092,0.089440286
0.041,0.0465,0.0235,0.00935,0.062857136
0.0412,0.04755,0.0268,0.0096,0.07154929
0.0406,0.04835,0.0265,0.0097,0.08712757
0.0406,0.04835,0.0265,0.0097,0.08712757
0.03995,0.04795,0.0267,0.0095,0.09101253
0.0401,0.04805,0.02755,0.0102,0.090187185
0.0419,0.0481,0.02735,0.01015,0.06888885
0.04235,0.04815,0.0279,0.0105,0.064088374
0.0405,0.04625,0.02625,0.0105,0.06628243
0.0396,0.0464,0.02625,0.0105,0.07906977
0.0397,0.0457,0.02675,0.0102,0.07025758
0.0383,0.04565,0.0276,0.0103,0.08755214
0.0393,0.0463,0.0278,0.01025,0.08177573
0.03865,0.0472,0.02655,0.01035,0.09959235
0.03645,0.0461,0.0237,0.00985,0.11689888
0.0385,0.0475,0.0248,0.0099,0.10465116
0.0375,0.0473,0.0252,0.0098,0.11556601
0.0381,0.045,0.0245,0.0089,0.0830325
0.0358,0.0448,0.0242,0.0088,0.11166254
0.0359,0.0451,0.0252,0.01,0.113580234
0.0,0.0,0.0,0.0,0.0
0.03375,0.04335,0.02345,0.00855,0.1245136
0.0348,0.04095,0.0213,0.0086,0.08118811
0.03515,0.04165,0.02015,0.00755,0.08463544
0.0352,0.0422,0.021,0.0071,0.09043927
0.0363,0.04375,0.0212,0.007,0.09306683
0.03635,0.0444,0.0219,0.0071,0.09969038
0.03725,0.0442,0.02085,0.00705,0.0853284
0.03725,0.0442,0.02085,0.00705,0.0853284
0.0371,0.0425,0.0219,0.0072,0.06783922
0.03725,0.04235,0.0223,0.0072,0.06407035
0.0368,0.04035,0.0213,0.00705,0.046014264
0.03515,0.039,0.02075,0.0068,0.051921807
0.03375,0.0398,0.02135,0.00705,0.08225694
0.0344,0.0407,0.0197,0.0069,0.08388813
0.0346,0.04185,0.0212,0.0071,0.09483322
0.03325,0.0421,0.0199,0.00685,0.1174519
0.03325,0.0399,0.02005,0.00705,0.0909091
0.0331,0.04115,0.02005,0.00705,0.10841749
0.03445,0.04215,0.02035,0.0071,0.10052219
0.03625,0.0438,0.0203,0.007,0.094316065
0.03615,0.0448,0.02215,0.00785,0.106856056
0.0377,0.0449,0.0221,0.0079,0.08716706
0.03535,0.0446,0.0227,0.00825,0.11569732
0.0368,0.0451,0.02325,0.0092,0.10134309
0.03855,0.04525,0.0252,0.0089,0.07995224
0.038,0.0467,0.02565,0.00955,0.102715485
0.03825,0.04835,0.0257,0.0099,0.11662817
0.03855,0.0485,0.0256,0.01005,0.11430213
0.0406,0.04645,0.0254,0.0101,0.06720273
0.04055,0.0486,0.02575,0.00975,0.09029724
0.03985,0.04895,0.02635,0.00995,0.10247749
0.0411,0.04935,0.0272,0.0098,0.09121063
0.0399,0.04925,0.02785,0.0099,0.1048794
0.03925,0.04755,0.0238,0.0098,0.09562211
0.0398,0.04545,0.02335,0.0096,0.06627565
0.03865,0.04665,0.02405,0.0096,0.09378665
0.04045,0.0467,0.0267,0.0097,0.07171545
0.04285,0.0487,0.0266,0.0097,0.06389953
0.04285,0.0487,0.0266,0.0097,0.06389953
0.0399,0.04795,0.02705,0.0094,0.09163345
0.04095,0.04705,0.0275,0.01015,0.06931817
0.0409,0.04725,0.0278,0.01015,0.0720363
0.0417,0.0471,0.02755,0.01035,0.060810793
0.0406,0.0457,0.0258,0.0102,0.05909614
0.03725,0.04575,0.026,0.0101,0.102409616
0.0358,0.04595,0.0262,0.01015,0.12415903
0.0364,0.0455,0.0262,0.0102,0.11111108
0.039,0.0455,0.02635,0.0103,0.07692306
0.03745,0.04505,0.0241,0.0103,0.0921212
0.03615,0.0455,0.0232,0.0091,0.11451314
0.0378,0.0476,0.0253,0.0098,0.11475412
0.039,0.048,0.0254,0.0088,0.10344827
0.037,0.0466,0.0251,0.0089,0.11483252
0.0366,0.0455,0.0238,0.01,0.10840435
0.0354,0.0443,0.0254,0.01,0.11166878
0.0,0.0,0.0,0.0,0.0
0.0374,0.0448,0.02225,0.00845,0.090024315
0.0351,0.0429,0.0209,0.0084,0.09999997
0.0336,0.04205,0.02095,0.0078,0.111698635
0.03525,0.0436,0.02035,0.0073,0.10589727
0.03515,0.0424,0.0206,0.0073,0.093488075
0.0349,0.04215,0.0208,0.00735,0.09409474
0.0365,0.0424,0.0201,0.0071,0.0747782
0.0365,0.0424,0.0201,0.0071,0.0747782
0.0367,0.04245,0.02025,0.0071,0.07264688
0.0367,0.041,0.0214,0.00715,0.05534108
0.03675,0.0392,0.0208,0.00715,0.03225807
0.0345,0.039,0.0202,0.007,0.061224513
0.0345,0.0393,0.02035,0.007,0.06504064
0.0347,0.03995,0.0197,0.0069,0.07032819
0.03445,0.0398,0.02065,0.0073,0.07205389
0.0331,0.04175,0.02045,0.007,0.11556443
0.0334,0.04235,0.0198,0.007,0.11815184
0.0325,0.04155,0.01915,0.0069,0.122214735
0.03405,0.0431,0.02025,0.0074,0.11730395
0.03585,0.0439,0.02035,0.00705,0.100940466
0.0355,0.0443,0.0203,0.00695,0.110275686
0.03695,0.04315,0.02205,0.0072,0.077403255
0.03635,0.046,0.0242,0.0083,0.11718275
0.0351,0.04585,0.0233,0.00825,0.132798
0.03695,0.045,0.0238,0.00855,0.09823065
0.03675,0.04495,0.0239,0.00935,0.10036721
0.0388,0.0477,0.02545,0.00965,0.10289014
0.0372,0.04785,0.0259,0.01,0.12522048
0.0388,0.0468,0.02525,0.0101,0.093457915
0.03955,0.04855,0.02415,0.0097,0.10215663
0.0392,0.04985,0.0254,0.0097,0.119595714
0.04155,0.0502,0.0261,0.0099,0.09427795
0.04315,0.049,0.02655,0.00965,0.06348343
0.0407,0.04845,0.0243,0.0103,0.08693215
0.0367,0.0465,0.0236,0.01025,0.117788486
0.0385,0.046,0.0245,0.0096,0.0887574
0.0381,0.04665,0.02675,0.00965,0.10088495
0.03915,0.0474,0.02695,0.00965,0.09532065
0.03915,0.0474,0.02695,0.00965,0.09532065
0.03945,0.04685,0.02655,0.00945,0.085747376
0.03955,0.0461,0.0272,0.0102,0.076474056
0.03925,0.0464,0.028,0.0097,0.083479255
0.04085,0.04675,0.0275,0.01005,0.06735163
0.04075,0.04535,0.0254,0.01,0.053426247
0.0362,0.04645,0.02525,0.0101,0.12401691
0.0358,0.04705,0.02595,0.0102,0.13578758
0.0383,0.04605,0.026,0.0102,0.09187908
0.0391,0.0456,0.02585,0.0102,0.076741464
0.0368,0.04585,0.02535,0.01,0.10949788
0.0355,0.04535,0.02455,0.0092,0.12183053
0.0377,0.0478,0.0252,0.0085,0.11812865
0.0394,0.0475,0.0253,0.0092,0.093210585
0.0368,0.0464,0.0248,0.01,0.1153846
0.0367,0.0454,0.025,0.01,0.10596835
0.0377,0.0437,0.0272,0.01,0.07371004
0.0,0.0,0.0,0.0,0.0
0.0408,0.0455,0.0241,0.0093,0.054461155
0.0354,0.0451,0.0242,0.0087,0.1204969
0.0361,0.0442,0.0229,0.0084,0.10087172
0.0357,0.0446,0.0223,0.0079,0.11083434
0.0355,0.0435,0.022,0.0075,0.101265796
0.0365,0.0428,0.022,0.0076,0.079445176
0.0365,0.0421,0.0215,0.0074,0.07124684
0.0365,0.0421,0.0215,0.0074,0.07124684
0.037,0.0416,0.0215,0.0073,0.058524165
0.0371,0.0398,0.0211,0.0071,0.03511055
0.0351,0.0398,0.0217,0.007,0.0627503
0.0376,0.0408,0.0211,0.0073,0.04081635
0.0362,0.0408,0.021,0.0072,0.05974025
0.0345,0.0412,0.0206,0.0067,0.08850729
0.0347,0.0402,0.0205,0.0074,0.07343124
0.0329,0.0404,0.0201,0.0072,0.10231918
0.0324,0.0412,0.0196,0.0073,0.11956521
0.034,0.0435,0.0203,0.007,0.1225806
0.0357,0.0442,0.023,0.0076,0.106382966
0.0369,0.0442,0.0233,0.0081,0.090012334
0.0366,0.0448,0.0201,0.008,0.100737065
0.0381,0.0444,0.0225,0.0075,0.07636362
0.0386,0.0476,0.0256,0.0082,0.104408346
0.0379,0.048,0.026,0.0089,0.11757857
0.036,0.046,0.0237,0.0094,0.12195124
0.03725,0.0455,0.0226,0.009,0.099697866
0.03775,0.0467,0.0244,0.009,0.1059799
0.03725,0.04775,0.02535,0.00985,0.1235294
0.03835,0.0461,0.0248,0.01015,0.091770284
0.03955,0.0478,0.0242,0.0097,0.09444765
0.04105,0.04905,0.0239,0.0098,0.08879025
0.04015,0.04875,0.02515,0.00975,0.09673787
0.04215,0.04795,0.02415,0.00985,0.064372934
0.04065,0.0478,0.0261,0.0098,0.08083665
0.0379,0.0457,0.0275,0.0101,0.09330141
0.0388,0.04675,0.02575,0.00965,0.09292811
0.0391,0.0493,0.02705,0.00965,0.11538463
0.03925,0.049,0.0274,0.0096,0.11048156
0.03925,0.049,0.0274,0.0096,0.11048156
0.0395,0.04765,0.027,0.0102,0.093516886
0.0384,0.047,0.02715,0.01005,0.10070254
0.0397,0.0475,0.02785,0.00975,0.08944952
0.0403,0.04675,0.02715,0.01005,0.07409535
0.03995,0.04585,0.0267,0.01,0.068764605
0.0375,0.04605,0.02675,0.01025,0.10233392
0.03715,0.0463,0.0268,0.0105,0.109646514
0.03895,0.04585,0.02745,0.01045,0.08136793
0.03865,0.0467,0.02745,0.01045,0.09431754
0.0372,0.0454,0.0264,0.00995,0.09927362
0.0363,0.04535,0.02425,0.0094,0.11083895
0.03545,0.04595,0.02325,0.00965,0.12899262
0.03535,0.04545,0.0227,0.0095,0.125
0.03535,0.04555,0.02385,0.0097,0.1260816
0.03645,0.04595,0.025,0.0095,0.115291275
0.03715,0.04435,0.02565,0.00975,0.08834355
0.0,0.0,0.0,0.0,0.0
0.0397,0.0451,0.0262,0.0097,0.06367922
0.0391,0.045,0.0263,0.0089,0.070154615
0.0372,0.0454,0.0239,0.0085,0.09927362
0.0359,0.0449,0.0217,0.0078,0.111386135
0.0359,0.044,0.0219,0.0071,0.10137672
0.0355,0.0438,0.0213,0.0075,0.10466581
0.0372,0.0429,0.0214,0.0077,0.07116105
0.0372,0.0429,0.0214,0.0077,0.07116105
0.0363,0.0416,0.0209,0.0076,0.068035945
0.0357,0.0402,0.0191,0.0071,0.05928851
0.0363,0.0401,0.0206,0.0069,0.049738236
0.0382,0.0457,0.0245,0.0073,0.08939214
0.0361,0.0418,0.0215,0.0072,0.07317073
0.033,0.0403,0.0209,0.0073,0.099590726
0.0334,0.0405,0.0204,0.0078,0.096075796
0.0336,0.0409,0.0204,0.0073,0.097986594
0.0347,0.0407,0.0194,0.0074,0.07957561
0.0334,0.0402,0.0206,0.0073,0.092391305
0.0366,0.044,0.0239,0.0082,0.091811396
0.0371,0.0458,0.024,0.0081,0.10494574
0.0361,0.047,0.0205,0.0081,0.13116725
0.0359,0.0432,0.0242,0.0082,0.092288256
0.0401,0.0481,0.0262,0.0089,0.09070292
0.0401,0.0493,0.0265,0.0092,0.10290827
0.0389,0.048,0.0269,0.0094,0.10471809
0.04,0.04655,0.02305,0.0085,0.07567879
0.03695,0.04555,0.02315,0.0088,0.10424244
0.03875,0.04485,0.0223,0.00935,0.07296649
0.03875,0.047,0.02315,0.00965,0.09620989
0.0393,0.0481,0.0254,0.01,0.100686505
0.04075,0.0461,0.02545,0.0103,0.061600473
0.0399,0.04565,0.0256,0.0099,0.06721216
0.03995,0.0459,0.02615,0.00955,0.06930693
0.03805,0.04725,0.0274,0.00995,0.10785463
0.04165,0.0483,0.02815,0.01025,0.073929965
0.03885,0.0493,0.02865,0.01045,0.11854796
0.0403,0.04965,0.0288,0.011,0.10394662
0.0403,0.04965,0.0288,0.011,0.10394662
0.041,0.04855,0.0271,0.0106,0.08431041
0.0397,0.0488,0.02775,0.0113,0.10282483
0.0399,0.0482,0.0278,0.0104,0.09421111
0.04135,0.0487,0.02755,0.0097,0.08162134
0.04005,0.0478,0.02685,0.0099,0.08821856
0.0395,0.04725,0.0267,0.0101,0.08933714
0.03605,0.04695,0.0261,0.01055,0.13132532
0.0369,0.04715,0.0256,0.0105,0.121951245
0.0397,0.04805,0.0275,0.01065,0.09515669
0.03885,0.04825,0.0272,0.0102,0.10792196
0.0368,0.04635,0.0262,0.0096,0.11485265
0.03745,0.0469,0.0262,0.00935,0.11203319
0.03745,0.0457,0.0267,0.00995,0.09921826
0.0384,0.0459,0.02595,0.01005,0.088967934
0.03915,0.0457,0.02625,0.01005,0.07719504
0.0379,0.0454,0.0254,0.01005,0.09003601
0.03705,0.04545,0.02675,0.0101,0.10181815
0.0,0.0,0.0,0.0,0.0
0.0389,0.0459,0.0266,0.0104,0.082547165
0.0399,0.045,0.0259,0.0104,0.060070675
0.0382,0.0457,0.0241,0.0105,0.08939214
0.0359,0.0455,0.0219,0.0086,0.117936105
0.0357,0.044,0.0212,0.0073,0.10414051
0.0358,0.0439,0.0204,0.0077,0.10163116
0.0358,0.0439,0.0204,0.0077,0.10163116
0.0375,0.0428,0.0207,0.0074,0.06600249
0.0368,0.0447,0.0228,0.0077,0.09693251
0.0383,0.0427,0.024,0.0075,0.054320987
0.0371,0.0399,0.023,0.0072,0.036363672
0.0373,0.0452,0.0248,0.0074,0.09575757
0.035,0.0442,0.0245,0.0075,0.11616161
0.0346,0.0401,0.0206,0.0077,0.073627844
0.0343,0.0408,0.0207,0.008,0.08655129
0.0344,0.041,0.0208,0.0075,0.08753315
0.0335,0.0411,0.0194,0.0076,0.10187666
0.0335,0.0411,0.0197,0.0078,0.10187666
0.0373,0.0462,0.0239,0.0081,0.10658681
0.0384,0.0472,0.0227,0.0082,0.10280374
0.0369,0.044,0.0204,0.0081,0.08776268
0.0365,0.0432,0.0223,0.0082,0.084065266
0.0415,0.048,0.0254,0.0082,0.07262573
0.0417,0.0474,0.0266,0.0093,0.063973054
0.0368,0.0461,0.0242,0.0093,0.11218336
0.0383,0.0477,0.0228,0.00875,0.10930232
0.0394,0.04575,0.02225,0.009,0.07457427
0.0389,0.04515,0.0214,0.0096,0.07436052
0.03865,0.0472,0.0246,0.0101,0.09959235
0.03835,0.0501,0.0258,0.01025,0.13284339
0.0406,0.0506,0.0258,0.0102,0.1096491
0.0426,0.0507,0.02775,0.00985,0.08681675
0.04365,0.04975,0.02795,0.0099,0.06531048
0.0396,0.049,0.02805,0.00995,0.1060948
0.04245,0.0512,0.02835,0.0099,0.093432985
0.04195,0.0505,0.0291,0.0104,0.092482455
0.0411,0.0509,0.0291,0.01055,0.10652176
0.0411,0.0509,0.0291,0.01055,0.10652176
0.0406,0.0494,0.0278,0.01105,0.09777778
0.04145,0.04955,0.02785,0.01095,0.089010976
0.0425,0.04865,0.027,0.0104,0.0674712
0.04155,0.04925,0.02695,0.01045,0.08480176
0.039,0.04765,0.0267,0.0099,0.09982686
0.03835,0.04705,0.02645,0.0101,0.10187352
0.03685,0.04615,0.02605,0.0105,0.11204816
0.03775,0.04805,0.0257,0.0102,0.12004665
0.0392,0.0479,0.0276,0.0102,0.09988517
0.03685,0.0463,0.0259,0.0103,0.11365003
0.03575,0.04625,0.02595,0.0098,0.12804876
0.03795,0.0465,0.0267,0.00955,0.101243325
0.03765,0.04705,0.0264,0.00995,0.110979915
0.0381,0.0478,0.0271,0.01005,0.112922005
0.03905,0.0477,0.02755,0.01005,0.09971178
0.0387,0.0481,0.02765,0.01005,0.10829493
0.0384,0.0477,0.02835,0.01005,0.108013906
0.0,0.0,0.0,0.0,0.0
0.0405,0.0463,0.0272,0.0104,0.06682029
0.0423,0.0453,0.026,0.0105,0.03424656
0.0409,0.0456,0.0246,0.0092,0.054335274
0.039,0.0453,0.0239,0.0088,0.074733086
0.0361,0.0443,0.0211,0.0082,0.10199006
0.0359,0.0437,0.0207,0.0076,0.097989924
0.0359,0.0437,0.0207,0.0076,0.097989924
0.0381,0.0448,0.024,0.0077,0.08082024
0.0374,0.0454,0.024,0.0074,0.09661837
0.0368,0.0442,0.024,0.0077,0.091358006
0.0354,0.04,0.0228,0.0078,0.061007958
0.0367,0.0441,0.0246,0.007,0.09158419
0.0368,0.046,0.0242,0.0075,0.111111104
0.0366,0.0455,0.0241,0.008,0.10840435
0.0362,0.0466,0.0241,0.0081,0.12560382
0.0354,0.0471,0.0243,0.0085,0.1418182
0.0344,0.0413,0.0202,0.008,0.09114924
0.0335,0.0419,0.0204,0.0081,0.11140584
0.0369,0.0455,0.0239,0.0081,0.10436894
0.038,0.0451,0.0218,0.0083,0.08543924
0.0385,0.0409,0.0199,0.0082,0.030226694
0.0386,0.0433,0.0201,0.0077,0.057387028
0.0393,0.0463,0.0204,0.0081,0.08177573
0.0382,0.0463,0.0241,0.0083,0.09585802
0.0375,0.046,0.0241,0.0091,0.101796396
0.0381,0.0471,0.02185,0.00835,0.1056338
0.0389,0.0466,0.02255,0.0091,0.090058476
0.0381,0.0466,0.02325,0.0094,0.10035417
0.03805,0.0471,0.0252,0.00985,0.10628303
0.04055,0.0494,0.02645,0.01025,0.098388
0.04015,0.05045,0.02605,0.0094,0.113686524
0.0408,0.04995,0.02615,0.00955,0.10082643
0.04105,0.04865,0.02795,0.0099,0.08472689
0.0396,0.04885,0.02695,0.0097,0.10457886
0.04105,0.0502,0.02815,0.01,0.100274
0.04225,0.04955,0.0287,0.0103,0.0795207
0.0405,0.04895,0.02725,0.01065,0.094466195
0.0405,0.04895,0.02725,0.01065,0.094466195
0.0395,0.0474,0.0262,0.01005,0.090909086
0.0404,0.047,0.0264,0.01065,0.075514875
0.0396,0.04765,0.02655,0.01035,0.0922636
0.0393,0.04785,0.02615,0.0104,0.09810675
0.03825,0.04665,0.0244,0.0099,0.09893994
0.0388,0.04695,0.0252,0.0099,0.09504373
0.0389,0.04685,0.02645,0.00995,0.092711374
0.04065,0.0477,0.02585,0.01015,0.07979627
0.0384,0.04655,0.026,0.00985,0.09593874
0.0379,0.0462,0.0257,0.01,0.09869202
0.03695,0.0456,0.02565,0.00975,0.10478499
0.03625,0.04545,0.0262,0.0098,0.11260709
0.0372,0.04745,0.027,0.01015,0.12108681
0.03795,0.04885,0.02725,0.0101,0.12557602
0.03845,0.05045,0.02755,0.01005,0.13498315
0.03885,0.05075,0.0278,0.01055,0.13281251
0.0383,0.051,0.0286,0.01055,0.14221723
0.0,0.0,0.0,0.0,0.0
0.0422,0.0463,0.0252,0.0099,0.04632771
0.0429,0.046,0.0266,0.0104,0.034870643
0.0429,0.0463,0.0276,0.0097,0.038116608
0.0429,0.0454,0.0269,0.0086,0.028312584
0.0414,0.0447,0.0249,0.0085,0.038327526
0.0394,0.045,0.0271,0.0086,0.066350736
0.0394,0.045,0.0271,0.0086,0.066350736
0.0386,0.0454,0.0272,0.0085,0.08095237
0.0381,0.0458,0.0246,0.0084,0.09177592
0.0358,0.043,0.0244,0.0079,0.09137059
0.0361,0.042,0.0235,0.0074,0.07554417
0.0351,0.0417,0.0229,0.007,0.08593749
0.036,0.0469,0.0241,0.0073,0.13148373
0.0362,0.0445,0.0241,0.0081,0.10285004
0.0388,0.0504,0.0245,0.0083,0.13004482
0.0381,0.05,0.0248,0.0085,0.13507378
0.0368,0.0469,0.0245,0.0092,0.12066905
0.0357,0.0458,0.0239,0.0081,0.12392637
0.036,0.0454,0.0238,0.008,0.11547915
0.0378,0.0464,0.0227,0.0078,0.102137774
0.0368,0.0443,0.0205,0.008,0.092478424
0.0371,0.0426,0.0207,0.0077,0.06900879
0.0386,0.0467,0.0222,0.0082,0.09495896
0.0343,0.0467,0.0238,0.0082,0.15308644
0.0339,0.0467,0.0217,0.0082,0.15880893
0.0355,0.0448,0.0215,0.00855,0.115815654
0.03595,0.0457,0.02395,0.0092,0.11941209
0.03825,0.0467,0.02525,0.0094,0.099470295
0.0384,0.0462,0.02595,0.0096,0.09219856
0.0404,0.0475,0.0249,0.00945,0.08077362
0.0405,0.04785,0.02515,0.009,0.08319187
0.04035,0.0477,0.0254,0.009,0.08347527
0.03955,0.0481,0.0266,0.009,0.097547054
0.0421,0.0487,0.02695,0.0095,0.07268722
0.04255,0.05005,0.0279,0.0098,0.08099352
0.041,0.0481,0.0278,0.0102,0.07968571
0.041,0.0481,0.0278,0.0102,0.07968571
0.0408,0.04895,0.0273,0.01065,0.090807796
0.03935,0.0474,0.02705,0.01015,0.09279542
0.0397,0.0474,0.02705,0.01,0.088404134
0.0398,0.0483,0.02505,0.01,0.09648129
0.0397,0.04685,0.0249,0.00995,0.08261119
0.0384,0.04675,0.02475,0.0099,0.09806224
0.03815,0.04675,0.02445,0.00985,0.101295635
0.03745,0.0473,0.0255,0.0099,0.116224185
0.03795,0.04725,0.02555,0.00995,0.1091549
0.03815,0.0462,0.0257,0.01,0.095435664
0.03685,0.04565,0.02575,0.00975,0.10666666
0.03705,0.0462,0.02555,0.0098,0.10990989
0.0379,0.04585,0.0257,0.0101,0.094925374
0.03735,0.0483,0.02705,0.0104,0.12784593
0.0369,0.04935,0.02735,0.0106,0.14434785
0.0397,0.04995,0.0276,0.0105,0.114333495
0.041,0.05025,0.0277,0.0107,0.101369865
0.041,0.05045,0.02805,0.01075,0.10333515
0.0,0.0,0.0,0.0,0.0
