BLUE,GREEN,RED,NIR,SWIR,NDVI,NDBI,REI,BLUE^2,BLUE GREEN,BLUE RED,BLUE NIR,BLUE SWIR,BLUE NDVI,BLUE NDBI,BLUE REI,GREEN^2,GREEN RED,GREEN NIR,GREEN SWIR,GREEN NDVI,GREEN NDBI,GREEN REI,RED^2,RED NIR,RED SWIR,RED NDVI,RED NDBI,RED REI,NIR^2,NIR SWIR,NIR NDVI,NIR NDBI,NIR REI,SWIR^2,SWIR NDVI,SWIR NDBI,SWIR REI,NDVI^2,NDVI NDBI,NDVI REI,NDBI^2,NDBI REI,REI^2,NDVI_bin,NDVI_dis,NDVI_bin_non_veg,NDVI_bin_veg
1093.2,1193.3334,1184.3334,1759.0,2088.3333,0.1952434610363882,0.08560040795009878,0.0003459244355139804,1195086.24,1304552.07288,1294713.27288,1922938.8,2282965.96356,213.4401516049796,93.57836597104799,0.3781645929038834,1424044.6035555599,1413304.60295556,2099073.4506,2492077.8772222195,232.99054318632065,102.1498258604784,0.41280318277497896,1402645.60235556,2083242.4505999999,2473282.87752222,231.23335203699315,101.37942218892752,0.40968986285535314,3094081.0,3673378.2746999995,343.43324796300686,150.57111758422374,0.6084810820690916,4361135.971888889,407.733421289542,178.762182415776,0.7224055179675478,0.03812000907746764,0.016712919914304045,6.753948404680842e-05,0.007327429841223335,2.961127279990436e-05,1.1966371508566598e-07,non_veg,low_veg,1,0
778.0,954.5,904.0,2392.25,2141.0,0.4514979142965491,-0.05542381293773783,0.0008662171424063934,605284.0,742601.0,703312.0,1861170.5,1665698.0,351.2653773227152,-43.11972646556003,0.673916936792174,911070.25,862868.0,2283402.625,2043584.5,430.95475919605616,-52.90202944907076,0.8268042624269025,817216.0,2162594.0,1935464.0,408.1541145240804,-50.10312689571499,0.7830602967353796,5722860.0625,5121807.25,1080.0958854759197,-132.5876165003033,2.0722079589216946,4583881.0,966.6570345089117,-118.66238349969669,1.8545709018920882,0.20385036661413403,-0.025023735943750725,0.0003910952331244035,0.003071799040557355,-4.8009056864193754e-05,7.50332137798698e-07,non_veg,medium_veg,1,0
979.8,1067.0,1425.3334,1773.0,2453.0,0.10870242608228399,0.1609086606720303,0.0004561351208861581,960008.0399999999,1045446.6,1396541.66532,1737185.4,2403449.4,106.50663707542185,157.65830572645527,0.4469211914442577,1138489.0,1520830.7378,1891791.0,2617351.0,115.98548862979702,171.68954093705634,0.4866961739855307,2031575.30115556,2527116.1182,3496342.8301999997,154.93719855611053,229.34848840511123,0.6501446227120787,3143529.0,4349169.0,192.72940144388951,285.29105537150974,0.8087275693311583,6017209.0,266.6470511798426,394.7089446284903,1.1188994515337458,0.011816217436174415,0.01749116179270069,4.958299426166127e-05,0.025891597079266592,7.339609138726634e-05,2.0805924850583007e-07,non_veg,low_veg,1,0
938.6667,972.0,1001.0,1160.0,1445.0,0.07357704766311893,0.10940499040307101,0.00020305558233096614,881095.17368889,912384.0324,939605.3667,1088853.372,1356373.3815,69.06432452568255,102.69482130518234,0.1906015133831863,944784.0,972972.0,1127520.0,1404540.0,71.5168903285516,106.34165067178503,0.19737002602569909,1002001.0,1161160.0,1446445.0,73.65062471078204,109.51439539347409,0.2032586379132971,1345600.0,1676200.0,85.34937528921796,126.90978886756238,0.2355444755039207,2088025.0,106.31883387320686,158.09021113243762,0.2934153164682461,0.005413581942820874,0.008049696193469826,1.4940230259427865e-05,0.011969451925096061,2.2215294036209345e-05,4.1231569515767765e-08,non_veg,low_veg,1,0
827.25,951.1667,2367.6667,2614.8,3930.5,0.04960059241339233,0.20101446839717046,0.0008253882413793438,684342.5625,786852.652575,1958652.2775750002,2163093.3000000003,3251506.125,41.03209007397881,166.28921898155926,0.6828024226810622,904718.0911888899,2252045.7217388903,2487110.68716,3738560.71435,47.17843180389142,191.19826855759092,0.7850818097715939,5605845.602288891,6190974.887160001,9306113.96435,117.43767095746168,475.93526304218295,1.9542442536854348,6837179.040000001,10277471.4,129.6956290425383,525.6126319649213,2.1582251735587086,15448830.25,194.95512848083857,790.0873680350785,3.244188482741511,0.002460218767759473,0.009970436716162786,4.0939745743463525e-05,0.04040681650499704,0.0001659149785621442,6.81265749007286e-07,non_veg,low_veg,1,0
1487.0,1610.6666,1635.3334,1763.0,1900.0,0.037567414662728504,0.0374010374010374,0.00010520922913655243,2211169.0,2395061.2342,2431740.7658,2621581.0,2825300.0,55.862745603477286,55.61534261534262,0.15644612372605346,2594246.89635556,2633976.88724444,2839605.2158,3060266.54,60.50858004560707,60.24060174720175,0.16945699138199183,2674315.32915556,2883092.7842,3107133.46,61.43524794960966,61.16316565656566,0.17205216639525733,3108169.0,3349700.0,66.23135205039036,65.93802893802894,0.18548387096774194,3610000.0,71.37808785918416,71.06197106197106,0.1998975353594496,0.0014113106444413885,0.0014050602808609897,3.952438737318882e-06,0.0013988375986737987,3.9349343138705115e-06,1.1068981895507593e-08,non_veg,low_veg,1,0
390.0,555.0,380.0,3016.6667,1991.0,0.7762512288886042,-0.2048192824015225,0.002226900852871424,152100.0,216450.0,148200.0,1176500.013,776490.0,302.7379792665556,-79.87952013659377,0.8684913326198553,308025.0,210900.0,1674250.0185,1105005.0,430.81943203317536,-113.674701732845,1.2359299733436404,144400.0,1146333.3460000001,756580.0,294.9754669776696,-77.83132731257855,0.8462223240911412,9100277.978888892,6006183.399700001,2341.6912330223304,-617.871508738569,6.7178176470588244,3964081.0,1545.516196717211,-407.7951912614313,4.433759598067005,0.6025659703510682,-0.1589912196642639,0.0017286345236545238,0.041950938443474625,-0.00045611223466446353,4.959087408519476e-06,veg,high_veg,0,1
722.0,1049.3334,913.0,3278.0,2799.6667,0.5643044619422573,-0.07870344387262958,0.0010784837429968178,521284.0,757618.7148,659186.0,2366716.0,2021359.3574,407.4278215223097,-56.82388647603855,0.7786652624437025,1101100.58435556,958041.3942,3439714.8852,2937783.7771777804,592.1435196850395,-82.58615235057556,1.131689012883577,833569.0,2992814.0,2556095.6971,515.2099737532809,-71.8562442557108,0.9846556573560946,10745284.0,9177307.4426,1849.7900262467192,-257.98988901447973,3.535269709543569,7838133.631088891,1579.864410761155,-220.34341098552008,3.019395021759549,0.3184395257679405,-0.04441270454754688,0.0006085931883052909,0.006194232077412154,-8.488038473449352e-05,1.163127183908426e-06,veg,high_veg,0,1
1443.0,1650.8,1783.0,1835.0,1806.25,0.014372581536760642,-0.00789564023343632,0.00014793904307592443,2082249.0,2382104.4,2572869.0,2647905.0,2606418.75,20.739635157545607,-11.393408856848609,0.21347603915855895,2725140.6399999997,2943376.4,3029218.0,2981757.5,23.726257600884466,-13.034122897356676,0.24421777230973604,3179089.0,3271805.0,3220543.75,25.626312880044225,-14.077926536216959,0.26377531380437325,3367225.0,3314468.75,26.37368711995578,-14.488499828355646,0.27146814404432135,3262539.0625,25.96047540077391,-14.261500171644352,0.2672148965558885,0.00020657110003083289,-0.00011348073303999133,2.1262659590790686e-06,6.234113469585834e-05,-1.1680734606063377e-06,2.1885960466220224e-08,non_veg,low_veg,1,0
903.2,1066.0,1006.8333,2182.5,1981.5,0.36862459624398614,-0.048270893371757925,0.000648266597547958,815770.2400000001,962811.2000000001,909371.8365600001,1971234.0,1789690.8,332.94173532756827,-43.59827089337176,0.5855143909053158,1136356.0,1073284.2978,2326545.0,2112279.0,392.9538195960892,-51.45677233429395,0.6910521929861233,1013713.29398889,2197413.67725,1995040.18395,371.14351869750016,-48.60074286743516,0.6526963976889825,4763306.25,4324623.75,804.5231813024998,-105.35122478386167,1.4148418491484185,3926342.25,730.4296374574585,-95.64877521613833,1.2845402630412788,0.13588409295604179,-0.017793838579500773,0.0002389670127795787,0.0023300791469076233,-3.129240780670979e-05,4.202495814964062e-07,non_veg,medium_veg,1,0
735.25,1062.5,1031.0,3238.4285,2830.3333,0.5170313778530311,-0.06724521631414174,0.0010498619581219342,540592.5625,781203.125,758042.75,2381054.554625,2081002.5588249997,380.1473205664411,-49.442045294972715,0.7719110047091522,1128906.25,1095437.5,3440830.28125,3007229.1312499996,549.3458389688456,-71.44804233377559,1.115478330504555,1062961.0,3338819.7835,2918073.6322999997,533.059350566475,-69.32981801988014,1.0824076788237142,10487419.14961225,9165832.023219049,1674.3691494335246,-217.76882500038155,3.399902886247878,8010786.589088889,1463.3711258823164,-190.3263749996186,2.9714592604757155,0.2673214456846038,-0.03476788684492583,0.0005428115747632649,0.0045219191171357144,-7.059819447389789e-05,1.102210131111622e-06,veg,high_veg,0,1
869.0,935.9167,1345.5,1692.5,2408.0,0.1142198815009875,0.1744909157419827,0.0005592624662557938,755161.0,813311.6123,1169239.5,1470782.5,2092552.0,99.25707702435814,151.63260577978295,0.4859990831762848,875940.06933889,1259275.91985,1584039.01475,2253687.4136,106.90029456879526,163.3089620412145,0.5234230818519838,1810370.25,2277258.75,3239964.0,153.68285055957867,234.7775271308377,0.7524876483471705,2864556.25,4075540.0,193.31714944042133,295.3258748933057,0.946551724137931,5798464.0,275.0414746543779,420.1741251066943,1.3467040187439514,0.013046181330099625,0.019930331719048056,6.387889262368679e-05,0.030447079676475704,9.758621987709315e-05,3.1277450616251285e-07,non_veg,low_veg,1,0
958.25,1104.6666,1055.5,2043.0,2023.5,0.31870259803130546,-0.004795278495020288,0.00055351511438143,918243.0625,1058546.76945,1011432.875,1957704.75,1939018.875,305.39676456349844,-4.59507561785319,0.5304058583560053,1220288.29715556,1165975.5963,2256833.8638,2235292.8651,352.0601153784089,-5.297183991147178,0.6114496594523454,1114080.25,2156386.5,2135804.25,336.3905922220429,-5.061416451493914,0.5842352032295993,4173849.0,4134010.5,651.109407777957,-9.796753965326449,1.1308313786812614,4094552.25,644.8947071163466,-9.703246034673553,1.1200378339508235,0.10157134599190387,-0.0015282677146466143,0.00017640670500295694,2.2994695844804036e-05,-2.654259124661966e-06,3.063789818486875e-07,non_veg,medium_veg,1,0
1223.6,1303.0,1323.0,1447.0,1773.0,0.044765342960288806,0.10124223602484472,0.00012607250512162502,1497196.9599999997,1594350.7999999998,1618822.7999999998,1770549.2,2169442.8,54.77487364620938,123.88,0.15426231726682038,1697809.0,1723869.0,1885441.0,2310219.0,58.329241877256315,131.91863354037267,0.1642724741734774,1750329.0,1914381.0,2345679.0,59.22454873646209,133.94347826086957,0.16679392427590992,2093809.0,2565531.0,64.7754512635379,146.49751552795033,0.18242691491099142,3143529.0,79.36895306859205,179.5024844720497,0.22352655158064116,0.002003935930352279,0.004532143417718681,5.643678929632311e-06,0.010249990355310367,1.2763862319767005e-05,1.589427654764217e-08,non_veg,low_veg,1,0
982.0,991.0,1095.5,1407.0,2389.8,0.12447552447552447,0.2588495575221239,0.00030728496740248766,964324.0,973162.0,1075781.0,1381674.0,2346783.6,122.23496503496503,254.19026548672568,0.3017538379892429,982081.0,1085640.5,1394337.0,2368291.8000000003,123.35524475524475,256.5199115044248,0.30451940269586525,1200120.25,1541368.5,2618025.9000000004,136.36293706293705,283.5696902654867,0.33663068178942523,1979649.0,3362448.6,175.13706293706292,364.20132743362836,0.4323499491353001,5711144.040000001,297.4716083916084,618.5986725663718,0.7343496150984651,0.015494156193456891,0.03222043443282381,3.824945748086909e-05,0.06700309342939934,7.95405778453342e-05,9.442405119154791e-08,non_veg,low_veg,1,0
749.5,1040.6666,885.5,3305.6667,2892.0,0.5774446289621457,-0.06674555441969802,0.0010303372787840862,561750.25,779979.6167,663682.25,2477597.19165,2167554.0,432.79474940712817,-50.02579303756367,0.7722377904486726,1082986.97235556,921510.2743,3440096.9254222205,3009607.8072,600.9273387102977,-69.45986918306211,1.072237592765487,784110.25,2927167.86285,2560866.0,511.32721894597995,-59.103188438642604,0.9123636603633083,10927432.33148889,9559988.0964,1908.8394810540206,-220.6385566182336,3.4059516322451704,8363664.0,1669.9698669585252,-193.02814338176668,2.979735410243577,0.3334422995172301,-0.03854186190675523,0.0005949627276533435,0.0044549690347928704,-6.87704329117268e-05,1.0615949080521957e-06,veg,high_veg,0,1
872.0,955.0,1086.0,1668.5,2198.5,0.2114721365039027,0.13705715024566847,0.0005468211771175418,760384.0,832760.0,946992.0,1454932.0,1917092.0,184.40370303140315,119.5138350142229,0.4768280664464965,912025.0,1037130.0,1593417.5,2099567.5,201.9558903612271,130.8895784846134,0.5222142241472525,1179396.0,1811991.0,2387571.0,229.65874024323833,148.84406516679596,0.5938477983496504,2783892.25,3668197.25,352.84125975676164,228.67985518489786,0.9123711340206185,4833402.25,464.9214921038301,301.32014481510214,1.2021863578929157,0.04472046451752526,0.028983768385587905,0.00011563744261062556,0.01878466243346374,7.494575222971223e-05,2.990133997442141e-07,non_veg,medium_veg,1,0
437.75,567.25,439.33334,2651.0,1919.5,0.7156725235343058,-0.16004813477737664,0.001902845886248376,191625.0625,248313.6875,192318.169585,1160475.25,840261.125,313.2856471771423,-70.06107099879662,0.8329707867052265,321772.5625,249211.837115,1503779.75,1088836.375,405.96523897483496,-90.7873044524669,1.0793893289743912,193013.78363555562,1164672.6843400002,843300.3461300001,314.4188001105552,-70.31448161251504,0.8359836387107591,7027801.0,5088594.5,1897.2478598894445,-424.2876052948255,5.044444444444444,3684480.25,1373.7334089240999,-307.21239470517446,3.6525126786537574,0.5121871609419615,-0.11454205250308383,0.0013618145173082477,0.025615405445717318,-0.00030454693486285677,3.6208224668123674e-06,veg,high_veg,0,1
1265.3334,1321.3334,1452.6666,1617.3334,2390.0,0.053637394136807806,0.19281315600044657,0.00017186800918853574,1601068.6131555599,1671927.28355556,1838107.56804444,2046465.96995556,3024146.826,67.86918629026708,243.97292624677547,0.21747033241776118,1745921.95395556,1919456.89764444,2137036.64035556,3157986.826,70.87288036192832,254.77046298280047,0.22709494093231916,2110240.25075556,2349446.21124444,3471873.174,77.91725097357653,280.09323176243834,0.24966691655667897,2615767.32675556,3865426.826,86.74954902642344,311.8431571589326,0.2779678716521258,5712100.0,128.19337198697065,460.82344284106733,0.4107645419606004,0.0028769700497872646,0.010341995243157763,9.218552148353998e-06,0.03717691312685255,3.3138413267155327e-05,2.9538612582430607e-08,non_veg,low_veg,1,0
903.5,1070.3334,974.875,2113.5,2112.75,0.3686809406241146,-0.0001774622892635315,0.0006329574952041046,816312.25,967046.2269,880799.5625,1909547.25,1908869.625,333.10322985388757,-0.1603371783496007,0.5718770969169085,1145613.58715556,1043441.273325,2262149.6409,2261346.89085,394.6115246934067,-0.18994381543921918,0.6774755478972929,950381.265625,2060398.3125,2059667.15625,359.41783199093373,-0.1730035492457853,0.6170544381371015,4466882.25,4465297.125,779.2071680090662,-0.37506654835847386,1.337755666113875,4463712.5625,778.9306573035981,-0.3749334516415262,1.3372809479924719,0.13592563597948193,-6.542696373098752e-05,0.00023335936470693277,3.149286411065333e-08,-1.1232608610543116e-07,4.0063519073505407e-07,non_veg,medium_veg,1,0
1228.5,1270.0,1456.0,1640.0,2498.5,0.059431524547803614,0.20744231001570618,0.00020407859629633304,1509212.25,1560195.0,1788696.0,2014740.0,3069407.25,73.01162790697674,254.84287785429504,0.2507105555500451,1612900.0,1849120.0,2082800.0,3173095.0,75.47803617571059,263.45173371994684,0.259179817296343,2119936.0,2387840.0,3637816.0,86.53229974160206,302.0360033828682,0.2971384362074609,2689600.0,4097540.0,97.46770025839793,340.20538842575814,0.33468889792598616,6242502.25,148.48966408268734,518.2946115742419,0.509890372846388,0.0035321061100761835,0.01232861273995153,1.212870210546682e-05,0.04303231198465235,4.233453544047406e-05,4.1648073466281675e-08,non_veg,low_veg,1,0
384.66666,572.0,394.33334,3096.0,2102.75,0.7740425904420922,-0.19105554219764367,0.0022707528381911406,147968.4393155556,220029.32952,151686.8888244444,1190927.97936,808857.819315,297.74837796310754,-73.49269729165665,0.8734829099525064,327184.0,225558.67048,1770912.0,1202773.0,442.75236173287675,-109.28377013705219,1.2988706234453324,155498.78303555562,1220856.02064,829184.430685,305.2307999912823,-75.33957008030778,0.8954335509983921,9585216.0,6510114.0,2396.4358600087176,-591.5079586439048,7.030250787039772,4421557.5625,1627.6180570521094,-401.7420413560952,4.774825530506421,0.5991419318183046,-0.14788512680098256,0.0017576594091272036,0.0365022202044356,-0.00043383991469744663,5.15631845215312e-06,veg,high_veg,0,1
1044.8,1111.6666,1236.0,1755.3334,2516.0,0.17361267720943444,0.1780864495382168,0.0003870581741072609,1091607.0399999998,1161469.2636799999,1291372.8,1833972.33632,2628716.8,181.39052514841708,186.0647224775289,0.40439838030726616,1235802.62955556,1374019.9176,1951345.51264444,2796953.1656,192.99941459030947,197.97275786422105,0.43027964441202676,1527696.0,2169592.0824,3109776.0,214.58526903086096,220.11485162923597,0.4784039031965745,3081195.34515556,4416418.8344,304.7481309691391,312.6010929618465,0.6794161407534902,6330256.0,436.80949585893705,448.0655070381535,0.9738383660538684,0.030141361687827276,0.030918065279052668,6.719820584255696e-05,0.03171478350912784,6.892981599150706e-05,1.498140301432467e-07,non_veg,low_veg,1,0
840.6667,958.5,1190.6666,1768.0,2341.6667,0.1951329696965518,0.13958959250880376,0.0006231799179745062,706720.50048889,805779.03195,1000953.76142222,1486298.7256,1968561.21718889,164.0417896960002,117.34832208872078,0.5238866051498988,918722.25,1141253.9361,1694628.0,2244487.53195,187.0349514541449,133.7966244196884,0.5973179513785641,1417686.9523555601,2105098.5488,2788144.32802222,232.33830957649639,166.20466550784283,0.7419995141229841,3125824.0,4140066.7256000005,344.9950904235036,246.79439955556506,1.101782094978927,5483402.933888891,456.9363772105245,326.87230044443527,1.4592796620296327,0.03807687586259541,0.02723853172497442,0.00012160294804961894,0.019485254336773884,8.698943080973107e-05,3.8835321016671223e-07,non_veg,low_veg,1,0
980.4,1044.8,1397.0,1774.0,2408.0,0.11888994008199306,0.1516021042563367,0.00045582904021565496,961184.1599999999,1024321.9199999999,1369618.8,1739229.5999999999,2360803.1999999997,116.559697256386,148.63070301291248,0.44689479102742813,1091607.0399999998,1459585.5999999999,1853475.2,2515878.4,124.21620939766635,158.39387852702058,0.47625018121731627,1951609.0,2478278.0,3363976.0,166.08924629454432,211.78813964610237,0.6367931691812699,3147076.0,4271792.0,210.9107537054557,268.94213295074127,0.8086407173425719,5798464.0,286.2869757174393,365.05786704925873,1.0976363288392972,0.014134817852699901,0.018023965091339935,5.4193487278871625e-05,0.02298319801494918,6.910464167783961e-05,2.077801139039252e-07,non_veg,low_veg,1,0
1115.3334,1179.0,1236.0,1428.0,1750.0,0.07207207207207207,0.1013215859030837,0.00019613692619129043,1243968.5931555599,1314978.0786,1378552.0824,1592696.0951999999,1951833.45,80.38438918918919,113.0073488986784,0.218758064754481,1390041.0,1457244.0,1683612.0,2063250.0,84.97297297297297,119.45814977973568,0.23124543597953143,1527696.0,1765008.0,2163000.0,89.08108108108108,125.23348017621144,0.24242524077243496,2039184.0,2499000.0,102.91891891891892,144.68722466960352,0.28008353060116276,3062500.0,126.12612612612612,177.31277533039648,0.34323962083475823,0.005194383572761951,0.00730245664166369,1.4135994680453364e-05,0.010266063769915968,1.987290441585762e-05,3.846969381576771e-08,non_veg,low_veg,1,0
837.0,928.75,990.0,1680.6666,2270.25,0.2586120633702462,0.1492269920352153,0.0005990254417538651,700569.0,777363.75,828630.0,1406717.9442,1900199.25,216.4582970408961,124.90299233347521,0.5013842947479851,862576.5625,919462.5,1560919.10475,2108494.6875,240.1859538551162,138.5945688527062,0.5563448790289023,980100.0,1663859.9340000001,2247547.5,256.02594273654375,147.73472211486316,0.5930351873363265,2824640.22035556,3815533.34865,434.64065726345626,250.80082133205238,1.0067620525059666,5154035.0625,587.1140368663015,338.7825786679476,1.3599375091417123,0.06688019932061624,0.03859190032076233,0.0001549152055032403,0.022268695151878213,8.939076482549536e-05,3.588314798684133e-07,non_veg,medium_veg,1,0
695.0,1018.5,880.5,3482.0,2847.0,0.5963323782234957,-0.1003318059725075,0.001150002970944166,483025.0,707857.5,611947.5,2419990.0,1978665.0,414.45100286532954,-69.73060515089271,0.7992520648061954,1037342.25,896789.25,3546417.0,2899669.5,607.3645272206304,-102.1879443829989,1.171278025906633,775280.25,3065901.0,2506783.5,525.070659025788,-88.34215515879285,1.0125776159163382,12124324.0,9913254.0,2076.429340974212,-349.3553483962711,4.004310344827586,8105409.0,1697.7582808022923,-285.64465160372885,3.2740584582780405,0.35561230531769034,-0.05983110446704373,0.0006857840066272202,0.010066471289704892,-0.00011538187494857725,1.3225068331804082e-06,veg,high_veg,0,1
708.25,1064.5,861.5,3324.0,2704.6667,0.588340700035838,-0.10273138835159021,0.0011095218886410323,501618.0625,753932.125,610157.375,2354223.0,1915580.1902750002,416.69230080038227,-72.75950580001377,0.7858188776300111,1133160.25,917066.75,3538398.0,2879117.7021500003,626.2886751881496,-109.35756290026778,1.1810860504583789,742182.25,2863626.0,2330070.36205,506.85551308087446,-88.50309106489496,0.9558531070642493,11048976.0,8990312.1108,1955.6444869191257,-341.4791348806859,3.6880507578427912,7315221.958088892,1591.2654996416202,-277.85416511931396,3.0008869051285085,0.34614477931865995,-0.06044105693842812,0.0006527768846681501,0.010553738152645244,-0.00011398272402657171,1.2310388213735634e-06,veg,high_veg,0,1
388.0,595.0,404.0,2832.5,1961.3334,0.7503475977135795,-0.18172650722488606,0.002218556644892532,150544.0,230860.0,156752.0,1099010.0,760997.3592,291.13486791286886,-70.50988480325579,0.8607999782183025,354025.0,240380.0,1685337.5,1166993.373,446.4568206395798,-108.12727179880721,1.3200412037110567,163216.0,1144330.0,792378.6936,303.1404294762861,-73.41750891885397,0.896296884536583,8023056.25,5555476.8555,2125.359570523714,-514.7403317144898,6.284061696658098,3846828.70595556,1471.681805005407,-356.42626828551033,4.351329247419662,0.5630215173945398,-0.1363580481370727,0.0016646886488866103,0.033024523428156566,-0.00040317055015688175,4.921993586596809e-06,veg,high_veg,0,1
372.5,594.6667,372.66666,3136.5,1942.75,0.7876038979579272,-0.23502485603189446,0.0023594030727298373,138756.25,221513.34575,138818.33085,1168346.25,723674.375,293.3824519893279,-87.54675887188068,0.8788776445918643,353628.48408888996,221612.452902222,1865172.10455,1155288.731425,468.3618109057773,-139.76145555446178,1.4030584392301122,138880.43947555558,1168868.97909,723998.1537149999,293.51371405496155,-87.58592811438696,0.8792708627079655,9837632.25,6093435.375,2470.3196259450388,-737.155460944037,7.400267737617135,3774277.5625,1530.117472757763,-456.59453905596297,4.583730319545891,0.620319900078521,-0.18510649272772073,0.0018582750569359305,0.05523668295281272,-0.0005545183674895394,5.566782859606998e-06,veg,high_veg,0,1
412.0,620.3333,472.0,2793.0,1965.0,0.7108728943338438,-0.17402269861286254,0.0020641364740110395,169744.0,255577.31960000002,194464.0,1150716.0,809580.0,292.87963246554364,-71.69735182849936,0.8504242272925483,384813.40308889,292797.3176,1732590.9069,1218954.9345,440.97812842266467,-107.95207490542245,1.2804525905736324,222784.0,1318296.0,927480.0,335.5320061255743,-82.13871374527112,0.9742724157332107,7800849.0,5488245.0,1985.4679938744257,-486.0453972257251,5.765133171912833,3861225.0,1396.8652373660032,-341.9546027742749,4.056028171431692,0.5053402718985763,-0.12370801944271179,0.0014673386695802826,0.03028389963250319,-0.0003592065995126399,4.260659383342727e-06,veg,high_veg,0,1
755.0,939.5,825.75,2279.25,2145.8333,0.4681159420289855,-0.030150099095309735,0.0008845908538789969,570025.0,709322.5,623441.25,1720833.75,1620104.1415,353.42753623188406,-22.76332481695885,0.6678660946786427,882660.25,775792.125,2141355.375,2016010.3853499999,439.79492753623185,-28.326018100043495,0.8310731072193176,681863.0625,1882090.6875,1771921.8474749997,386.5467391304348,-24.896444327952015,0.7304508975905817,5194980.5625,4890890.549024999,1066.9532608695652,-68.71961336298472,2.0162037037037037,4604600.551388889,1004.4987766666666,-64.6970866370155,1.8981845111289855,0.2191325351816845,-0.01411374204026818,0.0004140910808737913,0.0009090284754569969,-2.667050190325641e-05,7.825009787663728e-07,non_veg,medium_veg,1,0
987.5,1140.0,1107.0,2056.6667,2163.6667,0.30017912443178674,0.02535344719447994,0.0005259020138422632,975156.25,1125750.0,1093162.5,2030958.3662500002,2136620.8662500004,296.4268853763894,25.03652910454894,0.5193282386692349,1299600.0,1261980.0,2344600.038,2466580.038,342.2042018522369,28.90292980170713,0.5995282957801801,1225449.0,2276730.0369,2395179.0369,332.2982907459879,28.066266044289293,0.5821735293233854,4229877.91488889,4449941.251788891,617.3684092540122,52.143590575095324,1.081605159332322,4681453.588688891,649.4875755682134,54.856409424904676,1.1378766748134441,0.09010750674463411,0.007610575580166528,0.00015786480605208396,0.0006427972846432828,1.333342893742048e-05,2.7657292816334806e-07,non_veg,medium_veg,1,0
1219.3334,1358.0,1316.0,2566.6667,2169.25,0.32211539043513576,-0.08391547511804848,0.00043015707439517244,1486773.94035556,1655854.7571999999,1604642.7544,3129622.4339777804,2645038.9779499997,392.76605421160156,-102.32094158830544,0.5245048880563186,1844164.0,1787128.0,3485533.3786000004,2945841.5,437.4327002109144,-113.95721521030983,0.5841533070286442,1731856.0,3377733.3772000005,2854733.0,423.90385381263866,-110.4327652553518,0.566086709904047,6587777.948888891,5567741.738975001,826.7628461873616,-215.3830556001736,1.1040698386195118,4705645.5625,698.7488107014183,-182.03364439982667,0.9331182336317279,0.10375832475517995,-0.027030466031200105,0.00013856021396723673,0.007041806964287813,-3.609683527326062e-05,1.8503510865221392e-07,non_veg,medium_veg,1,0
2132.0,2566.0,2386.0,2836.0,2376.0,0.08617387973956339,-0.08825786646201074,0.00011637925619107887,4545424.0,5470712.0,5086952.0,6046352.0,5065632.0,183.72271160474915,-188.1657712970069,0.24812057419938013,6584356.0,6122476.0,7277176.0,6096816.0,221.12217541171967,-226.46968534151955,0.2986291713863084,5692996.0,6766696.0,5669136.0,205.61087705859825,-210.5832693783576,0.2776809052719142,8042896.0,6738336.0,244.38912294140178,-250.29930928626246,0.3300515705578997,5645376.0,204.74913826120263,-209.70069071373752,0.2765171127100034,0.007425937549368734,-0.007605522770567759,1.0028852027189868e-05,0.00778945099242612,-1.0271384851860375e-05,1.3544131271588769e-08,non_veg,low_veg,1,0
966.0,1161.3334,1091.0,2314.0,2185.0,0.3591776798825257,-0.028673038452989554,0.0006024209456578768,933156.0,1121848.0644,1053906.0,2235324.0,2110710.0,346.9656387665198,-27.698155145587908,0.581938633505509,1348695.26595556,1267014.7394,2687325.4876,2537513.479,417.1250361820852,-33.2989572349411,0.6996115650520772,1190281.0,2524574.0,2383835.0,391.86284875183554,-31.282284952211604,0.6572412517127435,5354596.0,5056090.0,831.1371512481644,-66.34941098021783,1.3940020682523269,4774225.0,784.8032305433186,-62.650589019782174,1.3162897662624606,0.1290086057257941,-0.010298715426727232,0.00021637615757403325,0.0008221431341266176,-1.727323893973463e-05,3.629109957673305e-07,non_veg,medium_veg,1,0
999.2,1062.8,1333.5,1528.0,2343.25,0.0679713437008562,0.210590894413949,0.0003460040976097974,998400.6400000001,1061949.76,1332433.2,1526777.6,2341375.4,67.91696662589551,210.42242169841785,0.34572729433170957,1129543.8399999999,1417243.8,1623958.4,2490406.1,72.23994408526997,223.81600258314498,0.36773315493969266,1778222.25,2037588.0,3124723.875,90.63978682509173,280.822957701001,0.4613964641626648,2334784.0,3580486.0,103.86021317490827,321.782886664514,0.5286942611477704,5490820.5625,159.2738511270313,493.467113335486,0.8107741017241578,0.004620103564499923,0.014314146064481243,2.3518363440540132e-05,0.044348524810067014,7.286531238653854e-05,1.197188355627702e-07,non_veg,low_veg,1,0
374.0,531.0,356.0,3060.0,1933.0,0.7915690866510539,-0.2257160024033647,0.002340740740740741,139876.0,198594.0,133144.0,1144440.0,722942.0,296.04683840749414,-84.4177848988584,0.8754370370370371,281961.0,189036.0,1624860.0,1026423.0,420.3231850117096,-119.85519727618666,1.2429333333333334,126736.0,1089360.0,688148.0,281.7985948477752,-80.35489685559783,0.8333037037037038,9363600.0,5914980.0,2422.2014051522247,-690.6909673542959,7.162666666666667,3736489.0,1530.1030444964872,-436.30903264570395,4.524651851851852,0.6265816189415836,-0.17866980986495848,0.0018528580102350595,0.05094771374095574,-0.0005283426426626908,5.479067215363513e-06,veg,high_veg,0,1
1202.0,1270.0,1575.3334,1972.0,2517.0,0.11182106536701625,0.12140788594341724,0.00032457733286796533,1444804.0,1526540.0,1893550.7468,2370344.0,3025434.0,134.40892057115354,145.9322789039875,0.39014195410729435,1612900.0,2000673.418,2504440.0,3196590.0,142.01275301611062,154.1880151481399,0.412213212742316,2481675.3211555597,3106557.4648,3965114.1678,176.15545909624396,191.2578977500557,0.5113175133498236,3888784.0,4963524.0,220.51114090375603,239.4163510804188,0.6400665004156276,6335289.0,281.4536215287799,305.5836489195812,0.8169611468286687,0.01250395065981452,0.013575959150150113,3.629458315528054e-05,0.01473987476924981,3.9406247808652506e-05,1.0535044501168197e-07,non_veg,low_veg,1,0
1208.0,1254.5,1518.0,1633.5,2476.75,0.03664921465968586,0.20515783711453076,0.0002154537833912223,1459264.0,1515436.0,1833744.0,1973268.0,2991914.0,44.27225130890052,247.83066723435314,0.26026817033659655,1573770.25,1904331.0,2049225.75,3107082.875,45.97643979057591,257.3705066601788,0.2702867712642884,2304324.0,2479653.0,3759706.5,55.63350785340314,311.4295967398577,0.3270588431878755,2668322.25,4045771.125,59.866492146596855,335.125326926586,0.3519437551695616,6134290.5625,90.77094240837695,508.12467307341404,0.5336251580142098,0.001343164935171733,0.007518873611527304,7.896211956746366e-06,0.04208973812951233,4.4202032198685776e-05,4.642033277759174e-08,non_veg,low_veg,1,0
1238.5,1331.0,1362.5,1480.0,1604.5,0.04133685136323659,0.040363105851839845,0.00013164637004895173,1533882.25,1648443.5,1687456.25,1832980.0,1987173.25,51.19569041336852,49.98970659750365,0.16304402930562673,1771561.0,1813487.5,1969880.0,2135589.5,55.0193491644679,53.723293888798835,0.17522131853515477,1856406.25,2016500.0,2186131.25,56.32145998240985,54.994731723131785,0.17936817919169673,2190400.0,2374660.0,61.17854001759015,59.73739666072297,0.19483662767244855,2574420.25,66.32497801231311,64.76260333927704,0.21122660074354305,0.0017087352806263146,0.0016684837071560886,5.441846431223159e-06,0.001629180314006828,5.313656369296318e-06,1.7330766747065536e-08,non_veg,low_veg,1,0
351.66666,488.5,343.95,2733.1667,1656.8,0.7764465676586138,-0.24518789629998794,0.002470700297873073,123669.43975555559,171789.16340999998,120955.74770699999,961163.604612222,582641.3222879999,273.0503711169687,-86.2244085642431,0.8688629216140287,238632.25,168019.57499999998,1335151.93295,809346.7999999999,379.29414830123284,-119.77428734254411,1.2069370955109961,118301.6025,940072.686465,569856.36,267.05879694618017,-84.33237693238085,0.8497973674534435,7470200.209988891,4528310.58856,2122.15790305382,-670.1393934101803,6.752835779826765,2744986.2399999998,1286.4166732967913,-406.22730658982,4.093456253516107,0.6028692724288423,-0.19037530051356175,0.0019183667659966623,0.06011710449201364,-0.0006057858084232523,6.104359961910092e-06,veg,high_veg,0,1
1221.0,1274.6666,1454.0,1612.75,2389.6667,0.051764897692997476,0.1941118974443616,0.00019877911314831865,1490841.0,1556367.9186,1775334.0,1969167.75,2917783.0407000002,63.20494008314992,237.0106267795655,0.2427092971540971,1624774.94115556,1853365.2364,2055718.55915,3046028.3276222204,65.98298614168094,247.4279523349531,0.25337709630778266,2114116.0,2344938.5,3474575.3818,75.26616124561833,282.2386988841018,0.2890248305176553,2600962.5625,3853934.9704250004,83.48383875438168,313.0539626033942,0.32058101472995093,5710506.937088891,123.7008522458629,463.86273739660606,0.4750158273460693,0.0026796046331664953,0.010048182512200996,1.0289780455627484e-05,0.03767942872945036,3.8585390825527585e-05,3.951313582403207e-08,non_veg,low_veg,1,0
341.16666,516.5,316.33334,3108.0,1918.4166,0.8152438395498026,-0.23666629622383467,0.0026017424297695092,116394.68989555558,176212.57989,107922.3890544444,1060345.9792799999,654499.783910556,278.13401782478206,-80.74264981725628,0.887627774944748,266772.25,163386.17011,1605282.0,990862.1739,421.07344312747307,-122.2381419996106,1.3437999649759516,100066.78199555562,983164.02072,606859.1305894441,257.8888066792132,-74.86543994991501,0.8230178726287043,9659664.0,5962438.7928,2533.7778533207866,-735.5588486636782,8.086215471723635,3680322.25115556,1563.977314840078,-454.02455133632174,4.991225866194161,0.6646225179239044,-0.19294074002554992,0.0021210544879649274,0.05601093576830786,-0.00061574474458195,6.769063670862949e-06,veg,high_veg,0,1
802.0,882.0,939.5,1722.0,2105.0,0.294007138831486,0.10007839038411288,0.0006653331076986272,643204.0,707364.0,753479.0,1381044.0,1688210.0,235.79372534285176,80.26286908805854,0.533597152374299,777924.0,828639.0,1518804.0,1856610.0,259.31429644937066,88.26914031878756,0.5868238009901892,882660.25,1617819.0,1977647.5,276.2197069321811,94.02364776587406,0.6250804546828602,2965284.0,3624810.0,506.2802930678189,172.33498824144237,1.145703611457036,4431025.0,618.885027240278,210.66501175855763,1.4005261917056102,0.08644019768387667,0.02942376121569353,0.00019561268336433431,0.010015684221874897,6.658546648773824e-05,4.4266814419991303e-07,non_veg,medium_veg,1,0
360.3,551.75,350.25,3564.75,2005.25,0.8210727969348659,-0.2799820466786355,0.0024880348560138484,129816.09000000001,198795.525,126195.075,1284379.425,722491.5750000001,295.8325287356322,-100.87753141831239,0.8964389586217896,304428.0625,193250.4375,1966850.8125,1106396.6875,453.0269157088123,-154.48009425493714,1.372773231805641,122675.0625,1248553.6875,702338.8125,287.5807471264368,-98.06371184919209,0.8714342083188504,12707442.5625,7148214.9375,2926.9192528735634,-998.066000897666,8.869222252975366,4021027.5625,1646.4562260536397,-561.4339991023339,4.989131895021769,0.6741605378664436,-0.22988564215797544,0.002042857738098727,0.07838994646235764,-0.0006966050911945415,6.190317444739851e-06,veg,high_veg,0,1
910.0,1188.0,1181.0,2901.3333,2988.0,0.42140932000824133,0.014715876243580953,0.0007534040607438786,828100.0,1081080.0,1074710.0,2640213.303,2719080.0,383.48248120749963,13.391447381658667,0.6855976952769296,1411344.0,1403028.0,3446783.9603999997,3549744.0,500.6342721697907,17.482460977374174,0.8950440241637277,1394761.0,3426474.6273,3528828.0,497.68440692973303,17.379449843669107,0.8897701957385207,8417734.91768889,8669183.9004,1222.6488930702667,42.69566178418033,2.1858762897914374,8928144.0,1259.171048184625,43.97103821581989,2.2511713335027093,0.17758581498980835,0.006201407401132882,0.00031749149292952563,0.00021655701361639028,1.1087000919318265e-05,5.67617678745366e-07,non_veg,medium_veg,1,0
998.3333,1086.0,1075.5,1792.6666,1976.5,0.25004356441498204,0.04877295686531871,0.00044339713548463897,996669.37788889,1084189.9638,1073707.46415,1789678.76257778,1973205.76745,249.6268168061716,48.691666978111286,0.44265812547892675,1179396.0,1167993.0,1946835.9276,2146479.0,271.5473109546705,52.96743115573612,0.48152928913631793,1156700.25,1928012.9283,2125725.75,268.9218535283132,52.455315108650275,0.4768736192137292,3213653.53875556,3543205.5349,448.2447464716869,87.43365075569756,0.7948632353189871,3906552.25,494.211105066212,96.39974924430243,0.876374438285389,0.06252178410534928,0.01219536398166246,0.00011086860020797185,0.0023788013213862395,2.1625789363198172e-05,1.9660101975598328e-07,non_veg,medium_veg,1,0
679.0,1005.3333,796.5,3206.5,2645.0,0.6020484636522608,-0.09595830129026746,0.0011591803414021152,461041.0,682621.3107,540823.5,2177213.5,1795955.0,408.7909068198851,-65.15568657609161,0.7870834518120362,1010695.04408889,800747.97345,3223601.22645,2659106.5785,605.2593687234574,-96.47007569853885,1.165362597916915,634412.25,2553977.25,2106742.5,479.53160129902574,-76.43078697769803,0.9232871419267847,10281642.25,8481192.5,1930.4683987009744,-307.6902930872426,3.7169117647058827,6996025.0,1592.4181863602298,-253.80970691275743,3.0660320030085946,0.36246235258604764,-0.057771547866486285,0.0006978827436370467,0.009207995586513746,-0.00011123297645001927,1.3436990638931245e-06,veg,high_veg,0,1
760.0,1080.6666,872.0,3374.0,2962.0,0.5892604804521903,-0.06502525252525253,0.001018065799610066,577600.0,821306.616,662720.0,2564240.0,2251120.0,447.8379651436646,-49.419191919191924,0.7737300077036501,1167840.3003555601,942341.2752,3646169.1084000003,3200934.4692,636.794119924635,-70.27061856060607,1.1001897062408914,760384.0,2942128.0,2582864.0,513.8351389543099,-56.7020202020202,0.8877533772599775,11383876.0,9993788.0,1988.16486104569,-219.39520202020202,3.4349540078843623,8773444.0,1745.3895430993875,-192.60479797979798,3.015510898445015,0.3472279138227461,-0.0383168115445553,0.0005999059422101707,0.00422828346597286,-6.619998570696768e-05,1.036457972335683e-06,veg,high_veg,0,1
748.3333,1026.0,872.0,3307.0,2892.0,0.5826752811677435,-0.06694628165833198,0.00103253430411538,560002.72788889,767789.9658,652546.6376,2474738.2231,2164179.9036,436.0353159846853,-50.09813187610904,0.7726798031618658,1052676.0,894672.0,3392982.0,2967192.0,597.8248384781048,-68.68688498144861,1.0593801960223799,760384.0,2883704.0,2521824.0,508.0928451782723,-58.37715760606549,0.9003699131886113,10936249.0,9563844.0,1926.9071548217278,-221.39135344410386,3.414590943709561,8363664.0,1685.0969131371141,-193.6086465558961,2.9860892075016787,0.3395104832839089,-0.039007943488403536,0.0006016322159657693,0.0044818046278767175,-6.912433234519803e-05,1.066127089175032e-06,veg,high_veg,0,1
938.2857,999.5,974.0,1088.75,1409.8,0.055629620652042175,0.12849452682555879,0.00014713215312415,880380.05482449,937816.55715,913890.2718,1021558.5558750001,1322795.17986,52.19647755423585,120.56457704868821,0.13805199528660028,999000.25,973513.0,1088205.625,1409095.0999999999,55.60180584171616,128.430279562146,0.14705858704758792,948676.0,1060442.5,1373145.2,54.18325051508908,125.15366912809425,0.14330671714292212,1185376.5625,1534919.75,60.566749484910915,139.89841608132713,0.16019013171391833,1987536.0399999998,78.42663919524905,181.15158391867277,0.20742690947442669,0.0030946546938901173,0.007148101783169492,8.184905864014647e-06,0.016510843424124247,1.8905676396513316e-05,2.1647870482948327e-08,non_veg,low_veg,1,0
916.5,1208.6666,1187.0,3124.5,2692.3333,0.449379566276238,-0.0742958716042284,0.0007702158775921859,839972.25,1107742.9389,1087885.5,2863604.25,2467523.4694499997,411.8563724921721,-68.09216632527533,0.7059028518132383,1460874.94995556,1434687.2542,3776478.7917,3254133.3357777796,543.1500724805752,-89.7989385259193,0.9309342060353635,1408969.0,3708781.5,3195799.6270999997,533.4135451698945,-88.18919959421912,0.9142462467019247,9762500.25,8412195.395849999,1404.0864548301056,-232.13745082741164,2.4065395095367847,7248658.598288889,1209.8795706250723,-200.02924917258852,2.073677855430166,0.20194199458661977,-0.03338704655762322,0.0003461192770114485,0.005519876537431992,-5.7223859949127144e-05,5.932324980951011e-07,non_veg,medium_veg,1,0
1000.0,1050.0,1188.0,1604.5,2212.3333,0.14914950760966875,0.1592506804004251,0.00037637650601190646,1000000.0,1050000.0,1188000.0,1604500.0,2212333.3,149.14950760966875,159.2506804004251,0.3763765060119065,1102500.0,1247400.0,1684725.0,2322949.965,156.60698299015218,167.21321442044635,0.3951953313125018,1411344.0,1906146.0,2628251.9603999997,177.18961504028647,189.189808315705,0.4471352891421449,2574420.25,3549688.7798499996,239.3103849597135,255.51771670248206,0.6038961038961039,4894418.630288889,329.96842236347356,352.3155832975177,0.8326702775877908,0.022245575620206636,0.023752160568228126,5.6136370547523376e-05,0.025360779207998334,5.9938214669130787e-05,1.4165927427773067e-07,non_veg,low_veg,1,0
342.25,513.5,313.75,3224.0,1975.3334,0.8226273761571621,-0.24015897884140305,0.002604058418380717,117135.0625,175745.375,107380.9375,1103414.0,676057.85615,281.5442194897887,-82.1944105084702,0.8912389936908004,263682.25,161110.625,1655524.0,1014333.7008999999,422.41915765670274,-123.32163563506047,1.3371839978384983,98439.0625,1011530.0,619760.85425,258.0993392693096,-75.34987961149021,0.8170233287669499,10394176.0,6368474.8816,2652.1506607306906,-774.2725477846834,8.395484340859431,3901942.04115556,1624.963331877606,-474.3940522153168,5.1438835693786045,0.6767158000032171,-0.1975613506248868,0.0021421697440724987,0.05767633511814548,-0.0006253880106016722,6.781120246339482e-06,veg,high_veg,0,1
892.6667,962.25,984.5,1833.0,2273.5,0.301153504880213,0.10726896383781809,0.0005740421410813106,796853.83728889,858968.532075,878830.36615,1636258.0611,2029477.74245,268.8297053948536,95.75543196152441,0.5124283037399879,925925.0625,947335.125,1763804.25,2187675.375,289.78496007098494,103.21956045294046,0.5523720502554911,969240.25,1804588.5,2238260.75,296.48562555456965,105.60629489833191,0.5651444878945503,3359889.0,4167325.5,552.0143744454303,196.62401071472055,1.0522192446020422,5168802.25,684.6724933451642,243.87598928527942,1.3050848077483597,0.09069343350163646,0.03230442442462774,0.00017287480273557837,0.011506630602839124,6.157690567303477e-05,3.2952437973721524e-07,non_veg,medium_veg,1,0
677.5,1020.8333,780.5,3265.0,2574.75,0.614139166975652,-0.11819855302024916,0.0011680120435019596,459006.25,691614.5607500001,528788.75,2212037.5,1744393.125,416.0792856260042,-80.0795196712188,0.7913281594725776,1042100.62638889,796760.39065,3333020.7245,2628390.539175,626.9337124830058,-120.66101893488592,1.192345588807849,609180.25,2548332.5,2009592.375,479.33561982449635,-92.25397063230447,0.9116333999532794,10660225.0,8406558.75,2005.1643801755038,-385.91827561111353,3.813559322033898,6629337.5625,1581.25482017056,-304.3317243888865,3.0073390090066705,0.3771669164135477,-0.07259036088958325,0.0007173219434138225,0.013970897936080652,-0.00013805733345215594,1.3642521337656235e-06,veg,high_veg,0,1
772.4,1085.9,1029.0,3275.0,2708.6667,0.5218401486988847,-0.09464653169936751,0.0009880432787118245,596601.76,838749.16,794799.6,2529610.0,2092174.1590800001,403.06933085501856,-73.10498108459147,0.7631646284770133,1179178.8100000003,1117391.1,3556322.5000000005,2941341.1695300005,566.666217472119,-102.77666877234319,1.0729161963531704,1058841.0,3369975.0,2787218.0343000004,536.9735130111524,-97.39128111864918,1.0166965337944673,10725625.0,8870883.4425,1709.0264869888474,-309.9673913154286,3.235841737781225,7336875.291688891,1413.4910335037175,-256.3659086845712,2.676279927205538,0.27231714079407415,-0.04939036017583165,0.0005156006514839121,0.00895796596271938,-9.351486949894572e-05,9.76229520607612e-07,veg,high_veg,0,1
413.5,528.6667,410.66666,2472.6667,1762.0,0.7151445159292994,-0.16782116524070248,0.0020090992492498884,170982.25,218603.68044999999,169810.66391,1022447.6804500001,728587.0,295.7122573367653,-69.39405182703048,0.8307625395648288,279488.47968889,217105.787942222,1307216.54448889,931510.7254,378.07309125944016,-88.72146161795689,1.062143870073416,168647.10563555558,1015441.774982222,723594.65492,293.6860097740022,-68.91855740670738,0.8250700782979591,6114080.609288891,4356838.725400001,1768.3140302259983,-414.9658068458825,4.967832810615199,3104644.0,1260.0846370674255,-295.70089315411775,3.5400328771783034,0.5114316786637519,-0.12001638597875314,0.0014367963100587302,0.028163943502747167,-0.0003371693770933368,4.036479793336465e-06,veg,high_veg,0,1
1060.0,1185.0,1180.0,1923.6666,2308.6667,0.23960904821413487,0.09096639435273214,0.00042315642200632214,1123600.0,1256100.0,1250800.0,2039086.596,2447186.702,253.98559110698295,96.42437801389607,0.44854580732670146,1404225.0,1398300.0,2279544.921,2735770.0395000004,283.9367221337498,107.79517730798759,0.5014403600774917,1392400.0,2269926.588,2724226.7060000002,282.73867689267917,107.34034533622393,0.4993245779674601,3700493.18795556,4441105.021322221,460.9279231073209,174.98901453877943,0.8140118755890668,5329941.931688891,553.1774306306677,210.01108546122077,0.9769271403771432,0.057412495986083605,0.0217963711703298,0.00010139210752263364,0.008274884901536777,3.849301395711824e-05,1.7906135748519258e-07,non_veg,medium_veg,1,0
711.8,971.5,807.3333,3468.6667,2909.0,0.6223885406922358,-0.08775414682614258,0.0011150273126173935,506659.23999999993,691513.7,574659.84294,2468996.95706,2070626.2,443.01616326473345,-62.46340171084828,0.7936764411210607,943812.25,784324.3009500001,3369809.6990500004,2826093.5,604.6504672825071,-85.2531536415975,1.0832490342077978,651787.05728889,2800370.13351111,2348532.5697,502.47499443924704,-70.8468449458342,0.9001986798855319,12031648.67568889,10090351.430300001,2158.8584055607535,-304.38988688275145,3.867658108866443,8462281.0,1810.528264873714,-255.27681311724876,3.243614452403998,0.3873674955850109,-0.054617175382815075,0.000693980221931925,0.0077007902851841895,-9.784827050658594e-05,1.2432859078827668e-06,veg,high_veg,0,1
657.0,1028.0,768.0,3243.3333,2578.5,0.617084922860935,-0.11419655385873033,0.0012119006456612835,431649.0,675396.0,504576.0,2130869.9781,1694074.5,405.42479431963426,-75.02713588518583,0.7962187241994633,1056784.0,789504.0,3334146.6324,2650698.0,634.3633007010411,-117.39405736677477,1.2458338637397994,589824.0,2490879.9743999997,1980288.0,473.92122075719806,-87.70295336350489,0.9307396958678658,10519210.894888889,8362934.91405,2001.4120792428016,-370.3774858752636,3.930597720364741,6648662.25,1591.1534735969208,-294.45581412473615,3.1248858148376195,0.3807938020222861,-0.07046897162889922,0.0007478456164430104,0.013040852913209897,-0.00013839487735368882,1.4687031749542356e-06,veg,high_veg,0,1
993.0,1154.6666,1110.0,2281.0,2151.2,0.34532586257741077,-0.029285682054058973,0.0005680730591351705,986049.0,1146583.9338,1102230.0,2265033.0,2136141.5999999996,342.90858153936887,-29.08068227968056,0.5640965477212243,1333254.9571555601,1281679.926,2633794.5146,2483918.78992,398.7362396343261,-33.81519892604129,0.6559349877432062,1232100.0,2531910.0,2387832.0,383.31170746092596,-32.50710708000546,0.6305610956400393,5202961.0,4906887.199999999,787.6882925390739,-66.80064076530851,1.295774647887324,4627661.4399999995,742.864995576526,-62.99935923469166,1.2220387648115787,0.11924995136483278,-0.010113103416485714,0.00019617031915284124,0.0008576511733714318,-1.6636406993309244e-05,3.2270700051519093e-07,non_veg,medium_veg,1,0
683.6667,852.5,1783.6,2073.3333,2590.0,0.07512012198914611,0.11079343181410606,0.0009789540127308465,467400.15668889,582825.86175,1219387.92612,1417468.93521111,1770696.753,51.35712590391696,75.74577991002491,0.6692782593354558,726756.25,1520519.0,1767516.6382499998,2207975.0,64.03990399574705,94.45140062152541,0.8345582958530466,3181228.9599999995,3697997.2738799993,4619524.0,133.984249579841,197.61116498363955,1.7460623771067378,4298710.972888889,5369933.2469999995,155.74905042015885,229.71171160146548,2.029697953763488,6708100.0,194.56111595188844,286.9549883985347,2.5354908929728923,0.005643032727664193,0.00832281611347179,7.353914485810529e-05,0.012275184533146969,0.00010846167465864056,9.583509590418264e-07,non_veg,low_veg,1,0
732.0,828.6667,877.0,2021.3334,2233.0,0.39482462576596605,0.04975317637306,0.0008702084703650913,535824.0,606584.0244,641964.0,1479616.0488,1634556.0,289.01162606068715,36.41932510507992,0.6369926003072468,686688.49968889,726740.6959,1675011.67817778,1850412.7411,327.17801971221803,41.2288004795816,0.721112781449488,769129.0,1772709.3918,1958341.0,346.26119679675224,43.63353567917362,0.7631728285101851,4085788.71395556,4513637.4821999995,798.0722032032478,100.56775715895704,1.7589814461118691,4986289.0,881.6433893354022,111.09884284104298,1.943175514325249,0.15588648511123515,0.01964377924216152,0.00034357973365027096,0.0024753785592088163,4.329563550740515e-05,7.57262781895152e-07,non_veg,medium_veg,1,0
372.5,553.6667,354.6,3012.0,1843.0,0.7893423632151132,-0.2407826982492276,0.0023462597623784202,138756.25,206240.84575,132088.5,1121970.0,686517.5,294.03003029762965,-89.69155509783728,0.8739817614859615,306546.81468889,196330.21182,1667644.1003999999,1020407.7281,437.0325814115131,-133.3133619567456,1.2990458999788441,125741.16000000002,1068055.2,653527.8,279.90080199607917,-85.38154479917611,0.8319837117393879,9072144.0,5551116.0,2377.499198003921,-725.2374871266735,7.066934404283802,3396649.0,1454.7579754054536,-443.76251287332644,4.324156742063429,0.6230613663660197,-0.1900599840573568,0.0018520022255523122,0.05797630777617859,-0.0005649387563790676,5.504934872556041e-06,veg,high_veg,0,1
950.3333,971.2,1221.0,1478.0,2264.3333,0.09522045201926639,0.21011845738058654,0.0003752775240945732,903133.38108889,922963.70096,1160356.9593,1404592.6174,2151871.33728889,90.4911663949611,199.68256699340216,0.3566387278886253,943229.4400000001,1185835.2,1435433.6,2199120.50096,92.47810300111152,204.06704580802565,0.3644695314006495,1490841.0,1804638.0,2764750.9592999998,116.26417191552426,256.5546364616962,0.4582138569194739,2184484.0,3346684.6174,140.7358280844757,310.55508000850693,0.5546601806117792,5127205.293488889,215.61084034827712,475.77821999149285,0.8497533945488944,0.009066934482753412,0.020007574489370412,3.57340954769564e-05,0.044149766131997364,7.885273445235762e-05,1.40833220090553e-07,non_veg,low_veg,1,0
882.1667,1030.0,1011.75,2065.0,2265.0,0.3423255058097018,0.046189376443418015,0.0006485758912105174,778218.08658889,908631.701,892532.158725,1821674.2355,1998107.5755,301.9881617859754,40.7467297921478,0.5721520536487411,1060900.0,1042102.5,2126950.0,2332950.0,352.59527098399286,47.57505773672055,0.6680331679468329,1023638.0625,2089263.75,2291613.75,346.3478305029658,46.73210161662818,0.6561966579322409,4264225.0,4677225.0,706.9021694970342,95.3810623556582,1.3393092153497184,5130225.0,775.3672706589746,104.6189376443418,1.469024393591822,0.11718675192786816,0.015811801654027798,0.00022202407001461848,0.002133458496231779,2.9957315991247916e-05,4.2065068665951684e-07,non_veg,medium_veg,1,0
1676.3334,1753.4667,1787.3334,1877.6666,1867.625,0.024647530695770813,-0.0026811263507493027,6.392599849216736e-05,2810093.66795556,2939394.7949977797,2996166.67535556,3147595.23564444,3130762.166175,41.31747893284585,-4.4944616513811715,0.10716128640076979,3074645.46800889,3134029.5986977797,3292425.85680222,3274818.2455875,43.21862431226195,-4.701265774531422,0.11209210962026568,3194560.68275556,3356016.22824444,3338068.541175,44.053354840076416,-4.792066676314343,0.11425707223340036,3525631.86075556,3506777.083825,46.27984515992362,-5.034261399181851,0.12003171224039301,3488023.140625,46.03234451568896,-5.007338600818167,0.11938979293393406,0.0006075007693989644,-6.608314402933342e-05,1.5756180100934937e-06,7.188438508682273e-06,-1.713936790553101e-07,4.086533283220584e-09,non_veg,low_veg,1,0
1316.0,1413.5,1422.3334,1619.0,1790.0,0.06466459744268747,0.05016133763567029,0.0001421052113217051,1731856.0,1860166.0,1871790.7544,2130604.0,2355640.0,85.09861023457671,66.0123203285421,0.1870104580993639,1997982.25,2010468.2608999999,2288456.5,2530165.0,91.40340848523874,70.90305074801995,0.20086571620323015,2023032.30075556,2302757.7746,2545976.786,91.97461674028898,71.34614590789089,0.2021209883769193,2621161.0,2898010.0,104.69198325971102,81.2112056321502,0.23006833712984057,3204100.0,115.74962942241058,89.78879436784982,0.25436832826585215,0.004181510162424824,0.0032436627053973478,9.189176284626095e-06,0.0025161597933997123,7.128187484896326e-06,2.0193891084786463e-08,non_veg,low_veg,1,0
952.5,1083.5,996.5,1784.0,1988.6666,0.28322244200683333,0.05424985075543119,0.0004888174556331288,907256.25,1032033.75,949166.25,1699260.0,1894204.9365,269.76937601150877,51.67298284454821,0.46559862649055517,1173972.25,1079707.75,1932964.0,2154720.2611000002,306.8715159144039,58.779713293509694,0.5296337131784951,993012.25,1777756.0,1981706.2669,282.2311634598094,54.059976277787186,0.4871065945384128,3182656.0,3547781.2144,505.26883654019065,96.78173374768924,0.8720503408495017,3954794.84595556,563.2350107894264,107.88486625231079,0.972094947514585,0.08021495165631407,0.015364775209459475,0.00013844407347998164,0.002943046306986558,2.6518274014746846e-05,2.3894250493164585e-07,non_veg,medium_veg,1,0
405.5,601.75,416.5,3135.5,1909.75,0.7654842342342343,-0.24295129081809622,0.002141880771383061,164430.25,244009.625,168890.75,1271445.25,774403.625,310.403856981982,-98.51674842673802,0.8685326527958311,362103.0625,250628.875,1886787.125,1149192.0625,460.6301379504505,-146.1959392497894,1.2888767541797568,173472.25,1305935.75,795410.875,318.82418355855856,-101.18921262573707,0.8920933412810448,9831360.25,5988021.125,2400.1758164414414,-761.7737723601407,6.715867158671587,3647145.0625,1461.8835163288288,-463.97622763985925,4.0904568031488004,0.5859661128611721,-0.18597538280810913,0.0016395759621031934,0.05902532971017916,-0.0005203726981859743,4.5876532388204955e-06,veg,high_veg,0,1
2574.0,2692.6667,2694.0,2680.5,3384.5,-0.0025118615685180016,0.11607584501236604,1.5429667338545373e-05,6625476.0,6930924.0858000005,6934356.0,6899607.0,8711703.0,-6.465531677365336,298.7792250618302,0.03971596372941579,7250453.957288891,7254044.0898,7217693.089350001,9113330.446150001,-6.763606000558192,312.55356253915915,0.041546951434578754,7257636.0,7221267.0,9117843.0,-6.766955065587497,312.7083264633141,0.04156752381004124,7185080.25,9072152.25,-6.733044934412503,311.14130255564714,0.041359223300970874,11454840.25,-8.501395478649176,392.85869744435286,0.052221709107306814,6.309448539397715e-06,-0.0002915664541198142,-3.875718840270956e-08,0.01347360179533482,1.791011674581359e-06,2.3807463417817384e-10,non_veg,low_veg,1,0
344.2,507.33334,354.66666,3119.3333,1910.5,0.7958165434175768,-0.24033267663164895,0.002577218737552737,118473.64,174624.135628,122076.26437199999,1073674.52186,657594.1,273.92005424432995,-82.72250729661357,0.8870786894656519,257387.11787555562,179934.2212044444,1582541.781662222,969260.3460700001,403.7442649992943,-121.92877954667442,1.3075089900332135,125788.43971555558,1106323.522937778,677590.6539299999,282.2495954266569,-85.23798770980697,0.9140535617372457,9730240.236488888,5959486.269649999,2482.417044573343,-749.6777212952344,8.039204229432212,3650010.25,1520.4075061992805,-459.15557870476533,4.923776398094503,0.6333239707770999,-0.1912607199872931,0.00205099330735023,0.057759795456932744,-0.0006193898774612884,6.6420564211929224e-06,veg,high_veg,0,1
981.0,1026.0,1004.5,1269.0,2167.5,0.11634044424895536,0.2614578786556089,0.00023111034074330862,962361.0,1006506.0,985414.5,1244889.0,2126317.5,114.12997580822521,256.4901789611523,0.22671924426918577,1052676.0,1030617.0,1301994.0,2223855.0,119.3652957994282,268.25578350065473,0.23711920960263466,1009020.25,1274710.5,2177253.75,116.86397624807566,262.63443910955914,0.23215033727665352,1610361.0,2750557.5,147.63602375192434,331.7900480139677,0.29327902240325865,4698056.25,252.16791290961075,566.7099519860323,0.5009316635611214,0.01353509896804429,0.030418125755183,2.6887479712603972e-05,0.0683602223110911,6.042561942612041e-05,5.341198959848822e-08,non_veg,low_veg,1,0
920.75,947.3333,1081.3334,1239.6666,2189.5,0.06821766479965534,0.27698665909087067,0.0002790995130896365,847780.5625,872257.135975,995637.72805,1141423.02195,2015982.125,62.81141486428265,255.03546635791918,0.2569808766772828,897440.38128889,1024383.13822222,1174377.45107778,2074186.26035,64.62486551295133,262.3986858125295,0.26440026276359857,1169281.9219555599,1340492.89944444,2367579.4793,73.76603941787162,299.5149258293721,0.30179962542756117,1536773.27915556,2714250.0207,84.56716058212842,343.37110992053874,0.3459903444534852,4793910.25,149.36257707884536,606.4622900794614,0.6110883839097592,0.004653649790718135,0.018895383063837423,1.9039517029695843e-05,0.0767216093143222,7.730684168458715e-05,7.789653820687218e-08,non_veg,low_veg,1,0
887.8,931.6667,1068.6666,1272.0,2214.5,0.0868698686092244,0.2703284095798078,0.00033983351165305217,788188.84,827133.69626,948762.20748,1129281.5999999999,1966033.0999999999,77.12306935126942,239.99756202495337,0.3017041916455797,868002.83988889,995641.08462222,1185080.0424,2063175.9071499999,80.93376381658967,251.85597726946793,0.3166115663512107,1142048.30195556,1359343.9152,2366562.1857000003,92.83492712906657,288.89094234906065,0.36316872346432766,1617984.0,2816844.0,110.49847287093343,343.85773698551554,0.43226822682268234,4904010.25,192.37332403512744,598.6422630144843,0.7525613115556841,0.00754637407218391,0.0234833934215385,2.952129250631197e-05,0.07307744902594833,9.186665272709067e-05,1.1548681564244515e-07,non_veg,low_veg,1,0
1274.6666,1350.0,1466.0,1882.0,2459.5,0.12425328554360812,0.13301854197857882,0.00025297078107676147,1624774.94115556,1720799.91,1868661.2356,2398922.5412,3135042.5027,158.38151302270012,169.55429264079234,0.3224534054144599,1822500.0,1979100.0,2540700.0,3320325.0,167.74193548387098,179.5750316710814,0.341510554453628,2149156.0,2759012.0,3605627.0,182.15531660692952,195.00518254059654,0.37085516505853233,3541924.0,4628779.0,233.84468339307048,250.34089600368534,0.4760910099864651,6049140.25,305.60095579450416,327.1591039963146,0.6221816360582948,0.015438878968381415,0.016527990879058777,3.143245069532042e-05,0.017693932510106935,3.3649804462013066e-05,6.399421607858678e-08,non_veg,low_veg,1,0
3419.0,3522.0,3605.3333,3629.5,5298.5,0.003340325754292116,0.18693996415770608,1.6958178151904994e-05,11689561.0,12041718.0,12326634.5527,12409260.5,18115571.5,11.420573753924744,639.1477374551971,0.05798001110136317,12404484.0,12697983.8826,12783099.0,18661317.0,11.764627306616832,658.4025537634408,0.05972670345100939,12998428.204088889,13085557.21235,19102858.49005,12.042987674796983,673.9808778785841,0.06113988439839553,13173270.25,19230905.75,12.123712325203236,678.4985999103942,0.061549707602339174,28074102.25,17.698716009116776,990.5014000896057,0.08985290693786861,1.1157776144787193e-05,0.0006244403767824308,5.664583922668213e-08,0.034946550199284436,3.170161215897114e-06,2.875798062317479e-10,non_veg,low_veg,1,0
700.0,1028.0,902.0,3333.3333,2918.5,0.5740594960968006,-0.06635386455361818,0.001126961480599144,490000.0,719600.0,631400.0,2333333.31,2042950.0,401.84164726776044,-46.447705187532726,0.7888730364194008,1056784.0,927256.0,3426666.6324,3000218.0,590.133161987511,-68.21177276111949,1.15851640205592,813604.0,3006666.6366,2632487.0,517.8016654793141,-59.851185827363594,1.0165192555004279,11111110.888888888,9728333.236049999,1913.5316345206854,-221.1795463002651,3.75653823109843,8517642.25,1675.3926393585127,-193.65375369973466,3.2890370811286016,0.32954430505891263,-0.03809106604972541,0.0006469429396732489,0.004402835341199907,-7.47782494408206e-05,1.2700421787542147e-06,veg,high_veg,0,1
906.6667,1188.0,1125.3334,3078.0,2830.0,0.4645519196740378,-0.04197698036560596,0.0007771976428716472,822044.50488889,1077120.0396,1020302.32017778,2790720.1026,2565866.761,421.1937559895249,-38.05913026404875,0.7046592221102148,1411344.0,1336896.0792,3656664.0,3362040.0,551.887680572757,-49.86865267433988,0.9233107997315169,1266375.26115556,3463776.2051999997,3184693.522,522.7757912433118,-47.238098036560594,0.8746064659247365,9474084.0,8710740.0,1429.8908087566883,-129.20514556533513,2.39221434475893,8008900.0,1314.681932677527,-118.79485443466487,2.1994693293267615,0.21580848607283368,-0.019500486810961642,0.00036104865696216093,0.0017620668806144681,-3.2624410195018365e-05,6.040361760852444e-07,non_veg,medium_veg,1,0
991.75,1046.5,1158.1666,1405.0,2175.5,0.09630017806879973,0.21519340874179585,0.00029627611571795875,983568.0625,1037866.375,1148611.72555,1393408.75,2157552.125,95.50570159973213,213.41806311967602,0.2938318377632856,1095162.25,1212021.3469,1470332.5,2276660.75,100.77813634899891,225.19990224828936,0.31005295509884384,1341349.87335556,1627224.073,2519591.4383,111.53164981333634,249.22981854489598,0.34313710160227484,1974025.0,3056577.5,135.3017501866636,302.34673928222315,0.41626794258373206,4732800.25,209.5010373886738,468.15326071777685,0.6445486897444193,0.009273724296082536,0.020723163581066944,2.8531442701171743e-05,0.046308203165913615,6.375666727012631e-05,8.777953674492129e-08,non_veg,low_veg,1,0
933.0,989.3333,987.5,1144.8572,1477.2,0.07379495330332081,0.12674887489105885,0.00019812762435271453,870489.0,923047.9689,921337.5,1068151.7676,1378227.6,68.85069143199831,118.25670027335791,0.18485307352108266,978780.37848889,976966.63375,1132645.35170476,1461443.15076,73.00780467492028,125.3968826672584,0.19601425642203144,975156.25,1130546.4849999999,1458735.0,72.8725163870293,125.16451395492061,0.19565102904830559,1310698.00839184,1691183.05584,84.48468361297061,145.10936201092792,0.22682783725910055,2182119.8400000003,109.00990501966551,187.23343798907214,0.2926741266938299,0.005445695133039299,0.00935342730383414,1.4620818787206456e-05,0.016065277286149288,2.5112453471544917e-05,3.925455553165036e-08,non_veg,low_veg,1,0
720.0,1063.3334,919.5,3267.5,2712.55,0.5607833771196561,-0.0928002274228476,0.001081342647665881,518400.0,765600.048,662040.0,2352600.0,1953036.0000000002,403.7640315261524,-66.81616374445028,0.7785667063194344,1130677.91955556,977735.0613,3474441.8845,2884345.0141700003,596.2996950561261,-98.67758134630978,1.1498277541075634,845480.25,3004466.25,2494189.725,515.6403152615238,-85.32980911530836,0.9942945645287776,10676556.25,8863257.125,1832.3596847384763,-303.2247431041545,3.5332871012482667,7357927.502500001,1521.1529496059231,-251.7252568958453,2.933195998926086,0.3144779960537264,-0.0520408249316566,0.0006063989817815832,0.008611882209732236,-0.00010034884362541793,1.1693019216610578e-06,veg,high_veg,0,1
923.5,980.6,1010.0,1348.6666,2299.0,0.1435839215258316,0.26053186988087124,0.0003409946948785342,852852.25,905584.1,932735.0,1245493.6051,2123126.5,132.59975152910548,240.60118183498457,0.31490860072032634,961576.3600000001,990406.0,1322502.46796,2254399.4,140.79839344823048,255.47755160518233,0.33437939779789067,1020100.0,1362153.266,2321990.0,145.01976074108993,263.13718857967996,0.34440464182731956,1818901.59795556,3100584.5134,193.64683925891012,351.370631143877,0.4598881557598702,5285401.0,330.09943558788683,598.9627688561229,0.7839468035257502,0.02061634252073617,0.037408187559953184,4.896135551016435e-05,0.06787685522362322,8.883998547616167e-05,1.1627738193530465e-07,non_veg,low_veg,1,0
1249.0,1339.3334,1338.0,1401.6,1751.5,0.02321506789312305,0.11097015635406429,8.710045662100452e-05,1560001.0,1672827.4165999999,1671162.0,1750598.4,2187623.5,28.99561979851069,138.6017252862263,0.10878847031963465,1793813.9563555599,1792028.0892,1877209.6934399998,2345842.4501,31.09271581252733,148.62603680822053,0.1166565507077625,1790244.0,1875340.7999999998,2343507.0,31.06176084099864,148.478069201738,0.11654041095890405,1964482.5599999998,2454902.4,32.538239159001265,155.5357711458565,0.12207999999999992,3067752.25,40.661191414805025,194.36422885414362,0.15255644977168942,0.0005389393772823127,0.002576179713870083,2.022043013978639e-06,0.012314375601245476,9.665551289743266e-06,7.58648954358749e-09,non_veg,low_veg,1,0
918.5,1177.0,1183.0,2952.6667,2933.375,0.42790360741594585,-0.0032775336946729784,0.0007492390090361077,843642.25,1081074.5,1086585.5,2712024.36395,2694304.9375,393.02946341154626,-3.0104146985571307,0.6881760297996649,1385329.0,1392391.0,3475288.7059000004,3452582.375,503.64254592856827,-3.857657158630096,0.8818543136354987,1399489.0,3493004.7061,3470182.625,506.2099675730639,-3.8773223607981335,0.8863497476897153,8718240.641288891,8661278.6811125,1263.4567324269365,-9.677464598388871,2.2122530723219143,8604688.890625,1255.2017444037501,-9.614235401611348,2.197798978131292,0.1831014972395799,-0.0014024684913778807,0.00032060207478329893,1.0742227119716705e-05,-2.455656097479235e-06,5.613590926614086e-07,non_veg,medium_veg,1,0
728.0,1043.0,971.5,3290.0,2677.3333,0.5440572568344479,-0.10267009888654957,0.0010682076875930303,529984.0,759304.0,707252.0,2395120.0,1949098.6423999998,396.0736829754781,-74.7438319894081,0.7776551965677261,1087849.0,1013274.5,3431470.0,2792458.6319,567.4517188783292,-107.0849131386712,1.1141406181595306,943812.25,3196235.0,2601029.3009499996,528.5516250146662,-99.74400106828291,1.037763768496629,10824100.0,8808426.557,1789.9483749853337,-337.7846253367481,3.5144032921810697,7168113.599288889,1456.62261082952,-274.88207466325207,2.859948013308817,0.29599829871422445,-0.05585841235913767,0.000581166144241333,0.010541149205373867,-0.00010967298891654887,1.141067663832849e-06,veg,high_veg,0,1
679.5,865.5,1457.0,2287.75,2470.75,0.22184391481407303,0.03845749711043396,0.0010330393541745637,461720.25,588107.25,990031.5,1554526.125,1678874.625,150.74294011616263,26.131869286539878,0.7019502411616161,749090.25,1261033.5,1980047.625,2138434.125,192.0059082715802,33.284963749080596,0.8940955610380849,2122849.0,3333251.75,3599882.75,323.2265838841044,56.03257328990228,1.5051383390323394,5233800.0625,5652458.3125,507.5234161158956,87.9811390143953,2.3633357825128583,6104605.5625,548.120852526871,95.0188609856047,2.552381984326803,0.049214722540033694,0.008531561712929571,0.00022917349448708693,0.0014789790839990365,3.972810797813285e-05,1.0671703072733997e-06,non_veg,medium_veg,1,0
939.5,971.5,966.75,1430.0,2120.0,0.19328257014707417,0.19436619718309858,0.00036470706327165655,882660.25,912724.25,908261.625,1343485.0,1991740.0,181.5889746531762,182.60704225352112,0.3426422859437213,943812.25,939197.625,1389245.0,2059580.0,187.77401689788255,188.82676056338028,0.35431291196841436,934605.5625,1382452.5,2049510.0,186.85592468968395,187.90352112676055,0.352580553417874,2044900.0,3031600.0,276.39407531031605,277.943661971831,0.5215311004784688,4494400.0,409.7590487117972,412.056338028169,0.7731789741359119,0.03735815192265865,0.0375675981412623,7.049151853993737e-05,0.03777821860741916,7.088672497392761e-05,1.330112420002361e-07,non_veg,low_veg,1,0
918.2857,996.0,1075.2,1796.0,2208.0,0.251044859292282,0.1028971028971029,0.0005316139115567062,843248.62682449,914612.5572,987340.7846400001,1649241.1172,2027574.8256,230.53090434661468,94.48893816183816,0.48817345290358805,992016.0,1070899.2,1788816.0,2199168.0,250.04067985511287,102.48551448551449,0.5294874559104794,1156055.04,1931059.2000000002,2374041.6,269.9234327110616,110.63496503496503,0.5715912777057706,3225616.0,3965568.0,450.8765672889384,184.8031968031968,0.9547785851558444,4875264.0,554.3070493173586,227.1968031968032,1.1738035167172074,0.06302352137708166,0.025831788718386657,0.00013345893962457295,0.01058781378461698,5.4701531358981754e-05,2.8261335096062143e-07,non_veg,medium_veg,1,0
1077.0,1064.0,1153.5,1511.0,2507.6667,0.13417151435541377,0.2480092962175739,0.000266444343214694,1159929.0,1145928.0,1242319.5,1627347.0,2700757.0359,144.50272096078064,267.1060120263271,0.28696055764222544,1132096.0,1227324.0,1607704.0,2668157.3688000003,142.75849127416026,263.8818911754986,0.2834967811804344,1330562.25,1742938.5,2892593.5384500003,154.7668418089698,286.0787231869715,0.3073435498981495,2283121.0,3789084.3837,202.7331581910302,374.7420465847542,0.4025974025974026,6288392.278288892,336.4574386376431,621.9246534152461,0.6681536068828591,0.018001995264425006,0.033275782847732284,3.5749241020549106e-05,0.06150861101033631,6.608067404182996e-05,7.099258803110965e-08,non_veg,low_veg,1,0
843.5,924.0,1082.6666,2020.0,2277.0,0.3021057434917435,0.05980916918780545,0.0006896693221720041,711492.25,779394.0,913229.2771000001,1703870.0,1920649.5,254.82619463528565,50.4490342099139,0.5817360732520854,853776.0,1000383.9384,1866480.0,2103948.0,279.145706986371,55.263672329532234,0.6372544536869318,1172166.9667555601,2186986.532,2465231.8482,327.07979814667806,64.75338985338608,0.7466819401602683,4080400.0,4599540.0,610.2536018533219,120.814521759367,1.3931320307874482,5184729.0,687.8947779307,136.185478240633,1.5703770465856532,0.09126788025069912,0.018068693525105442,0.0002083530633382201,0.0035771367189355364,4.12485491734245e-05,4.756437739451916e-07,non_veg,medium_veg,1,0
1071.3334,1115.3334,1206.0,1884.0,2228.0,0.21941747572815534,0.08365758754863813,0.00040225521140514737,1147755.25395556,1194893.92355556,1292028.0804,2018392.1256,2386930.8152,235.06927029126214,89.62516770428014,0.4309494433023953,1243968.5931555599,1345092.0804,2101288.1256,2484962.8152,244.72363922330098,93.30610155642023,0.44864867260422175,1454436.0,2272104.0,2686968.0,264.61747572815534,100.89105058365757,0.4851197849546077,3549456.0,4197552.0,413.38252427184466,157.61089494163423,0.7578488182872977,4963984.0,488.8621359223301,186.38910505836574,0.8962246110106683,0.04814402865491564,0.018355936685429338,8.826182308501292e-05,0.006998591954458053,3.365170056502205e-05,1.618092551025998e-07,non_veg,medium_veg,1,0
1470.0,1614.0,1653.5,1751.0,1825.375,0.028638566603025408,0.020796197266785502,0.00010909566680552746,2160900.0,2372580.0,2430645.0,2573970.0,2683301.25,42.09869290644735,30.570409982174688,0.16037063020412537,2604996.0,2668749.0,2826114.0,2946155.25,46.22264649728301,33.5650623885918,0.17608040622412133,2734062.25,2895278.5,3018257.5625,47.353869878102515,34.38651218062983,0.18038968506293965,3066001.0,3196231.625,50.14613012189749,36.41414141414141,0.19102651257647857,3331993.890625,52.27612351299751,37.96085858585859,0.19914050279513967,0.0008201674970759223,0.0005955732805144916,3.124343519911566e-06,0.0004324818207590568,2.268775007839252e-06,1.1901864515742666e-08,non_veg,low_veg,1,0
366.0,531.0,363.0,3132.0,1990.4286,0.792274678111588,-0.22285745476276625,0.002406380824120183,133956.0,194346.0,132858.0,1146312.0,728496.8676,289.9725321888412,-81.56582844317245,0.880735381627987,281961.0,192753.0,1663092.0,1056917.5866,420.6978540772532,-118.33730847902888,1.2777882176078172,131769.0,1136916.0,722525.5818,287.59570815450644,-80.89725607888415,0.8735162391556265,9809424.0,6234022.3752,2481.404291845494,-697.9895483169839,7.536784741144413,3961806.0116979596,1576.9661783690988,-443.58185168301617,4.789729214820382,0.6276991655768204,-0.1765643182369384,0.001906514592843716,0.049665445143338406,-0.0005362799056533519,5.790668670693332e-06,veg,high_veg,0,1
3779.5,3961.0,4028.25,3853.5,5243.0,-0.022171472071557712,0.15275105809926895,5.079571923194744e-06,14284620.25,14970599.5,15224770.875,14564303.25,19815918.5,-83.79707869445237,577.322624086187,0.019198242083714536,15689521.0,15955898.25,15263713.5,20767523.0,-87.8212008754401,605.0469411312043,0.02012018438777438,16226798.0625,15522861.375,21120114.75,-89.31223237225235,615.3194497883801,0.02046178559960923,14849462.25,20203900.5,-85.43776762774765,588.6262023855329,0.019574130406030947,27489049.0,-116.24502807117709,800.8737976144671,0.026632195593310044,0.0004915741738198636,-0.003386715818548831,-1.1262158703058097e-07,0.023332885750446238,7.759099859593357e-07,2.5802050922908352e-11,non_veg,low_veg,1,0
1236.0,1299.2,1286.0,1323.0,1672.4,0.014181678804139517,0.11664552313547442,5.316057978028182e-05,1527696.0,1605811.2,1589496.0,1635228.0,2067086.4000000001,17.52855500191644,144.17386659544638,0.06570647660842834,1687920.6400000001,1670771.2,1718841.6,2172782.08,18.42483710233806,151.54586365760838,0.06906622525054214,1653796.0,1701378.0,2150706.4,18.237638942123418,150.00614275222011,0.06836450559744242,1750329.0,2212585.2,18.762361057876582,154.32202710823267,0.07033144704931285,2796921.7600000002,23.71743963204293,195.07797289176744,0.08890575362454332,0.00020112001370378003,0.0016542293430481232,7.539062674857905e-07,0.0136061780675485,6.200943638656097e-06,2.8260472425757084e-09,non_veg,low_veg,1,0
999.25,1138.6666,1084.0,1929.5,2024.0,0.2805707648913224,0.023902870873909195,0.00048199922032966753,998500.5625,1137812.60005,1083187.0,1928052.875,2022482.0,280.3603368176539,23.884943720753764,0.4816377209144203,1296561.62595556,1234314.5944,2197057.2047,2304661.1984,319.4765589182014,27.21740070823321,0.5488364134154334,1175056.0,2091578.0,2194016.0,304.1387091421935,25.910712027317565,0.5224871548373596,3722970.25,3905308.0,541.3612908578066,46.12058935120779,0.9300174956260935,4096576.0,567.8752281400365,48.37941064879221,0.9755664219472471,0.0787199541117017,0.006706446764191214,0.00013523488992491585,0.0005713472360147766,1.152116512486495e-05,2.3232324839840738e-07,non_veg,medium_veg,1,0
377.0,533.0,372.0,2596.0,1764.0,0.7493261455525606,-0.1908256880733945,0.002261313701991668,142129.0,200941.0,140244.0,978692.0,665028.0,282.4959568733153,-71.94128440366973,0.8525152656508588,284089.0,198276.0,1383668.0,940212.0,399.3908355795148,-101.71009174311928,1.205280203161559,138384.0,965712.0,656208.0,278.7493261455526,-70.98715596330275,0.8412086971409005,6739216.0,4579344.0,1945.2506738544473,-495.38348623853216,5.87037037037037,3111696.0,1321.811320754717,-336.6165137614679,3.9889573703133023,0.5614896724086572,-0.14299067731645193,0.0016944614801986083,0.03641444322868446,-0.00043151674313235503,5.113539658815262e-06,veg,high_veg,0,1
1045.2,1174.5,1132.0,1702.8334,2016.875,0.2013640025547886,0.08442640288684995,0.0003691449966542508,1092443.04,1227587.4000000001,1183166.4000000001,1779801.46968,2108037.75,210.46565547026503,88.24247629733557,0.38583035050302295,1379450.25,1329534.0,1999977.8283,2368819.6875,236.5020210005992,99.15881019060527,0.43356079857041757,1281424.0,1927607.4088,2283102.5,227.9440508920207,95.57068806791415,0.4178721362126119,2899641.5881555597,3434402.1136249998,342.88934910797934,143.7640986775845,0.6285924297457465,4067784.765625,406.12602265268924,170.2775013224155,0.7445193151270421,0.040547461524884906,0.017000438406599264,7.433251404937398e-05,0.007127817504412706,3.1165584211196655e-05,1.3626802855486683e-07,non_veg,medium_veg,1,0
788.5,1091.0,981.5,3196.0,2988.0,0.5301017354877319,-0.03363518758085381,0.0009541296474931853,621732.25,860253.5,773912.75,2520046.0,2356038.0,417.9852184320766,-26.521345407503233,0.7523312270483766,1190281.0,1070816.5,3486836.0,3259908.0,578.3409934171154,-36.69598965071151,1.0409554454150651,963342.25,3136874.0,2932722.0,520.2948533812088,-33.012936610608016,0.9364782490145614,10214416.0,9549648.0,1694.205146618791,-107.49805950840879,3.0493983533882205,8928144.0,1583.9439856373428,-100.5019404915912,2.850939386709638,0.28100784996710526,-0.017830071310066014,0.0005057857820164354,0.0011313258435992227,-3.209232966988721e-05,9.103633842254701e-07,veg,high_veg,0,1
1616.0,1715.8334,1704.0,1832.0,1769.2,0.03619909502262444,-0.017438631567255346,7.291523199196312e-05,2611456.0,2772786.7744,2753664.0,2960512.0,2859027.2,58.49773755656109,-28.18082861268464,0.1178310148990124,2944084.25655556,2923780.1136,3143406.7887999997,3035652.45128,62.11161628959277,-29.92178649339107,0.12511039042055885,2903616.0,3121728.0,3014716.8000000003,61.683257918552044,-29.71542819060311,0.12424755531430515,3356224.0,3241174.4,66.31674208144797,-31.947573031211796,0.13358070500927643,3130068.64,64.04343891402716,-30.85242696878816,0.12900162844018115,0.0013103744804569934,-0.0006312626811676144,2.6394654114737784e-06,0.00030410587093847465,-1.2715418663487949e-06,5.316631056441802e-09,non_veg,low_veg,1,0
665.6667,747.5,1450.0,1848.0,2954.5,0.12067919951485749,0.2304008328995315,0.0009596860721455666,443112.15548889,497585.85825,965216.715,1230152.0616,1966712.2651499999,80.33212449969679,153.37016211348256,0.6388310606811012,558756.25,1083875.0,1381380.0,2208488.75,90.20770163735598,172.2246225923998,0.717365338928811,2102500.0,2679600.0,4284025.0,174.98483929654336,334.08120770432066,1.3915448046110717,3415104.0,5459916.0,223.01516070345664,425.78073919833423,1.773499861325007,8729070.25,356.54669496664644,680.7192608016659,2.8353925001540765,0.014563469195546781,0.027804588081871903,0.00011581414697208476,0.053084543800797836,0.00022111247034441842,9.209973570701857e-07,non_veg,low_veg,1,0
724.8,1050.0,869.25,3376.0,2704.6667,0.5904834815381897,-0.11040455481633285,0.001081989607153538,525335.0399999999,761040.0,630032.3999999999,2446924.8,1960342.42416,427.9824274188799,-80.02122133087805,0.7842260672648843,1102500.0,912712.5,3544800.0,2839900.035,620.0076556150992,-115.9247825571495,1.1360890875112148,755595.5625,2934588.0,2351031.528975,513.2777663270714,-95.96915927409734,0.9405194660182129,11397376.0,9130954.7792,1993.4722336729285,-372.72577705993973,3.652796913750344,7315221.958088892,1597.0610094164067,-298.6075229400601,2.9264212602142563,0.3486707419694617,-0.06519206590562214,0.0006388969902201592,0.012189165724192645,-0.00011945658089368522,1.1707015099882674e-06,veg,high_veg,0,1
695.6667,1044.0,856.0,3214.0,2615.8,0.5793611793611794,-0.10261072421009293,0.0011247144726446153,483952.15748889,726276.0348,595490.6952,2235872.7738,1819724.95386,403.0422797542997,-71.38286389584546,0.7824264056269198,1089936.0,893664.0,3355416.0,2730895.2,604.8530712530712,-107.12559607533701,1.1742019094409784,732736.0,2751184.0,2239124.8000000003,495.9331695331695,-87.83477992383955,0.9627555885837906,10329796.0,8407181.200000001,1862.0668304668304,-329.7908676112387,3.6148323150797936,6842409.640000001,1515.4929729729731,-268.4091323887611,2.9420281175437846,0.3356593761507766,-0.059448670193464156,0.0006516159033159712,0.01052896072291975,-0.00011540776656763672,1.264982644976255e-06,veg,high_veg,0,1
740.5,1111.5,913.25,3409.0,2705.75,0.5774191682572735,-0.11500879022036878,0.0010556721161923725,548340.25,823065.75,676261.625,2524364.5,2003607.875,427.578894094511,-85.16400915818308,0.7817252020404518,1235432.25,1015077.375,3789103.5,3007441.125,641.8014055179594,-127.8322703299399,1.173379557147822,834025.5625,3113269.25,2471026.1875,527.328055410955,-105.03177766875179,0.9640925601126842,11621281.0,9223901.75,1968.4219445890453,-392.06496586123717,3.5987862440997977,7321083.0625,1562.3519145121177,-311.18503413876283,2.8563848283875117,0.3334128958709215,-0.06640827999132058,0.0006095653152841954,0.013227021827952793,-0.00012141157295266134,1.114443616906082e-06,veg,high_veg,0,1
983.8571,1035.3334,1145.3334,1336.0,2139.2,0.0768403794508227,0.23112338858195208,0.00026763275095448866,967974.7932204099,1018620.11645714,1126844.39745714,1314433.0855999999,2104667.1083199997,75.599952889386,227.39238683241248,0.2633123822191054,1071915.24915556,1185801.92315556,1383205.4224,2214785.2092799996,79.5554113141104,239.28976372007364,0.277089125997064,1311788.59715556,1530165.4224,2450097.2092799996,88.0078530537009,264.71333646408834,0.3065287286020577,1784896.0,2857971.1999999997,102.65874694629913,308.780847145488,0.35755735527519683,4576176.64,164.3769397211999,494.4191528545119,0.5725199808418421,0.005904443914146415,0.01775960887859714,2.056500213681044e-05,0.05341802074960402,6.185618829611108e-05,7.162728938346735e-08,non_veg,low_veg,1,0
1222.0,1288.0,1340.0,1458.6666,1802.0,0.0424011205907842,0.10529546320375104,0.00013266442403628019,1493284.0,1573936.0,1637480.0,1782490.5852,2202044.0,51.81416936193829,128.67105603498376,0.1621159261723344,1658944.0,1725920.0,1878762.5808,2320976.0,54.61264332093005,135.62055660643134,0.17087177815872887,1795600.0,1954613.244,2414680.0,56.817501591650824,141.0959206930264,0.17777032820861544,2127708.24995556,2628517.2132,61.84909840834918,153.59097530684062,0.1935131643499591,3247204.0,76.40681930459313,189.74242469315936,0.2390612921133769,0.0017978550273542238,0.004464645632964728,5.6251202416692464e-06,0.011087134571292488,1.3968961979558964e-05,1.7599849404877957e-08,non_veg,low_veg,1,0
382.75,558.0,381.0,3002.0,1929.5,0.7747561336092226,-0.21747946872148433,0.002273619975390999,146497.5625,213574.5,145827.75,1149015.5,738516.125,296.53791013892993,-83.24026665314813,0.8702280455809048,311364.0,212598.0,1675116.0,1076661.0,432.3139225539462,-121.35354354658826,1.2686799462681775,145161.0,1143762.0,735139.5,295.1820869051138,-82.85967758288552,0.8662492106239706,9012004.0,5792359.0,2325.817913094886,-652.873365101896,6.825407166123779,3722970.25,1494.891959798995,-419.626634898104,4.386949742516933,0.6002470665651115,-0.16849355232604504,0.001761501021430626,0.04729731931537908,-0.0004944656643225887,5.169347792496967e-06,veg,high_veg,0,1
726.0,1081.3334,874.0,3415.0,2999.0,0.5924457915598041,-0.06485812285625195,0.001083092836241116,527076.0,785048.0484,634524.0,2479290.0,2177274.0,430.11564467241783,-47.086997193638915,0.7863253991110501,1169281.9219555599,945085.3916,3692753.5609999998,3242918.8666,640.6314221030543,-70.13325450576863,1.1711844591282492,763876.0,2984710.0,2621126.0,517.7976218232689,-56.6859993763642,0.9466231388747354,11662225.0,10241585.0,2023.2023781767311,-221.4904895541004,3.6987620357634112,8994001.0,1776.7449288878527,-194.5095104458996,3.248195415887107,0.3509920159369229,-0.03842492193465521,0.0006416737926996213,0.004206576100436671,-7.024736823765267e-05,1.1730900919168249e-06,veg,high_veg,0,1
955.8333,1249.0,1259.5,2788.6667,2943.1667,0.3777430163634319,0.026954726213780044,0.0006868945939886215,913617.2973888901,1193835.7917,1203872.04135,2665500.4944611103,2813176.73931111,361.0593538826131,25.764224907513885,0.6565567265243042,1560001.0,1573115.5,3483044.7083,3676015.2083,471.8010274379264,33.66645304101127,0.8579313478917883,1586340.25,3512325.7086500004,3706918.4586500004,475.76732910974243,33.949477666255966,0.8651437411286688,7776661.963688891,8207510.968838891,1053.3993708902576,75.1677473999855,1.915520080666089,8662230.22398889,1111.7606669184079,79.33225260001451,2.021645295437331,0.14268978641134397,0.010181959585243741,0.00025946963585699674,0.0007265572652598411,1.8515055718688897e-05,4.7182418325079315e-07,non_veg,medium_veg,1,0
761.0,1085.75,957.25,3379.0,2720.0,0.5584894782358029,-0.10805050008198065,0.0010167787919673698,579121.0,826255.75,728467.25,2571419.0,2069920.0,425.010492937446,-82.22643056238728,0.7737686606871684,1178853.0625,1039334.1875,3668749.25,2953240.0,606.3799509945229,-117.31583046401049,1.1039675733785719,916327.5625,3234547.75,2603720.0,534.6140530412223,-103.43134120347598,0.9733114986107647,11417641.0,9190880.0,1887.1359469587778,-365.1026397770126,3.4356955380577427,7398400.0,1519.0913808013838,-293.8973602229874,2.765638314151246,0.31191049730009934,-0.06034506741390295,0.0005678602570070863,0.011674910567966101,-0.00010986345694482647,1.033839111794624e-06,veg,high_veg,0,1
763.5,1093.3334,963.0,3311.5,2777.0,0.5494209849105158,-0.08778845364211219,0.001006461518498816,582932.25,834760.0509,735250.5,2528330.25,2120239.5,419.48292197917885,-67.02648435575266,0.7684333693738461,1195377.92355556,1052880.0642,3620573.5541,3036186.8518,600.7003134635629,-95.9820485012729,1.1003979939894735,927369.0,3188974.5,2674251.0,529.0924084688268,-84.54028085735403,0.9692224423143599,10966032.25,9196035.5,1819.4075915311732,-290.7114642358545,3.3328973185088295,7711729.0,1525.7420750965025,-243.78853576414554,2.794943636871212,0.30186341866004124,-0.04823281866382044,0.0005529710787681529,0.00770681259287328,-8.835570035930315e-05,1.0129647882189428e-06,veg,high_veg,0,1
954.6667,1072.0,1051.3334,1994.0,2023.5,0.3095446298260808,0.007342874922215308,0.0005454101738849635,911388.50808889,1023402.7024,1003672.9875777799,1903605.3998,1931768.06745,295.5119502587861,7.009998170504044,0.5206849308491842,1149184.0,1127029.4048,2137568.0,2169192.0,331.8318431735586,7.87156191661481,0.5846797064046808,1105301.91795556,2096358.7996,2127373.1349,325.4346081267949,7.719809657747355,0.5734079325050698,3976036.0,4034859.0,617.2319918732051,14.641692594897323,1.087547886726617,4094552.25,626.3635584530745,14.858307405102675,1.1036374868562235,0.09581787785416537,0.0022729474996563493,0.00016882879037859936,5.391781212329846e-05,4.004878688140989e-06,2.974722577772261e-07,non_veg,medium_veg,1,0
361.0,516.25,323.33334,3146.0,1907.3334,0.8136049158078306,-0.24511871708286656,0.0024454450622205517,130321.0,186366.25,116723.33574000001,1135706.0,688547.3574,293.71137460662686,-88.48785686691483,0.8828056674616191,266514.0625,166920.836775,1624122.5,984660.86775,420.02353778579254,-126.54253769402986,1.2624610133713599,104544.44875555561,1017206.68764,616704.4787155561,263.0655948685647,-79.2550534909183,0.7906939197542788,9897316.0,6000470.8763999995,2559.601065131435,-771.1434839426983,7.693370165745856,3637920.69875556,1551.8158303244631,-467.52311605730193,4.664279045038336,0.6619529590266671,-0.1994297931751291,0.001989626123960627,0.06008318546435038,-0.0005994243563481324,5.980201552338878e-06,veg,high_veg,0,1
1185.6666,1321.2727,1358.0,1579.2,2223.375,0.07530981887511919,0.16940494270329973,0.00020999828286080312,1405805.28635556,1566588.90988182,1610135.2428000001,1872404.69472,2636181.476775,89.29233689227839,200.8577824382162,0.24898795004540672,1745761.54776529,1794288.3266,2086553.84784,2937684.6893625,99.5048077216397,223.83012603893414,0.27746499819085707,1844164.0,2144553.6,3019343.25,102.27073403241185,230.05191219108102,0.28517766812497064,2493872.64,3511153.8000000003,118.92926596758822,267.52428551705094,0.3316292882937803,4943396.390625,167.44196854146813,376.650714482949,0.4669049321556381,0.005671568819003258,0.012757855551535446,1.581493264633313e-05,0.028698034612308264,3.557474707582568e-05,4.409927880448587e-08,non_veg,low_veg,1,0
361.5,521.5,332.33334,2770.0,1732.3334,0.7857526554512675,-0.23047306980864637,0.0023986057512759866,130682.25,188522.25,120138.50241,1001355.0,626238.5241,284.04958494563317,-83.31601473582566,0.8670959790862691,271962.25,173311.83681,1444555.0,903411.8681,409.770009817836,-120.19170590520909,1.250872899290427,110445.44887555561,920563.3518000001,575712.144815556,261.13180439998894,-76.59388506956061,0.797136660664758,7672900.0,4798563.518,2176.534855600011,-638.4104033699505,6.644137931034483,3000979.00875556,1361.1855691769226,-399.2561966300497,4.155184856367484,0.6174072355487182,-0.18109482661214923,0.0018847108384457889,0.05311783590702118,-0.0005528140307572511,5.75330955005424e-06,veg,high_veg,0,1
1099.0,1131.3334,1355.3334,1591.0,2570.125,0.07998639936675192,0.23530295292739342,0.00028112679275469975,1207801.0,1243335.4065999999,1489511.4065999999,1748509.0,2824567.375,87.90505290406035,258.5979452672054,0.30895834523741506,1279915.26195556,1533333.94355556,1799951.4394,2907668.254675,90.4912851493453,266.20608976538796,0.31804813027826984,1836928.62515556,2156335.4394,3483376.254675,108.40823860749772,318.9139512211241,0.3810205318553226,2531281.0,4089068.875,127.25836139250231,374.3669981074829,0.4472727272727273,6605542.515625,205.57504467247327,604.758001892517,0.7225309982286727,0.006397824083657532,0.018821035965026517,2.2486319917971513e-05,0.05536747965635112,6.61499644821882e-05,7.90322736045439e-08,non_veg,low_veg,1,0
953.3333,1003.0,1220.5,1496.5,2058.0,0.10158262789841738,0.15796877197918133,0.0003803262816208662,908844.38088889,956193.2999,1163543.29265,1426663.28345,1961959.9314000001,96.8421018770703,150.59689068786048,0.3625777091343497,1006009.0,1224161.5,1500989.5,2064174.0,101.88737578211263,158.44267829511887,0.3814672604657288,1489620.25,1826478.25,2511789.0,123.9815973500184,192.8008862005908,0.4641882267182672,2239512.25,3079797.0,152.0184026499816,236.40026726684485,0.5691582804456263,4235364.0,209.05704821494297,325.0997327331552,0.7827114875757427,0.010319030290748325,0.01604688298353112,3.863454314588115e-05,0.024954132920610585,6.007967565905652e-05,1.4464808049155443e-07,non_veg,low_veg,1,0
1308.0,1418.0,1447.0,1546.0,1894.3334,0.033077180086869364,0.10124989630365475,0.00011760555098200635,1710864.0,1854744.0,1892676.0,2022168.0,2477788.0872,43.264951553625124,132.4348643651804,0.1538280606844643,2010724.0,2051846.0,2192228.0,2686164.7612,46.90344136318076,143.57235295858243,0.166764671292485,2093809.0,2237062.0,2741100.4298,47.86267958569997,146.50859995138842,0.1701752322709632,2390116.0,2928639.4364,51.137320414300035,156.53233968545024,0.18181818181818182,3588499.03035556,62.65920701637154,191.80106031454972,0.22278412325061744,0.0010940998424991872,0.003349061053812837,3.89005998904732e-06,0.010251541501500839,1.1907549841662324e-05,1.3831065621781296e-08,non_veg,low_veg,1,0
775.5,1079.0,993.0,3251.0,2674.0,0.5320452403393026,-0.09738396624472574,0.0009806284776807492,601400.25,836764.5,770071.5,2521150.5,2073687.0,412.60108388312915,-75.52126582278481,0.760477384441421,1164241.0,1071447.0,3507829.0,2885246.0,574.0768143261074,-105.07729957805907,1.0580981274175285,986049.0,3228243.0,2655282.0,528.3209236569274,-96.70227848101266,0.973764078336984,10569001.0,8693174.0,1729.6790763430727,-316.5952742616034,3.1880231809401156,7150276.0,1422.688972667295,-260.4047257383966,2.6222005493183236,0.28307213776770623,-0.05181267572586964,0.0005217387140912187,0.009483636881553882,-9.549749056907887e-05,9.616322112384636e-07,veg,high_veg,0,1
1145.0,1159.3334,1205.5,1470.5,2119.3333,0.09902840059790732,0.18074190241647148,0.0001931529504335705,1311025.0,1327436.743,1380297.5,1683722.5,2426636.6284999996,113.38751868460389,206.94947826685984,0.22116012824643824,1344053.93235556,1397576.4137,1704799.7647,2457013.8804222196,114.80693236173393,209.5401242509561,0.22392866674618275,1453230.25,1772687.75,2554856.29315,119.37873692077727,217.88436336305637,0.23284588174766924,2162370.25,3116479.6176499994,145.62126307922273,265.7809675034213,0.28403141361256545,4491573.636488889,209.8741870328849,383.05233249657846,0.40935547984711534,0.009806624124979612,0.01789858151732621,1.9127627752203357e-05,0.0326676352891253,3.4910831718717955e-05,3.730806226119334e-08,non_veg,low_veg,1,0
1132.5,1280.9166,1343.8334,1384.0,1792.0,0.014724726224116186,0.12846347607052896,0.00016031729437952427,1282556.25,1450638.0495,1521891.3255,1567380.0,2029440.0,16.67575244881158,145.48488664987406,0.18155933588481124,1640747.33615556,1721338.50969444,1772788.5744,2295402.5472,18.861146250925742,164.5509989924433,0.20535308363781934,1805888.20695556,1859865.4256,2408149.4528,19.787578905823217,172.63350982367757,0.215439734784837,1915456.0,2480128.0,20.379021094176803,177.79345088161207,0.2218791354212616,3211264.0,26.386709393616204,230.2065491183879,0.2872885915281075,0.00021681756237517492,0.00189158951493684,2.3606282687295354e-06,0.016502864684123368,2.0594916910215963e-05,2.5701634877171044e-08,non_veg,low_veg,1,0
3711.0,3903.0,3927.0,3824.0,5310.3335,-0.01328860792155851,0.16271942556071547,7.960724462559516e-06,13771521.0,14484033.0,14573097.0,14190864.0,19706647.618499998,-49.31402399690363,603.8517882558151,0.029542248480558364,15233409.0,15327081.0,14925072.0,20726231.6505,-51.86543671784286,635.0939179634724,0.03107070757736979,15421329.0,15016848.0,20853679.6545,-52.18436330796027,638.9991841769297,0.03126176496447122,14622976.0,20306715.303999998,-50.81563669203974,622.2390833441759,0.03044181034482759,28199641.881222248,-70.56693981421752,864.0944166558236,0.04227410179779929,0.00017658710049290756,-0.002162314647497574,-1.0578694615451299e-07,0.026477611454809223,1.2953645115948198e-06,6.33731339687935e-11,non_veg,low_veg,1,0
764.0,1079.0,921.0,3310.0,3023.0,0.5646419286220752,-0.045318174640770564,0.0010054696601702112,583696.0,824356.0,703644.0,2528840.0,2309572.0,431.3864334672654,-34.62308542554871,0.7681788203700414,1164241.0,993759.0,3571490.0,3261817.0,609.2486409832192,-48.89831043739144,1.084901763323658,848241.0,3048510.0,2784183.0,520.0352162609313,-41.73803884414969,0.9260375570167645,10956100.0,10006130.0,1868.964783739069,-150.00315806095057,3.328104575163399,9138529.0,1706.9125502245333,-136.9968419390494,3.0395347826945485,0.31882050755805663,-0.02558854153079671,0.0005677303280894906,0.0020537369527713805,-4.5566049655589865e-05,1.0109692375228e-06,veg,high_veg,0,1
965.0,1086.75,1058.5,2045.5,2024.25,0.3179768041237113,-0.005221450949075496,0.0005468247473497599,931225.0,1048713.75,1021452.5,1973907.5,1953401.25,306.84761597938143,-5.038700165857854,0.5276858811925182,1181025.5625,1150324.875,2222947.125,2199853.6875,345.56129188144325,-5.674411818907795,0.5942617941823516,1120422.25,2165161.75,2142668.625,336.57844716494844,-5.526905829596412,0.5788139950697209,4184070.25,4140603.375,650.4215528350516,-10.680477916333928,1.118530020703934,4097588.0625,643.6645457474226,-10.569522083666072,1.1069099948227514,0.10110924796072908,-0.0016603002856757456,0.00017387758557803253,2.72635500136014e-05,-2.855218596027372e-06,2.9901730431412873e-07,non_veg,medium_veg,1,0
916.6667,992.4583,1034.8334,1800.0,2204.0,0.26991589699768603,0.1008991008991009,0.0005347701101306413,840277.83888889,909753.47474861,948597.31782778,1650000.06,2020333.4068,247.42291457840875,92.49084585414585,0.49020595211209156,984973.47723889,1027028.99694722,1786424.94,2187378.0932,267.88027227729856,100.13815014985015,0.5307370343910691,1070880.16575556,1862700.1199999999,2280772.8136,279.3179854041652,104.41375964035963,0.553397971284866,3240000.0,3967200.0,485.8486145958349,181.61838161838162,0.9625861982351543,4857616.0,594.8946369829,222.38161838161838,1.1786333227279335,0.07285459145206545,0.02723427132544085,0.0001443429539634634,0.010180628562246944,5.395782329989488e-05,2.8597907068913826e-07,non_veg,medium_veg,1,0
365.0,553.5,344.16666,2677.2,1789.3334,0.7721781572846244,-0.19878203530281444,0.0023597364181973013,133225.0,202027.5,125620.83089999999,977177.9999999999,653106.691,281.8450274088879,-72.55544288552727,0.861303792642015,306362.25,190496.24631,1481830.2,990396.0369,427.40061005703956,-110.0258565401078,1.3061141074722062,118450.68985555558,921402.9821519998,615828.899904444,265.75797731760383,-68.41414915817172,0.8121426015313283,7167399.839999999,4790403.3784799995,2067.275362682396,-532.1792649126947,6.317486338797814,3201714.01635556,1381.6841675798316,-355.687335087305,4.222355188276799,0.596259106587478,-0.1534951457214144,0.0018221369190810118,0.039514297559129365,-0.00046907320798743286,5.568355963366629e-06,veg,high_veg,0,1
878.5,1195.0,1131.0,2960.0,3011.375,0.44707895380102664,0.008603546084444538,0.0007995559516309942,771762.25,1049807.5,993583.5,2600360.0,2645492.9375,392.7588609142019,7.558215235184527,0.7024099035078284,1428025.0,1351545.0,3537200.0,3598593.125,534.2593497922269,10.281237570911223,0.9554693621990381,1279161.0,3347760.0,3405865.125,505.6462967489611,9.730610621506774,0.9042977812946545,8761600.0,8913670.0,1323.353703251039,25.466496409955834,2.366685616827743,9068379.390625,1346.3223845025666,25.908503590044173,2.407762803842785,0.1998795909318205,0.0038464643824123834,0.00035746463836056915,7.402100522716095e-05,6.879016476949167e-06,6.392897197885448e-07,non_veg,medium_veg,1,0
666.0,972.0,819.0,3407.6,2551.5,0.6124544551175886,-0.14366263361917064,0.0012062286734318014,443556.0,647352.0,545454.0,2269461.6,1699299.0,407.89466710831397,-95.67931399036765,0.8033482965055797,944784.0,796068.0,3312187.1999999997,2480058.0,595.3057303742961,-139.64007987783387,1.1724542705757108,670761.0,2790824.4,2089678.5,501.600198741305,-117.65969693410075,0.9879012835406453,11611737.76,8694491.4,2086.999801258695,-489.5447903206859,4.110344827586206,6510152.25,1562.6775422325272,-366.5552096793139,3.077692460261241,0.3751004595933823,-0.08798681999398691,0.0007387601249338856,0.02063895229839606,-0.00017328998797217112,1.4549876126090434e-06,veg,high_veg,0,1
1110.0,1225.0,1262.0,1914.4,2204.0,0.20538974940183857,0.0703185703185703,0.00037820330298805063,1232100.0,1359750.0,1400820.0,2124984.0,2446440.0,227.9826218360408,78.05361305361303,0.4198056663167362,1500625.0,1545950.0,2345140.0,2699900.0,251.60244301725226,86.14024864024863,0.46329904616036205,1592644.0,2415972.8000000003,2781448.0,259.2018637451203,88.74203574203572,0.4772925683709199,3664927.3600000003,4219337.600000001,393.1981362548798,134.617871017871,0.7240324032403241,4857616.0,452.6790076816522,154.98212898212896,0.8335600797856636,0.042184949159350046,0.014442713536026719,7.767908162366334e-05,0.004944701331647717,2.659471555588079e-05,1.4303773839107124e-07,non_veg,medium_veg,1,0
707.0,1031.25,917.0,3373.3333,2918.5,0.5725273838281981,-0.07228947086058364,0.0011164053922201242,499849.0,729093.75,648319.0,2384946.6431,2063379.5,404.7768603665361,-51.10865589843264,0.7892986122996278,1063476.5625,945656.25,3478749.9656249997,3009703.125,590.4188645728293,-74.54851682497689,1.151293060727003,840889.0,3093346.6361,2676264.5,525.0076109704577,-66.2894447791552,1.023743744665854,11379377.552888889,9845073.236049999,1931.325689029542,-243.85647929338643,3.7660074858757056,8517642.25,1670.9211697025962,-210.97682070661335,3.2582291371944327,0.3277876052331609,-0.041387701630134714,0.0006391726584994811,0.005225767597303171,-8.070435506949512e-05,1.2463609997781693e-06,veg,high_veg,0,1
614.0,753.0,787.3333,2248.6667,2232.0,0.4813351119894599,-0.0037196919824454295,0.0011820313940462325,376996.0,462342.0,483422.6462,1380681.3538000002,1370448.0,295.5397587615284,-2.2838908772214936,0.7257672759443868,567009.0,592861.9749,1693246.0251000002,1680696.0,362.4453393280633,-2.8009280627814084,0.8900696397168131,619893.7252888901,1770450.1735111102,1757327.9256,378.97116212853103,-2.928637363522302,0.9306526781780207,5056501.927688891,5019024.0744,1082.3622378714692,-8.364347495182022,2.6579946341463416,4981824.0,1074.3399699604745,-8.302352504818199,2.638294071511191,0.2316834900339059,-0.0017904183569366669,0.0005689532134283007,1.383610844426881e-05,-4.396792699432565e-06,1.39719821651088e-06,non_veg,medium_veg,1,0
1222.0,1328.0,1424.0,1961.0,2506.5,0.1586410635155096,0.1221040850587577,0.0003081345434667763,1493284.0,1622816.0,1740128.0,2396342.0,3062943.0,193.85937961595275,149.2111919418019,0.37654041211640066,1763584.0,1891072.0,2604208.0,3328632.0,210.67533234859675,162.15422495803023,0.4092026737238789,2027776.0,2792464.0,3569256.0,225.90487444608567,173.87621712367095,0.4387835898966895,3845521.0,4915246.5,311.09512555391433,239.44611080022383,0.6042518397383483,6282542.25,397.6338257016248,306.05388919977617,0.7723392331994748,0.025166987033331954,0.019370721913309567,4.888279168143541e-05,0.014909407588036334,3.762448650500872e-05,9.494689687747865e-08,non_veg,low_veg,1,0
841.5,1054.5,2170.0,2389.3333,2470.75,0.04810644135185286,0.01675212027744467,0.0007689135963300409,708122.25,887361.75,1826055.0,2010623.97195,2079136.125,40.48157039758418,14.09690921346969,0.6470407913117294,1111970.25,2288265.0,2519551.9648499996,2605405.875,50.72824240552884,17.665110832565404,0.8108193873300281,4708900.0,5184853.261,5361527.5,104.3909777335207,36.35210100205494,1.6685425040361888,5708913.618488889,5903445.250975,114.94232226647904,40.02639882450379,1.8371908605341243,6104605.5625,118.85898997009045,41.39030117549642,1.8997932681324485,0.0023142296995392587,0.000805884891646077,3.698969682649337e-05,0.0002806335337899729,1.2880933048683384e-05,5.91228118621197e-07,non_veg,low_veg,1,0
361.0,531.5,374.0,3266.0,1978.5,0.7945054945054945,-0.2454952807703308,0.002457091818264862,130321.0,191871.5,135014.0,1179026.0,714238.5,286.8164835164835,-88.62379635808942,0.8870101463936152,282492.25,198781.0,1735879.0,1051572.75,422.2796703296703,-130.48074172943083,1.305944301407774,139876.0,1221484.0,739959.0,297.14505494505494,-91.81523500810373,0.9189523400310583,10666756.0,6461781.0,2594.854945054945,-801.7875869959004,8.02486187845304,3914462.25,1571.9291208791208,-485.7124130040995,4.861356162437029,0.6312389807994203,-0.19504734944719687,0.0019521729501159287,0.060267932880503555,-0.0006032044458034149,6.037300203384125e-06,veg,high_veg,0,1
749.8333,1066.6666,908.5,3024.1667,2551.6667,0.537972541634408,-0.08474069544473835,0.0010016243564213584,562249.97778889,799822.1366777801,681223.55305,2267620.89641111,1913324.6621611102,403.3897262031156,-63.54139530962313,0.7510512965358034,1137777.63555556,969066.6061,3225777.61172222,2721777.6432222202,573.8373418785325,-90.39006949167454,1.0683992467411585,825372.25,2747455.4469500002,2318189.1969500002,488.7480540748597,-76.98692181154479,0.9099757278088041,9145584.22938889,7716665.4636388915,1626.9186459251403,-256.26998929881944,3.029079024598403,6511002.947888891,1372.7266200028826,-216.23001070118056,2.5558115161893116,0.2894144555525848,-0.04558816730827319,0.0005388464007869264,0.007180985464457898,-8.487834453753438e-05,1.0032513513765002e-06,veg,high_veg,0,1
3503.5,3723.3333,3806.5,3762.0,5310.3335,-0.005879632688115214,0.1706654081885327,1.960720510554934e-05,12274512.25,13044698.21655,13336072.75,13180167.0,18604753.41725,-20.599293122811652,597.9262575885243,0.06869384308729211,13863210.862888888,14172868.206449999,14007179.874599999,19772141.55465555,-21.89183217942789,635.4441974664564,0.07300415968942187,14489442.25,14320053.0,20213784.467749998,-22.380821827310562,649.6378762696497,0.07463482623427356,14152644.0,19977474.627,-22.119178172689434,642.0432656052601,0.07376230560707661,28199641.881222248,-31.222810431393274,906.2902343947395,0.10412079811336969,3.457008054715294e-05,-0.0010034499127158229,-1.1528316406116741e-07,0.029126681552158487,3.3462716627748606e-06,3.844424920510801e-10,non_veg,low_veg,1,0
967.0,915.5,1024.0,1447.2,2314.5,0.17125283263191973,0.23056065076959886,0.00034278218640498154,935089.0,885288.5,990208.0,1399442.4000000001,2238121.5,165.6014891550664,222.9521492942021,0.33147037425361714,838140.25,937472.0,1324911.6,2118924.75,156.7819682745225,211.07827577956775,0.3138170916537606,1048576.0,1481932.8,2370048.0,175.3629006150858,236.09410638806924,0.3510089588787011,2094387.84,3349544.4,247.83709938491424,333.6673737937635,0.4960743801652893,5356910.25,396.3646811265782,533.6326262062365,0.7933693704343298,0.02932753268445631,0.03948416453775261,5.8702420397615816e-05,0.053158213683300926,7.903208396975849e-05,1.1749962731657951e-07,non_veg,low_veg,1,0
1385.3334,1542.0,1700.0,2313.0,2497.0,0.152753550959382,0.038253638253638256,0.0002893001115484157,1919148.62915556,2136184.1028,2355066.78,3204276.1541999998,3459177.4998,211.61459611263393,52.994042744282744,0.400777107151746,2377764.0,2621400.0,3566646.0,3850374.0,235.54597557936705,58.98711018711019,0.4461007720076571,2890000.0,3932100.0,4244900.0,259.6810366309494,65.03118503118503,0.4918101896323067,5349969.0,5775561.0,353.3189633690506,88.48066528066529,0.6691511580114856,6235009.0,381.42561674557686,95.51933471933472,0.7223823785363941,0.023333647330700515,0.005843379080358896,4.419161933196582e-05,0.0014633408396402161,1.106678181391029e-05,8.369455454192578e-08,non_veg,low_veg,1,0
989.125,1024.6666,1251.0,1577.0,2198.5,0.11527581329561527,0.16461395841610382,0.0003764985189430471,978368.265625,1013523.350725,1237395.375,1559850.125,2174591.3125,114.02218882602546,162.8237816183287,0.37240409754954146,1049941.64115556,1281857.9166,1615899.2282,2252729.5201,118.1192756718529,168.67442508277048,0.38578545731040764,1565001.0,1972827.0,2750323.5,144.2100424328147,205.93206197854587,0.4709996471977519,2486929.0,3467034.5,181.7899575671853,259.5962124221957,0.5937381643731853,4833402.25,253.43387553041018,361.9037875778043,0.827731993896289,0.013288513130965551,0.01897600793622696,4.3401172975754366e-05,0.027097755305418757,6.197691154101543e-05,1.4175113476630797e-07,non_veg,low_veg,1,0
987.0,1086.0,1296.0,1809.3334,2518.0,0.1653070166314509,0.1637651954434572,0.00046001541510300354,974169.0,1071882.0,1279152.0,1785812.0658,2485266.0,163.15802541524204,161.63624790269225,0.4540352147066645,1179396.0,1407456.0,1964936.0724,2734548.0,179.52342006175567,177.8490022515945,0.4995767408018619,1679616.0,2344896.0864,3263328.0,214.23789355436037,212.23969329472052,0.5961799779734926,3273687.35235556,4555901.5012,299.0955064456396,296.3058378733749,0.8323212550607287,6340324.0,416.2430678779933,412.3607621266252,1.1583188152293629,0.02732640974759078,0.027071535886824382,7.6043775875156e-05,0.02681903923863373,7.533451436134646e-05,2.1161418213238866e-07,non_veg,low_veg,1,0
709.0,1049.0,832.0,3246.6667,2585.5,0.5920235404378593,-0.11336553531640312,0.0011008763082161236,502681.0,743741.0,589888.0,2301886.6903000004,1833119.5,419.74469017044225,-80.3761645393298,0.7805213025252317,1100401.0,872768.0,3405753.3683,2712189.5,621.0326939193144,-118.92044654690687,1.1548192473187138,692224.0,2701226.6944000004,2151136.0,492.56358564429894,-94.32012538324739,0.9159290884358149,10540844.660888892,8394256.75285,1922.1031143557013,-368.06010843944,3.5741784507042254,6684810.25,1530.6768638020853,-293.1065915605603,2.8463156948927875,0.3504918724325776,-0.06711506558165015,0.0006517446895742695,0.012851744597574643,-0.00012480143199806646,1.2119286459915616e-06,veg,high_veg,0,1
381.16666,587.0,411.0,3166.0,2102.75,0.7701984903550462,-0.20180308422301305,0.002301629961642498,145288.02269555558,223744.82942,156659.49726,1206773.6455599999,801498.194315,293.57398610567515,-76.92060759098457,0.8773046050351991,344569.0,241257.0,1858442.0,1234314.25,452.1065138384121,-118.45841043890866,1.3510567874841464,168921.0,1301226.0,864230.25,316.55157953592396,-82.94106761565837,0.9459699142350667,10023556.0,6657306.5,2438.448420464076,-638.9085646500592,7.2869604585601495,4421557.5625,1619.5348755940734,-424.3414353499407,4.839752401843763,0.5932057145451921,-0.1554284308175569,0.001772711921812995,0.040724484801920494,-0.00046447602499955133,5.297500480330448e-06,veg,high_veg,0,1
741.0,1056.0,878.3,3395.25,2977.75,0.5889599981280199,-0.06551074847010827,0.0010535767128287477,549081.0,782496.0,650820.2999999999,2515880.25,2206512.75,436.41935861286277,-48.54346461635023,0.780700344206102,1115136.0,927484.7999999999,3585384.0,3144504.0,621.941758023189,-69.17935038443433,1.1125770087471576,771410.8899999999,2982048.0749999997,2615357.8249999997,517.2835663558399,-57.53809038129609,0.9253564268774891,11527722.5625,10110205.6875,1999.6664336441595,-222.4253687431351,3.577156334231806,8866995.0625,1753.7756344257114,-195.07463125686488,3.1372880566258035,0.34687387939495723,-0.03858321029632015,0.0006205145388153446,0.004291658165113793,-6.902059902808758e-05,1.1100238898150296e-06,veg,high_veg,0,1
709.0,1043.5,883.0,3312.2856,2707.5,0.5790513046358513,-0.10046630232146476,0.001106969591215117,502681.0,739841.5,626047.0,2348410.4904,1919617.5,410.54737498681857,-71.23060834591851,0.7848414401715179,1088892.25,921410.5,3456370.0236,2825276.25,604.2400363875108,-104.83658647244849,1.1551227684329746,779689.0,2924748.1848,2390722.5,511.3023019934567,-88.71174494985338,0.9774541490429483,10971235.89596736,8968013.262,1917.9832980065437,-332.77308646463433,3.6665994366197188,7330556.25,1567.7814073015675,-272.0125135353658,2.9971201682149293,0.33530041340048145,-0.05817514343118403,0.0006409921859853284,0.010093477902147957,-0.00011121314161168621,1.225381675874963e-06,veg,high_veg,0,1
726.0,1076.0,874.25,3236.0,2986.6667,0.5746000851529712,-0.04006856095956413,0.0010669173993399564,527076.0,781176.0,634705.5,2349336.0,2168320.0242000003,417.1596618210571,-29.08977525664356,0.7745820319208083,1157776.0,940693.0,3481936.0,3213653.3692,618.269691624597,-43.113771592491005,1.148003121689793,764313.0625,2829073.0,2611093.3624750003,502.3441244449851,-35.02993941889894,0.9327525363729569,10471696.0,9664853.441200001,1859.405875555015,-129.66186326514952,3.452544704264099,8920177.976888891,1716.1389401435438,-119.67143673485025,3.18652666825925,0.33016525785780176,-0.02302339853932257,0.0006130508285119256,0.001605489577370307,-4.2749844854272676e-05,1.138312737014336e-06,veg,high_veg,0,1
1159.0,1225.0,1289.0,1305.0,1750.6666,0.006168080185042405,0.14584922321041177,9.644602985863391e-05,1343281.0,1419775.0,1493951.0,1512495.0,2029022.5894,7.148804934464148,169.03924970086723,0.1117809486061567,1500625.0,1579025.0,1598625.0,2144566.585,7.5558982266769465,178.6652984327544,0.11814638657682654,1661521.0,1682145.0,2256609.2474,7.95065535851966,187.99964871822078,0.1243189324877791,1703025.0,2284619.913,8.049344641480339,190.33323628958738,0.12586206896551724,3064833.54435556,10.798251966075558,255.33336371041267,0.16884484317611312,3.804521316911275e-05,0.0008996097036879677,5.94886845697048e-07,0.021271995911080515,1.4066578536609936e-05,9.301836675492503e-09,non_veg,low_veg,1,0
3727.3333,4054.0,4044.5,3953.6,5132.6665,-0.01136519923481828,0.12976358331554555,1.5350169839355196e-05,13893013.529288888,15110609.198199999,15075199.531849999,14736384.93488,19131158.76324445,-42.3618855690727,483.6721252193573,0.057215199202884266,16434916.0,16396403.0,16027894.4,20807829.991,-46.07451769795331,526.0615667612217,0.062229588528745966,16357980.25,15990335.2,20759069.659250002,-45.96654830522254,524.8288127197239,0.06208376191527209,15630952.959999999,20292510.2744,-44.93345169477755,513.0333029963409,0.0606884314768747,26344265.400222253,-58.33377737837743,666.0331970036596,0.0787873025037688,0.00012916775364711403,-0.0014747889778051165,-1.7445773851257033e-07,0.01683858755489053,1.9918930428569423e-06,2.356277140970499e-10,non_veg,low_veg,1,0
3565.0,3720.4,3823.7144,3726.6667,5265.5,-0.012853351203689523,0.1711304239944751,1.2165183994280508e-05,12709225.0,13263226.0,13631541.836,13285566.785500001,18771507.5,-45.822197041153146,610.0799615403037,0.04336888093961001,13841376.16,14225747.05376,13864690.79068,19589766.2,-47.8196078182065,636.6736294290451,0.045259350532321205,14620791.812767358,14249709.12479048,20133768.1732,-49.14754408580496,654.3538665057799,0.04651618921757989,13888044.692888891,19622763.50885,-47.90015591419466,637.7460524570913,0.04533558609085816,27725490.25,-67.67932076302718,901.0872475429086,0.06405577632188401,0.0001652086371653869,-0.0021995994412372846,-1.5636338233598988e-07,0.029285622016528814,2.0818330949120255e-06,1.4799170161469866e-10,non_veg,low_veg,1,0
647.25,941.25,749.875,3435.2,2551.5,0.6416432202529225,-0.14761053668966206,0.00125195992722336,418932.5625,609224.0625,485356.59375,2223433.1999999997,1651458.375,415.3035743087041,-95.54091987238377,0.8103310628953198,885951.5625,705819.84375,3233382.0,2401599.375,603.9466810630634,-138.93841765914442,1.1784072814989874,562312.515625,2575970.6,1913306.0625,481.1522097871603,-110.68945120016033,0.938813450426617,11800599.04,8764912.799999999,2204.1727902128396,-507.0717156363271,4.3007327419976855,6510152.25,1637.1526764753319,-376.6282843636728,3.194375754310403,0.41170602209654045,-0.09471330010481693,0.0008033115993312112,0.02178887054181007,-0.0001848024767713904,1.5674036593731206e-06,veg,high_veg,0,1
924.25,1097.6,994.0,2045.5,2178.0,0.3459450567527554,0.03137208476382147,0.0005924393249995988,854238.0625,1014456.7999999999,918704.5,1890553.375,2013016.5,319.7397187037342,28.995649342961997,0.5475620461308792,1204725.7599999998,1091014.4,2245140.8,2390572.8,379.7092942918243,34.434000236770444,0.6502614031195596,988036.0,2033227.0,2164932.0,343.86938641223884,31.183852255238545,0.5888846890496012,4184070.25,4455099.0,707.6306135877611,64.17159938439683,1.2118346392866792,4743684.0,753.4683336075012,68.32840061560317,1.2903328498491262,0.11967798229166715,0.010853017644072472,0.0002049514559095503,0.0009842077024283995,1.858605672130859e-05,3.509843538059802e-07,non_veg,medium_veg,1,0
388.5,574.0,375.25,2894.0,2006.125,0.7704366444903266,-0.18119435728680391,0.002222738737044374,150932.25,222999.0,145784.625,1124319.0,779379.5625,299.31463638449185,-70.39400780592332,0.8635339993417394,329476.0,215393.5,1661156.0,1151515.75,442.23063393744746,-104.00556108262545,1.2758520350634708,140812.5625,1085973.5,752798.40625,289.10635084499506,-67.99318257187316,0.8340827110759014,8375236.0,5805725.75,2229.6436491550053,-524.3764699880105,6.432605905006419,4024537.515625,1545.5922134281564,-363.4985300119895,4.459091748853145,0.5935726231735139,-0.13959877262862655,0.0017124793741471339,0.03283139511257795,-0.0004027477168752376,4.940567493157619e-06,veg,high_veg,0,1
1676.3334,1753.4667,1787.3334,1877.6666,1867.625,0.024647530695770813,-0.0026811263507493027,6.392599849216736e-05,2810093.66795556,2939394.7949977797,2996166.67535556,3147595.23564444,3130762.166175,41.31747893284585,-4.4944616513811715,0.10716128640076979,3074645.46800889,3134029.5986977797,3292425.85680222,3274818.2455875,43.21862431226195,-4.701265774531422,0.11209210962026568,3194560.68275556,3356016.22824444,3338068.541175,44.053354840076416,-4.792066676314343,0.11425707223340036,3525631.86075556,3506777.083825,46.27984515992362,-5.034261399181851,0.12003171224039301,3488023.140625,46.03234451568896,-5.007338600818167,0.11938979293393406,0.0006075007693989644,-6.608314402933342e-05,1.5756180100934937e-06,7.188438508682273e-06,-1.713936790553101e-07,4.086533283220584e-09,non_veg,low_veg,1,0
2172.0,2609.0,2494.5,2780.0,2555.0,0.05412835339842639,-0.04217432052483599,0.00010064658811377037,4717584.0,5666748.0,5418054.0,6038160.0,5549460.0,117.56678358138213,-91.60262417994376,0.21860438938310925,6806881.0,6508150.5,7253020.0,6665995.0,141.22087401649446,-110.03280224929709,0.2625869483888269,6222530.25,6934710.0,6373447.5,135.02317755237465,-105.20384254920337,0.2510629140498002,7728400.0,7102900.0,150.47682244762538,-117.24461105904405,0.27979751495628163,6528025.0,138.29794293297942,-107.75538894095595,0.2571520326306833,0.002929878641624938,-0.00228282652570683,5.4478340897680235e-06,0.001778673311731602,-4.2447014668413e-06,1.0129735698942943e-08,non_veg,low_veg,1,0
863.0,904.2,1228.0,1622.0,2319.375,0.13824561403508773,0.17693698265199329,0.0005415981641320729,744769.0,780324.6000000001,1059764.0,1399786.0,2001620.625,119.30596491228071,152.6966160286702,0.46739921564597886,817577.6400000001,1110357.6,1466612.4000000001,2097178.875,125.00168421052634,159.98641971393235,0.4897130600082203,1507984.0,1991816.0,2848192.5,169.76561403508774,217.27861469664776,0.6650825455541854,2630884.0,3762026.25,224.2343859649123,286.9917858615331,0.8784722222222222,5379500.390625,320.6434210526316,410.38321413846694,1.2561692419338264,0.019111849799938446,0.024460761812240477,7.487357076071464e-05,0.03130669582999177,9.582874497138798e-05,2.933285713912317e-07,non_veg,low_veg,1,0
1182.0,1204.6666,1332.0,1510.0,2342.0,0.06263194933145672,0.21599169262720663,0.00018361668896564465,1397124.0,1423915.9212,1574424.0,1784820.0,2768244.0,74.03096410978183,255.30218068535825,0.21703492635739197,1451221.61715556,1604615.9112,1819046.566,2821329.1772000003,75.45061745249824,260.1979779854621,0.22119689239950066,1774224.0,2011320.0,3119544.0,83.42575650950035,287.70093457943926,0.24457742970223867,2280100.0,3536420.0,94.57424349049964,326.147455867082,0.2772612003381234,5484964.0,146.68402533427164,505.85254413291796,0.43003028555753975,0.003922761077058161,0.013527980748642778,1.1500271159706104e-05,0.04665241128396571,3.965967944429292e-05,3.371508846670629e-08,non_veg,low_veg,1,0
406.0,593.5,369.33334,2801.3333,1864.0,0.7670311124224651,-0.20091454130404782,0.002100906665922189,164836.0,240961.0,149949.33604,1137341.3198,756784.0,311.41463164352086,-81.57130376944342,0.8529681063644087,352242.25,219199.33729000002,1662591.3135499998,1106284.0,455.23296522273307,-119.24278026395238,1.2468881062248192,136407.1160355556,1034625.784142222,688437.34576,283.29016263490456,-74.20443859439195,0.7759348759533062,7847468.257688888,5221685.271199999,2148.7097973650953,-562.8285950092545,5.885339803439803,3474496.0,1429.745993555475,-374.50470499074515,3.9160900252789603,0.5883367274240443,-0.1541077041182931,0.0016114607770580688,0.04036665290741594,-0.00042210269910637304,4.4138088189162885e-06,veg,high_veg,0,1
359.0,557.0,382.5,3118.0,2052.0,0.7814597914583631,-0.20618955512572534,0.0024579502530111897,128881.0,199963.0,137317.5,1119362.0,736668.0,280.54406513355235,-74.0220502901354,0.882404140831017,310249.0,213052.5,1736726.0,1142964.0,435.2731038423082,-114.84758220502901,1.3690782909272325,146306.25,1192635.0,784890.0,298.90837023282387,-78.86750483558994,0.9401659717767801,9721924.0,6398136.0,2436.591629767176,-642.8990328820116,7.66388888888889,4210704.0,1603.555492072561,-423.10096711798843,5.043713919178961,0.6106794056661483,-0.16112884674944197,0.0019207892921331551,0.04251413264294453,-0.0005068036691895412,6.041519446277771e-06,veg,high_veg,0,1
993.5,975.0833,1017.6667,1439.8334,2194.5,0.17178705303002834,0.20764924869028253,0.0003117039859991796,987042.25,968745.25855,1011051.86645,1430474.4829,2180235.75,170.67043718533316,206.2995285737957,0.3096779100901849,950787.44193889,992309.80413611,1403957.50312222,2139820.30185,167.50668656579504,202.47531465544137,0.30393735129123384,1035645.51228889,1465270.50472778,2233269.57315,174.82196335979393,211.31772567211914,0.3172107668086313,2073120.21975556,3159714.3963,247.344736640206,298.98032374917506,0.4488018099547511,4815830.25,376.9866878743972,455.686276250825,0.6840343972751995,0.02951079158874177,0.035671452496403105,5.354670917251227e-05,0.0431182104816388,6.472509850649598e-05,9.715937488777674e-08,non_veg,low_veg,1,0
961.3333,983.25,1057.5,1407.0,2153.75,0.14181375532562385,0.2097170539914344,0.0003291475095971118,924161.71368889,945230.967225,1016609.96475,1352595.9531,2070471.594875,136.33028539257455,201.6079875798638,0.31642046158777315,966780.5625,1039786.875,1383432.75,2117674.6875,139.43837492391964,206.20429333707787,0.3236342888113602,1118306.25,1487902.5,2277590.625,149.96804625684723,221.77578459594187,0.3480734913989457,1979649.0,3030326.25,199.53195374315274,295.0718949659482,0.46311054600313634,4638639.0625,305.43137553256236,451.67810503405184,0.7089014487947796,0.020111141199555906,0.029740762982351922,4.667764439204324e-05,0.04398124273484621,6.902784604132367e-05,1.0833808307398081e-07,non_veg,low_veg,1,0
738.3333,1076.0,839.8,3342.0,2999.0,0.5983547754555454,-0.05409241444567103,0.0010537526397323854,545136.06188889,794446.6308,620052.30534,2467509.8886,2214261.5667,441.78525593285184,-39.93823086263996,0.7780206638773232,1157776.0,903624.7999999999,3595992.0,3226924.0,643.8297383901669,-58.203437943542035,1.1338378403520466,705264.0399999999,2806611.5999999996,2518560.1999999997,502.498340427567,-45.42680965147453,0.8849414668472572,11168964.0,10022658.0,1999.7016595724326,-180.7768490774326,3.5216413219856317,8994001.0,1794.4659715911805,-162.22315092256744,3.1602041665574236,0.35802843731045614,-0.03236645449948779,0.0006305179241327596,0.0029259893005622404,-5.7000024511624064e-05,1.1103946257429704e-06,veg,high_veg,0,1
722.6667,1062.0,896.0,3354.75,2855.5,0.5784273363524084,-0.08039128859546717,0.0010841787214455017,522247.15928888996,767472.0353999999,647509.3632,2424366.111825,2063574.76185,418.010174351585,-58.096107238033895,0.7834998588372399,1127844.0,951552.0,3562744.5,3032541.0,614.2898312062578,-85.37554848838613,1.1513978021751228,802816.0,3005856.0,2558528.0,518.2708933717579,-72.03059458153858,0.9714241344151695,11254347.5625,9579488.625,1940.479106628242,-269.69267541564346,3.637148565769297,8153880.25,1651.6992589543022,-229.5573245843565,3.0958723390876304,0.3345781834397422,-0.04650051892821382,0.0006271186099756814,0.0064627592820396896,-8.715852448478994e-05,1.175443500035203e-06,veg,high_veg,0,1
779.0,1068.0,924.0,3214.0,2609.3333,0.5534074432092798,-0.10383515228297172,0.0009713114100170728,606841.0,831972.0,719796.0,2503706.0,2032670.6406999999,431.104398260029,-80.88758362843497,0.7566515884032997,1140624.0,986832.0,3432552.0,2786767.9644,591.0391493475108,-110.8959426382138,1.0373605858982338,853776.0,2969736.0,2411023.9691999997,511.34847752537456,-95.94368070946587,0.8974917428557753,10329796.0,8386397.226199999,1778.6515224746254,-333.7261794374711,3.121794871794872,6808620.270488889,1444.0244700338326,-270.9405205625291,2.5344752068275014,0.3062597981994323,-0.057463146140165594,0.0005375309639775488,0.010781738849627926,-0.00010085626817331073,9.434458552293541e-07,veg,high_veg,0,1
861.5,910.0,1148.0,1667.2858,2567.0,0.18445224992787593,0.2124831063599911,0.0005603384889363909,742182.25,783965.0,989002.0,1436366.7167,2211470.5,158.9056133128651,183.05419612913232,0.48273160821870076,828100.0,1044680.0,1517230.0780000002,2335970.0,167.8515474343671,193.3596267875919,0.5099080249321157,1317904.0,1914044.0984,2946916.0,211.75118291720156,243.93060610126977,0.6432685852989768,2779841.9388816403,4279922.6486,307.5346170827986,354.2700659739029,0.9342444057971017,6589489.0,473.4889255648575,545.4441340260971,1.4383889010997155,0.03402263250345561,0.039192987039764524,0.00010335569500550351,0.04514907048839129,0.00011906246274226784,3.139792221835179e-07,non_veg,low_veg,1,0
920.1667,1001.0,971.0,1148.0,1541.75,0.08352996696554979,0.14638906961613532,0.00021544532897006596,846706.75578889,921086.8667,893481.8657,1056351.3716,1418667.009725,76.86149405379896,134.7023471047495,0.19824561738879998,1002001.0,971971.0,1149148.0,1543291.75,83.61349693251535,146.53545868575145,0.21566077429903602,942841.0,1114708.0,1497039.25,81.10759792354885,142.1437865972674,0.20919741442993406,1317904.0,1769929.0,95.89240207645116,168.05465191932333,0.24733123765763573,2376993.0625,128.7823265691364,225.69534808067664,0.33216283593959917,0.006977255381265839,0.012227874149153353,1.7996141211751617e-05,0.021429759703077714,3.153884126107016e-05,4.641668977501994e-08,non_veg,low_veg,1,0
392.5,573.5,420.66666,2921.0,2021.25,0.7482294299216548,-0.18205270878648389,0.0021998175591290687,154056.25,225098.75,165111.66405,1146492.5,793340.625,293.6800512442495,-71.45568819869493,0.8634283919581595,328902.25,241252.32950999998,1675193.5,1159186.875,429.109578060069,-104.4072284890485,1.261595370160521,176960.43883555557,1228767.3138599999,850272.486525,314.75517519884653,-76.58350494916283,0.9253899052081778,8532241.0,5904071.25,2185.5781648011534,-531.7759623653194,6.42566709021601,4085451.5625,1512.3587352291447,-367.97403763468054,4.44638124138963,0.5598472798008844,-0.13621719451100386,0.001645968238198789,0.03314318877649631,-0.00040048274547551814,4.8391972934525735e-06,veg,high_veg,0,1
363.5,541.75,340.8,2746.6667,1715.5,0.779236485368409,-0.23109103028356162,0.0023804054008131313,132132.25,196926.125,123880.8,998413.34545,623584.25,283.25246243141663,-84.00158950807464,0.8652773631955732,293493.0625,184628.4,1488006.684725,929372.125,422.1513659483355,-125.1935656561195,1.289584625890514,116144.64000000001,936064.0113600001,584642.4,265.56379421355376,-78.7558231206378,0.8112421605971152,7544177.9608888915,4711906.723850001,2140.3029057864464,-634.7300375485503,6.538180246913581,2942940.25,1336.7801906495056,-396.43666245144993,4.083585465094926,0.6072095001293106,-0.1800745622383271,0.0018548987382816032,0.053403064277517995,-0.0005500903365664609,5.6663298722203245e-06,veg,high_veg,0,1
1101.3334,1159.6666,1162.0,1253.2,1477.0,0.03776084796290165,0.0819720167020731,0.00010993321202863456,1212935.25795556,1277179.55944444,1279749.4108,1380191.01688,1626669.4318,41.58728307386554,90.27851985935095,0.121073118176417,1344826.62315556,1347532.5892,1453294.1831200002,1712827.5682,43.78999417025508,95.06020990403633,0.12748587422032576,1350244.0,1456218.4000000001,1716274.0,43.878105332891714,95.25148340780895,0.12774239237727336,1570510.2400000002,1850976.4000000001,47.321894667108346,102.72733133103802,0.13776830131428483,2181529.0,55.77277244120573,121.07266866896197,0.16237135416629325,0.0014258816388773735,0.003095332859899417,4.151171305486701e-06,0.006719411522204952,9.011447092523775e-06,1.2085311106932723e-08,non_veg,low_veg,1,0
1038.6666,1077.5,1064.5,1175.0,1498.0,0.049341370841705735,0.12083800972689862,0.00011160157066882294,1078828.30595556,1119163.2615,1105660.5957,1220433.2550000001,1555922.5668,51.24923389149364,125.51040471380472,0.11591682396124604,1161006.25,1146998.75,1266062.5,1614095.0,53.16532708193793,130.20295548073327,0.12025069239565672,1133160.25,1250787.5,1594621.0,52.52388926099575,128.6320613542836,0.11879987197696201,1380625.0,1760150.0,57.97611073900424,141.98466142910587,0.13113184553586696,2244004.0,73.9133735208752,181.01533857089413,0.16717915286189677,0.002434570876538729,0.005962313049708549,5.506574484887222e-06,0.014601824594758046,1.348571168201639e-05,1.245491057574828e-08,non_veg,low_veg,1,0
1205.3334,1339.0,1650.0,1900.0,2410.3333,0.07042253521126761,0.11839764224265435,0.0003030787342868895,1452828.60515556,1613941.4226,1988800.1099999999,2290133.46,2905255.2316222196,84.8826338028169,142.7086326763222,0.36531092126571313,1792921.0,2209350.0,2544100.0,3227436.2887,94.29577464788733,158.53444296291417,0.40582242521014505,2722500.0,3135000.0,3977049.945,116.19718309859155,195.35610970037968,0.5000799115733677,3610000.0,4579633.27,133.80281690140845,224.95552026104326,0.57584959514509,5809706.617088889,169.74178169014084,285.37777973895646,0.7305207657735415,0.004959333465582226,0.008337862129764392,2.1343572837104895e-05,0.01401800168861957,3.588380755345565e-05,9.185671917694297e-08,non_veg,low_veg,1,0
1125.3334,1171.0,1346.8,1816.0,2135.0,0.1483495636777539,0.08073905340420147,0.0003376646893549862,1266375.26115556,1317765.4113999999,1515599.02312,2043605.4544,2402586.809,166.9427188820033,90.85835348013161,0.3799853529317904,1371241.0,1577102.8,2126536.0,2500085.0,173.71733906664983,94.54543153631992,0.39540535123468884,1813870.24,2445788.8,2875418.0,199.79719236119894,108.73935712477854,0.45476680362329536,3297856.0,3877160.0,269.4028076388011,146.62212098202986,0.6131990758686549,4558225.0,316.7263184520046,172.37787901797014,0.7209141117728954,0.022007593043379958,0.011977603344268159,5.009240933519651e-05,0.006518794744606497,2.7262727386545328e-05,1.1401744243719932e-07,non_veg,low_veg,1,0
1157.2,1254.0,1262.0,1508.6666,1731.0,0.08902788953387608,0.06862848170858075,0.0002011440655267734,1339111.84,1451128.8,1460386.4000000001,1745828.98952,2003113.2000000002,103.0230737686014,79.41687903316965,0.2327639126275822,1572516.0,1582548.0,1891867.9164,2170674.0,111.6409734754806,86.06011606256027,0.25223465817057383,1592644.0,1903937.2492,2184522.0,112.35319659175161,86.60914391622892,0.253843810694788,2276074.90995556,2611501.8846,134.3134034082484,103.53749816244672,0.30345933344845444,2996361.0,154.1072767831395,118.79590183755329,0.34818037742684477,0.007925965114856041,0.006109848888429163,1.7907431646112316e-05,0.0047098685016250036,1.3804211821793738e-05,4.045893509663891e-08,non_veg,low_veg,1,0
358.0,491.0,330.0,2416.0,1665.0,0.7596504005826656,-0.18402352364616514,0.00237276098064897,128164.0,175778.0,118140.0,864928.0,596070.0,271.9548434085943,-65.88042146532712,0.8494484310723311,241081.0,162030.0,1186256.0,817515.0,372.98834668608885,-90.35555011026709,1.1650256414986442,108900.0,797280.0,549450.0,250.68463219227965,-60.7277628032345,0.78301112361416,5837056.0,4022640.0,1835.3153678077201,-444.60083312913497,5.732590529247911,2772225.0,1264.8179169701382,-306.399166870865,3.9506470327805348,0.5770687311054044,-0.139793543454443,0.0018024688294369085,0.0338646572551507,-0.0004366438364291537,5.6299946712902605e-06,veg,high_veg,0,1
1222.0,1284.0,1316.6666,1432.0,1815.0,0.04195976332669811,0.11795503541730828,0.00011990845845685808,1493284.0,1569048.0,1608966.5852,1749904.0,2217930.0,51.27483078522509,144.1410532799507,0.14652813623428057,1648656.0,1690599.9144000001,1838688.0,2330460.0,53.87633611148037,151.45426547582383,0.15396246065860578,1733610.93555556,1885466.5712000001,2389749.879,55.247018916168294,155.3074554357869,0.15787946230763258,2050624.0,2599080.0,60.0863810838317,168.91161071758546,0.17170891251022077,3294225.0,76.15697043795707,214.08838928241454,0.21763385209919742,0.0017606217384325197,0.004949365369302549,5.031330537718977e-06,0.013913390380298452,1.4143806464113534e-05,1.437803840950006e-08,non_veg,low_veg,1,0
911.0,944.75,1178.0,1457.0,2545.75,0.10588235294117647,0.27200049965648615,0.0004109019976158653,829921.0,860667.25,1073158.0,1327327.0,2319178.25,96.45882352941176,247.7924551870589,0.3743317198280533,892552.5625,1112915.5,1376500.75,2405097.3125,100.03235294117647,256.9724720504653,0.3881996622475888,1387684.0,1716346.0,2998893.5,124.72941176470589,320.41658859534067,0.48404255319148937,2122849.0,3709157.75,154.27058823529413,396.3047279995003,0.5986842105263158,6480843.0625,269.55,692.4452720004996,1.046053760430589,0.011211072664359861,0.028800052904804415,4.3507270335797505e-05,0.07398427181337812,0.00011176554866136365,1.6884045164470858e-07,non_veg,low_veg,1,0
379.0,561.0,363.33334,3338.0,1956.75,0.8036743483363213,-0.26087161811228105,0.002332786730156728,143641.0,212619.0,137703.33586000002,1265102.0,741608.25,304.5925780194658,-98.87034326455452,0.8841261707293999,314721.0,203830.00374000001,1872618.0,1097736.75,450.86130941667625,-146.34897776098967,1.3086933556179243,132011.1159555556,1212806.68892,710952.513045,292.0016852533591,-94.78335631993957,0.8475791941755227,11142244.0,6531631.5,2682.664974746641,-870.7894612587942,7.786842105263158,3828870.5625,1572.5897811070968,-510.46053874120594,4.564680434234178,0.6458924581738108,-0.20965582768582916,0.0018748008551663262,0.0680540011365198,-0.0006085578490068427,5.441893928395318e-06,veg,high_veg,0,1
3177.0,3348.0,3399.0,3306.8,4394.5,-0.013749291657967701,0.14123589523846622,1.2351305694777898e-05,10093329.0,10636596.0,10798623.0,10505703.600000001,13961326.5,-43.681499597363384,448.7064391726072,0.03924009819230938,11209104.0,11379852.0,11071166.4,14712786.0,-46.03262847087586,472.8577772583849,0.0413521714661164,11553201.0,11239813.200000001,14936905.5,-46.733842345432215,480.06080791554666,0.04198208805655007,10934926.240000002,14531732.600000001,-45.466157654567596,467.0388583745601,0.04084329767149156,19311630.25,-60.42126219093906,620.6611416254398,0.05427781287570147,0.00018904302109586023,-0.0019418935162078437,-1.698217043542187e-07,0.019947578103811005,1.7444477171659223e-06,1.5255475236585292e-10,non_veg,low_veg,1,0
1230.6666,1281.75,1318.0,1451.3334,1932.5834,0.048146387863592,0.1422168535585745,0.00012344589214901845,1514540.2803555601,1577406.91455,1622018.5788,1786107.54084444,2378365.84209444,59.25215145436803,175.0215316316288,0.15192073637499923,1642883.0625,1689346.5,1860246.58545,2477088.77295,61.711632644159046,182.28645204870287,0.1582267722620044,1737124.0,1912857.4212,2547144.9211999997,63.45693920421426,187.44181299020119,0.16270168585240632,2106368.63795556,2804822.83670556,69.87646079578572,206.40406961246802,0.17916114636866826,3734878.59795556,93.04690995513937,274.845930387532,0.23856948196538338,0.0023180746643114395,0.0068472277921707925,5.943473803573789e-06,0.020225633436101023,1.7556086366164538e-05,1.5238888288467095e-08,non_veg,low_veg,1,0
379.75,563.0,372.0,3300.5,1991.2,0.7974132062627638,-0.24742521306952397,0.0023242066329710086,144210.0625,213799.25,141267.0,1253364.875,756158.2000000001,302.81766507828456,-93.95972466315173,0.8826174688707406,316969.0,209436.0,1858181.5,1121045.6,448.943635125936,-139.300394958142,1.308528334362678,138384.0,1227786.0,740726.4,296.63771272974816,-92.04217926186291,0.8646048674652153,10893300.25,6571955.600000001,2631.8622872702517,-816.6269157359638,7.671043992120814,3964877.4400000004,1587.8091763104153,-492.67308426403616,4.627960247571872,0.6358678215222611,-0.1973001324640166,0.0018533530632145947,0.061219236062499335,-0.0005750673213804527,5.401936472746433e-06,veg,high_veg,0,1
1288.0,1356.0,1463.0,1832.6666,2436.6667,0.11216747470754475,0.14147410322824883,0.00023056552046710703,1658944.0,1746528.0,1884344.0,2360474.5808,3138426.7096,144.47170742331764,182.21864495798448,0.29696839036163386,1838736.0,1983828.0,2485095.9096,3304120.0452000005,152.0990957034307,191.83888397750542,0.31264684575339713,2140369.0,2681191.2358,3564843.3821000005,164.10101549713798,206.97661302292803,0.33731735644337757,3358666.86675556,4465597.676422221,205.56558450286204,259.2748637513638,0.4225497284716835,5937344.606888891,273.31475044296656,344.72523624863646,0.5618113258903682,0.01258154238226769,0.015868792895627176,2.586195218542612e-05,0.020014921884237206,3.261905024343842e-05,5.316045922826795e-08,non_veg,low_veg,1,0
833.4167,904.5,1092.6666,1344.0,2343.25,0.10314640501084554,0.2710014238253441,0.00045528605634388215,694583.39583889,753825.40515,910646.59197222,1120112.0448,1952903.682275,85.96393648100235,225.85711233981965,0.37944300263413233,818120.25,988316.9397,1215648.0,2119469.625,93.2959233323098,245.12078785002373,0.4118062379630414,1193920.29875556,1468543.9104,2560391.01045,112.70463166542356,296.1142043663977,0.49747586721267817,1806336.0,3149328.0,138.62876833457642,364.22591362126246,0.6119044597261776,5490820.5625,241.6978135416638,635.0240863787376,1.0668490515278017,0.010639180866661383,0.027952822620404747,4.696111996343671e-05,0.07344177171536377,0.0001233831695170179,2.0728539310116463e-07,non_veg,low_veg,1,0
1000.0,1056.0,1110.0,1435.0,2103.5,0.12770137524557956,0.18892185954500496,0.00030283305544629585,1000000.0,1056000.0,1110000.0,1435000.0,2103500.0,127.70137524557956,188.92185954500496,0.30283305544629585,1115136.0,1172160.0,1515360.0,2221296.0,134.85265225933202,199.50148367952522,0.3197917065512884,1232100.0,1592850.0,2334885.0,141.74852652259332,209.7032640949555,0.3361446915453884,2059225.0,3018522.5,183.25147347740668,271.10286844708213,0.43456543456543456,4424712.25,268.6198428290766,397.3971315529179,0.6370093321312833,0.01630764123961232,0.024125581277849355,3.867219765031283e-05,0.03569146901394258,5.72117839666098e-05,9.17078594709393e-08,non_veg,low_veg,1,0
791.0,1000.0,946.0,2884.0,2501.6667,0.5060052219321148,-0.07099089514767035,0.0009163234284593508,625681.0,791000.0,748286.0,2281244.0,1978818.3597000001,400.2501305483028,-56.153798061807244,0.7248118319113465,1000000.0,946000.0,2884000.0,2501666.7,506.0052219321148,-70.99089514767034,0.9163234284593508,894916.0,2728264.0,2366576.6982,478.68093994778064,-67.15738680969615,0.8668419633225459,8317456.0,7214806.762800001,1459.3190600522191,-204.73774160588127,2.6426767676767677,6258336.277888891,1265.8564137336814,-177.5955583941185,2.2923358074065905,0.2560412846225688,-0.035921763654356426,0.00046366443977917014,0.005039707193867525,-6.505062043111158e-05,8.39648625543499e-07,veg,high_veg,0,1
694.6,1029.3334,874.0,3398.0,2666.0,0.5908239700374532,-0.12071240105540897,0.001143740136013438,482469.16000000003,714974.97964,607080.4,2360250.8000000003,1851803.6,410.38632958801503,-83.84683377308707,0.7944418984749341,1059527.24835556,899637.3916,3497674.8932,2744202.8444,608.1548458801499,-124.2533062005277,1.1772899229191747,763876.0,2969852.0,2330084.0,516.3801498127341,-105.50263852242743,0.9996288788757448,11546404.0,9059068.0,2007.6198501872661,-410.1807387862797,3.8864289821736624,7107556.0,1575.1367041198503,-321.8192612137203,3.0492112026118257,0.34907296357081746,-0.07131978002430998,0.0006757490878506362,0.0145714837685619,-0.00013806361800162214,1.3081414987280377e-06,veg,high_veg,0,1
854.5,1056.6666,2280.5,2517.6,2470.75,0.04941539359329732,-0.009391883087594075,0.0007721676800351824,730170.25,902921.6097,1948687.25,2151289.1999999997,2111255.875,42.22545382547256,-8.025364098349137,0.6598172825900633,1116544.30355556,2409728.1813,2660263.8321599998,2610759.00195,52.215595935891265,-9.924089169765534,0.815923797092664,5200680.25,5741386.8,5634545.375,112.69180508951455,-21.418189381258287,1.7609283943202334,6338309.76,6220360.2,124.40819491048534,-23.645004861326843,1.944009351256575,6104605.5625,122.09308372063936,-23.20499513867306,1.9078332954469268,0.0024418811239804903,-0.0004641035993556937,3.815696982896181e-05,8.820746793103561e-05,-7.252108574909182e-06,5.962429260909158e-07,non_veg,low_veg,1,0
989.0,1153.5,1126.0,2215.0,2198.0,0.32595031427716253,-0.0038522547020167688,0.000559089769022049,978121.0,1140811.5,1113614.0,2190635.0,2173822.0,322.36486082011373,-3.8098799002945842,0.5529397815628064,1330562.25,1298841.0,2555002.5,2535393.0,375.983687518707,-4.443575798776343,0.6449100485669335,1267876.0,2494090.0,2474948.0,367.020053876085,-4.337638794470882,0.6295350799188272,4906225.0,4868570.0,721.979946123915,-8.532744164967143,1.2383838383838386,4831204.0,716.4387907812032,-8.467255835032859,1.2288793123104635,0.10624360737738102,-0.0012556436307980428,0.00018223548592188307,1.4839866289210305e-05,-2.153756191564657e-06,3.125813698251281e-07,non_veg,medium_veg,1,0
954.5,1243.3334,1271.3334,2901.5,2724.5,0.3906617982879451,-0.03146107358691788,0.0007022838563174842,911070.25,1186761.7303,1213487.7303,2769481.75,2600535.25,372.88668646584364,-30.02959473871312,0.6703299408550387,1545877.94355556,1580691.27875556,3607531.8601,3387461.8483,485.722861915465,-39.116603590472806,0.8731729748403291,1616288.61395556,3688773.8601,3463747.8483,496.66139226752745,-39.997513650906505,0.8928369228172187,8418702.25,7905136.75,1133.5052077324729,-91.28430501244223,2.0376766091051803,7422900.25,1064.3580694355064,-85.71569498755777,1.9133723665369857,0.15261664064157113,-0.012290639583534711,0.00027435547421758127,0.000989799151241462,-2.2094604082508833e-05,4.932026148441568e-07,non_veg,medium_veg,1,0
677.75,1045.3334,819.0,3268.0,2629.3333,0.599217029606068,-0.10829754187371438,0.0011677497740239073,459345.0625,708474.71185,555077.25,2214887.0,1782030.644075,406.1193418155126,-73.39865900490992,0.7914424093447032,1092721.9171555599,856128.0546,3416149.5512,2748529.9182222197,626.3815748960118,-113.20703765849221,1.2206878416296427,670761.0,2676492.0,2153423.9727,490.75874724736974,-88.69568679457207,0.9563870649255801,10679824.0,8592661.224399999,1958.2412527526303,-353.9163668432986,3.816206261510129,6913393.602488888,1575.5412898703205,-284.7503331567016,3.070403366908534,0.35906104856991944,-0.0648937313552059,0.0006997355509137629,0.011728357575888918,-0.0001264644300503746,1.3636395347328866e-06,veg,high_veg,0,1
763.0,1083.0,984.0,3410.3333,2954.5,0.5521504934548318,-0.07161747661168122,0.001016057856400246,582169.0,826329.0,750792.0,2602084.3079,2254283.5,421.29082650603664,-54.64413465471277,0.7752521444333876,1172889.0,1065672.0,3693390.9639,3199723.5,597.9789844115828,-77.56172717045077,1.1003906584814664,968256.0,3355767.9672,2907228.0,543.3160855595545,-70.47159698589432,0.999800930697842,11630373.21708889,10075829.734849999,1883.0172144404448,-244.2394653507876,3.465095942408377,8729070.25,1631.3286329123005,-211.59383464921217,3.001942936734527,0.30487016742241424,-0.03954362505112966,0.0005610168467900544,0.005129062956224706,-7.276749976685957e-05,1.032373567552663e-06,veg,high_veg,0,1
902.3333,1036.0,971.6667,2101.0,1963.0,0.36754175127422706,-0.03395669291338583,0.0006315741814552788,814205.38428889,934817.2988,876767.21991111,1895802.2633,1771280.2679,331.6451613150525,-30.64025477362205,0.5698904153473405,1073296.0,1006646.7012,2176636.0,2033668.0,380.7732543200992,-35.17913385826772,0.6543108519876689,944136.1758888899,2041471.7367,1907381.7321,357.128080572849,-32.994587746063,0.613679600699852,4414201.0,4124263.0,772.2052194271511,-71.34301181102363,1.3269373552375407,3853369.0,721.4844577513077,-66.65698818897638,1.2397801181967123,0.13508693892972579,-0.012480502380866962,0.00023212988071165963,0.0011530569936139873,-2.1446170531699924e-05,3.988859466809055e-07,non_veg,medium_veg,1,0
1173.3334,1181.0,1207.0,1652.6666,2212.3333,0.15584564997891712,0.14480380711005963,0.0002469794659538021,1376711.26755556,1385706.7454,1416213.4138,1939128.9208444399,2595804.5528222197,182.85890636497274,169.90314332939045,0.2897892565177589,1394761.0,1425467.0,1951799.2546,2612765.6273,184.05371262510113,171.01329619698043,0.2916827492914403,1456849.0,1994768.5862,2670286.2931,188.10569952455296,174.77819518184197,0.29810421540623916,2731306.8907555602,3656249.3529777797,257.560900475447,239.3124155636381,0.40817471426768587,4894418.630288889,344.7825211085026,320.35428443636164,0.5464008969458126,0.024287866617351148,0.022567043438488983,3.849067540301612e-05,0.020968142553567357,3.5763566948119903e-05,6.09988566028253e-08,non_veg,low_veg,1,0
713.0,1078.8334,905.75,3339.6667,3036.1667,0.5733045474664479,-0.04760162020544639,0.0011015485173897098,508369.0,769208.2142,645799.75,2381182.3571,2164786.8571,408.7661423435773,-33.939955206483276,0.785404092898863,1163881.50495556,977153.35205,3602943.98082778,3275518.0439277804,618.5000941786893,-51.35421777175043,1.1883873322804996,820383.0625,3024903.1135250004,2750007.9885250004,519.2705938677352,-43.11516750108307,0.9977275696257296,11153373.667088892,10139784.823638892,1914.6461061322655,-158.9735458661765,3.678804901960785,9218308.230188891,1740.6481759761984,-144.5264541338235,3.344484926933008,0.3286781041457086,-0.027290225330553166,0.0006315227742744442,0.002265914246183562,-5.2435494162657526e-05,1.2134091361634678e-06,veg,high_veg,0,1
4242.6665,4417.5,4382.0,4276.0,4987.75,-0.012243012243012243,0.07683173660774524,1.8369696195309784e-06,18000219.030222252,18741979.26375,18591364.603,18141641.954,21161359.835375,-51.94301790251791,325.97143504250437,0.0077936494663018285,19514306.25,19357485.0,18889230.0,22033385.625,-54.08350658350658,339.4041964647146,0.008114813294278097,19201924.0,18737432.0,21856320.5,-53.64887964887965,336.67666981513963,0.008049600872784748,18284176.0,21327619.0,-52.35112035112035,328.53250573471865,0.007854882093114465,24877650.0625,-61.06508431508431,383.21749426528135,0.009162345219815638,0.0001498913487825477,-0.0009406518919405169,-2.2490041541959312e-08,0.00590311575016194,1.4113756596423413e-07,3.3744573830797878e-12,non_veg,low_veg,1,0
715.0,1034.0,972.0,3200.0,2824.0,0.5340364333652924,-0.06241699867197875,0.001084584497206704,511225.0,739310.0,694980.0,2288000.0,2019160.0,381.83604985618405,-44.62815405046481,0.7754779155027933,1069156.0,1005048.0,3308800.0,2920016.0,552.1936720997123,-64.53917662682603,1.1214603701117318,944784.0,3110400.0,2744928.0,519.0834132310642,-60.669322709163346,1.0542161312849163,10240000.0,9036800.0,1708.9165867689355,-199.734395750332,3.4706703910614527,7974976.0,1508.1188878235857,-176.265604249668,3.062866620111732,0.2851949121615224,-0.033332951352149726,0.0005792076365715571,0.003895881723217797,-6.769650912179958e-05,1.1763235315811188e-06,veg,high_veg,0,1
980.6667,1162.8,1082.6666,2325.0,2197.4,0.3645701137546731,-0.028215107022819725,0.0005890063001706607,961707.17648889,1140319.2387599999,1061735.08182222,2280050.0775,2154917.0065800003,357.5217703744199,-27.669615894215443,0.5776188646675713,1352103.8399999999,1258924.72248,2703510.0,2555136.72,423.9221282739338,-32.80852644613478,0.6848965258384442,1172166.9667555601,2517199.845,2379051.58684,394.70788552038516,-30.547553989032355,0.6376974483843486,5405625.0,5108955.0,847.6255144796149,-65.60012382805586,1.369439647896786,4828566.760000001,801.1063679645187,-61.99987617194407,1.2942824439950098,0.13291136784309526,-0.010286384776909662,0.00021473409385543688,0.000796092264309171,-1.661887579643027e-05,3.4692842164073044e-07,non_veg,medium_veg,1,0
747.0,1061.0,850.0,3320.0,3023.0,0.592326139088729,-0.046823269746176885,0.001036096256684492,558009.0,792567.0,634950.0,2480040.0,2258181.0,442.46762589928056,-34.976982500394136,0.7739639037433156,1125721.0,901850.0,3522520.0,3207403.0,628.4580335731415,-49.67948920069367,1.099298128342246,722500.0,2822000.0,2569550.0,503.4772182254197,-39.79977928425035,0.8806818181818182,11022400.0,10036360.0,1966.5227817745804,-155.45325555730724,3.4398395721925135,9138529.0,1790.6019184652278,-141.54674444269273,3.1321189839572194,0.35085025504776035,-0.027734646588263048,0.0006137068954462099,0.0021924185897232436,-4.85134145097421e-05,1.073495453115617e-06,veg,high_veg,0,1
948.6667,1080.0,1042.6666,1876.0,1944.0,0.2855185309620496,0.01780104712041885,0.0005205132767102117,899968.50768889,1024560.036,989143.08262222,1779698.7292,1844208.0648,270.8619225566154,16.88726062827225,0.4937936125228634,1166400.0,1126079.928,2026080.0,2099520.0,308.3600134390136,19.225130890052355,0.5621543388470287,1087153.63875556,1956042.5416,2026943.8704000001,297.700635915195,18.56055727748691,0.5427218084822957,3519376.0,3646944.0,535.6327640848051,33.39476439790576,0.9764829071083572,3779136.0,555.0480241902244,34.60523560209424,1.0118778099246515,0.08152083152272688,0.005082528823408213,0.00014861618611254247,0.0003168772785833722,9.265681365522094e-06,2.709340712316014e-07,non_veg,medium_veg,1,0
3324.0,3492.0,3544.4,3488.0,5265.5,-0.008020021614242662,0.2030616324898612,1.414085672897841e-05,11048976.0,11607408.0,11781585.6,11594112.0,17502522.0,-26.65855184574261,674.9768663962986,0.04700420776712423,12194064.0,12377044.8,12180096.0,18387126.0,-28.005915476935378,709.0912206545953,0.04937987169759261,12562771.360000001,12362867.200000001,18663038.2,-28.42616460952169,719.731650197064,0.05012085259019108,12166144.0,18366064.0,-27.973835390478406,708.2789741246359,0.04932330827067669,27725490.25,-42.22942380979474,1069.2210258753641,0.07445868110643582,6.432074669291948e-05,-0.0016285586815920868,-1.1340997661031564e-07,0.041234026589447456,2.8714654521915946e-06,1.9996382902949396e-10,non_veg,low_veg,1,0
1560.0,1714.0,1720.3334,1752.5,1803.6666,0.009262350448483943,0.014388133559322001,7.03671244794432e-05,2433600.0,2673840.0,2683720.104,2733900.0,2813719.896,14.449266699634952,22.44548835254232,0.1097727141879314,2937796.0,2948651.4476,3003785.0,3091484.5524,15.87566866870148,24.66126092067791,0.12060925135776565,2959547.00715556,3014884.2835,3102907.89444444,15.934330839031908,24.75238672576252,0.12105491450394376,3071256.25,3160925.7165,16.232269160968112,25.215204062711805,0.12331838565022421,3253213.20395556,16.70619214142551,25.95139593728821,0.1269188321616141,8.579113583053071e-05,0.00013326793532603302,6.517649669806963e-07,0.00020701838732088798,1.0124515851956655e-06,4.951532207505455e-09,non_veg,low_veg,1,0
397.5,590.5,378.75,3433.5,2074.8,0.8012984457997245,-0.2466641250476553,0.002218893151634049,158006.25,234723.75,150553.125,1364816.25,824733.0000000001,318.5161322053905,-98.04898970644298,0.8820100277745345,348690.25,223651.875,2027481.75,1225169.4000000001,473.1667322447373,-145.65516584064045,1.310256406039906,143451.5625,1300438.125,785830.5000000001,303.49178634664565,-93.42403736179945,0.8404057811813961,11788922.25,7123825.800000001,2751.2582136533542,-846.9212733511245,7.618569636135508,4304795.040000001,1662.5340153452687,-511.7787266488753,4.603759511010326,0.642079199241054,-0.1976515800352351,0.001777995633800016,0.060843190585525335,-0.0005473213378220471,4.923486818368483e-06,veg,high_veg,0,1
714.6667,1044.6666,882.0,3215.6,2732.0,0.5695040999609526,-0.08131010827896964,0.0010867490752239572,510748.49208889,746588.43162222,630336.0294,2298082.24052,1952469.4244,407.0056157555641,-58.109626760373914,0.7766633753183573,1091328.3051555601,921395.9412,3359229.91896,2854029.1512,594.9419117922686,-84.94195436142307,1.1352904614673556,777924.0,2836159.1999999997,2409624.0,502.3026161655602,-71.71551550205123,0.9585126843475302,10340083.36,8785019.2,1831.2973838344392,-261.46078418185476,3.4945503262901565,7463824.0,1555.8852010933226,-222.13921581814506,2.968998473511851,0.32433491987233476,-0.04630644003314221,0.0006189080539688173,0.006611333708337768,-8.836368497853008e-05,1.1810235525001263e-06,veg,high_veg,0,1
385.0,557.25,364.0,3202.0,1926.2,0.7958496915311273,-0.24878124878124877,0.0022791778454528096,148225.0,214541.25,140140.0,1232770.0,741587.0,306.402131239484,-95.78078078078077,0.8774834704993317,310527.5625,202839.0,1784314.5,1073374.95,443.4872406057207,-138.6333508833509,1.270071854378578,132496.0,1165528.0,701136.8,289.68928771733033,-90.55637455637455,0.8296207357448226,10252804.0,6167692.4,2548.3107122826696,-796.5975585975585,7.2979274611398965,3710246.44,1532.9656758272574,-479.20244140244137,4.390152365911202,0.6333767315101905,-0.19799248010128548,0.0018138829852481979,0.061892109745157596,-0.000567016710586306,5.1946516512029115e-06,veg,high_veg,0,1
379.0,601.0,398.75,3003.0,2023.0,0.7655618431689571,-0.19498607242339833,0.0022994549310338783,143641.0,227779.0,151126.25,1138137.0,766717.0,290.1479385610348,-73.89972144846797,0.8714934188618398,361201.0,239648.75,1804803.0,1215823.0,460.1026677445432,-117.1866295264624,1.381972413551361,159001.5625,1197446.25,806671.25,305.26778496362164,-77.75069637883009,0.916907653749759,9018009.0,6075069.0,2298.9822150363784,-585.5431754874652,6.905263157894736,4092529.0,1548.7316087308004,-394.4568245125348,4.651797325481536,0.586084935716251,-0.1492738969967326,0.001760374955286243,0.03801956843910274,-0.0004483616857169122,5.287492979856018e-06,veg,high_veg,0,1
1005.0,1091.3334,1139.0,1830.8,2200.75,0.23294497945989626,0.09176371370812715,0.0004483694294794918,1010025.0,1096790.067,1144695.0,1839954.0,2211753.75,234.10970435719574,92.22253227666779,0.45061127662688927,1191008.58995556,1243028.7426,1998013.18872,2401751.98005,254.22063644689874,100.14480567771702,0.489320533929914,1297321.0,2085281.2,2506654.25,265.32433160482185,104.51886991355683,0.5106927801771411,3351828.6399999997,4029133.1,426.47566839517805,168.00100705683917,0.8208747514910536,4843300.5625,512.6536635463667,201.94899294316082,0.9867490219269915,0.05426336345557149,0.02137589640490348,0.00010444540754054562,0.008420579153507123,4.114404396223239e-05,2.0103514529176497e-07,non_veg,medium_veg,1,0
389.0,571.0,361.0,3091.3333,1917.0,0.790866078892209,-0.23447586844909057,0.002241446997510667,151321.0,222119.0,140429.0,1202528.6537,745713.0,307.6469046890693,-91.21111282669624,0.8719228820316496,326041.0,206131.0,1765151.3143,1094607.0,451.5845310474513,-133.88572088443073,1.279866235578591,130321.0,1115971.3213,692037.0,285.5026544800874,-84.64578851012169,0.8091623661013508,9556341.571688889,5926085.9361,2444.8306455199127,-724.843060183093,6.929059743589742,3674889.0,1516.0902732363645,-449.49023981690664,4.296853894227949,0.6254691547423377,-0.18543901067517768,0.0017726843979659762,0.05497893288495523,-0.0005255652313239203,5.024084642649585e-06,veg,high_veg,0,1
371.0,553.75,363.5,2752.0,1835.4,0.7666506178783502,-0.19980817020534508,0.002325776756689172,137641.0,205441.25,134858.5,1020992.0,680933.4,284.4273792328679,-74.12883114618303,0.8628631767316829,306639.0625,201288.125,1523920.0,1016352.75,424.53277965013643,-110.64377425120983,1.287898879016629,132132.25,1000352.0,667167.9,278.6774995987803,-72.63026986964293,0.8454198510565141,7573504.0,5051020.8,2109.8225004012197,-549.8720844051097,6.400537634408602,3368693.16,1407.110544053924,-366.72791559489036,4.268730659227307,0.5877531698932561,-0.15318305714507038,0.0017830581875628592,0.03992330488080815,-0.00046470919806018555,5.409237521955605e-06,veg,high_veg,0,1
925.25,1059.3334,1001.0,2103.4285,2103.0,0.35511479810213054,-0.00010186789101490385,0.0006047210943207622,856087.5625,980148.22835,926175.25,1946197.219625,1945800.75,328.5699669439963,-0.09425326616153978,0.5595181925202852,1122187.25235556,1060392.7334,2228232.0645618998,2227778.1402,376.18496646384347,-0.10791205933964754,0.6406012528985336,1002001.0,2105531.9285,2105103.0,355.46991290023266,-0.10196975890591875,0.6053258154150829,4424411.4546122495,4423510.1355,746.9585870997673,-0.21427182519564267,1.2719875843454793,4422609.0,746.8064204087805,-0.21422817480434278,1.2717284613565627,0.12610651983111693,-3.617479555084742e-05,0.00021474540931781688,1.0377067219824327e-08,-6.160166253068078e-08,3.656876019165001e-07,non_veg,medium_veg,1,0
874.5,947.5,1138.0,1560.0,2277.0,0.156412157153447,0.18686473807662235,0.0005019109959144225,764750.25,828588.75,995181.0,1364220.0,1991236.5,136.7824314306894,163.41321344800625,0.43892116592716246,897756.25,1078255.0,1478100.0,2157457.5,148.20051890289102,177.05433932759968,0.47556066862891533,1295044.0,1775280.0,2591226.0,177.9970348406227,212.65207193119625,0.5711747133506128,2433600.0,3552120.0,244.0029651593773,291.5089913995309,0.7829811536264991,5184729.0,356.15048183839883,425.4910086004691,1.14285133769714,0.0244647629053946,0.029227916778478368,7.850498157000974e-05,0.03491843033644468,9.378946678932523e-05,2.519146478198074e-07,non_veg,low_veg,1,0
853.3333,950.7,1097.0,2138.5,2339.25,0.3218976974192551,0.04483278432248339,0.0007034332210441726,728177.72088889,811263.96831,936106.6301,1824853.26205,1996159.922025,274.68602440117445,38.257307794093016,0.6002629918432533,903830.4900000001,1042917.9,2033071.9500000002,2223924.975,306.02814093648584,42.62252805538496,0.6687539632466949,1203409.0,2345934.5,2566157.25,353.12177406892283,49.18156440176428,0.7716662434854573,4573182.25,5002486.125,688.378225931077,95.87490927363072,1.5042919432029631,5472090.5625,752.9991886879925,104.87509072636927,1.6455061623275808,0.10361812760381832,0.014431570042301481,0.00022643353414232906,0.0020099785501063124,3.153686988434317e-05,4.948182964685798e-07,non_veg,medium_veg,1,0
1637.3334,1977.0,1971.3334,2468.6667,2419.0,0.11201200198171171,-0.010161638067505753,0.0002055466641937538,2680860.66275556,3237008.1318,3227730.01835556,4042030.4413777804,3960709.4946,183.40099204552277,-16.637989406638624,0.33654841854301715,3908529.0,3897326.1318,4880554.065900001,4782363.0,221.44772791784405,-20.089558459458875,0.4063657551110512,3886155.37395556,4866565.11917778,4768655.4946,220.8130007074145,-20.031976521185545,0.4052010043837309,6094315.275688891,5971704.747300001,276.5202992925857,-25.085697514703806,0.5074262051912024,5851561.0,270.9570327937606,-24.581002485296416,0.4972173806846904,0.012546688587950989,-0.0011382254233548916,2.3023693357004982e-05,0.00010325888821498207,-2.0886908075200704e-06,4.224943116117979e-08,non_veg,low_veg,1,0
1258.5,1449.0,1423.0,2306.5,2441.0,0.2368950261429146,0.02833070036861506,0.0003607527512345584,1583822.25,1823566.5,1790845.5,2902730.25,3071998.5,298.132390400858,35.65418641390205,0.4540073374286917,2099601.0,2061927.0,3342118.5,3537009.0,343.26089288108324,41.05118483412322,0.5227307365388751,2024929.0,3282149.5,3473543.0,337.1016222013675,40.31458662453923,0.5133511650067766,5319942.25,5630166.5,546.3983777986325,65.34476040021063,0.8320762207225089,5958481.0,578.2607588148545,69.15523959978935,0.880597465763557,0.05611925341125219,0.006711402004470145,8.546053243483908e-05,0.0008026285833762454,1.02203781023798e-05,1.3014254752330318e-07,non_veg,medium_veg,1,0
385.25,556.0,405.0,2557.6667,2052.5,0.7265976628420605,-0.10957666671793023,0.0021990276550987835,148417.5625,214199.0,156026.25,985341.0961750001,790725.625,279.9217496099038,-42.21441085308262,0.8471754041268064,309136.0,225180.0,1422062.6852000002,1141190.0,403.98830054018566,-60.92462669516921,1.2226593762349236,164025.0,1035855.0135000001,831262.5,294.2720534510345,-44.37855002076174,0.8906062003150073,6541658.948288891,5249610.90175,1858.3946465489657,-280.26059156144845,5.624379805825244,4212756.25,1491.3417029833292,-224.9061084385518,4.513504262090253,0.5279441636475446,-0.07961814993927151,0.0015978083547198328,0.01200704588901236,-0.00024096212046627102,4.835722627889254e-06,veg,high_veg,0,1
709.0,1086.0,918.0,3333.3333,2705.75,0.5681354835199582,-0.10392029200855696,0.001108873236440845,502681.0,769974.0,650862.0,2363333.3096999996,1918376.75,402.8080578156504,-73.67948703406688,0.7861911246365592,1179396.0,996948.0,3619999.9637999996,2938444.5,616.9951351026747,-112.85743712129286,1.2042363347747578,842724.0,3059999.9694,2483878.5,521.5483738713217,-95.39882806385529,1.0179456310526958,11111110.888888888,9019166.576475,1893.7849261286779,-346.4009698978468,3.696244084507042,7321083.0625,1537.232584534127,-281.182330102153,3.0003337594998163,0.32277792763445673,-0.059040805347816756,0.0006299902323476604,0.010799427091143747,-0.00011523443053140624,1.2295998544947942e-06,veg,high_veg,0,1
401.5,636.0,380.0,3086.0,1943.8,0.7807270628967109,-0.22708656407809455,0.0021612330581306884,161202.25,255354.0,152570.0,1239029.0,780435.7,313.4619157530294,-91.17525547735497,0.8677350728394714,404496.0,241680.0,1962696.0,1236256.8,496.54241200230814,-144.42705475366813,1.374544224971118,144400.0,1172680.0,738644.0,296.67628390075015,-86.29289434967593,0.8212685620896616,9523396.0,5998566.8,2409.32371609925,-700.7891367449997,6.6695652173913045,3778358.44,1517.5772648586267,-441.41086325500015,4.201004818394432,0.6095347467393247,-0.1772926261959965,0.0016873331377096489,0.05156830758479454,-0.0004907869893428908,4.6709283315569275e-06,veg,high_veg,0,1
1064.4,1172.5,1146.6666,1720.0,2023.5,0.20000002790697738,0.08107386135969014,0.0003577649621716485,1132947.36,1248009.0,1220511.92904,1830768.0000000002,2153813.4000000004,212.88002970418674,86.29501803125419,0.3808050257355027,1374756.25,1344466.5885,2016700.0,2372553.75,234.500032720931,95.05910244423669,0.4194794181462579,1314844.29155556,1972266.5520000001,2320279.8651,229.33335199999888,92.96468895418727,0.4102371327724928,2958400.0,3480420.0,344.0000480000011,139.44704153866704,0.6153557349352354,4094552.25,404.70005646976875,164.052958461333,0.7239374009543308,0.04000001116279173,0.016214774534464443,7.15530024184684e-05,0.006572970995770257,2.900538694245902e-05,1.279957681576811e-07,non_veg,medium_veg,1,0
980.0,1138.5,1080.3334,2045.0,2172.3333,0.30866038164120346,0.030192847219355362,0.000530868905288501,960400.0,1115730.0,1058726.732,2004100.0,2128886.6339999996,302.4871740083794,29.588990274968253,0.520251527182731,1296182.25,1229959.5759,2328232.5,2473201.4620499997,351.40984449851015,34.374556559236076,0.6043942486709585,1167120.2551555599,2209281.803,2346844.21992222,333.4561195437389,32.618341292166726,0.5735154094046043,4182025.0,4442421.598499999,631.210480456261,61.74437256358171,1.0856269113149846,4719031.966288889,670.5132254298949,65.58892743641805,1.153224200892757,0.09527123119489338,0.009319335745560774,0.00016385819890779663,0.0009116080232113348,1.6028443750882143e-05,2.818217946022115e-07,non_veg,medium_veg,1,0
1481.0,1634.0,1694.0,1717.5,1851.25,0.006888465484391031,0.037478108581436076,9.291507797598351e-05,2193361.0,2419954.0,2508814.0,2543617.5,2741701.25,10.201817382383116,55.50507880910683,0.1376072304824316,2669956.0,2767996.0,2806395.0,3024942.5,11.255752601494944,61.23922942206655,0.15182323741275705,2869636.0,2909445.0,3136017.5,11.669060530558406,63.48791593695271,0.15739814209131608,2949806.25,3179521.875,11.830939469441596,64.36865148861646,0.1595816464237517,3427126.5625,12.752271727978895,69.38134851138354,0.17200903810303947,4.745095672964656e-05,0.0002581666573834817,6.400423076170637e-07,0.0014046086228419125,3.48228138123651e-06,8.633211715283096e-09,non_veg,low_veg,1,0
755.5,1111.3334,899.0,3361.3333,2723.0,0.5779672919017861,-0.10491425576570564,0.0010247693305544463,570780.25,839612.3837,679194.5,2539487.30815,2057226.5,436.6542890317994,-79.26272023099061,0.7742132292338841,1235061.92595556,999088.7265999999,3735561.9648222197,3026160.8482,642.3143555980043,-116.59471656857124,1.1388603843407967,808201.0,3021838.6366999997,2447977.0,519.5925954197057,-94.31791593336936,0.9212676281684472,11298561.55368889,9152910.5759,1942.7407045802938,-352.65178154998335,3.4445912756113675,7414729.0,1573.8049358485634,-285.6815184500164,2.790446887099757,0.3340461905082844,-0.06063700828679623,0.0005922831548045596,0.011007001062871898,-0.00010751291164664012,1.050152180845008e-06,veg,high_veg,0,1
408.0,600.25,418.5,3058.6667,2051.8,0.7592867779390617,-0.19702049912584302,0.0021188472994660102,166464.0,244902.0,170748.0,1247936.0136000002,837134.4,309.7890053991372,-80.38436364334395,0.8644896981821322,360300.0625,251204.625,1835964.6866750002,1231592.9500000002,455.7618884579218,-118.26155460028727,1.2718380915044727,175142.25,1280052.01395,858678.3,317.7615165674973,-82.45307888416531,0.8867375948265253,9355441.98168889,6275772.335060001,2322.405183432503,-602.6200398935952,6.480847677261614,4209883.240000001,1557.904610975367,-404.24666010640476,4.34745088904436,0.576516411153082,-0.14959505996920708,0.001608812738956429,0.03881707707579631,-0.0004174563525122379,4.489513878454404e-06,veg,high_veg,0,1
403.5,555.5,435.66666,2796.0,1996.5,0.7303764862926798,-0.16682316118935836,0.0021154182825190854,162812.25,224144.25,175791.49730999998,1128186.0,805587.75,294.7069122190963,-67.3131455399061,0.853571276996451,308580.25,242012.82963,1553178.0,1109055.75,405.72413813558364,-92.67026604068857,1.1751148559393518,189805.4386355556,1218123.9813599999,869808.4866899999,318.20068432566757,-72.67928944600938,0.9216172176480263,7817616.0,5582214.0,2042.1326556743327,-466.437558685446,5.914709517923363,3986012.25,1458.1966548833352,-333.06244131455395,4.223432601049354,0.5334498117292411,-0.12184371430172092,0.001545051772225585,0.02782996710921064,-0.000352900765127597,4.474994510015997e-06,veg,high_veg,0,1
889.5,1178.0,1130.0,3014.0,2996.75,0.4546332046332046,-0.0028698581707773574,0.0007915522061187787,791210.25,1047831.0,1005135.0,2680953.0,2665609.125,404.3962355212355,-2.5527388429064595,0.7040856873426536,1387684.0,1331140.0,3550492.0,3530171.5,535.557915057915,-3.380692925175727,0.9324484988079212,1276900.0,3405820.0,3386327.5,513.7355212355212,-3.2429397329784138,0.8944539929142199,9084196.0,9032204.5,1370.2644787644788,-8.649752526722954,2.385738349241999,8980510.5625,1362.422055984556,-8.600247473277046,2.37208407368645,0.2066913507550573,-0.0013047328170232965,0.0003598659161022633,8.23608592037756e-06,-2.27164256632682e-06,6.265548950115055e-07,non_veg,medium_veg,1,0
580.5,910.0,661.0,3504.0,2539.0,0.682593037214886,-0.15968889624358762,0.0014347931071037351,336980.25,528255.0,383710.5,2034072.0,1473889.5,396.24525810324127,-92.6994042694026,0.8328973986737183,828100.0,601510.0,3188640.0,2310490.0,621.1596638655462,-145.31689558166474,1.305661727464399,436921.0,2316144.0,1678279.0,451.1939975990396,-105.55436041701141,0.9483982437955689,12278016.0,8896656.0,2391.8060024009606,-559.5498924375311,5.027515047291488,6446521.0,1733.1037214885955,-405.450107562469,3.6429396989363836,0.46593325445424266,-0.10900252869640327,0.0009793797847529218,0.02550054358349529,-0.00022912052761130306,2.0586312601923904e-06,veg,high_veg,0,1
1093.3334,1112.3334,1272.0,1523.0,2435.0,0.08980322003577818,0.23041940373926226,0.0002577994802557912,1195377.92355556,1216151.25815556,1390720.0848,1665146.7682,2662266.829,98.18485989266547,251.92523011622032,0.28186078226629707,1237285.59275556,1414888.0848,1694083.7682,2708531.829,99.89112107334526,256.3031987872663,0.2867589723911571,1617984.0,1937256.0,3097320.0,114.22969588550984,293.0934815563416,0.32792093888536644,2319529.0,3708505.0,136.77030411449016,350.92875189489644,0.39262860842957,5929225.0,218.67084078711986,561.0712481051036,0.6277417344228516,0.00806461832879439,0.020692404414509778,2.315122345052007e-05,0.053093101619557145,5.9402002524831125e-05,6.646057202015609e-08,non_veg,low_veg,1,0
984.5,1053.6666,1098.0,1789.3334,2213.0,0.23943663727922795,0.1058548995443508,0.00045641309230507403,969240.25,1037334.7677,1080981.0,1761598.7323,2178698.5,235.72536940139992,104.21414860141337,0.4493386893743454,1110213.30395556,1156925.9268,1885360.83984444,2331764.1858,252.28638751743736,111.53577209623766,0.4809072311645735,1205604.0,1964688.0732,2429874.0,262.9014277325923,116.22867969969718,0.5011415753509713,3201714.01635556,3959794.8142,428.4319722674077,189.40970730835167,0.8166751902587519,4897369.0,529.8732782989315,234.25689269164832,1.0100421732711289,0.057329903271584576,0.025345541186429836,0.0001092820160317408,0.0112052597575446,4.8313562036680125e-05,2.0831291082748002e-07,non_veg,medium_veg,1,0
401.5,602.5,399.25,2864.0,1961.0,0.755305293802191,-0.18715025906735752,0.00213617752177383,161202.25,241903.75,160298.875,1149896.0,787341.5,303.2550754615797,-75.14082901554404,0.8576752749921926,363006.25,240548.125,1725560.0,1181502.5,455.0714395158201,-112.7580310880829,1.2870469568687324,159400.5625,1143452.0,782929.25,301.55563855052475,-74.7197409326425,0.8528688755682016,8202496.0,5616304.0,2163.1943614494753,-535.998341968912,6.118012422360248,3845521.0,1481.1536811460967,-367.0016580310881,4.1890441201984805,0.5704860868456141,-0.14135558141002663,0.0016134661906970188,0.03502521946897904,-0.00039978617661383804,4.563254404531781e-06,veg,high_veg,0,1
983.5,959.0,1180.6666,1509.0,2438.0,0.12207215570881536,0.23536863440587788,0.00035372663292296334,967272.25,943176.5,1161185.6011,1484101.5,2397773.0,120.0579651396199,231.4850519381809,0.34789014347973446,919681.0,1132259.2694,1447131.0,2338042.0,117.06719732475392,225.71852039523688,0.33922384097312186,1393973.62035556,1781625.8994,2878465.1708,144.12651703539763,277.8918853306309,0.4176332210226032,2277081.0,3678942.0,184.20688296460236,355.17126931846974,0.5337734890807517,5943844.0,297.6119156180918,573.8287306815303,0.8623855310661847,0.014901611199397261,0.02873195658816556,4.318017261252695e-05,0.055398394062087804,8.325615454406712e-05,1.2512253083901686e-07,non_veg,low_veg,1,0
736.0,1044.0,956.0,3324.0,2709.0,0.5532710280373832,-0.10193933366484337,0.0010564179431036482,541696.0,768384.0,703616.0,2446464.0,1993824.0,407.207476635514,-75.02734957732471,0.7775236061242851,1089936.0,998064.0,3470256.0,2828196.0,577.614953271028,-106.42466434609648,1.1029003326002087,913936.0,3177744.0,2589804.0,528.9271028037383,-97.45400298359026,1.0099355536070875,11048976.0,9004716.0,1839.0728971962617,-338.84634510193933,3.5115332428765265,7338681.0,1498.811214953271,-276.15365489806067,2.861836207867783,0.3061088304655428,-0.056400079934193714,0.0005844854414180932,0.010391627748032269,-0.00010769054119157031,1.1160188705113428e-06,veg,high_veg,0,1
899.5,1192.0,1149.0,2827.0,3020.5,0.42203219315895374,0.03309106455750321,0.0007571551158447327,809100.25,1072204.0,1033525.5,2542886.5,2716939.75,379.6179577464789,29.765412569474133,0.681061026702337,1420864.0,1369608.0,3369784.0,3600436.0,503.0623742454729,39.44454895254382,0.9025288980869214,1320201.0,3248223.0,3470554.5,484.91498993963785,38.021633176571186,0.8699712281055979,7991929.0,8538953.5,1193.0850100603623,93.54843950406156,2.1404775124930593,9123420.25,1274.7482394366198,99.95156049593844,2.286987027409015,0.17811117206255644,0.013965494549167602,0.00031954383410147424,0.001095018553548845,2.5055068818461868e-05,5.732838694498506e-07,non_veg,medium_veg,1,0
1045.3334,1081.0,1113.0,1779.0,2181.0,0.23029045643153526,0.10151515151515152,0.0003941419960357077,1092721.9171555599,1130005.4054,1163456.0742,1859648.1186,2279872.1454,240.73030580912862,106.11717848484848,0.41200979279879285,1168561.0,1203153.0,1923099.0,2357661.0,248.9439834024896,109.73787878787878,0.42606749771460006,1238769.0,1980027.0,2427453.0,256.31327800829877,112.98636363636363,0.4386800415877427,3164841.0,3879999.0,409.68672199170123,180.59545454545454,0.701178610947524,4756761.0,502.2634854771784,221.40454545454546,0.8596236933538786,0.05303369432344484,0.0233779705771407,9.07671401658995e-05,0.010305325987144169,4.001138444604912e-05,1.5534791303901185e-07,non_veg,medium_veg,1,0
659.75,726.5,1823.3,2129.5,3526.0,0.07746407609795589,0.24692776942799044,0.0010445486031805341,435270.0625,479308.375,1202922.175,1404937.625,2326278.5,51.1069242056264,162.9105958801167,0.6891409409483574,527802.25,1324627.45,1547081.75,2561639.0,56.27765128516495,179.39302448943505,0.7588645602106581,3324422.8899999997,3882717.35,6428955.8,141.24024994940297,450.22340199805495,1.9045254681790678,4534770.25,7508617.0,164.95975005059705,525.8326849969056,2.2243662504729476,12432676.0,273.13833232139245,870.6673150030942,3.6830783748145635,0.006000683085709901,0.019128031521668358,8.091499248479042e-05,0.06097332331468281,0.0002579280566424924,1.091081784406405e-06,non_veg,low_veg,1,0
4025.4,4245.0,4327.0,4113.0,5372.3335,-0.025355450236966826,0.13276639139783536,5.289668784128321e-06,16203845.16,17087823.0,17417905.8,16556470.200000001,21625791.2709,-102.06582938388627,534.4378319328465,0.021293032723630145,18020025.0,18368115.0,17459685.0,22805555.7075,-107.63388625592418,563.5933314838111,0.022454643988624724,18722929.0,17796951.0,23246087.0545,-109.71303317535546,574.4801755784335,0.022888396828923244,16916769.0,22096407.6855,-104.28696682464455,546.0681678192968,0.021756407709119786,28861967.235222246,-136.2179347156398,713.2653321807027,0.028417864812876847,0.0006428988567193011,-0.003366351630229475,-1.3412193362600246e-07,0.01762691468480321,7.022902361584925e-07,2.798059584578159e-11,non_veg,low_veg,1,0
383.25,548.3333,354.2,3241.25,1907.3334,0.8029732022417223,-0.25908419780089414,0.0022947523247740967,146880.5625,210148.737225,135747.15,1242209.0625,730985.52555,307.73947975914007,-99.29401880719269,0.8794638284696725,300669.40788889,194219.65486,1777285.308625,1045854.41742222,440.296945796771,-142.06449315801703,1.2582891149260522,125457.63999999998,1148050.75,675577.49028,284.413108234018,-91.7676228610767,0.812801273434985,10505701.5625,6182144.38275,2602.6368917659825,-839.7566561221481,7.437865972674041,3637920.69875556,1531.537607940592,-494.15994387785196,4.376857753769282,0.6447659635183258,-0.20803766795841175,0.001842624622575493,0.06712462155013284,-0.0005945340652158338,5.265888232056121e-06,veg,high_veg,0,1
741.0,1092.0,877.0,3221.0,2657.0,0.5719863347974622,-0.09595100374276964,0.001037664718813782,549081.0,809172.0,649857.0,2386761.0,1968837.0,423.8418740849195,-71.0996937733923,0.7689095566410125,1192464.0,957684.0,3517332.0,2901444.0,624.6090775988287,-104.77849608710446,1.13312987294465,769129.0,2824817.0,2330189.0,501.63201561737435,-84.14903028240897,0.9100319583996868,10374841.0,8558197.0,1842.3679843826258,-309.05818305546103,3.3423180592991915,7059649.0,1519.767691556857,-254.94181694453894,2.7570751578882184,0.3271683671950345,-0.05488266295096438,0.0005935300392629344,0.009206595119244994,-9.95649713186412e-05,1.0767480686708851e-06,veg,high_veg,0,1
3630.0,3798.5,3889.3333,3780.0,5265.5,-0.014255906703128911,0.16422530540047536,1.0928818419867717e-05,13176900.0,13788555.0,14118279.878999999,13721400.0,19113765.0,-51.74894133235795,596.1378586037256,0.03967161086411981,14428602.25,14773632.54005,14358330.0,20001001.75,-54.15106161183517,623.8098225637057,0.04151311676786752,15126913.518488888,14701679.874,20479284.49115,-55.44597266217249,638.7269489967387,0.04250581741004489,14288400.0,19903590.0,-53.88732733782729,620.7716544137969,0.04131093362709997,27725490.25,-75.06447674532528,864.728345586203,0.05754569338981346,0.00020323087592831582,-0.0023411806320820295,-1.5580021576907091e-07,0.026969950933879404,1.7947885426691163e-06,1.194390720544399e-10,non_veg,low_veg,1,0
1245.0,1319.3334,1343.8,1443.0,1859.5,0.03559638294818431,0.12611657834973505,0.00011012370562932361,1550025.0,1642570.0829999999,1673031.0,1796535.0,2315077.5,44.31749677048947,157.01514004542014,0.1371040135085079,1740640.62035556,1772920.2229199999,1903798.0962,2453300.4573,46.96349694273003,166.38981411052234,0.14528988296853465,1805798.44,1939103.4,2498796.1,47.83441940577008,169.47545798637395,0.14798423562468507,2082249.0,2683258.5,51.36558059422996,181.9862225586677,0.15890850722311398,3457740.25,66.19147409214872,234.51377744133234,0.20477503061772726,0.001267102478993787,0.0044892940190518595,3.920005597254524e-06,0.015905391334644862,1.388842494916375e-05,1.212723054153392e-08,non_veg,low_veg,1,0
428.0,641.5,477.33334,2893.3333,1954.25,0.7167721457023112,-0.19372195213231297,0.001986185853181059,183184.0,274562.0,204298.66952,1238346.6524,836419.0,306.7784783605892,-82.91299551262995,0.8500875451614932,411522.25,306209.33761,1856073.3119499998,1253651.375,459.8093314680326,-124.27263229287877,1.2741382248156492,227847.11747555563,1381084.447822222,932828.679695,342.13924232705085,-92.46994644263708,0.9480727271596645,8371377.5848888885,5654296.601524999,2073.860717672949,-560.5021750454271,5.746697668997668,3819093.0625,1400.7519657387415,-378.5811249545726,3.8815037035790843,0.5137623088546952,-0.13885449929951837,0.0014236426957481632,0.03752819473795416,-0.00038476780077581827,3.944934243376571e-06,veg,high_veg,0,1
970.0,1117.0,1134.0,1704.0,2358.5,0.20084566596194503,0.1611076923076923,0.00044361603883513924,940900.0,1083490.0,1099980.0,1652880.0,2287745.0,194.82029598308668,156.27446153846154,0.43030755767008505,1247689.0,1266678.0,1903368.0,2634444.5,224.3446088794926,179.9572923076923,0.4955191153788505,1285956.0,1932336.0,2674539.0,227.75898520084567,182.69612307692307,0.5030605880390479,2903616.0,4018884.0,342.24101479915436,274.5275076923077,0.7559217301750772,5562522.25,473.69450317124733,379.97249230769233,1.046268427592676,0.040338981535697205,0.03235778175313059,8.90983587512436e-05,0.02595568852071006,7.14699562874089e-05,1.9679518991177976e-07,non_veg,medium_veg,1,0
1214.5,1286.5,1351.6666,1446.0,1802.0,0.03371859963585367,0.10960591133004927,0.00013171272629412733,1475010.25,1562454.25,1641599.0857,1756167.0,2188529.0,40.951239257744284,133.11637931034483,0.15996510608421763,1655082.25,1738919.0809,1860279.0,2318273.0,43.378978431525745,141.00800492610838,0.1694484223773948,1827002.59755556,1954509.9036,2435703.2132,45.57630492655557,148.15064950738918,0.1780316929267137,2090916.0,2605692.0,48.757095073444404,158.49014778325125,0.1904566022213081,3247204.0,60.760916543808314,197.50985221674878,0.23734633278201744,0.0011369439614029914,0.003695757841860809,4.4411686848584554e-06,0.012013455798490622,1.4436493399233168e-05,1.73482422678317e-08,non_veg,low_veg,1,0
968.4,1069.7,1043.0,1781.3334,1988.6666,0.26141864129780146,0.05499554376657826,0.00047076779017415335,937798.5599999999,1035897.48,1010041.2,1725043.26456,1925824.73544,253.15781223279092,53.257684583554386,0.4558915280046501,1144258.09,1115697.1,1905492.33798,2127276.66202,279.63952059625825,58.828733167108766,0.5035803051492919,1087849.0,1857930.7362,2074179.2638,272.6596428736069,57.360352148541125,0.49101080515164197,3173148.68195556,3542478.23604444,465.67375712639307,97.96539896256766,0.8385943882814112,3954794.84595556,519.8745205663184,109.36780103743239,0.936200180675147,0.06833970601798858,0.014376860328892663,0.00012306747607409565,0.003024509834181625,2.5890130608417983e-05,2.2162231226545567e-07,non_veg,medium_veg,1,0
1005.6,1031.6666,1155.3334,1404.0,2198.0,0.09716069035788773,0.22043309272626319,0.00028190014281808437,1011231.3600000001,1037443.93296,1161803.26704,1411862.4000000001,2210308.8000000003,97.7047902238919,221.66751804553027,0.28347878361786566,1064335.97355556,1191918.88064444,1448459.9064,2267603.1868000003,100.23743907517482,227.41345930038867,0.2908269618806475,1334795.2651555599,1622088.0936,2539422.8131999997,112.25299073752565,254.6737144919489,0.325688650462503,1971216.0,3085992.0,136.41360926247438,309.4880621876735,0.39578780051659046,4831204.0,213.55919740663722,484.5119378123265,0.6196165139141494,0.009440199750821337,0.02141743146700801,2.7389612488192222e-05,0.048590748368865344,6.214012032136562e-05,7.946769052085636e-08,non_veg,low_veg,1,0
443.5,621.5,459.33334,2712.0,2011.0,0.7103216276848399,-0.14842261274613594,0.0018818167640549356,196692.25,275635.25,203714.33629,1202772.0,891878.5,315.02764187822646,-65.8254287529113,0.834585734858364,386262.25,285475.67081000004,1685508.0,1249836.5,441.464891606128,-92.24465382172349,1.1695491188601423,210987.11723555563,1245712.01808,923719.3467400001,326.274405718714,-68.1754544442092,0.8643811795013455,7354944.0,5453832.0,1926.3922542812857,-402.52212576752066,5.103487064116985,4044121.0,1428.456793274213,-298.4778742324794,3.7843335125144755,0.5045568147568402,-0.10542779187107194,0.00133669514684812,0.022029271974389433,-0.00027930416083051234,3.541234333478189e-06,veg,high_veg,0,1
340.0,498.0,325.0,2604.0,1722.0,0.7780812564015022,-0.20388349514563106,0.002549652913856868,115600.0,169320.0,110500.0,885360.0,585480.0,264.54762717651073,-69.32038834951456,0.8668819907113352,248004.0,161850.0,1296792.0,857556.0,387.4844656879481,-101.53398058252426,1.2697271511007204,105625.0,846300.0,559650.0,252.8764083304882,-66.26213592233009,0.8286371970034822,6780816.0,4484088.0,2026.1235916695116,-530.9126213592233,6.639296187683285,2965284.0,1339.8559235233868,-351.0873786407767,4.390502317661527,0.6054104415633401,-0.15863792606244217,0.001983837142601503,0.041568479592798566,-0.0005198321474853808,6.500729981138818e-06,veg,high_veg,0,1
994.75,1163.0,1086.0,2043.25,2086.0,0.30590397059998403,0.010352969667615184,0.0005153432738840304,989527.5625,1156894.25,1080298.5,2032522.9375,2075048.5,304.2979747543341,10.298616576860203,0.5126377216961392,1352569.0,1263018.0,2376299.75,2426018.0,355.76631780778143,12.040503723436458,0.5993442275271273,1179396.0,2218969.5,2265396.0,332.21171207158267,11.24332505903009,0.559662795438057,4174870.5625,4262219.5,625.0382879284174,21.153705273354724,1.0529751443635451,4351396.0,638.1156826715667,21.596294726645272,1.0750060693220873,0.0935772392288359,0.0031670145288246816,0.00015764555370311996,0.00010718398093856004,5.33533328293087e-06,2.6557868993751077e-07,non_veg,medium_veg,1,0
1492.6666,1526.0,1553.5,1666.6666,1859.5,0.035143088559455284,0.05468641215080421,6.989511861348453e-05,2228053.57875556,2277809.2316,2318857.5631,2487777.56715556,2775613.5427,52.456914513541015,81.62858089133961,0.10433010905738667,2328676.0,2370641.0,2543333.2316,2837597.0,53.628353141728766,83.45146494212723,0.1066599510041774,2413362.25,2589166.5631,2888733.25,54.59478807711378,84.95534127627434,0.10858206676604823,2777777.55555556,3099166.5427,58.57181192288623,91.14401660557955,0.11649185969613299,3457740.25,65.3485731763071,101.68938339442043,0.1299699730617745,0.001235036673497717,0.001921849425214584,2.4563303433073185e-06,0.0029906036739276265,3.822313263826362e-06,4.885327605993072e-09,non_veg,low_veg,1,0
396.0,559.0,378.2,3016.0,1926.0,0.7771492546108068,-0.22055847834884662,0.002188161877209041,156816.0,221364.0,149767.19999999998,1194336.0,762696.0,307.75110482587945,-87.34115742614325,0.8665121033747804,312481.0,211413.8,1685944.0,1076634.0,434.426433327441,-123.29218939700526,1.223182489359854,143035.24,1140651.2,728413.2,293.9178480938071,-83.41521651153379,0.8275628219604594,9096256.0,5808816.0,2343.882151906193,-665.2043707001214,6.599496221662468,3709476.0,1496.7894643804138,-424.7956292998786,4.214399775504614,0.6039609639421325,-0.1714068570468999,0.00170052837184079,0.048646042371558645,-0.00048261765401818186,4.788052400870995e-06,veg,high_veg,0,1
937.25,971.5,1138.6666,1336.0,2197.0,0.07974140839820604,0.24370223606000566,0.00031810878642395465,878437.5625,910538.375,1067215.27085,1252166.0,2059138.25,74.73763502121861,228.4099207472403,0.2981474600758515,943812.25,1106214.6019000001,1297924.0,2134385.5,77.46877825885717,236.75672233229548,0.3090426860108719,1296561.62595556,1521258.5776,2501650.5202,90.79887837999672,277.495596546844,0.3622198502674906,1784896.0,2935192.0,106.53452162000326,325.5861873761676,0.4249933386624034,4826809.0,175.19187425085866,535.4138126238324,0.6988850037734283,0.006358692213329484,0.019433159533216924,2.5366442653290268e-05,0.05939077986064672,7.752382256185252e-05,1.011932000001212e-07,non_veg,low_veg,1,0
755.375,1072.0,901.5,3356.5,2902.5,0.576561766087365,-0.07253554880971401,0.001024560021780209,570591.390625,809762.0,680970.5625,2535416.1875,2192475.9375,435.5203440582433,-54.79154018213772,0.7739270264522254,1149184.0,966408.0,3598168.0,3111480.0,618.0742132456553,-77.75810832401342,1.0983283433483841,812702.25,3025884.75,2616603.75,519.7704321277595,-65.39079725195718,0.9236408596348584,11266092.25,9742241.25,1935.2295678722405,-243.46556957980508,3.4389357131052716,8424506.25,1673.4705260685769,-210.53443042019492,2.9737854632170566,0.33242347011378137,-0.04182122412584498,0.0005907221356201064,0.005261405841126403,-7.431702346832e-05,1.0497232382302624e-06,veg,high_veg,0,1
915.6667,1110.5,1175.3334,2057.5,2514.6667,0.27287722281018256,0.09998907082718578,0.0006054125307299454,838445.50548889,1016847.87035,1076213.6557777799,1883984.23525,2302596.55878889,249.86458611576458,91.55666252039548,0.5543560941521377,1233210.25,1305207.7407,2284853.75,2792537.3703500004,303.03015593070774,111.03786315358981,0.6723106153756043,1381408.60115556,2418248.4705,2955571.7623777804,320.72171406804944,117.52049457815707,0.7115615681454311,4233306.25,5173926.735250001,561.4448859319506,205.72751322693475,1.2456362819768627,6323548.612088891,686.1952653892465,251.43918677306556,1.5224107307893204,0.07446197872859801,0.0272847399586931,0.00016520329004007182,0.009997814284883975,6.05346364148223e-05,3.6652433236483707e-07,non_veg,medium_veg,1,0
701.6,1060.0,843.25,3359.6667,2665.0,0.5987310431348783,-0.11530375613973803,0.0011260600070831018,492242.56000000006,743696.0,591624.2000000001,2357142.1567200003,1869764.0,420.0696998634307,-80.8971153076402,0.7900437009695043,1123600.0,893845.0,3561246.702,2824900.0,634.6549057229711,-122.22198150812231,1.193623607508088,711070.5625,2833038.944775,2247261.25,504.8799521234862,-97.2298923648341,0.9495501009728256,11287360.335088892,8953511.7555,2011.5367478765145,-387.38218988759843,3.7831863079988617,7102225.0,1595.6182299544507,-307.28451011240185,3.0009499188764663,0.3584788620133796,-0.06903593819091498,0.000674207082673334,0.013294956179932177,-0.00012983894845542166,1.2680111395519953e-06,veg,high_veg,0,1
802.0,1111.0,982.0,3169.3333,2994.0,0.526898984478071,-0.028447804372351528,0.0009301991709013728,643204.0,891022.0,787564.0,2541805.3066,2401188.0,422.57298555141296,-22.815139106625924,0.746019735062901,1234321.0,1091002.0,3521129.2962999996,3326334.0,585.384771755137,-31.605510657682547,1.0334512788714252,964324.0,3112285.3005999997,2940108.0,517.4148027574657,-27.9357438936492,0.9134555858251482,10044673.566488888,9488983.9002,1669.9184972425335,-90.16057370917929,2.9481112079701117,8964036.0,1577.5355595273447,-85.17272629082048,2.78501631767871,0.2776225398440226,-0.01498911923442285,0.000490120998510277,0.0008092775736075827,-2.6462124041125843e-05,8.652704975456015e-07,veg,high_veg,0,1
747.5,1098.0,957.0,3309.3333,2751.25,0.5513711973698819,-0.09208409032180116,0.0010342333844982966,558756.25,820755.0,715357.5,2473726.64175,2056559.375,412.14997003398673,-68.83285751554637,0.7730894549124767,1205604.0,1050786.0,3633647.9634,3020872.5,605.4055747121304,-101.10833117333767,1.1355882561791295,915849.0,3167031.9680999997,2632946.25,527.662235882977,-88.12447443796371,0.9897613489648698,10951686.890488889,9104803.241625,1824.6710641170225,-304.7369465021443,3.4226229792919165,7569376.5625,1516.9600067638876,-253.34635349785546,2.845434599100938,0.3040101972890973,-0.05077251513944787,0.0005702464995707313,0.008479479690393634,-9.523644039196325e-05,1.0696386936108013e-06,veg,high_veg,0,1
1189.2,1272.5,1385.3334,1801.3334,2404.0,0.1305439275923043,0.14331006431023996,0.00028551703767847053,1414196.6400000001,1513257.0,1647438.47928,2142145.6792800003,2858836.8000000003,155.24283869276826,170.42432847773736,0.33953686120723714,1619256.25,1762836.7515,2292196.7515,3059090.0,166.1171478612072,182.36205683478036,0.36332043044585377,1919148.62915556,2495447.32355556,3330341.4936,180.84686306080073,198.53221864512338,0.3955362885650437,3244802.01795556,4330405.4936,235.1531369391993,258.1492053981832,0.5143113762392875,5779216.0,313.8276019318995,344.5173946018169,0.6863829585790432,0.017041717031224785,0.018708258658564438,3.7272515493067474e-05,0.020537774532605114,4.0917465031370814e-05,8.151997880468917e-08,non_veg,low_veg,1,0
897.3333,966.8,923.5,1067.5,1393.0416,0.07232546459065796,0.1323048551587179,0.0001774472177872947,805207.0512888901,867541.83444,828687.30255,957903.29775,1250022.61596528,64.90004781516825,118.72155228559436,0.15922929751289183,934702.2399999999,892839.7999999999,1032059.0,1346792.61888,69.9242591662481,127.91233396744846,0.1715559701567565,852852.25,985836.25,1286473.9176,66.79256654947262,122.18353373907598,0.16387250562656666,1139556.25,1487071.908,77.20743345052738,141.23543288193136,0.18942490498793707,1940564.8993305601,100.75238091411352,184.30616711806863,0.24719135618196147,0.005230972828254518,0.00956901011695398,1.2833952466785754e-05,0.017504574698569322,2.3477128447665494e-05,3.1487515100451594e-08,non_veg,low_veg,1,0
709.5,1015.0,868.0,3234.0,2736.5,0.5767918088737202,-0.08332635457666862,0.0010986801476396328,503390.25,720142.5,615846.0,2294523.0,1941546.75,409.23378839590447,-59.12004857214639,0.7795135647503195,1030225.0,881020.0,3282510.0,2777547.5,585.4436860068259,-84.57624989531865,1.1151603498542273,753424.0,2807112.0,2375282.0,500.65529010238913,-72.32727577254836,0.9536543681512013,10458756.0,8849841.0,1865.344709897611,-269.47743070094634,3.5531315974665727,7488432.25,1578.3907849829352,-228.02256929905369,3.006538224015855,0.33268879078381813,-0.04806195878312969,0.0006337097097307097,0.006943281367036704,-9.154901154856667e-05,1.2070980668174455e-06,veg,high_veg,0,1
976.5,1137.3334,1101.0,2068.5,2136.2,0.30525319451017513,0.016101029799985688,0.0005400703649369701,953552.25,1110606.0651,1075126.5,2019890.25,2085999.2999999998,298.079744439186,15.722655599686025,0.5273787113609513,1293527.26275556,1252204.0733999999,2352574.1379,2429571.60908,347.1746535731188,18.312238965919043,0.6142400643930049,1212201.0,2277418.5,2351956.1999999997,336.08376715570284,17.72723380978424,0.5946174717956041,4278692.25,4418729.699999999,631.4162328442973,33.3049801412704,1.1171355498721227,4563350.4399999995,652.081874112636,34.39501985872943,1.1536983135783554,0.09317951275866682,0.004914890781349157,0.0001648582041572862,0.0002592431606200272,8.695689039939301e-06,2.916759990831521e-07,non_veg,medium_veg,1,0
3371.5,3506.6667,3572.5,3642.0,4735.0,0.009633377226419017,0.13047630416616926,2.2022943755192793e-05,11367012.25,11822726.77905,12044683.75,12279003.0,15964052.5,32.478931318871716,439.90085949623966,0.0742503548706325,12296711.344888892,12527566.785750002,12771280.1214,16604066.824500002,33.78104312842193,457.53691095857704,0.07722712350230752,12762756.25,13011045.0,16915787.5,34.41524014138194,466.1265966336397,0.07867696656542625,13264164.0,17244870.0,35.084759858618064,475.19469977318846,0.08020756115641216,22420225.0,45.61404116709405,617.8053002268115,0.10427863868083788,9.280195678648856e-05,0.0012569274571416957,2.1215532482998116e-07,0.01702406594886272,2.8734723080369726e-06,4.850100516443853e-10,non_veg,low_veg,1,0
610.0,737.0,1496.0,2362.0,3189.0,0.22446863659927424,0.148982165375608,0.0012139840990256254,372100.0,449570.0,912560.0,1440820.0,1945290.0,136.92586832555727,90.87912087912088,0.7405303004056315,543169.0,1102552.0,1740794.0,2350293.0,165.4333851736651,109.79985588182309,0.8947062809818859,2238016.0,3533552.0,4770744.0,335.80508035251427,222.87731940190955,1.8161202121423354,5579044.0,7532418.0,530.1949196474858,351.89587461718605,2.8674304418985272,10169721.0,715.8304821150856,475.1041253828139,3.8713952917927195,0.05038616881673704,0.033441823539470325,0.00027250135556148046,0.022195685600005007,0.00018086197980439418,1.4737573926870593e-06,non_veg,medium_veg,1,0
1014.5,1099.0,1275.3334,1721.0,2516.0,0.14873732008594237,0.18763275902761387,0.00040425124687048597,1029210.25,1114935.5,1293825.7343,1745954.5,2552482.0,150.89401122718854,190.35343403351428,0.41011288995010803,1207801.0,1401591.4065999999,1891379.0,2765084.0,163.46231477445068,206.20840217134764,0.4442721203106641,1626475.28115556,2194848.7813999997,3208738.8344,189.68967213209316,239.29432452206748,0.5155551171255762,2961841.0,4330036.0,255.97692786790682,322.91597828652345,0.6957163958641064,6330256.0,374.223097336231,472.0840217134765,1.0170961371261427,0.022122790386348075,0.027907993738098696,6.0127247100916784e-05,0.03520605226031461,7.585077679066234e-05,1.634190705963426e-07,non_veg,low_veg,1,0
1192.0,1260.1666,1287.0,1356.5,1480.0,0.026290902212975222,0.04353957341794465,0.00010164959684657615,1420864.0,1502118.5872,1534104.0,1616948.0,1764160.0,31.338755437866464,51.89917151419002,0.12116631944111877,1588019.85975556,1621834.4142,1709415.9929,1865046.568,33.130916852657464,54.86711619954169,0.1280954268495206,1656369.0,1745815.5,1904760.0,33.83639114809911,56.03543098889477,0.1308230311415435,1840092.25,2007620.0,35.66360885190089,59.06143134144192,0.13788767812238054,2190400.0,38.91053527520333,64.43856865855808,0.1504414033329327,0.0006912115391722255,0.0011446946671258382,2.672459610681688e-06,0.0018956944534165923,4.4257800848059775e-06,1.0332640539071464e-08,non_veg,low_veg,1,0
744.3333,1089.6666,892.0,3351.8,2885.75,0.5796220368537631,-0.0747168359371869,0.001043734764392611,554032.06148889,811075.13627778,663945.3036,2494856.35494,2147959.820475,431.43198344408313,-55.61422905868493,0.7768865415050746,1187373.29915556,971982.6072,3652344.5098800003,3144505.39095,631.5947741835148,-81.41644057843227,1.1373229120174975,795664.0,2989805.6,2574089.0,517.0228568735567,-66.64741765597073,0.931011409838209,11234563.240000002,9672456.85,1942.7771431264434,-250.4358906942631,3.498390183291154,8327553.0625,1672.644292850747,-215.61410930573712,3.0119575963459773,0.3359617056065051,-0.04330752463318072,0.0006049716700723277,0.005582605572464505,-7.798455915306115e-05,1.0893822584016991e-06,veg,high_veg,0,1
329.0,464.66666,298.0,2658.0,1722.0,0.7983761840324763,-0.2136986301369863,0.0026552203753106686,108241.0,152875.33114,98042.0,874482.0,566538.0,262.6657645466847,-70.30684931506849,0.87356750347721,215915.10491555557,138470.66468,1235083.9822799999,800155.98852,370.9787948579161,-99.29862871232876,1.2337923833595548,88804.0,792084.0,513156.0,237.91610284167794,-63.682191780821924,0.7912556718425793,7064964.0,4577076.0,2122.083897158322,-568.0109589041097,7.057575757575758,2965284.0,1374.8037889039242,-367.98904109589046,4.572289486284971,0.6374045312302585,-0.17061189686173467,0.0021198647110058115,0.04566710452242447,-0.0005674169569157046,7.050195241464928e-06,veg,high_veg,0,1
379.66666,533.0,366.5,2735.0,1822.25,0.7636627438336289,-0.2002852597509463,0.0022623000617114893,144146.7727155556,202362.32978,139147.83088999998,1038388.3150999999,691847.571185,289.93728331774946,-76.0416356168742,0.858919908347795,284089.0,195344.5,1457755.0,971259.25,407.03224246332417,-106.75204344725438,1.2058059328922237,134322.25,1002377.5,667854.625,279.88239561502496,-73.40454769872181,0.8291329726172608,7480225.0,4983853.75,2088.617604384975,-547.7801854188381,6.187390668780923,3320595.0625,1391.5844349508302,-364.96981458116187,4.122476287453761,0.5831807863195066,-0.1529503910108387,0.0017276342725015838,0.04011418527350403,-0.00045310535549446745,5.1180015692198085e-06,veg,high_veg,0,1
839.75,970.0,2075.0,2392.6667,2808.5,0.07110349122507287,0.0799500042942288,0.0007719676106000408,705180.0625,814557.5,1742481.25,2009241.8613250002,2358437.875,59.70915675625494,67.13801610607864,0.6482598010013843,940900.0,2012750.0,2320886.699,2724245.0,68.97038648832068,77.55150416540194,0.7488085822820396,4305625.0,4964783.402500001,5827637.5,147.5397442920262,165.89625891052475,1.6018327919950848,5724853.937288891,6719804.42695,170.12695570797408,191.29371293965826,1.8470611953612848,7887672.25,199.69415510561714,224.53958706034157,2.1680710343702145,0.005055706464394015,0.005684724428779236,5.488959222634047e-05,0.006392003186647203,6.171881378247882e-05,5.959339918155363e-07,non_veg,low_veg,1,0
1007.8333,1144.8,1112.0,1895.0,2016.0,0.2603924176920519,0.03093837893121964,0.0004640626424263545,1015727.96058889,1153767.5618399999,1120710.6296,1909844.1035,2031791.9328,262.43214961755905,31.18072853490156,0.4676977843232729,1310567.0399999998,1273017.5999999999,2169396.0,2307916.8,298.097239773861,35.41825620046024,0.5312589130496906,1236544.0,2107240.0,2241792.0,289.5563684735617,34.40347737151624,0.5160376583781062,3591025.0,3820320.0,493.44363152643837,58.628228074661216,0.8793987073979418,4064256.0,524.9511140671766,62.37177192533879,0.9355502871315308,0.06780421119151203,0.008056119289373123,0.00012083839342196063,0.0009571832908917352,1.4357345879209639e-05,2.1535413609573058e-07,non_veg,medium_veg,1,0
708.25,1050.0,902.5,3392.5,2918.5,0.5797438882421421,-0.0751069561083822,0.0011155878122784792,501618.0625,743662.5,639195.625,2402738.125,2067027.625,410.6036088474971,-53.19450166376169,0.7901150680462329,1102500.0,947625.0,3562125.0,3064425.0,608.7310826542491,-78.8623039138013,1.1713672028924031,814506.25,3061731.25,2633946.25,523.2188591385332,-67.78402788781493,1.0068180005813274,11509056.25,9901011.25,1966.781140861467,-254.8003485976866,3.7846316531547406,8517642.25,1691.9825378346916,-219.19965140231344,3.2558430301347414,0.3361029759541173,-0.0435427987683054,0.0006467552159658705,0.005641054855866449,-8.378840485184585e-05,1.2445361669042833e-06,veg,high_veg,0,1
1302.5,1446.0,1479.5,1595.7,1795.0,0.037786160249739874,0.058778423334414714,0.00014096188070072,1696506.25,1883415.0,1927048.75,2078399.25,2337987.5,49.216473725286185,76.55889639307516,0.1836028496126878,2090916.0,2139357.0,2307382.2,2595570.0,54.638787721123855,84.99360014156368,0.20383087949324113,2188920.25,2360838.15,2655702.5,55.90462408949014,86.96267732326658,0.20855310249671524,2546258.49,2864281.5,60.29537591050992,93.79273011472556,0.22493287303413892,3222025.0,67.82615764828307,105.50726988527441,0.2530265758577924,0.0014277939064190218,0.002221010923341244,5.326408213262121e-06,0.003454903049679668,8.285517097842184e-06,1.9870251810684016e-08,non_veg,low_veg,1,0
824.0,818.6667,932.0,1193.0,2139.2,0.1228235294117647,0.2839565452253766,0.0003749142726510706,678976.0,674581.3608,767968.0,983032.0,1762700.7999999998,101.20658823529412,233.98019326571034,0.3089293606644822,670215.16568889,762997.3644,976669.3731,1751291.8046399998,100.55153350588235,232.46576782305982,0.3069298303741522,868624.0,1111876.0,1993734.4,114.4715294117647,264.647500150051,0.3494201021107978,1423249.0,2552065.5999999996,146.5284705882353,338.7601584538743,0.44727272727272727,4576176.64,262.744094117647,607.4398415461256,0.8020166120551702,0.015085619377162629,0.03487654508415214,4.604829419384914e-05,0.08063131957633135,0.0001064593616176829,1.4056071183748132e-07,non_veg,low_veg,1,0
1223.1666,1232.0,1353.0,1695.0,2389.8,0.11220472440944881,0.17009400705052882,0.00022739371226973473,1496136.53135556,1506941.2512,1654944.4098,2073267.387,2923123.54068,137.24507125984252,208.05330828437138,0.2781403938983497,1517824.0,1666896.0,2088240.0,2944233.6,138.23622047244095,209.55581668625152,0.2801490535163132,1830609.0,2293335.0,3233399.4000000004,151.81299212598424,230.1371915393655,0.30766369270095106,2873025.0,4050711.0000000005,190.18700787401573,288.30934195064634,0.38543234229720036,5711144.040000001,268.1468503937008,406.4906580493538,0.543425493582212,0.012589900179800358,0.01908535118480343,2.5514648817667083e-05,0.02893197123450535,3.867830769805418e-05,5.170790037981091e-08,non_veg,low_veg,1,0
1048.5,1123.0,1153.5,1238.6666,1541.75,0.035602286228726715,0.10900647046920954,0.000146284183381458,1099352.25,1177465.5,1209444.75,1298741.9301,1616524.875,37.32899711081996,114.2932842869662,0.15337896627545872,1261129.0,1295380.5,1391022.5918,1731385.25,39.981367434860104,122.41426633692231,0.16427713793737733,1330562.25,1428801.9231,1778408.625,41.067237164836264,125.7389636862332,0.1687388055305118,1534294.94595556,1909714.23055,44.099362835163745,135.0226741540962,0.18119733206288707,2376993.0625,54.88982479313941,168.06072584590382,0.22553363972836285,0.001267522784712184,0.003880879562428044,5.2080513674822155e-06,0.011882410604154651,1.5945922515883332e-05,2.1399062307580032e-08,non_veg,low_veg,1,0
411.0,571.5,426.33334,2667.0,1978.0,0.7243534445595831,-0.14833153928955867,0.0020531414155754804,168921.0,234886.5,175223.00274,1096137.0,812958.0,297.70926571398866,-60.964262648008614,0.8438411218015224,326612.25,243649.50381000002,1524190.5,1130427.0,413.9679935658017,-84.77147470398278,1.173370319001387,181760.11679555563,1137031.01778,843287.34652,308.8160233595919,-63.23868057265878,0.8753226371946226,7112889.0,5275326.0,1931.850636640408,-395.60021528525294,5.475728155339806,3912484.0,1432.7711133388552,-293.39978471474706,4.0611137200083,0.524687912645333,-0.10744446142121696,0.0014872000565400376,0.022002245548009888,-0.00030454562655145447,4.2153896723512876e-06,veg,high_veg,0,1
1018.25,1090.0,1693.0,1840.5,2529.5,0.041743313994622895,0.1576659038901602,0.00043831601625247534,1036833.0625,1109892.5,1723897.25,1874089.125,2575663.375,42.505129475024766,160.54330663615562,0.446315283549083,1188100.0,1845370.0,2006145.0,2757155.0,45.50021225413896,171.85583524027462,0.4777644577151981,2866249.0,3115966.5,4282443.5,70.67143059289656,266.9283752860412,0.7420690155154408,3387440.25,4655544.75,76.82856940710344,290.18409610983986,0.8067206279126808,6398370.25,105.58971274939861,398.8159038901602,1.1087203631106364,0.0017425042632536797,0.006581497332332992,1.829676309529931e-05,0.024858537249501232,6.910749089198067e-05,1.9212093010344023e-07,non_veg,low_veg,1,0
753.25,995.0,916.25,2905.3333,2716.5,0.5204867050784945,-0.033589274160797294,0.0009820821029119435,567385.5625,749483.75,690165.3125,2188442.308225,2046203.625,392.05661060037596,-25.301120761620563,0.7397533440184214,990025.0,911668.75,2890806.6335,2702917.5,517.884271553102,-33.421327789993306,0.9771716923973838,839514.0625,2662011.6361249997,2488993.125,476.89594352817056,-30.776172449830522,0.8998327267930682,8440961.584088888,7892337.909449999,1512.187356471829,-97.58803674219392,2.8532758369240963,7379372.25,1413.9021343457302,-91.24526325780585,2.6678260325602947,0.27090641016346767,-0.017482770633931596,0.0005111606778611964,0.0011282393386492049,-3.298742500312161e-05,9.644852568599452e-07,veg,high_veg,0,1
919.5,955.5,1098.0,1480.0,2226.0,0.14817688130333592,0.2012951969778737,0.00041142446085411867,845480.25,878582.25,1009611.0,1360860.0,2046807.0,136.24864235841738,185.09093362115487,0.37830479175536214,912980.25,1049139.0,1414140.0,2126943.0,141.58301008533746,192.33756071235834,0.3931160723461104,1205604.0,1625040.0,2444148.0,162.69821567106285,221.02212628170534,0.4517440580178223,2190400.0,3294480.0,219.30178432893717,297.9168915272531,0.6089082020640957,4955076.0,329.8417377812258,448.08310847274686,0.9158308498612682,0.0219563881527829,0.029827294509522016,6.096359350126972e-05,0.04051975632636098,8.281776788914531e-05,1.6927008698910224e-07,non_veg,low_veg,1,0
1078.5714,1158.5,1336.0,1599.0,2350.75,0.08960817717206133,0.19032850180391164,0.00030148195344846984,1163316.26489796,1249524.9669,1440971.3904000001,1724635.6686,2535451.71855,96.64881710391823,205.2828786505475,0.325169812605651,1342122.25,1547756.0,1852441.5,2723343.875,103.81107325383306,220.49556933983163,0.3492668430700523,1784896.0,2136264.0,3140602.0,119.71652470187394,254.27887841002595,0.40277988980715573,2556801.0,3758849.25,143.28347529812606,304.3352743844547,0.48206964356410326,5526025.5625,210.6464224872232,447.4147256155453,0.7087087020689905,0.008029625416099534,0.01705499011053791,2.7015248298789632e-05,0.0362249385989216,5.73806085207639e-05,9.089136825510533e-08,non_veg,low_veg,1,0
879.5,1030.0,1106.0,2165.0,2094.5,0.3237542036074595,-0.01655123840826388,0.0006743491586372953,773520.25,905885.0,972727.0,1904117.5,1842112.75,284.7418220727606,-14.556814180068082,0.5930900850215013,1060900.0,1139180.0,2229950.0,2157335.0,333.4668297156833,-17.0477755605118,0.6945796333964142,1223236.0,2394490.0,2316517.0,358.0721491898502,-18.30566967953985,0.7458301694528486,4687225.0,4534592.5,700.9278508101498,-35.833431153891304,1.4599659284497444,4386930.25,678.1031794558239,-34.666568846108696,1.4124243127658151,0.10481678435350034,-0.005358533009584668,0.00021832337480797792,0.00027394349284718945,-1.1161313695018035e-05,4.5474678775482813e-07,non_veg,medium_veg,1,0
3828.0,4018.0,3954.6667,3908.6667,4829.5,-0.005849936364137886,0.10538060575108962,5.3898947607039135e-06,14653584.0,15380904.0,15138464.127600001,14962376.127600001,18487326.0,-22.393556401919827,403.3969588151711,0.020632517143974582,16144324.0,15889850.800600002,15705022.800600002,19404931.0,-23.505044311106026,423.4192739078781,0.021656597148508323,15639388.708088892,15457474.039888892,19099062.82765,-23.13454853637517,416.7451723896626,0.021315237326660238,15277675.371688891,18876905.82765,-22.86545146362483,411.89766452511253,0.021067302167667855,23324070.25,-28.252267670603917,508.93563547488736,0.02603049674681955,3.422175546446279e-05,-0.0006164698376581772,-3.1530541359518094e-08,0.011105072068466584,5.679903748176027e-07,2.9050965531463496e-11,non_veg,low_veg,1,0
739.5,1050.0,992.0,3379.3333,2743.5,0.5461338992384771,-0.10384625366168303,0.001054922152368481,546860.25,776475.0,733584.0,2499016.97535,2028818.25,403.8660184868538,-76.7943045828146,0.7801149316764916,1102500.0,1041600.0,3548299.965,2880675.0,573.4405942004009,-109.03856634476718,1.107668259986905,984064.0,3352298.6336,2721552.0,541.7648280445693,-103.01548363238956,1.0464827751495331,11419893.552488888,9271200.90855,1845.5684719554301,-350.9311030791724,3.5649335584064814,7526792.25,1498.318352560762,-284.9021969208274,2.8941789250229273,0.29826223589742307,-0.05671395943356293,0.0005761287484660453,0.010784044399566615,-0.0001095497134281859,1.1128607475577485e-06,veg,high_veg,0,1
697.0,1073.0,844.0,3320.0,2668.3333,0.5946205571565802,-0.10882271699873489,0.0011318914626989333,485809.0,747881.0,588268.0,2314040.0,1859828.3101,414.45052833813645,-75.84943374811822,0.7889283495011565,1151329.0,905612.0,3562360.0,2863121.6308999998,638.0278578290106,-116.76677533964254,1.2145195394759554,712336.0,2802080.0,2252073.3052,501.85975024015374,-91.84637314693225,0.9553163945178997,11022400.0,8858866.556,1974.1402497598465,-361.2914204357998,3.7578796561604584,7120002.599888889,1586.6458335254563,-290.37527956420035,3.0202636819052713,0.3535736069932019,-0.0647082246130806,0.0006730459321908163,0.011842383734986743,-0.0001231755043185701,1.2811782833307308e-06,veg,high_veg,0,1
748.75,1081.0,943.0,3322.75,2712.55,0.557873761941042,-0.10110516461484927,0.0010332238000031562,560626.5625,809398.75,706071.25,2487909.0625,2031021.8125000002,417.7079792533552,-75.70249200536838,0.7736263202523632,1168561.0,1019383.0,3591892.75,2932266.5500000003,603.0615366582664,-109.29468294865205,1.1169149278034118,889249.0,3133353.25,2557934.6500000004,526.0749575104026,-95.34217023180285,0.9743300434029762,11040667.5625,9013125.512500001,1853.6750424895972,-335.9471857239904,3.433144381460487,7357927.502500001,1513.2604729531736,-274.2528142760094,2.8026712186985616,0.3112231342622504,-0.05640391853535428,0.0005764084482347795,0.010222254311795768,-0.0001044642623832992,1.067551420892962e-06,veg,high_veg,0,1
403.0,563.6667,373.33334,2564.0,1764.0,0.7458011762464793,-0.18484288354898337,0.0020861973092785096,162409.0,227157.6801,150453.33602000002,1033292.0,710892.0,300.5578740273312,-74.4916820702403,0.8407375156392394,317720.14868889,210435.571757778,1445241.4187999999,994308.0588,420.3832878709714,-104.18977818853975,1.175919952869897,139377.7827555556,957226.68376,658560.01176,278.4324441040268,-69.00801109057302,0.778847009371959,6574096.0,4522896.0,1912.234215895973,-473.93715341959336,5.349009900990099,3111696.0,1315.5932748987896,-326.06284658040664,3.680052053567291,0.5562193944906322,-0.1378560399716228,0.0015558884071421527,0.03416689159870303,-0.00038561872629917,4.352219213240893e-06,veg,high_veg,0,1
1116.0,1099.5,1216.5,1550.25,2369.25,0.12062889671997831,0.208955223880597,0.0002507753897088537,1245456.0,1227042.0,1357614.0,1730079.0,2644083.0,134.6218487394958,233.19402985074626,0.2798653349150807,1208900.25,1337541.75,1704499.875,2604990.375,132.63147194361616,229.7462686567164,0.2757275409848846,1479872.25,1885879.125,2882192.625,146.74505285985362,254.19402985074626,0.3050682615808205,2403275.0625,3672929.8125,187.00494714014638,323.9328358208955,0.38876454789615045,5613345.5625,285.80001355380864,495.06716417910445,0.5941495920677016,0.014551330723879194,0.025206038120592484,3.0250758585101622e-05,0.04366228558699042,5.2400827700357485e-05,6.288829608362743e-08,non_veg,low_veg,1,0
980.1667,988.1667,1065.3334,1557.0,2235.8333,0.18749202523218444,0.17897788969528394,0.0003775886324121304,960726.75978889,968568.09338889,1044204.32307778,1526119.5519,2191489.3474111096,183.77343964814696,175.42816751559047,0.3700998037889109,976473.4269888899,1052726.99027778,1538575.5519,2209376.0138111096,185.27337585000444,176.85999063315273,0.37312051284820796,1134935.25315556,1658724.1038,2381907.8913222197,199.74151671348883,190.6711237539018,0.4022577815689651,2424249.0,3481192.4480999997,291.92508328651115,278.6685742555571,0.587905500665687,4998950.545388889,419.2009134985582,400.16472574444265,0.8442252380485005,0.035153259525666086,0.0335569270107513,7.079485739560117e-05,0.03203308499977722,6.75800166020514e-05,1.4257317532686294e-07,non_veg,low_veg,1,0
372.0,541.0,354.0,2855.0,1993.0,0.7793705204113431,-0.1778052805280528,0.002331641492513487,138384.0,201252.0,131688.0,1062060.0,741396.0,289.92583359301966,-66.14356435643565,0.8673706352150172,292681.0,191514.0,1544555.0,1078213.0,421.6394515425366,-96.19265676567657,1.2614180474497967,125316.0,1010670.0,705522.0,275.8971642256155,-62.943069306930695,0.8254010883497744,8151025.0,5690015.0,2225.102835774385,-507.6340759075908,6.656836461126006,3972049.0,1553.2854471798069,-354.3659240924092,4.64696149457938,0.6074184080862478,-0.13857619401703336,0.0018172126434329173,0.031614717783659554,-0.0004145781696672083,5.4365520496105225e-06,veg,high_veg,0,1
1101.8334,1132.0,1378.5,1566.6666,2470.0,0.0638899680581737,0.22378201855957092,0.0002690361528575494,1214036.8413555599,1247275.4088,1518877.3418999999,1726205.58654444,2721528.498,70.39610073142892,246.57050236835514,0.2964330190259533,1281424.0,1560462.0,1773466.5912,2796040.0,72.32344384185262,253.32124500943428,0.3045489250347459,1900262.25,2159649.9081,3404895.0,88.07232096819244,308.4835125843685,0.37086633671413183,2454444.23555556,3869666.502,100.09427903180759,350.59181415785986,0.42148995487441715,6100900.0,157.80822110368902,552.7415858421401,0.664519297558147,0.004081928018474455,0.014297426017764618,1.7188711212562766e-05,0.05007839183059614,6.020545335196367e-05,7.238045154439067e-08,non_veg,low_veg,1,0
394.5,546.125,386.33334,2927.0,1990.0,0.7668008012740426,-0.19056335163717714,0.002187662104034239,155630.25,215446.3125,152408.50263,1154701.5,785055.0,302.5029161026098,-75.17724222086638,0.8630327000415073,298252.515625,210986.29530750003,1598507.875,1086788.75,418.7690875957865,-104.07141041285337,1.1947369665656988,149253.4495955556,1130797.68618,768803.3466,296.24071467087714,-73.62097611958511,0.8451668074429751,8567329.0,5824730.0,2244.425945329123,-557.7789302420175,6.403286978508218,3960100.0,1525.9335945353448,-379.2210697579825,4.3534475870281355,0.5879834688345138,-0.14612413072885458,0.0016775010542903126,0.036314390987194425,-0.0004168882227944035,4.7858654814275134e-06,veg,high_veg,0,1
1031.2,1122.6666,1154.6666,1524.8,1976.0,0.1381369709926595,0.12888482632541134,0.0003136161456301224,1063373.4400000002,1157693.79792,1190692.1979200002,1572373.76,2037651.2000000002,142.4468444876305,132.90603290676418,0.3234009693737822,1260380.29475556,1296305.62595556,1711842.03168,2218389.2016000003,155.08176355862767,144.69468976234006,0.35208637191967435,1333254.9571555601,1760635.6316799999,2281621.2016000003,159.5021466303928,148.8190042047532,0.3621220885798383,2325015.04,3013004.8,210.6312533696072,196.5235831809872,0.47820189885681064,3904576.0,272.9586546814952,254.67641681901281,0.6197055037651219,0.019081822755026855,0.017803759515507306,4.33219844117379e-05,0.016611298456931444,4.042036246238324e-05,9.835508679989414e-08,non_veg,low_veg,1,0
965.25,1203.0,1257.0,2693.75,2817.7917,0.36366512687464403,0.02250580812987412,0.0006640833465901075,931707.5625,1161195.75,1213319.25,2600142.1875,2719873.4384250003,351.02776371575015,21.723731297360995,0.6410064502961013,1447209.0,1512171.0,3240581.25,3389803.4151000003,437.4891476301968,27.074487180238567,0.7988922659478993,1580049.0,3386043.75,3541964.1669,457.12706448142757,28.28980081925177,0.8347527666637652,7256289.0625,7590426.391875001,979.6229355185724,60.62502064984841,1.7888745148771021,7939950.064588891,1024.7325760868189,63.416679350151824,1.8712485421298284,0.13225232450475094,0.008184577568967066,0.00024150395449302965,0.0005065113995787081,1.4945732380601655e-05,4.410066912183169e-07,non_veg,medium_veg,1,0
706.0,1049.0,961.5,3213.5,2810.1667,0.5394011976047904,-0.06695810377423435,0.0011036801295102058,498436.0,740594.0,678819.0,2268731.0,1983977.6902,380.81724550898207,-47.27242126460945,0.7791981714342053,1100401.0,1008613.5,3370961.5,2947864.8683,565.8318562874251,-70.23905085917183,1.157760455856206,924482.25,3089780.25,2701975.28205,518.6342514970061,-64.38021677892633,1.061188444524063,10326582.25,9030470.690450002,1733.3657485029942,-215.1698664785021,3.5466760961810464,7897036.881788891,1515.807283449102,-188.1634335214977,3.101525147401268,0.2909536519774822,-0.03611728136516785,0.0005953263836304153,0.004483387661041136,-7.390032864530477e-05,1.2181098282756647e-06,veg,high_veg,0,1
1223.5,1270.6666,1336.4,1398.6666,1766.0,0.02276602697718583,0.11607333296973525,0.00010227707677958399,1496952.25,1554660.5851,1635085.4000000001,1711268.5851,2160701.0,27.854234006586864,142.0157228884711,0.125136003439821,1614593.60835556,1698118.8442400002,1777238.93315556,2243997.2156,28.928030094608996,147.4905073553214,0.12996006540945293,1785964.9600000002,1869178.0442400002,2360082.4000000004,30.424518452311148,155.1204021807542,0.13668308540823607,1956268.25795556,2470045.2156,31.84208154768878,162.3478939754475,0.14305153123723968,3118756.0,40.20480364171018,204.98550602455245,0.18062131759274533,0.000518291984325953,0.002642528629720866,2.3284426891117158e-06,0.013473018626703028,1.187164118820783e-05,1.0460600434576919e-08,non_veg,low_veg,1,0
1049.4286,1096.0,1363.3334,1671.75,2485.0,0.10161717467137807,0.19564563661514403,0.00035438625220502655,1101300.38649796,1150173.7456,1430721.06129524,1754382.26205,2607830.071,106.63996935133974,205.31612652913932,0.37190306851076793,1201216.0,1494213.4064,1832238.0,2723560.0,111.37242343983036,214.42761773019785,0.3884073324167091,1858677.95955556,2279152.61145,3387883.499,138.53808824312375,266.7302309616888,0.4831466141319363,2794748.0625,4154298.75,169.8785117568763,327.070593011367,0.5924452171237531,6175225.0,252.5186790583745,486.17940698863293,0.8806498367294909,0.01032605018819336,0.019880956829614053,3.601172969145322e-05,0.038277215126544986,6.93341239203074e-05,1.2558961575192468e-07,non_veg,low_veg,1,0
1371.0,1510.0,1539.75,1657.0,1728.125,0.03667787596777978,0.021011040951220413,0.00012580254103538132,1879641.0,2070210.0,2110997.25,2271747.0,2369259.375,50.285367951826075,28.806137144123188,0.1724752837595078,2280100.0,2325022.5,2502070.0,2609468.75,55.38359271134747,31.726671836342824,0.18996183696342578,2370830.0625,2551365.75,2660880.46875,56.47475952138891,32.351750304641634,0.19370446255922838,2745649.0,2863503.125,60.775240478611096,34.81529485617222,0.20845481049562684,2986416.015625,63.38395440681943,36.30970514382778,0.21740251622676834,0.0013452665855078374,0.000770640353962804,4.614169996527242e-06,0.0004414638418538612,2.6432423414619833e-06,1.58262793309588e-08,non_veg,low_veg,1,0
4085.0,4237.3335,4237.3335,4051.5,4861.8335,-0.022419740968376276,0.09091250764935471,-2.0236276346348157e-06,16687225.0,17309507.3475,17309507.3475,16550377.5,19860589.8475,-91.58464185581708,371.377593747614,-0.008266518887483223,17954995.19022225,17954995.19022225,17167556.675249998,20601209.960972246,-94.99991946662323,385.22661423161696,-0.008574785167763865,17954995.19022225,17167556.675249998,20601209.960972246,-94.99991946662323,385.22661423161696,-0.008574785167763865,16414652.25,19697718.425249998,-90.83358053337648,368.3320247413606,-0.008198727361722957,23637424.981722247,-109.0010477013742,442.00147525863895,-0.009838540625593306,0.0005026447850890896,-0.0020382348722840595,4.536920738496056e-08,0.008265084047093979,-1.8397306281318328e-07,4.095068803657699e-12,non_veg,low_veg,1,0
728.8,1095.6,857.25,3482.6667,2720.75,0.6049463345690483,-0.12282210543747614,0.001083495575384529,531149.44,798473.2799999999,624763.7999999999,2538167.49096,1982882.5999999999,440.8848886339224,-89.51275044283261,0.7896515753402447,1200339.3599999999,939203.1,3815609.6365199997,2980853.6999999997,662.7792041538493,-134.56389871729885,1.1870777523912899,734877.5625,2985516.0285750004,2332362.9375,518.5902453093167,-105.28924988627642,0.9288265819983874,12128967.343288891,9475465.424025001,2106.8264546906835,-427.7484566309871,3.773453959989039,7402480.5625,1645.9077397787382,-334.1682433690132,2.947920586727457,0.36596006770852696,-0.07430078248845437,0.0006554566768506528,0.015085269584094506,-0.00013307720780091748,1.1739626618778515e-06,veg,high_veg,0,1
856.0,1112.0,1078.0,3108.5,2988.0,0.485011345993073,-0.019765439186418435,0.0008455379526419917,732736.0,951872.0,922768.0,2660876.0,2557728.0,415.1697121700705,-16.91921594357418,0.7237804874615449,1236544.0,1198736.0,3456652.0,3322656.0,539.3326167442972,-21.9791683752973,0.9402382033378948,1162084.0,3350963.0,3221064.0,522.8422309805327,-21.307143442959074,0.911489912948067,9662772.25,9288198.0,1507.6577690194674,-61.440867710981706,2.628354725787631,8928144.0,1449.2139018273022,-59.05913228901829,2.526467402494271,0.23523600574201237,-0.009586462263949035,0.0004100955004991196,0.0003906725862320055,-1.671242898275404e-05,7.149344293580111e-07,non_veg,medium_veg,1,0
1416.5,1501.0,1704.0,1825.5,2586.0,0.034424139396515084,0.17239034342060525,0.00015805869909768386,2006472.25,2126166.5,2413716.0,2585820.75,3663069.0,48.76179345516362,244.19092145528734,0.22389014727186918,2253001.0,2557704.0,2740075.5,3881586.0,51.67063323416914,258.7579054743285,0.23724610734562349,2903616.0,3110652.0,4406544.0,58.6587335316617,293.75314518871136,0.2693320232624533,3332450.25,4720743.0,62.84126646833828,314.69857191431487,0.2885361552028219,6687396.0,89.02082447938801,445.8014280856852,0.40873979586661047,0.001185021373190702,0.005934389212524022,5.4410346905705024e-06,0.029718430504674216,2.724779341806383e-05,2.498255236045217e-08,non_veg,low_veg,1,0
386.5,535.5,378.5,3000.0,1886.8,0.7759360663016132,-0.2277973315871327,0.0022481720430107526,149382.25,206970.75,146290.25,1159500.0,729248.2,299.8992896255735,-88.04366865842678,0.8689184946236559,286760.25,202686.75,1606500.0,1010381.4,415.51376350451386,-121.98547106490956,1.203896129032258,143262.25,1135500.0,714153.7999999999,293.6918010951606,-86.22129000572973,0.8509331182795699,9000000.0,5660400.0,2327.8081989048396,-683.3919947613981,6.744516129032258,3560014.2399999998,1464.0361698978836,-429.80800523860194,4.241851010752688,0.6020767789876215,-0.17675616538572395,0.0017444377714230244,0.051891624278218085,-0.0005121275923466419,5.054277534975142e-06,veg,high_veg,0,1
394.33334,594.0,382.75,3116.5,1883.5,0.7812388368936201,-0.2466,0.002209449795798026,155498.78303555562,234234.00396,150931.085885,1228939.85411,742726.84589,308.0685198899764,-97.242601644,0.8712597175393536,352836.0,227353.5,1851201.0,1118799.0,464.0558691148103,-146.4804,1.3124131787040274,146497.5625,1192840.375,720909.625,299.0191648210331,-94.38615,0.8456669093416944,9712572.25,5869927.75,2434.730835178967,-768.5289,6.885750288604548,3547572.25,1471.4633492891335,-464.47110000000004,4.161498690385582,0.6103341202708963,-0.1926534971779667,0.0017261079886440962,0.06081156000000001,-0.0005448503196437932,4.881668400151939e-06,veg,high_veg,0,1
1400.0,1481.5,1533.3334,1613.5,1806.1111,0.02547532386048782,0.0563254400478464,9.444756689132801e-05,1960000.0,2074100.0,2146666.76,2258900.0,2528555.54,35.66545340468295,78.85561606698495,0.13222659364785921,2194842.25,2271633.4321,2390400.25,2675753.5946500003,37.74169229931271,83.44613943088444,0.13992407034950247,2351111.31555556,2474033.4409,2769370.47374074,39.062164951102915,86.36567849506048,0.1448196088632074,2603382.25,2914160.25985,41.1044350488971,90.88109751720016,0.15239114917915775,3262037.3055432104,46.011265200521905,101.73000248279992,0.17058279893042003,0.0006489921257967401,0.0014349088268033776,2.406082354391668e-06,0.003172555196583539,5.319800766602459e-06,8.920342891691879e-09,non_veg,low_veg,1,0
933.0,937.5,961.75,1434.0,2226.5,0.19711989982260253,0.21650047807676548,0.0003740603693118185,870489.0,874687.5,897312.75,1337922.0,2077324.5,183.91286653448816,201.99494604562219,0.3489983245679267,878906.25,901640.625,1344375.0,2087343.75,184.79990608368988,202.96919819696762,0.35068159622982986,924963.0625,1379149.5,2141336.375,189.58006365438797,208.2193347903292,0.35975256018564145,2056356.0,3192801.0,282.66993634561203,310.4616855620817,0.5364025695931477,4957302.25,438.8874569550245,482.03831443791836,0.8328454122727639,0.038856254906072855,0.042676552550037564,7.373474252635137e-05,0.04687245700746801,8.098424878558016e-05,1.3992115988969405e-07,non_veg,low_veg,1,0
730.0,1042.0,951.5,3215.2,2932.4285,0.5432836537307701,-0.04599684252228316,0.0010573918892102458,532900.0,760660.0,694595.0,2347096.0,2140672.805,396.5970672234622,-33.57769504126671,0.7718960791234795,1085764.0,991463.0,3350238.4,3055590.497,566.1015671874625,-47.92870990821905,1.101802348557076,905352.25,3059262.8,2790205.71775,516.9343965248278,-43.765995659952424,1.0061083825835488,10337511.04,9428344.1132,1746.7656034751722,-147.8890480776448,3.399726402188782,8599136.90761225,1593.1404697842418,-134.88245192235502,3.1007261115889673,0.29515712841105535,-0.024989332665584847,0.000574463728995424,0.002115709522019716,-4.863668821234315e-05,1.1180776073676126e-06,veg,high_veg,0,1
325.0,437.0,292.33334,2194.0,1716.6666,0.7648478300982763,-0.12205934405147194,0.0026130942727237137,105625.0,142025.0,95008.3355,713050.0,557916.645,248.57554478193978,-39.66928681672838,0.8492556386352069,190969.0,127749.66958000002,958778.0,750183.3042,334.2385017529467,-53.33993335049324,1.1419221971802629,85458.78167555561,641379.34796,501838.88084444404,223.59052076438164,-35.68201572477592,0.7638945764801942,4813636.0,3766366.5204,1678.0761392356183,-267.7982008489294,5.733128834355828,2946944.21555556,1312.9887240121857,-209.53519915107057,4.485811660636091,0.5849922032060417,-0.09335682444098727,0.001998619484334966,0.014898483470275599,-0.0003189525728733146,6.8282616781414744e-06,veg,high_veg,0,1
800.0,869.0,1758.0,2147.0,2331.0,0.09961587708066581,0.04108977221974096,0.0007832547461923178,640000.0,695200.0,1406400.0,1717600.0,1864800.0,79.69270166453265,32.87181777579276,0.6266037969538543,755161.0,1527702.0,1865743.0,2025639.0,86.5661971830986,35.707012058954895,0.6806483744411242,3090564.0,3774426.0,4097898.0,175.1247119078105,72.2358195623046,1.3769618438060947,4609609.0,5004657.0,213.8752880921895,88.21974095578383,1.6816479400749065,5433561.0,232.20460947503202,95.78025904421618,1.8257668133742928,0.00992332296655032,0.004093193698714272,7.802460851954203e-05,0.0016883693810701957,3.218375911107336e-05,6.134879974327922e-07,non_veg,low_veg,1,0
711.3333,1091.3334,924.5,3405.0,2670.5,0.5729298995265042,-0.12089539955559213,0.0011105637513369377,505995.06368889,776301.7888222199,657627.63585,2422089.8865,1899615.57765,407.54411609885665,-85.99692352069788,0.7899809780988833,1191008.58995556,1008937.7283,3715990.227,2914405.8447,625.2575352119183,-131.93718744136285,1.2119953146632947,854700.25,3147922.5,2468877.25,529.6736921122531,-111.76779688914492,1.026716188110999,11594025.0,9093052.5,1950.8263078877467,-411.6488354867912,3.7814695733022727,7131570.25,1530.0092966855295,-322.8511645132088,2.965760497945292,0.3282486697714502,-0.06926458912060197,0.0006362751784712493,0.014615697633706265,-0.00013426204844983636,1.2333518457835716e-06,veg,high_veg,0,1
739.0,1059.2,860.0,3104.0,2667.0,0.5660948536831484,-0.07572344481025818,0.001029621760936194,546121.0,782748.8,635540.0,2293856.0,1970913.0,418.34409687184666,-55.9596257147808,0.7608904813318473,1121904.6400000001,910912.0,3287756.8000000003,2824886.4,599.6076690211908,-80.20627274302547,1.0905753691836166,739600.0,2669440.0,2293620.0,486.8415741675076,-65.12216253682203,0.8854747144051268,9634816.0,8278368.0,1757.1584258324926,-235.0455726910414,3.195945945945946,7112889.0,1509.7749747729567,-201.95442730895857,2.7460012364168294,0.3204633833665452,-0.042866652410247064,0.0005828635801061602,0.005734040093932216,-7.796650658969273e-05,1.060120970593349e-06,veg,high_veg,0,1
930.0,1018.6667,1240.6666,1652.5,2232.2,0.14234693570705537,0.14922645249311398,0.0004696201276911752,864900.0,947360.031,1153819.938,1536825.0,2075945.9999999998,132.38265020756148,138.78060081859599,0.4367467187527929,1037681.84568889,1263825.75122222,1683346.72175,2273867.8077399996,145.00408325181826,152.0120179138672,0.47838638572874803,1539253.61235556,2050201.5565,2769415.98452,176.60508874409098,185.14027544469323,0.5826420071141762,2730756.25,3688710.4999999995,235.228311255909,246.59671274487084,0.776047261009667,4982716.839999999,317.74682988528895,333.103287255129,1.0482860490322412,0.020262650105188552,0.021241928238829248,6.684898612319484e-05,0.0222685341236796,7.007974567471728e-05,2.205430643326757e-07,non_veg,low_veg,1,0
743.25,1052.5,911.75,3246.0,2691.5,0.5614214418856353,-0.09338947368421052,0.0010359769942945205,552420.5625,782270.625,677658.1875,2412589.5,2000457.375,417.2764866814984,-69.41172631578947,0.7699899010094023,1107756.25,959616.875,3416415.0,2832803.75,590.896067584631,-98.29242105263157,1.0903657864949827,831288.0625,2959540.5,2453975.125,511.8759996392279,-85.14785263157894,0.9445520245480291,10536516.0,8736609.0,1822.374000360772,-303.14223157894736,3.3627813234800135,7244172.25,1511.0658108351872,-251.3577684210526,2.788332080143702,0.3151940354089457,-0.05243085297273006,0.0005816196978971763,0.00872159379501385,-9.674934624611563e-05,1.073248332707509e-06,veg,high_veg,0,1
669.1667,954.8333,854.0,3292.25,2677.8,0.5880615013566476,-0.10292208607968104,0.0011888756491918704,447784.07238888997,638942.64841111,571468.3618,2203064.068075,1791894.58926,393.51117425987337,-68.87203269905609,0.7955559948800816,911706.6307888901,815427.6382,3143549.931925,2556852.6107400004,561.5007039433223,-98.27343509434591,1.135178059407516,729316.0,2811581.5,2286841.2,502.20452215857705,-87.8954615120476,1.0152998044098573,10838910.0625,8815987.05,1936.045477841423,-338.8452378958299,3.9140758560519355,7170612.840000001,1574.711088332831,-275.6047621041699,3.183571213405991,0.3458163293778344,-0.060524516462775346,0.0006991319991901305,0.010592955802993272,-0.00012236156190416236,1.4134253092413914e-06,veg,high_veg,0,1
677.75,1051.0,809.0,3260.0,2649.0,0.6023593020398132,-0.10340159079370452,0.0011669999661051418,459345.0625,712315.25,548299.75,2209465.0,1795359.75,408.24901695748343,-70.08042816043324,0.7909342270277598,1104601.0,850259.0,3426260.0,2784099.0,633.0796264438437,-108.67507192418346,1.226516964376504,654481.0,2637340.0,2143041.0,487.30867535020894,-83.65188695210696,0.9441029725790597,10627600.0,8635740.0,1963.691324649791,-337.08918598747675,3.8044198895027623,7017201.0,1595.6497911034653,-273.91081401252325,3.0913829102125208,0.36283672875389095,-0.062284910060302234,0.000702953285063579,0.010691888978668719,-0.00012066965295147092,1.361888920889402e-06,veg,high_veg,0,1
940.5,951.3333,1039.0,1512.0,2128.5,0.1854174833398667,0.16934487021013597,0.00040146169992160433,884540.25,894728.96865,977179.5,1422036.0,2001854.25,174.38514308114463,159.2688504326329,0.37757472877626885,905035.04768889,988435.2987,1438415.9496,2024912.92905,176.39382630341044,161.10341421508036,0.38192388381002956,1079521.0,1570968.0,2211511.5,192.6487651901215,175.94932014833128,0.4171187062185469,2286144.0,3218292.0,280.35123480987846,256.0494437577256,0.6070100902814658,4530512.25,394.6611132889063,360.45055624227444,0.8545112282831349,0.03437964312808975,0.03139949965087978,7.443801805680863e-05,0.0286776850664878,6.798547946756464e-05,1.6117149650394427e-07,non_veg,low_veg,1,0
736.75,1051.0,874.0,3308.0,2931.0,0.5820181731229077,-0.06042635037666293,0.0010535850163717994,542800.5625,774324.25,643919.5,2437169.0,2159414.25,428.80188904830226,-44.51911364000641,0.7762287608119233,1104601.0,918574.0,3476708.0,3080481.0,611.701099952176,-63.50809424587273,1.1073178522067613,763876.0,2891192.0,2561694.0,508.68388330942133,-52.8126302292034,0.9208333043089527,10942864.0,9695748.0,1925.3161166905786,-199.89036704600096,3.4852592341579127,8590761.0,1705.8952654232426,-177.10963295399904,3.088057682985744,0.338745153845327,-0.035169234054710084,0.0006132056264583836,0.003651343819843232,-6.36642973508845e-05,1.110041386723165e-06,veg,high_veg,0,1
759.1667,1076.6666,983.0,3374.0,2741.0,0.5487720908882259,-0.1035159443990188,0.0010195067087065237,576334.07838889,817369.42972222,746260.8661,2561428.4458,2080875.9247,416.6094972917145,-78.58585790678659,0.7739755436765928,1159210.96755556,1058363.2678,3632673.1084000003,2951143.1506,590.8445812715171,-111.45215990188062,1.0976688217402433,966289.0,3316642.0,2694403.0,539.442965343126,-101.75617334423548,1.0021750946585128,11383876.0,9248134.0,1851.557034656874,-349.26279640228944,3.439815635175811,7513081.0,1504.1843011246272,-283.73720359771056,2.7944678885645815,0.30115080773783526,-0.05680666124811888,0.0005594768282114525,0.010715550744820753,-0.00010553519977289117,1.0393939290976085e-06,veg,high_veg,0,1
995.6667,1118.0,1082.0,1867.3334,2023.0,0.26627488096123686,0.04001369137154158,0.00046835875371474366,991352.17748889,1113155.3706,1077311.3694,1859241.68417778,2014233.7341,265.1210320195675,39.840300042721275,0.46632921472727157,1249924.0,1209676.0,2087678.7412,2261714.0,297.6953169146628,44.735306953383486,0.5236250866530834,1170724.0,2020454.7388,2188886.0,288.1094212000583,43.29481406400799,0.5067641715193526,3486934.0267555597,3777615.4682,497.2239787999417,74.7189023553714,0.8745819439939149,4092529.0,538.6740841845822,80.94769764462862,0.9474897587649265,0.07090231223092086,0.010654640906776905,0.0001247121713925466,0.001601095497176981,1.8740762622301606e-05,2.193599221812279e-07,non_veg,medium_veg,1,0
366.5,571.6,362.5,2988.0,1870.6666,0.7836143859125504,-0.2299670860313815,0.0023873270861222667,134322.25,209491.4,132856.25,1095102.0,685599.3089000001,287.1946724369497,-84.28293703050132,0.8749553770638108,326726.56,207205.0,1707940.8,1069273.02856,447.91398298761385,-131.44918637553766,1.3645961624274876,131406.25,1083150.0,678116.6425,284.06021489329953,-83.3630686863758,0.8654060687193217,8928144.0,5589551.8008,2341.4397851067006,-687.1416530617679,7.133333333333333,3499393.5283555603,1465.8812590061186,-430.1917469382319,4.465893043284248,0.6140515058091035,-0.18020551690057965,0.0018707438485640983,0.05288486065776482,-0.0005490066533993266,5.699330616133032e-06,veg,high_veg,0,1
1144.0,1183.6666,1196.0,1272.6666,1447.2,0.031055874454655002,0.06416983832957102,8.829694785673952e-05,1308736.0,1354114.5904,1368224.0,1455930.5904,1655596.8,35.52792037612532,73.41029504902924,0.10101170834811,1401066.61995556,1415665.2536,1506412.94735556,1713002.30352,36.75980132576834,75.955694358113,0.10451414805996416,1430416.0,1522109.2536,1730851.2,37.142825847767384,76.74712664216693,0.10560314963666047,1619680.27475556,1841803.1035200001,39.52377415223263,81.66680996944483,0.11237257641921397,2094387.84,44.94406151077672,92.86659003055517,0.12778334293827343,0.0009644673381432931,0.001992850442938666,2.7421389273681216e-06,0.004117768151243282,5.666000868961537e-06,7.796351000815777e-09,non_veg,low_veg,1,0
928.125,1200.0,1238.6666,2795.25,2943.1667,0.38587396675479113,0.025776570042395183,0.0007189167329746667,861416.015625,1113750.0,1149637.438125,2594341.40625,2731626.5934375003,358.1392753942905,23.92387907059803,0.6672445927921126,1440000.0,1486399.92,3354300.0,3531800.04,463.04876010574935,30.93188405087422,0.8627000795696,1534294.94595556,3462382.81365,3645602.2895222204,477.96919442867016,31.928576374075497,0.8904981453168384,7813422.5625,8226886.7181750005,1078.6142055713299,72.05195741100513,2.009551997847437,8662230.22398889,1135.6914093496084,75.8647425889951,2.115891788563831,0.14889871821907766,0.009946507331591744,0.0002774112515193296,0.0006644315631505048,1.8531207522171413e-05,5.168412689509683e-07,non_veg,medium_veg,1,0
810.0,921.5,1091.3334,1623.0,2118.0,0.19587372722893953,0.132317562149158,0.0006176624098862452,656100.0,746415.0,883980.054,1314630.0,1715580.0,158.65771905544102,107.17722534081797,0.5003065520078587,849162.25,1005663.7281,1495594.5,1951737.0,180.49763964146777,121.93063352044909,0.5691759107101749,1191008.58995556,1771234.1082,2311444.1412,213.76354070743116,144.4025749799519,0.6740756178333496,2634129.0,3437514.0,317.90305929256886,214.75140336808343,1.002466091245376,4485924.0,414.86055427089394,280.2485966319166,1.3082089841390674,0.038366517018557006,0.025917534076002426,0.00012098383839362784,0.017507937253096288,8.172758430732195e-05,3.81506852586484e-07,non_veg,low_veg,1,0
1520.6666,1623.0,1688.0,1753.5,1900.0,0.01903239866337353,0.04009853565074586,8.726096304995012e-05,2312426.90835556,2468041.8918,2566885.2208000002,2666488.8831,2889266.54,28.94193296527677,60.97650387299849,0.1326948319938933,2634129.0,2739624.0,2845930.5,3083700.0,30.88958303065524,65.07992336116052,0.14162454303006905,2849344.0,2959908.0,3207200.0,32.12668894377452,67.68632817845901,0.1472965056283158,3074762.25,3331650.0,33.37331105622548,70.31278226358286,0.15301209870808752,3610000.0,36.1615574604097,76.18721773641713,0.16579582979490523,0.00036223219888158246,0.0007631713163224913,1.6607854365165575e-06,0.0016078925613341366,3.499036837776842e-06,7.614475672404759e-09,non_veg,low_veg,1,0
1063.5,1139.3334,1247.0,1977.5,2228.0,0.2265467514343309,0.05956485554630841,0.0004341942199675898,1131032.25,1211681.0709,1326184.5,2103071.25,2369478.0,240.9324701504109,63.34722387349899,0.4617655529355318,1298080.59635556,1420748.7497999999,2253031.7985,2538434.8152,258.11228057063107,67.86422939008442,0.494691976896022,1555009.0,2465942.5,2778316.0,282.5037990386106,74.27737486624659,0.5414401922995845,3910506.25,4405870.0,447.9962009613893,117.78950184282488,0.8586190699859089,4963984.0,504.74616219568924,132.71049815717512,0.9673847220877901,0.051323430585448505,0.013494224523671357,9.836529002522077e-05,0.0035479720162525873,2.5862715991411546e-05,1.8852462065326378e-07,non_veg,medium_veg,1,0
709.25,1058.0,920.25,3359.6667,2829.25,0.5699682659711579,-0.0857042881187915,0.0011107254479280316,503035.5625,750386.5,652687.3125,2382843.6069750004,2006645.5625,404.24999264004373,-60.785766348252864,0.7877820239429564,1119364.0,973624.5,3554527.3686,2993346.5,603.026425397485,-90.6751368296814,1.1751475239078575,846860.0625,3091733.280675,2603617.3125,524.513296759958,-78.86937114131787,1.022145093455771,11287360.335088892,9505337.010975001,1914.9034032400425,-287.9378428399094,3.731667300246392,8004655.5625,1612.5827164988984,-242.47885716009083,3.1425199735503835,0.3248638242141686,-0.048848724485360095,0.0006330782575255778,0.007345225001948825,-9.519393381009776e-05,1.2337110206749263e-06,veg,high_veg,0,1
1203.0,1306.5,1521.9166,1756.1666,2295.75,0.0714594431282281,0.1331674496952874,0.0002616156677130852,1447209.0,1571719.5,1830865.6698,2112668.4198,2761787.25,85.96571008325841,160.20044198343075,0.3147236482588415,1706942.25,1988384.0379,2294431.6629,2999397.375,93.36176244703002,173.983273026893,0.34180086986714586,2316230.13735556,2672739.10090556,3493940.03445,108.75531272360628,202.66975227092286,0.39815722751262844,3084121.12695556,4031719.47195,125.49468727639372,233.86422736204392,0.45944069767441864,5270468.0625,164.05301656162968,305.71917263795604,0.6006041691523154,0.005106452012196467,0.009516071798031567,1.8694909928396636e-05,0.017733569658346902,3.48386912696813e-05,6.844275759296342e-08,non_veg,low_veg,1,0
377.5,574.8333,387.5,3078.6667,1949.6666,0.776410061293359,-0.22452769787555654,0.0023180501581777247,142506.25,216999.57075,146281.25,1162196.67925,735999.1415,293.094798138243,-84.7592059480226,0.8750639347120911,330433.32278889,222747.90375,1769720.1387611101,1120733.28557778,446.3063576864638,-129.06599751120916,1.3324924219908234,150156.25,1192983.3462500002,755495.8075,300.8588987511766,-87.00448292677817,0.8982444362938683,9478188.649688892,6002373.637522221,2390.3078012488236,-691.2459466771368,7.1365038309114945,3801199.85115556,1513.7407644076147,-437.75415332286354,4.5194249705238265,0.6028125832775575,-0.17432556366961766,0.0017997574653918478,0.050412687113297196,-0.0005204664655757142,5.3733565358277745e-06,veg,high_veg,0,1
742.0,1068.0,967.5,3268.5,2751.25,0.5432011331444759,-0.08592549524481914,0.0010403560558378635,550564.0,792456.0,717885.0,2425227.0,2041427.5,403.05524079320116,-63.756717471655804,0.7719441934316947,1140624.0,1033290.0,3490758.0,2938335.0,580.1388101983003,-91.76842892146685,1.1111002676348383,936056.25,3162273.75,2661834.375,525.5470963172804,-83.13291664936251,1.006544484023133,10683092.25,8992460.625,1775.4529036827196,-280.8474812076914,3.400403768506057,7569376.5625,1494.4821175637394,-236.40251879230865,2.862279598623922,0.2950674710494427,-0.046674826382986034,0.0005651225884048452,0.007383190733067437,-8.939310932881514e-05,1.0823407229185159e-06,veg,high_veg,0,1
728.75,1063.5,851.5,3469.0,2616.0,0.6058326582571462,-0.14018077239112572,0.0010824598156174232,531076.5625,775025.625,620530.625,2528033.75,1906410.0,441.50054970489526,-102.15673788003288,0.7888425906311972,1131032.25,905570.25,3689281.5,2782116.0,644.303032056475,-149.0822514379622,1.1511960139091295,725052.25,2953853.5,2227524.0,515.8665085059599,-119.36392769104356,0.9217145329982359,12033961.0,9074904.0,2101.63349149404,-486.28709942481515,3.7550531003768413,6843456.0,1584.8582340006944,-366.7129005751849,2.831714877655179,0.36703320981092,-0.08492608997425566,0.0006557895075520438,0.019650648948172596,-0.00015174005303560592,1.171719252426506e-06,veg,high_veg,0,1
1379.3334,1447.6,1574.8334,1747.0,2495.25,0.05182878828300059,0.17638045848311626,0.00015246749928885656,1902560.62835556,1996723.0298399997,2172220.30805556,2409695.4498,3441781.66635,71.48917876027136,243.28745749307558,0.2103035141835961,2095545.7599999998,2279728.82984,2528957.1999999997,3612123.9,75.02735391847165,255.3283517001591,0.22071195197054874,2480100.23775556,2751233.9498,3929603.04135,81.62170686959797,277.7698371265248,0.24011091029456755,3052009.0,4359201.75,90.54489313040203,308.13666097000413,0.2663607212576324,6226272.5625,129.32578396315722,440.11333902999587,0.38044452760051933,0.002686223294884099,0.009141585439980008,7.902205740680689e-06,0.031110066134714297,2.6892287428342723e-05,2.3246338339397477e-08,non_veg,low_veg,1,0
1108.0,1130.0,1228.0,1746.6666,2119.3333,0.1743612544679797,0.09639594144842058,0.00032971039743007695,1227664.0,1252040.0,1360624.0,1935306.5928,2348221.2964,193.1922699505215,106.80670312485,0.3653191203525253,1276900.0,1387640.0,1973733.258,2394846.6289999997,197.02821754881705,108.92741383671525,0.372572749095987,1507984.0,2144906.5848,2602541.2923999997,214.11562048667906,118.37421609866047,0.4048843680441345,3050844.21155556,3701768.6893777796,304.5509795133209,168.37157130351184,0.5758941388638412,4491573.636488889,369.52961282376316,204.29512869648795,0.6987662246297964,0.03040184705964757,0.016807717276568532,5.748871850704437e-05,0.009292177527727328,3.178274416560518e-05,1.087089461734993e-07,non_veg,low_veg,1,0
1381.2,1528.0,1588.0,1634.0,1604.5,0.014276846679081317,-0.009109155473212907,0.0001119319652012021,1907713.4400000002,2110473.6,2193345.6,2256880.8000000003,2216135.4,19.719180633147115,-12.581565539601668,0.15460043033590035,2334784.0,2426464.0,2496752.0,2451676.0,21.815021725636253,-13.918789563069321,0.1710320428274368,2521744.0,2594792.0,2547946.0,22.67163252638113,-14.465338891462096,0.17774796073950894,2669956.0,2621753.0,23.328367473618872,-14.88436004322989,0.18289683113876423,2574420.25,22.907200496585972,-14.61563995677011,0.17959483816532876,0.00020382835109799521,-0.00013005001606697508,1.5980355056658275e-06,8.297671343516466e-05,-1.0196056734400068e-06,1.2528764833803117e-08,non_veg,low_veg,1,0
620.0,699.3,1357.5,2166.0,2951.5,0.22945934440187313,0.15349291646311675,0.0011493688879372769,384400.0,433566.0,841650.0,1342920.0,1829930.0,142.26479352916135,95.16560820713238,0.7126087105211116,489020.48999999993,949299.7499999999,1514683.7999999998,2063983.95,160.46091954022987,107.33759648265753,0.8037536633345377,1842806.25,2940345.0,4006661.25,311.49106002554277,208.36663409868098,1.5602682653748534,4691556.0,6392949.0,497.0089399744572,332.46565705911087,2.4895330112721417,8711352.25,677.2492550021285,453.0343429408891,3.3923622727468725,0.052651590733337424,0.035220383981958245,0.00026373343150199754,0.023560075404353335,0.00017641998270146182,1.3210488405581725e-06,non_veg,medium_veg,1,0
781.5,886.625,2036.6666,2281.0,3340.5,0.056589223447683516,0.1884728275371342,0.0008401113238546515,610742.25,692897.4375,1591654.9479,1782601.5,2610600.75,44.224478124364666,147.29151472027038,0.6565469995924101,786103.890625,1805759.524225,2022391.625,2961770.8125,50.173420239302395,167.10472071511163,0.7448637025126303,4148010.83955556,4645636.5146,6803484.7773,115.25338131583386,383.8563128524415,1.711026673576552,5202961.0,7619680.5,129.0800186841661,429.9065196122031,1.91629392971246,11158940.25,189.0363009269868,629.5934803877968,2.806391877336463,0.003202340210411854,0.010665530951315607,4.754124742654008e-05,0.03552200671984233,0.00015833815665285123,7.057870364688151e-07,non_veg,low_veg,1,0
901.2,1050.0,986.0,1975.0,2033.5,0.33400878081729146,0.014593987775976052,0.000602633786889432,812161.4400000001,946260.0,888583.2000000001,1779870.0,1832590.2000000002,301.0087132725431,13.152101783709618,0.5430935687447561,1102500.0,1035300.0,2073750.0,2135175.0,350.709219858156,15.323687164774855,0.6327654762339036,972196.0,1947350.0,2005031.0,329.33265788584936,14.389671947112387,0.5941969138729799,3900625.0,4016162.5,659.6673421141506,28.823125857552704,1.190201729106628,4135122.25,679.2068557919622,29.6768741424473,1.2254558056396598,0.11156186566305346,0.004874520064316216,0.00020128497643824662,0.00021298447920533843,8.794830119254527e-06,3.631674811006973e-07,non_veg,medium_veg,1,0
1035.3334,1027.3334,1330.0,1562.6666,2300.0,0.08043325836444477,0.1908871451654668,0.0003256261613843267,1071915.24915556,1063632.58195556,1376993.422,1617880.92404444,2381266.82,83.27523885553904,197.6318370204563,0.3371316407949837,1055413.91475556,1366353.422,1605379.59124444,2362866.82,82.6317727886235,196.10473985913256,0.3345266315039091,1768900.0,2078346.578,3059000.0,106.97623362471155,253.87990307007084,0.43308279464115457,2441926.90275556,3594133.18,125.69036637528848,298.2929661194264,0.5088451264814972,5290000.0,184.99649423822297,439.04043388057363,0.7489401711839515,0.0064695090511215254,0.015353675065545264,2.619117316884794e-05,0.03643790218942199,6.215784833784369e-05,1.060323969778916e-07,non_veg,low_veg,1,0
917.0,1012.0,1065.3334,1345.25,2102.0,0.1161198571267022,0.21952280803539054,0.0003467781215193133,840889.0,928004.0,976910.7278,1233594.25,1927534.0,106.48190898518591,201.30241496845312,0.3179955374332103,1024144.0,1078117.4008,1361393.0,2127224.0,117.51329541222262,222.15708173181523,0.350939458977545,1134935.25315556,1433139.75635,2239330.8068,123.70636220030389,233.86497946188993,0.3694343152437832,1809697.5625,2827715.5,156.21023779969613,295.3130575096091,0.4665032679738562,4418404.0,244.08393968032803,461.4369424903909,0.7289276114335965,0.013483821219125731,0.025490957105122024,4.026782592548883e-05,0.04819026324774293,7.612570700115754e-05,1.2025506556446361e-07,non_veg,low_veg,1,0
1136.0,1264.6666,1328.0,2176.0571,2475.75,0.2420214841818645,0.0644250489234603,0.00042036488597792547,1290496.0,1436661.2576000001,1508608.0,2472000.8656,2812452.0,274.93640603059805,73.1868555770509,0.4775345104709233,1599381.6091555601,1679477.2448,2751986.7340628603,3130998.33495,306.07648752723236,81.4762075768662,0.5316214311090907,1763584.0,2889803.8288,3287796.0,321.40453099351606,85.5564649703553,0.558244568578685,4735224.50246041,5387373.365325,526.652569006484,140.19258512774314,0.9147379947229551,6129338.0625,599.1846894632511,159.50031487225687,1.040718366459849,0.05857439880559249,0.015592245958945096,0.00010173733360231776,0.004150586928790254,2.7082028344832662e-05,1.7670663736323428e-07,non_veg,medium_veg,1,0
1265.3334,1280.5,1443.6666,1605.0,2273.6667,0.05291933201223118,0.17239601948783076,0.00016712050742232005,1601068.6131555599,1620259.4187,1826719.56744444,2030860.107,2876946.4159777802,66.96059830076533,218.13844148500314,0.21146315986640946,1639680.25,1848615.0813,2055202.5,2911430.20935,67.76320464166203,220.75310295416728,0.21399780975428082,2084173.25195556,2317084.893,3282416.6743222205,76.39787212036894,248.88237530753037,0.24126629474065556,2576025.0,3649235.0535000004,84.93552787963104,276.6956112779684,0.2682284144128237,5169560.262688891,120.32092298245404,391.9710887220319,0.379976332613232,0.0028004557006207557,0.009123082192863593,8.8439056183343e-06,0.029720387535248523,2.8810910254394453e-05,2.792926400109373e-08,non_veg,low_veg,1,0
884.0,949.5,960.1667,1101.6666,1382.75,0.06862819608161339,0.11313859358370089,0.00022325353283105562,781456.0,839358.0,848787.3628,973873.2744,1222351.0,60.667325336146234,100.01451672799159,0.19735612302265315,901550.25,911678.28165,1046032.4367,1312921.125,65.16247217949191,107.42509460772399,0.2119792294230873,921920.09178889,1057783.58382222,1327670.504425,65.89450855863565,108.63191004390326,0.21436060788173633,1213669.29755556,1523329.4911500001,75.60539144136435,124.64100972213758,0.24595096045197742,1911997.5625,94.8956381318509,156.44239027786242,0.3087038225221422,0.004709829297416375,0.00776449758486019,1.5321487227042597e-05,0.012800341358097845,2.5258590717098224e-05,4.984213992154723e-08,non_veg,low_veg,1,0
780.0,1082.6666,926.5,3092.0,2667.0,0.5388826676620629,-0.07379753429414829,0.0009574085699661925,608400.0,844479.948,722670.0,2411760.0,2080260.0,420.3284807764091,-57.56207674943566,0.7467786845736302,1172166.9667555601,1003090.6049,3347605.1272,2887471.8222,583.4302655966156,-79.89812554262893,1.0365542812561597,858402.25,2864738.0,2470975.5,499.27479158890134,-68.3734155235284,0.8870390400736774,9560464.0,8246364.0,1666.2252084110987,-228.1819760375065,2.9603072983354672,7112889.0,1437.200074654722,-196.81802396249347,2.5534086560998355,0.2903945295065814,-0.03976821214731321,0.0005159308842259026,0.005446076067895993,-7.065439177559156e-05,9.166311698447097e-07,veg,high_veg,0,1
377.25,560.1667,352.16666,2862.2,1789.3334,0.7808795963556939,-0.23064794074143374,0.0022952962153221447,142317.5625,211322.887575,132854.872485,1079764.95,675026.02515,294.5868277251855,-87.01193564470589,0.8659004972302791,313786.73178888997,197272.035782222,1603309.1287399998,1002324.98587778,437.4227465879011,-129.20129582692448,1.2857485064594951,124021.35641555558,1007971.4142519999,630143.5671044439,274.9997593107329,-81.22651492678864,0.8083268018606404,8192188.839999999,5121430.05748,2235.033580689267,-660.1605359901316,6.569596827495042,3201714.01635556,1397.2539431377613,-412.70606400986816,4.107050180969505,0.6097729440046314,-0.1801082708664428,0.0017923499821375082,0.05319847256826393,-0.0005294053454556591,5.2683847160721616e-06,veg,high_veg,0,1
1003.5,1162.0,1138.0,2168.5,2174.5,0.3116588537728716,0.001381533502187428,0.0005348309825063212,1007012.25,1166067.0,1141983.0,2176089.75,2182110.75,312.74965976107666,1.386368869445084,0.5367028909450934,1350244.0,1322356.0,2519797.0,2526769.0,362.1475880840768,1.6053419295417914,0.6214736016723452,1295044.0,2467753.0,2474581.0,354.6677755935279,1.5721851254892931,0.6086376580921936,4702392.25,4715403.25,675.832224406472,2.9958553994934376,1.1597809855649577,4728450.25,677.7021775291093,3.0041446005065624,1.1629899714599956,0.09713124113502017,0.00043056714774055484,0.0001666848109701388,1.9086348176662602e-06,7.38886920340301e-07,2.860441798486769e-07,non_veg,medium_veg,1,0
1029.3334,1101.0,1235.0,1602.0,2120.0,0.1293620021149101,0.13917248790972594,0.00034694574374206775,1059527.24835556,1133296.0733999999,1271226.749,1648992.1068,2182186.808,133.15662946774762,143.2548901665771,0.3571228420215513,1212201.0,1359735.0,1763802.0,2334120.0,142.42756432851604,153.22890918860827,0.3819872638600166,1525225.0,1978470.0,2618200.0,159.762072611914,171.87802256851154,0.42847799352145366,2566404.0,3396240.0,207.237927388086,222.95432563138095,0.5558070814747925,4494400.0,274.24744448360946,295.045674368619,0.7355249767331836,0.01673452759117801,0.018003631675315268,4.488159603572043e-05,0.019368981390982816,4.82853023262738e-05,1.2037134910073655e-07,non_veg,low_veg,1,0
794.0,1029.0,926.75,3094.0,2741.0,0.5390163526705216,-0.06049700085689803,0.000935061978347217,630436.0,817026.0,735839.5,2456636.0,2176354.0,427.97898402039414,-48.03461868037704,0.7424392108076903,1058841.0,953625.75,3183726.0,2820489.0,554.6478268979668,-62.25141388174807,0.9621787757192862,858865.5625,2867364.5,2540221.75,499.5334048374059,-56.06559554413025,0.8665686884332834,9572836.0,8480654.0,1667.7165951625939,-187.17772065124248,2.8930817610062896,7513081.0,1477.4438226698996,-165.8222793487575,2.5630048826497216,0.29053862844623213,-0.032608872749390595,0.0005040136970895991,0.003659887112679521,-5.656844530532435e-05,8.743409033506113e-07,veg,high_veg,0,1
819.2,1050.0,1968.4445,2485.3333,2349.0,0.11605626127104943,-0.028201055148597175,0.0008173448691461051,671088.6400000001,860160.0,1612549.7344000002,2035985.0393599998,1924300.8,95.0732892332437,-23.102304377730807,0.6695689168044894,1102500.0,2066866.725,2609599.965,2466450.0,121.8590743346019,-29.611107906027033,0.8582121126034103,3874773.74958025,4892240.66505185,4623876.1305,228.45030918956027,-55.512211901452794,1.6088980122738705,6176881.612088889,5838047.9217,288.4384908104394,-70.089021455945,2.0313744208729574,5517801.0,272.61615772569513,-66.24427854405477,1.919943097624201,0.013469055780214087,-0.003272909024444867,9.485798968217209e-05,0.0007952995114942192,-2.3049987730212253e-05,6.680526351194638e-07,non_veg,low_veg,1,0
984.2,1135.3334,1077.0,1940.0,1984.0,0.2860457408021213,0.011213047910295617,0.0005000816203523488,968649.6400000001,1117395.13228,1059983.4000000001,1909348.0,1952652.8,281.5262180974478,11.035881753312946,0.4921803307507817,1288981.92915556,1222754.0718,2202546.796,2252501.4655999998,324.7572834603911,12.730547808358818,0.5677593663121413,1159929.0,2089380.0,2136768.0,308.07126284388465,12.076452599388379,0.5385879051194796,3763600.0,3848960.0,554.9287371561153,21.753312945973498,0.9701583434835567,3936256.0,567.5147497514087,22.246687054026506,0.99216193477906,0.08182216583103437,0.003207444596150188,0.0001430462175552128,0.0001257324434385849,5.607439168069151e-06,2.5008162701423074e-07,non_veg,medium_veg,1,0
891.375,885.5,998.5,1220.0,2104.0,0.09984223574487266,0.26594464500601683,0.0003018515244133471,794549.390625,789312.5625,890037.9375,1087477.5,1875453.0,88.99687288708587,237.05640794223825,0.26906290257394727,784110.25,884171.75,1080310.0,1863092.0,88.41029975208474,235.4939831528279,0.2672895248680189,997002.25,1218170.0,2100844.0,99.69247239125535,265.54572803850783,0.3013987471267271,1488400.0,2566880.0,121.80752760874465,324.4524669073405,0.36825885978428347,4426816.0,210.0680640072121,559.5475330926594,0.6350956073656824,0.009968472038534728,0.026552507941777204,3.013753106042659e-05,0.07072655420737631,8.027579650463262e-05,9.111434279066149e-08,non_veg,low_veg,1,0
347.5,535.0,329.0,3382.0,2005.25,0.8226893020749124,-0.2555571024177456,0.0025746058761592938,120756.25,185912.5,114327.5,1175245.0,696824.375,285.88453247103206,-88.8060930901666,0.8946755419653546,286225.0,176015.0,1809370.0,1072808.75,440.13877661007814,-136.72304979349389,1.377414143745222,108241.0,1112678.0,659727.25,270.6647803826462,-84.07828669543831,0.8470453332564076,11437924.0,6781755.5,2782.3352196173537,-864.2941203768156,8.707317073170731,4021027.5625,1649.6977229857182,-512.4558796231844,5.162728433168424,0.6768176877485065,-0.21024409422834203,0.0021181007113754576,0.06530943259615411,-0.0006579588175789703,6.628595417553965e-06,veg,high_veg,0,1
780.0,928.0,956.25,2168.0,2247.0,0.3878530847403377,0.017893544733861833,0.0008197457134622563,608400.0,723840.0,745875.0,1691040.0,1752660.0,302.5254060974634,13.95696489241223,0.6394016565005599,861184.0,887400.0,2011904.0,2085216.0,359.9276626390334,16.60520951302378,0.7607240220929739,914414.0625,2073150.0,2148693.75,370.8845122829479,17.11070215175538,0.7838818384982825,4700224.0,4871496.0,840.8654877170521,38.79320498301245,1.7772087067861715,5049009.0,871.5058814115388,40.20679501698754,1.84196861814969,0.15043001534259556,0.006940066521967537,0.0003179409036690051,0.00032017894314271454,1.4668156594228367e-05,6.719830347397436e-07,non_veg,medium_veg,1,0
673.75,1010.25,803.0,3270.0,2681.0,0.6056960471397005,-0.09897496219122837,0.0011766732043694968,453939.0625,680655.9375,541021.25,2203162.5,1806323.75,408.0877117603732,-66.6843807763401,0.7927835714439485,1020605.0625,811230.75,3303517.5,2708480.25,611.9044316228824,-99.98945555368846,1.188734104714284,644809.0,2625810.0,2152843.0,486.3739258531795,-79.47689463955638,0.9448685831087059,10692900.0,8766870.0,1980.6260741468207,-323.6481263653168,3.847721378288255,7187761.0,1623.871102381537,-265.3518736346833,3.154660860914621,0.3668677015206583,-0.05994874336502833,0.0007127063086618092,0.009796043140755084,-0.00011646118591390247,1.3845598298811797e-06,veg,high_veg,0,1
1037.2667,1141.5,1109.2,1807.9166,2044.7,0.23952302763626243,0.06146041108788246,0.0004105535471396114,1075922.2069288897,1184039.93805,1150536.22364,1875291.68555722,2120899.22149,248.44926045027472,63.75083778977124,0.4258535230147991,1303022.25,1266151.8,2063736.7989,2334025.0500000003,273.4155360467936,70.15705925681783,0.46864687405986644,1230324.6400000001,2005341.09272,2267981.24,265.6789422541423,68.17188797867922,0.45538599448725703,3268562.43255556,3696647.0720200003,433.03765774585764,111.11529744860675,0.742246573062586,4180798.0900000003,489.7527346078658,125.66810255139326,0.8394588378363634,0.05737128076804174,0.01472118374353892,9.833702861768672e-05,0.003777382131091505,2.523278978078885e-05,1.6855421506891714e-07,non_veg,medium_veg,1,0
362.0,494.25,334.875,2374.6667,1774.9,0.7528179765603903,-0.14453718746104263,0.002334869294977844,131044.0,178918.5,121224.75,859629.3454000001,642513.8,272.5201075148613,-52.322461860897434,0.8452226847819796,244283.0625,165511.96875,1173679.0164750002,877244.3250000001,372.0802849149729,-71.43750490262032,1.1540091490427995,112141.265625,795216.5111625001,594369.6375000001,252.0999199006607,-48.40189065101665,0.7818893551557056,5639041.936088891,4214795.925830001,1787.6917800993394,-343.2276459753955,5.5445363636363645,3150270.0100000002,1336.1766265970368,-256.5390540246046,4.144159511656175,0.5667349058324803,-0.10881019300215193,0.0017577315781782056,0.02089099855914858,-0.00033747544098524507,5.451614624630335e-06,veg,high_veg,0,1
402.25,603.5,398.0,2984.0,1864.2,0.7646363098758131,-0.2309723196237779,0.0021455616148285794,161805.0625,242757.875,160095.5,1200314.0,749874.4500000001,307.57495564754583,-92.90861556866466,0.8630521595647961,364212.25,240193.0,1800844.0,1125044.7,461.4580130100532,-139.39179489294997,1.2948464345490476,158404.0,1187632.0,741951.6,304.3252513305736,-91.9269832102636,0.8539335227017746,8904256.0,5562772.8,2281.674748669426,-689.2214017573533,6.402355858648481,3475241.64,1425.4350088704907,-430.57859824264676,3.9997559623634378,0.5846686863805005,-0.17660982216058238,0.0016405743157737157,0.05334821243238862,-0.0004955653430726957,4.603434643025821e-06,veg,high_veg,0,1
1066.0,1172.0,1170.0,2256.0,2156.0,0.3169877408056042,-0.022665457842248413,0.0004943601401157883,1136356.0,1249352.0,1247220.0,2404896.0,2298296.0,337.9089316987741,-24.16137805983681,0.5269879093634303,1373584.0,1371240.0,2644032.0,2526832.0,371.5096322241681,-26.56391659111514,0.5793900842157039,1368900.0,2639520.0,2522520.0,370.87565674255694,-26.518585675430643,0.5784013639354724,5089536.0,4863936.0,715.1243432574431,-51.13327289211242,1.1152764761012184,4648336.0,683.4255691768827,-48.86672710788758,1.0658404620896396,0.10048122782104092,-0.007184672275738989,0.0001567061039596457,0.0005137229791987401,-1.1204898914682419e-05,2.4439194813530187e-07,non_veg,medium_veg,1,0
707.5,1042.6666,940.5,3255.5,2786.0,0.5517159199237369,-0.07771248862037573,0.001104693679996731,500556.25,737686.6195,665403.75,2303266.25,1971095.0,390.3390133460439,-54.98158569891583,0.7815707785976871,1087153.63875556,980627.9373,3394401.1163,2904869.1476000003,575.2557623927551,-81.02821628734586,1.1518272033636794,884540.25,3061797.75,2620233.0,518.8888226882746,-73.08859554746337,1.0389644060369254,10598280.25,9069823.0,1796.1111773117254,-252.9930067036332,3.5963302752293576,7761796.0,1537.080552907531,-216.5069932963668,3.077676592470892,0.3043904562972953,-0.04287521714875354,0.0006094770898933346,0.006039230887572028,-8.584849503574694e-05,1.2203481266247197e-06,veg,high_veg,0,1
1054.0,1138.1666,1375.0,1877.0,2269.5,0.15436654366543665,0.09465814542385144,0.0004156072385348204,1110916.0,1199627.5964,1449250.0,1978358.0,2392053.0,162.70233702337023,99.76968527673942,0.4380500294157007,1295423.2093555601,1564979.075,2136338.7082,2583069.0987,175.69484415744157,107.73673953937055,0.47303027761856553,1890625.0,2580875.0,3120562.5,212.2539975399754,130.15494995779574,0.571459952985378,3523129.0,4259851.5,289.74600246002456,177.67333896056914,0.7800947867298579,5150630.25,350.3348708487085,214.82666103943083,0.9432206278547749,0.023829029803213157,0.014612050738860216,6.41558529349569e-05,0.008960164495083007,3.934061042443434e-05,1.727293767225391e-07,non_veg,low_veg,1,0
978.6667,1058.6666,1034.0,1974.5,2024.25,0.3126142595978062,0.01244138793372929,0.0005148149622814715,957788.50968889,1036081.74782222,1011941.3678,1932377.39915,1981066.067475,305.9451658135283,12.175972072522663,0.5038322602466322,1120774.96995556,1094661.2644,2090337.2017,2143005.86505,330.95427531992686,13.171281863082212,0.5450174057476537,1069156.0,2041633.0,2093074.5,323.24314442413163,12.864395123476086,0.5323186709990415,3898650.25,3996881.625,617.2568555758684,24.56552047514848,1.0165021430247654,4097588.0625,632.8094149908592,25.184479524851515,1.0421141873982687,0.09772767530388457,0.003889355277271862,0.00016093849826349474,0.00015478813371754476,6.405012659831999e-06,2.650344453888729e-07,non_veg,medium_veg,1,0
999.0,1162.6666,1130.0,2168.0,2220.0,0.31473620375985445,0.011850501367365542,0.0005392066420664206,998001.0,1161503.9334,1128870.0,2165832.0,2217780.0,314.42146755609457,11.838650865998176,0.5386674354243542,1351793.62275556,1313813.258,2520661.1888,2581119.852,365.9332719223772,13.778182133090246,0.6269175532287823,1276900.0,2449840.0,2508600.0,355.65191024863555,13.391066545123062,0.6093035055350553,4700224.0,4812960.0,682.3480897513645,25.691886964448496,1.1689999999999998,4928400.0,698.7143723468769,26.308113035551504,1.1970387453874538,0.09905887795716461,0.003729781813015595,0.00016970785156608388,0.00014043438265793257,6.3898690491007e-06,2.9074380284854506e-07,non_veg,medium_veg,1,0
1414.0,1524.6666,1766.0,1938.6666,2514.25,0.04660786479409511,0.12925986532063052,0.0001912598672756697,1999396.0,2155878.5724,2497124.0,2741274.5724,3555149.5,65.90352081885048,182.77344956337157,0.270441452327797,2324608.24115556,2692561.2156,2955820.21355556,3833392.99905,71.06145474887269,197.07819937486366,0.2916075315556466,3118756.0,3423685.2156,4440165.5,82.30948922637197,228.2729221562335,0.3377649256088327,3758428.18595556,4874292.49905,90.35711077362807,250.59178361760468,0.37078911660777386,6321453.0625,117.18382405855363,324.9916163823953,0.48087512129785254,0.00217229306066465,0.006024526326166891,8.914214034520989e-06,0.016708112782707542,2.4722224685294734e-05,3.658033683030679e-08,non_veg,low_veg,1,0
793.0,1109.3334,959.6,3257.3333,2996.5,0.5448825334752153,-0.04170774747065928,0.0009528328993823576,628849.0,879701.3862,760962.8,2583065.3068999997,2376224.5,432.0918490458457,-33.07424374423281,0.7555964892102095,1230620.59235556,1064516.33064,3613468.6246222197,3324117.5331,604.4563934606745,-46.26779730796786,1.0570093599036887,920832.16,3125737.03468,2875441.4,522.8692791228166,-40.022754472844646,0.9143384502473103,10610220.227288889,9760599.23345,1774.8640208771835,-135.85603470416925,3.1036943324937027,8979012.25,1632.7405115584827,-124.97726529583053,2.8551637829992345,0.29689697528636916,-0.02272582310735733,0.0005191820041939939,0.0017395361990762855,-3.974051394917547e-05,9.078905341453899e-07,veg,high_veg,0,1
675.0,1004.0,848.0,3413.0,2553.0,0.6019713682234217,-0.1441501843781428,0.00118672600585648,455625.0,677700.0,572400.0,2303775.0,1723275.0,406.33067355080965,-97.3013744552464,0.8010400539531239,1008016.0,851392.0,3426652.0,2563212.0,604.3792536963153,-144.7267851156554,1.191472909879906,719104.0,2894224.0,2164944.0,510.47172025346157,-122.2393563526651,1.006343652966295,11648569.0,8713389.0,2054.5282797465384,-491.98457928260143,4.050295857988166,6517809.0,1536.8329030743955,-368.01542071739857,3.029711492951593,0.36236952816077833,-0.08677428371976913,0.0007143750774517416,0.020779275656252566,-0.00017106677255054856,1.408318612976074e-06,veg,high_veg,0,1
1225.3334,1286.0,1304.5714,1338.0,1688.3334,0.012650027166721006,0.11576166723732421,6.866422433661857e-05,1501441.9411555598,1575778.7523999999,1598534.90910476,1639496.0892,2068771.30535556,15.500500798290616,141.8466373055791,0.08413656746475158,1653796.0,1677678.8204,1720668.0,2171196.7524,16.267934936403215,148.86950406719893,0.08830219249689147,1701906.5376979602,1745516.5332,2202551.46730476,16.502863650927257,151.0193602941302,0.08957738327273657,1790244.0,2258990.0892,16.925736349072707,154.8891107635398,0.09187273216239565,2850469.6695555598,21.357463376482443,195.4442892364602,0.11592810333260598,0.0001600231873187795,0.0014643882354170683,8.686043032400506e-07,0.013400763601564983,7.948685088764617e-06,4.7147757037494815e-09,non_veg,low_veg,1,0
1014.5,1132.6666,1094.0,1841.5,1976.0,0.254641458013967,0.0352324819908317,0.00044223576112477613,1029210.25,1149090.2657,1109863.0,1868201.75,2004652.0,258.3337591551695,35.743352979698756,0.4486481796610854,1282933.62675556,1239137.2604,2085805.5439,2238149.2016000003,288.4238744677227,39.90665558611657,0.5009056759516124,1196836.0,2014601.0,2161744.0,278.5777550672799,38.54433529796988,0.4838059226705051,3391122.25,3638804.0,468.9222449327202,64.88061558611658,0.8143771541112752,3904576.0,503.17152103559874,69.61938441388344,0.8738578639825576,0.06484227213947891,0.008971650583596218,0.00011261155899872941,0.00124132778723428,1.5581063489530425e-05,1.9557246841761006e-07,non_veg,medium_veg,1,0
684.4167,1001.0,888.0,3383.0,2709.0,0.5841723249824398,-0.11063690085357847,0.001163802133325054,468426.21923889,685101.1167,607762.0296,2315381.6961,1854084.8403,399.81729489580897,-75.72174258043336,0.7965256155432934,1002001.0,888888.0,3386383.0,2711709.0,584.7564973074223,-110.74753775443205,1.164965935458379,788544.0,3004104.0,2405592.0,518.7450245844066,-98.24556795797768,1.033456294392648,11444689.0,9164547.0,1976.2549754155937,-374.28463558765594,3.9371426170386576,7338681.0,1582.5228283774293,-299.71536441234406,3.152739979177571,0.3412573052753892,-0.0646310156004866,0.0006798609980440201,0.012240523830484552,-0.0001287594612378671,1.3544354055319465e-06,veg,high_veg,0,1
3855.0,4081.0,4050.0,3945.0,5372.3335,-0.013133208255159476,0.15319120003593298,5.916412918290394e-06,14861025.0,15732255.0,15612750.0,15207975.0,20710345.6425,-50.628517823639775,590.5520761385217,0.022807771800009466,16654561.0,16528050.0,16099545.0,21924493.013499998,-53.59662288930582,625.1732873466425,0.024144881119543098,16402500.0,15977250.0,21757950.675,-53.189493433395874,620.4243601455286,0.023961472319076093,15563025.0,21193855.6575,-51.81050656660413,604.3392841417556,0.023340248962655602,28861967.235222246,-70.5559746716698,822.9942158582439,0.031784943320764245,0.000172481159073389,-0.0020118919329297014,-7.770148297942357e-08,0.023467543768449232,9.063423948610017e-07,3.5003941819713455e-11,non_veg,low_veg,1,0
3502.5,3754.0,3826.0,3729.7144,5227.7144,-0.012743414441392882,0.16723549061310988,1.7388341169915426e-05,12267506.25,13148385.0,13400565.0,13063324.685999999,18310069.686,-44.63380908097857,585.7423058724173,0.060902664947628776,14092516.0,14362804.0,14001347.8576,19624839.8576,-47.83877781298888,627.8020317616144,0.06527583275186251,14638276.0,14269887.2944,20001235.2944,-48.75630365276917,639.8429870857584,0.06652779331609641,13910769.505567359,19497881.67676736,-47.52929634723099,623.7406175307807,0.0648535464535464,27328997.84796736,-66.61893118043753,874.2593824692193,0.09090128152607971,0.00016239461162510067,-0.0021311511661925285,-2.2158683797656663e-07,0.027967709320607565,2.9079477664989435e-06,3.0235440864137574e-10,non_veg,low_veg,1,0
782.5,1108.0,987.75,3204.0,2979.5,0.5287171229200215,-0.036306299021589716,0.0009646126770381949,612306.25,867010.0,772914.375,2507130.0,2331458.75,413.72114868491684,-28.409678984393953,0.7548094197823876,1227664.0,1094427.0,3550032.0,3301286.0,585.8185721953838,-40.227379315921404,1.06879084615832,975650.0625,3164751.0,2943001.125,522.2403381642512,-35.861546858575245,0.9527961717444771,10265616.0,9546318.0,1694.0096618357488,-116.32538206517346,3.0906190172303765,8877420.25,1575.312667740204,-108.17461793482656,2.874063471235302,0.2795417960688251,-0.019195761962568905,0.0005100072393358143,0.0013181473486450863,-3.5021516292564855e-05,9.304776167027929e-07,veg,high_veg,0,1
841.6667,982.0,1014.0,2136.0,2379.3333,0.35619047619047617,0.05389044038011541,0.0007190995950967751,708402.83388889,826516.6994,853450.0338,1797800.0712,2002605.6068111097,299.79366266666665,45.35778911627848,0.6052421831764389,964324.0,995748.0,2097552.0,2336505.3005999997,349.7790476190476,52.92041245327333,0.7061558023850332,1028196.0,2165904.0,2412643.9661999997,361.1771428571428,54.644906545437024,0.72916698942813,4562496.0,5082255.9288,760.8228571428571,115.10998065192652,1.5359967351267116,5661226.952488889,847.495861142857,128.22331934807323,1.7109776126302736,0.12687165532879818,0.019195261621107775,0.0002561364272058989,0.0029041795643627733,3.875259385692789e-05,5.171042276683459e-07,non_veg,medium_veg,1,0
988.6667,1108.0,1435.0,1716.5,2410.3333,0.08932254481992702,0.16812729023970988,0.000428449022549788,977461.84368889,1095442.7036,1418736.7145,1697046.39055,2383016.26961111,88.31022562271934,166.22185322123616,0.4235932812425245,1227664.0,1589980.0,1901882.0,2670649.2964,98.96937966047913,186.28503758559853,0.4747215169851651,2059225.0,2463177.5,3458828.2854999998,128.17785181659528,241.26266149398367,0.6148243473589458,2946372.25,4137337.1094499994,153.32214818340472,288.590493696462,0.7354327472067111,5809706.617088889,215.2971042202126,405.24280630353763,1.0327049464042048,0.007978517013107872,0.015017557417889365,3.827015701975736e-05,0.028266785723347645,7.20339731671482e-05,1.8356856492386876e-07,non_veg,low_veg,1,0
983.75,1076.0,1116.0,1623.0,2135.0,0.1851040525739321,0.13624268227780734,0.00039996890347359775,967764.0625,1058515.0,1097865.0,1596626.25,2100306.25,182.0961117196057,134.02873869079298,0.3934694087921518,1157776.0,1200816.0,1746348.0,2297260.0,199.17196056955092,146.59712613092069,0.4303665401375912,1245456.0,1811268.0,2382660.0,206.5761226725082,152.046833422033,0.4463652962765351,2634129.0,3465105.0,300.42387732749177,221.1218733368813,0.6491495303376491,4558225.0,395.197152245345,290.8781266631187,0.8539336089161312,0.034263510279293016,0.025219072623164775,7.40358649365148e-05,0.018562068474251556,5.449283623695637e-05,1.5997512374587214e-07,non_veg,low_veg,1,0
363.0,520.0,360.0,2934.0,1869.0,0.7814207650273224,-0.221736414740787,0.002407357468707162,131769.0,188760.0,130680.0,1065042.0,678447.0,283.655737704918,-80.49031855090568,0.8738707611406997,270400.0,187200.0,1525680.0,971880.0,406.3387978142076,-115.30293566520925,1.251825883727724,129600.0,1056240.0,672840.0,281.3114754098361,-79.82510930668332,0.8666486887345782,8608356.0,5483646.0,2292.688524590164,-650.5746408494691,7.063186813186813,3493161.0,1460.4754098360656,-414.42535915053094,4.499351109013685,0.6106184120158857,-0.17326943884116142,0.0018811591148913886,0.04916703762209831,-0.0005337988141105824,5.795369982140154e-06,veg,high_veg,0,1
1000.4,1145.3334,1062.3334,1930.0,2032.5,0.2899632106502571,0.025867507886435333,0.00048098465257447867,1000800.1599999999,1145791.53336,1062758.33336,1930772.0,2033313.0,290.0791959345172,25.877854889589905,0.48117704643550846,1311788.59715556,1216725.92495556,2210493.462,2327890.1355,332.1045499289752,29.626920757097793,0.5508877874809464,1128552.25275556,2050303.462,2159192.6355,308.0376034450038,27.47991760252366,0.5109660613172646,3724900.0,3922725.0,559.6289965549962,49.92429022082019,0.9283003794687438,4131056.25,589.3502256466476,52.57570977917982,0.9776013063576279,0.08407866353060538,0.0075006256382716355,0.00013946785413399427,0.0006691279642547941,1.2441874293724686e-05,2.3134623601219195e-07,non_veg,medium_veg,1,0
759.5,1112.0,896.0,3436.0,2711.5,0.5863342566943675,-0.1178527856852379,0.0010242709938241416,576840.25,844564.0,680512.0,2609642.0,2059384.25,445.3208679593721,-89.50919072793818,0.7779338198094355,1236544.0,996352.0,3820832.0,3015188.0,652.0036934441366,-131.05229768198453,1.1389893451324453,802816.0,3078656.0,2429504.0,525.3554939981532,-105.59609597397315,0.9177468104664308,11806096.0,9316714.0,2014.6445060018466,-404.9421716144774,3.5193951347797503,7352232.25,1589.8453370267773,-319.55782838552255,2.7773107997541597,0.3437878605733364,-0.06910112549411455,0.000600565171817479,0.013889279093770614,-0.00012071318991876219,1.0491310687894947e-06,veg,high_veg,0,1
712.3333,1040.0,918.5,3337.0,3082.0,0.568323346257784,-0.03972581398971802,0.0011026189604440649,507418.73028889,740826.632,654278.13605,2377056.2221,2195411.2306,404.83564470684996,-28.298020174482005,0.7854322027356901,1081600.0,955240.0,3470480.0,3205280.0,591.0562801080954,-41.31484654930674,1.1467237188618276,843642.25,3065034.5,2830817.0,522.0049935377747,-36.488160149556,1.0127555151678735,11135569.0,10284634.0,1896.4950064622253,-132.56504128368903,3.6794394710018445,9498724.0,1751.5725531664903,-122.43495871631094,3.398271636088608,0.3229914259016451,-0.022577107539450837,0.0006266440972468501,0.0015781402971456761,-4.3802435724137176e-05,1.2157685719307502e-06,veg,high_veg,0,1
748.6667,1096.0,959.75,3226.5,2944.7144,0.5414750671842341,-0.045661288319524304,0.0010244061939921494,560501.82768889,820538.7032,718532.865325,2415573.10755,2204609.6122904797,405.38435168109885,-34.18508604392681,0.7669388047156623,1201216.0,1051886.0,3536244.0,3227406.9823999996,593.4566736339206,-50.044771998198634,1.1227491886153957,921120.0625,3096633.375,2826189.6454,519.6806957300687,-43.823421464663454,0.9831738446839654,10410302.25,9501121.011599999,1747.0693042699313,-147.32614676294517,3.30524658491567,8671342.89756736,1594.4894275783815,-134.45945323705502,3.0165836708978757,0.2931952483821708,-0.024724449160533107,0.0005546904127158447,0.0020849532509987266,-4.6775706580182085e-05,1.0494080502894814e-06,veg,high_veg,0,1
1207.5,1289.0,1318.0,1421.5,1859.5,0.03778061690089432,0.13349588540079244,0.00012457194764893005,1458056.25,1556467.5,1591485.0,1716461.25,2245346.25,45.620094907829895,161.19628162145688,0.15042062678608303,1661521.0,1698902.0,1832313.5,2396895.5,48.69921518525278,172.07619628162146,0.16057324051947083,1737124.0,1873537.0,2450821.0,49.79485307537871,175.94757695824444,0.1641858270012898,2020662.25,2643279.25,53.705146924621275,189.76440109722645,0.17707902358295408,3457740.25,70.25305712721298,248.23559890277355,0.23164153665318543,0.0014273750134121417,0.00504355690417303,4.70640503072249e-06,0.017821151418941507,1.662984244749508e-05,1.551817014104777e-08,non_veg,low_veg,1,0
380.0,546.5,348.33334,2510.0,1764.0,0.7562682174780916,-0.17454375292466073,0.0022273112275308215,144400.0,207670.0,132366.6692,953800.0,670320.0,287.3819226416748,-66.32662611137108,0.8463782664617122,298662.25,190364.17031000002,1371715.0,964026.0,413.30058085177706,-95.38816097332709,1.217225585845594,121336.11575555561,874316.6834000001,614460.01176,263.43343412999,-60.799408432381846,0.7758467591053111,6300100.0,4427640.0,1898.2332258700098,-438.1048198408984,5.590551181102362,3111696.0,1334.0571356313535,-307.8951801591015,3.928977005364369,0.57194161676749,-0.1320018928962696,0.0016844446918136745,0.03046552168502501,-0.0003887632605844625,4.9609153042848545e-06,veg,high_veg,0,1
1044.0,1142.5,1185.0,1705.0,2308.6667,0.17993079584775087,0.15040279752177732,0.0003709887889545244,1089936.0,1192770.0,1237140.0,1780020.0,2410248.0348,187.84775086505192,157.0205206127355,0.3873122956685235,1305306.25,1353862.5,1947962.5,2637651.70475,205.57093425605538,171.8351961686306,0.42385469138054416,1404225.0,2020425.0,2735770.0395000004,213.21799307958477,178.22731506330612,0.43962171491111146,2907025.0,3936276.7235000003,306.78200692041526,256.4367697746303,0.6325358851674642,5329941.931688891,415.40023667820077,347.22993022536986,0.8564894631326384,0.032375091294405,0.027062095055821526,6.675230804718086e-05,0.022621001502376746,5.5797751707976716e-05,1.3763268152994466e-07,non_veg,low_veg,1,0
700.0,1028.0,824.0,3314.6667,2654.0,0.6018041269184591,-0.11068915943991314,0.0011252744357156514,490000.0,719600.0,576800.0,2320266.69,1857800.0,421.26288884292137,-77.4824116079392,0.787692105000956,1056784.0,847072.0,3407477.3676,2728312.0,618.654642472176,-113.78845590423072,1.1567821199156896,678976.0,2731285.3608000004,2186896.0,495.8866005808103,-91.20786737848843,0.9272261350296968,10987015.332088891,8797125.4218,1994.78009941919,-366.89767084647076,3.7299097004279607,7043716.0,1597.1881528415904,-293.76902915352946,2.9864783523893386,0.36216820717608883,-0.06661319295607504,0.0006771947993295193,0.012252090017514513,-0.00012455568142858802,1.2662425556751777e-06,veg,high_veg,0,1
822.6667,890.4167,1008.375,1303.8334,2102.0,0.12778190754777985,0.23435280187222313,0.0004480453281921043,676780.4992888899,732516.1682138899,829556.5336125,1072620.3205277799,1729245.4034,105.12192020203715,192.7942461519756,0.3685919715942154,792841.8996388899,897873.9398625,1160955.0333777799,1871655.9034,113.77914443839923,208.67164847881872,0.39894704257923047,1016820.140625,1314753.004725,2119604.25,128.8520810234925,236.315506587903,0.45179770781571316,1699981.53495556,2740657.8068,166.60631897650745,305.55701046458705,0.5841764636108272,4418404.0,268.59756966543324,492.609589535413,0.9417912798598033,0.016328215896549356,0.029946048062399585,5.725208670425815e-05,0.054921235745361466,0.0001050006780275794,2.0074461611477045e-07,non_veg,low_veg,1,0
876.6667,996.0,1982.0,2472.75,2533.3333,0.11016330882765588,0.012101936058475052,0.0007354374175888567,768544.50288889,873160.0332,1737553.3994,2167777.582425,2220888.9441111097,96.57650441102194,10.609364347994331,0.644733493934145,992016.0,1974072.0,2462859.0,2523199.9667999996,109.72265559234525,12.053528314241152,0.7324956679185013,3928324.0,4900990.5,5021066.6006,218.34367809641395,23.986037267897554,1.457636961661114,6114492.5625,6264299.917575,272.40632190358605,29.925062388594185,1.8185528743428456,6417777.608888889,279.0803786912846,30.658237611405593,1.8631081000438563,0.012135954611857482,0.0013331893194223317,8.101821935725494e-05,0.00014645685636341868,8.90021660267036e-06,5.408681951897664e-07,non_veg,low_veg,1,0
984.0,1136.0,1066.0,2323.0,2167.5,0.37090587193862495,-0.03462866050551164,0.0005851876293345512,968256.0,1117824.0,1048944.0,2285832.0,2132820.0,364.97137798760696,-34.07460193742345,0.5758246272651983,1290496.0,1210976.0,2638928.0,2462280.0,421.34907052227794,-39.33815833426122,0.6647731469240502,1136356.0,2476318.0,2310555.0,395.3856594865742,-36.914152098875405,0.6238100128706315,5396329.0,5035102.5,861.6143405134258,-80.44237835430353,1.3593908629441624,4698056.25,803.9384774269696,-75.05762164569647,1.2683941865826398,0.13757116583855164,-0.012843973518863419,0.00021704952790602857,0.0011991441284059815,-2.0264263748251356e-05,3.424445615261921e-07,non_veg,medium_veg,1,0
374.0,573.0,386.0,3166.0,1913.5,0.7826576576576577,-0.24657938773501328,0.002351652979574647,139876.0,214302.0,144364.0,1184084.0,715649.0,292.713963963964,-92.22069101289497,0.879518214360918,328329.0,221178.0,1814118.0,1096435.5,448.46283783783787,-141.28998917216262,1.3474971572962728,148996.0,1222076.0,738611.0,302.10585585585585,-95.17964366571513,0.9077380501158138,10023556.0,6058141.0,2477.8941441441443,-780.6703415690521,7.445333333333333,3661482.25,1497.615427927928,-471.8296584309479,4.499887976416088,0.6125530090901713,-0.19298724603134487,0.0018405392126175449,0.06080139445577402,-0.0005798691518687362,5.530271736342316e-06,veg,high_veg,0,1
724.6667,1077.6666,849.0,3434.0,2616.0,0.6035489143123979,-0.13520661157024794,0.001087238818098861,525141.82608889,780949.09872222,615242.0283,2488505.4478,1895728.0872,437.37180002334816,-97.97972902479339,0.7878857664236019,1161365.30075556,914938.9434,3700707.1044,2819175.8256,650.4245064207332,-145.70764938842976,1.171680960488618,720801.0,2915466.0,2220984.0,512.4130282512258,-114.7904132231405,0.9230657565659329,11792356.0,8983344.0,2072.5869717487744,-464.2995041322314,3.7335781013514886,6843456.0,1578.8839598412328,-353.7004958677686,2.84421674814662,0.3642712919676742,-0.08160380362108123,0.0006562018082618622,0.018280827812307904,-0.00014700187656278813,1.182088247581008e-06,veg,high_veg,0,1
943.4762,1037.0,1113.5,1569.0,2239.3333,0.16980428704566636,0.1760174982583588,0.0004221141165600742,890147.3399664399,978384.8193999999,1050560.7486999999,1480314.1578,2112757.6724174595,160.2063034855545,166.06832039030297,0.39825462265845585,1075369.0,1154699.5,1627053.0,2322188.6320999996,176.087045666356,182.5301456939181,0.43773233887279694,1239882.25,1747081.5,2493497.6295499997,189.0770736253495,195.9954843106825,0.47002406878964265,2461761.0,3513513.9476999994,266.4229263746505,276.17145476736493,0.6622970488827564,5014613.628488889,380.24839446411926,394.16184523263485,0.9452541976130555,0.028833495899087055,0.029888525799322437,7.167678661439471e-05,0.030982159693131343,7.429947077644153e-05,1.7818032739929193e-07,non_veg,low_veg,1,0
1191.2,1163.5,1289.0,1878.0,2290.8,0.1859804231133565,0.09902130109384,0.0003067507131462779,1418957.4400000002,1385961.2,1535456.8,2237073.6,2728800.9600000004,221.53988001263028,117.95417386298222,0.3654014494998462,1353732.25,1499751.5,2185053.0,2665345.8000000003,216.38822229239028,115.21128382268283,0.3569044547456943,1661521.0,2420742.0,2952841.2,239.72876539311653,127.63845710995976,0.3954016692455522,3526884.0,4302122.4,349.2712346068835,185.9620034542315,0.5760778392887098,5247764.640000001,426.0439532680771,226.83799654576868,0.7027045336754935,0.034588717781423105,0.018416023474667434,5.704962742126861e-05,0.009805218070316918,3.0374854727207723e-05,9.409600001575006e-08,non_veg,low_veg,1,0
1240.6666,1302.5,1464.6666,1714.6666,2174.625,0.07863284037042736,0.11826277052612871,0.0002226351099037726,1539253.61235556,1615968.2465000001,1817162.93075556,2127329.58075556,2697984.605025,97.55713871072086,146.7246694152323,0.2762159448449399,1696506.25,1907728.2465000001,2233353.2465,2832449.0625,102.41927458248165,154.03725861028266,0.28998223064966383,2145248.24915556,2511414.89915556,3185100.605025,115.17089495369659,173.21553001308516,0.32608620946338496,2940081.54915556,3728756.855025,134.82910504630343,202.78122264461734,0.3817449869393281,4728993.890625,170.9969404905406,257.17717735538264,0.4841478758744915,0.006183123584721111,0.009299337556545561,1.7506431057915905e-05,0.013986082892515779,2.6329444913609306e-05,4.956639216186491e-08,non_veg,low_veg,1,0
729.6,1027.0,842.5,3084.1667,2643.1667,0.5708828559347805,-0.07699918429753015,0.0010449451293461217,532316.16,749299.2000000001,614688.0,2250208.0243200003,1928454.4243200002,416.51613169001587,-56.178604863478,0.7623919663709304,1054729.0,865247.5,3167439.2009,2714532.2009,586.2966930450195,-79.07816227356346,1.073158647838467,709806.25,2598410.4447500003,2226867.9447500003,480.9688061250526,-64.87181277066915,0.8803662714741075,9512084.233388891,8151966.718688891,1760.6978938749476,-237.4783201376054,3.2227849712565018,6986330.203988891,1508.9385544077093,-203.5216798623946,2.761964169214862,0.32590723520025133,-0.04395751423642252,0.0005965412597362526,0.005928874382485014,-8.045992259532851e-05,1.091910323344183e-06,veg,high_veg,0,1
710.5,1050.25,820.0,3282.0,2590.25,0.6001950268161872,-0.11779982119289881,0.0011012173558535817,504810.25,746202.625,582610.0,2331861.0,1840372.625,426.438566552901,-83.6967729575546,0.7824149313339698,1103025.0625,861205.0,3446920.5,2720410.0625,630.3548269137005,-123.71926220784198,1.1565535279852242,672400.0,2691240.0,2124005.0,492.15992198927347,-96.59585337817703,0.902998231799937,10771524.0,8501200.5,1969.8400780107263,-386.6190131550939,3.614195361911455,6709395.0625,1554.655168210629,-305.13098684490615,2.85242825599974,0.3602340702148837,-0.07070286683981396,0.0006609451804269912,0.01387679787307893,-0.00012972320761406875,1.2126796648331539e-06,veg,high_veg,0,1
1301.2,1502.5,1704.6666,1936.0,2488.2,0.06354149539537622,0.12481352560914964,0.0002517989264194986,1693121.4400000002,1955053.0,2218112.17992,2519123.2,3237645.84,82.68019380846354,162.4073595226255,0.3276407630570516,2257506.25,2561261.5665,2908840.0,3738520.4999999995,95.47109683155277,187.53232222774733,0.3783278869452966,2905888.21715556,3300234.5376,4241551.434119999,108.31706491455164,212.76544833416204,0.42923321978317686,3748096.0,4817155.199999999,123.01633508544836,241.6389855793137,0.48748272154814926,6191139.239999999,158.1039488427751,310.5610144206861,0.6265260887169963,0.004037521637080618,0.007930838062774455,1.5999680323645245e-05,0.015578416174985853,3.142791175101647e-05,6.340269934601207e-08,non_veg,low_veg,1,0
435.0,620.0,442.0,2904.6667,1965.0,0.7358565763360899,-0.1929632473614673,0.0019500940211617448,189225.0,269700.0,192270.0,1263530.0145,854775.0,320.09761070619913,-83.93901260223828,0.8482908992053589,384400.0,274040.0,1800893.354,1218300.0,456.23107732837576,-119.63721336410973,1.2090582931202818,195364.0,1283862.6814000001,868530.0,325.24860674055174,-85.28975533376855,0.8619415573534912,8437088.638088891,5707670.0655000005,2137.4180932594486,-560.4939189347169,5.664373165137616,3861225.0,1445.9581725004166,-379.17278106528323,3.8319347515828284,0.5414849009370717,-0.14199327456210337,0.00143498950994556,0.03723481483228282,-0.0003762964749835522,3.802866691370783e-06,veg,high_veg,0,1
856.625,982.5,1108.0,2097.5,2285.0,0.30868819216970833,0.04278379920136908,0.0006898086453306845,733806.390625,841634.0625,949140.5,1796770.9375,1957388.125,264.4300226173764,36.64967199087279,0.5909073308063976,965306.25,1088610.0,2060793.75,2245012.5,303.2861488067384,42.03508271534512,0.6777369940373975,1227664.0,2324030.0,2531780.0,342.02651692403686,47.40444951511694,0.7643079790263985,4399506.25,4792787.5,647.4734830759633,89.73901882487164,1.4468736335811108,5221225.0,705.3525191077836,97.76098117512835,1.576212754580614,0.09528839998500278,0.013206853629622432,0.00021293578367016452,0.0018304534741030694,2.9512634569196426e-05,4.7583596717295406e-07,non_veg,medium_veg,1,0
1273.3334,1352.6666,1352.0,1406.0,1846.5,0.019579405366207395,0.13543428132205995,7.404456949359571e-05,1621377.94755556,1722395.56084444,1721546.7568,1790306.7604,2351210.1231,24.93111080493111,172.4529939123751,0.0942834234248165,1829706.93075556,1828805.2432,1901849.2396,2497698.8769,26.48440768672951,183.19742883935433,0.10015761606536583,1827904.0,1900912.0,2496468.0,26.4713560551124,183.10714834742507,0.1001082579553414,1976836.0,2596179.0,27.528643944887598,190.4205995388163,0.10410666470799557,3409562.25,36.15337200870196,250.0794004611837,0.1367232975699245,0.00038335311449427096,0.0026517226944855828,1.4497486412814244e-06,0.01834244455722288,1.0028173055166459e-05,5.4825982714919245e-09,non_veg,low_veg,1,0
662.5,1005.5,754.5,3284.0,2559.5,0.6263464157484214,-0.12398391375032088,0.0012031112461414618,438906.25,666143.75,499856.25,2175650.0,1695668.75,414.9545004333292,-82.13934285958759,0.7970612005687184,1011030.25,758649.75,3302062.0,2573577.25,629.7913210350378,-124.66582527594764,1.2097283579952398,569270.25,2477778.0,1931142.75,472.57837068218396,-93.5458629246171,0.9077474352137329,10784656.0,8405398.0,2056.921629317816,-407.16317275605377,3.9510173323285604,6551040.25,1603.1336511080847,-317.3368272439463,3.0793632344990716,0.39230983252089435,-0.07765687998797491,0.0007535644167673214,0.015372010868847007,-0.00014916644097364408,1.447476670592061e-06,veg,high_veg,0,1
764.25,1070.0,891.0,3280.0,2946.375,0.572764325101894,-0.05358254200879324,0.001002282850335854,584078.0625,817747.5,680946.75,2506740.0,2251767.09375,437.7351354591225,-40.950457730220236,0.7659946683691764,1144900.0,953370.0,3509600.0,3152621.25,612.8578278590265,-57.33331994940877,1.0724426498593638,793881.0,2922480.0,2625220.125,510.3330136657876,-47.742044929834776,0.8930340196492459,10758400.0,9664110.0,1878.6669863342124,-175.75073778884183,3.2874877491016012,8681125.640625,1687.578488372093,-157.8742622111582,2.953101133158302,0.32805897210942814,-0.030690168510910346,0.0005740718603338181,0.0028710888081240923,-5.370486293281392e-05,1.0045709120773638e-06,veg,high_veg,0,1
706.0,761.3333,1766.0,2070.0,2954.5,0.07924921793534932,0.17603741665837397,0.0009320186677052798,498436.0,537501.3098,1246796.0,1461420.0,2085877.0,55.94994786235662,124.28241616081202,0.6580051793999275,579628.39368889,1344514.6078,1575959.931,2249359.23485,60.33506861313869,134.02314734799484,0.7095768479456641,3118756.0,3655620.0,5217647.0,139.9541188738269,310.8820778186884,1.6459449671675241,4284900.0,6115815.0,164.0458811261731,364.3974524828341,1.9292786421499293,8729070.25,234.14181438998958,520.1025475171659,2.753649153735249,0.0062804385433644925,0.013950827597535373,7.386175051678964e-05,0.03098917206375396,0.00016407015854021694,8.686587969511248e-07,non_veg,low_veg,1,0
763.6667,1080.6666,914.0,3243.0,2609.3333,0.5602598027423623,-0.10827590766233362,0.000999806111232923,583186.82868889,825269.09622222,697991.3638,2476571.1081,1992660.9504111097,427.8517547029108,-82.68670509399904,0.7635186336050793,1167840.3003555601,987729.2724,3504601.7838,2819819.3455777797,605.4540561462594,-117.01015699536802,1.0804570708853047,835396.0,2964102.0,2384930.6361999996,512.0774597065191,-98.96417960337293,0.9138227856668917,10517049.0,8462067.8919,1816.922540293481,-351.13876854894795,3.2423712187283695,6808620.270488889,1461.9045599470771,-282.52793145105227,2.60882737958357,0.3138910465689107,-0.06066263866864927,0.0005601511746599658,0.011723672180102196,-0.00010825491418009283,9.996122600587002e-07,veg,high_veg,0,1
899.8,1093.0,1005.5,2103.5,2143.0,0.3531682212930203,0.00930177793476981,0.000635253939028288,809640.0399999999,983481.3999999999,904748.8999999999,1892729.2999999998,1928271.4,317.78076551945964,8.369739785705875,0.5716014943376535,1194649.0,1099011.5,2299125.5,2342299.0,386.01286587327115,10.166843282703404,0.6943325553579187,1011030.25,2115069.25,2154786.5,355.1106465101319,9.352937713411045,0.6387478356929436,4424712.25,4507800.5,742.8893534898682,19.566289885788297,1.3362566607460038,4592449.0,756.8394982309425,19.933710114211706,1.3613491913376212,0.12472779253127574,0.0032850923680853177,0.0002243515037160052,8.652307274777053e-05,5.908991073028936e-06,4.035475670509558e-07,non_veg,medium_veg,1,0
2824.6667,2901.3333,2884.0,2976.0,3537.0,0.015699658703071672,0.08613542146476279,1.7996192997415377e-05,7978741.966088891,8195299.55811111,8146338.762800001,8406208.099200001,9990846.1179,44.34630313993174,243.3038567019807,0.05083324708657241,8417734.91768889,8367445.237199999,8634367.900799999,10262015.8821,45.54994259385665,249.90756660525102,0.052212954016628045,8317456.0,8582784.0,10200708.0,45.2778156996587,248.41455550437587,0.05190102060454595,8856576.0,10526112.0,46.7221843003413,256.33901427913406,0.05355667036030816,12510369.0,55.5296928327645,304.660985720866,0.06365253463185819,0.0002464792833929341,0.0013522967192420097,2.825340880140298e-07,0.007419310830912318,1.5501096685935862e-06,3.2386296240022224e-10,non_veg,low_veg,1,0
821.0,896.4583,1091.3334,1622.0,2118.0,0.1955773662020303,0.13262032085561498,0.0006007722285724571,674041.0,735992.2643,895984.7214,1331662.0,1738878.0,160.5690176518669,108.8812834224599,0.4932339996579873,803637.48363889,978334.88449722,1454055.3626,1898698.6794,175.32695322394954,118.88858737967915,0.5385672507132764,1191008.58995556,1770142.7748,2311444.1412,213.44011202030683,144.7329856684492,0.6556427988335568,2630884.0,3435396.0,317.22648797969316,215.1101604278075,0.9744525547445255,4485924.0,414.2328616159002,280.88983957219256,1.2724355801164642,0.03825050617052307,0.02593753305780937,0.00011749745015152531,0.017588149503846268,7.967460571442212e-05,3.6092727062391667e-07,non_veg,low_veg,1,0
1001.0,1172.0,1115.3334,2091.0,2167.5,0.30429355849270073,0.017964071856287425,0.0005202412010030632,1002001.0,1173172.0,1116448.7334,2093091.0,2169667.5,304.59785205119346,17.982035928143713,0.5207614422040663,1373584.0,1307170.7448,2450652.0,2540310.0,356.63205055344525,21.05389221556886,0.6097226875755901,1243968.5931555599,2332162.1393999998,2417485.1445,339.3887691917628,20.035929341317363,0.5802423875348299,4372281.0,4532242.5,636.2778308082372,37.56287425149701,1.0878243512974053,4698056.25,659.5562880329288,38.93712574850299,1.1276228031741395,0.09259456974015068,0.005466351350168277,0.0001583060463277385,0.0003227078776578579,9.345650317420297e-06,2.706509072211096e-07,non_veg,medium_veg,1,0
1611.0,1714.0,1683.0,1838.0,1885.3334,0.044021584777051974,0.01271264077506462,7.661526581109577e-05,2595321.0,2761254.0,2711313.0,2961018.0,3037272.1074,70.91877307583073,20.4800642886291,0.1234271932216753,2937796.0,2884662.0,3150332.0,3231461.4476,75.45299630786708,21.78946628846076,0.13131856560021815,2832489.0,3093354.0,3173016.1122,74.08832717977847,21.395374424433754,0.12894349236007419,3378244.0,3465242.7892,80.91167282022153,23.36583374456877,0.14081885856079404,3554482.02915556,82.99536410110764,23.967566255431212,0.14444531958353696,0.0019378999262831742,0.0005596305936197149,3.3727254191195243e-06,0.00016161123547583556,9.739823521425504e-07,5.869898955304861e-09,non_veg,low_veg,1,0
934.6667,1099.0,1090.0,2056.0,2066.5,0.30705657978385253,0.0025469981807155853,0.0005828951419666438,873601.8400888899,1027198.7032999999,1018786.703,1921674.7352,1931488.7355499999,286.9955601398602,2.38059438447544,0.5448126787879944,1207801.0,1197910.0,2259544.0,2271083.5,337.45518118245394,2.7991510006064284,0.6406017610213415,1188100.0,2241040.0,2252485.0,334.6916719643993,2.776228016979988,0.6353557047436418,4227136.0,4248724.0,631.3083280356008,5.236628259551243,1.1984324118834195,4270422.25,634.5324221233312,5.263371740448757,1.2045528108740693,0.0942837431885574,0.0007820725500862223,0.00017898178866490081,6.487199732568501e-06,1.4846328661369946e-06,3.397667465283138e-07,non_veg,medium_veg,1,0
1213.5,1280.0,1281.0,1352.0,1872.5,0.026965438663121913,0.16142037525197706,8.434815018721026e-05,1472582.25,1553280.0,1554493.5,1640652.0,2272278.75,32.72255981769844,195.88362536827415,0.10235648025217965,1638400.0,1639680.0,1730560.0,2396800.0,34.515761488796045,206.61808032253063,0.10796563223962913,1640961.0,1731912.0,2398672.5,34.54272692745917,206.7795006977826,0.10804998038981634,1827904.0,2531620.0,36.45727307254083,218.24034734067297,0.11403869905310826,3506256.25,50.492783896695784,302.25965265932706,0.1579419112255512,0.0007271348822945901,0.00435277122783531,2.2744848702210133e-06,0.026056537546489088,1.3615510055029599e-05,7.114610440004178e-09,non_veg,low_veg,1,0
1174.0,1350.0,1428.0,1732.6666,2357.5,0.0963931469393197,0.15276477980139,0.00027440993909053985,1378276.0,1584900.0,1676472.0,2034150.5884,2767705.0,113.16555450676134,179.34585148683186,0.32215726849229376,1822500.0,1927800.0,2339099.91,3182625.0,130.1307483680816,206.2324527318765,0.3704534177722288,2039184.0,2474247.9048,3366510.0,137.64941382934853,218.1481055563849,0.3918573930212909,3002133.54675556,4084761.5095,167.01718617065148,264.6904316182231,0.4754609361702128,5557806.25,227.2468439094462,360.14296838177694,0.6469214314059477,0.00929163877686528,0.014725477866548205,2.6451237580364176e-05,0.023337077947767175,4.192017392047916e-05,7.530081467167379e-08,non_veg,low_veg,1,0
1139.5,1194.0,1323.3334,1755.0,2231.8,0.1402273710833271,0.11959466238587342,0.000307507453496055,1298460.25,1360563.0,1507938.4093,1999822.5,2543136.1,159.78908934945125,136.27811778870276,0.35040474325875465,1425636.0,1580060.0796,2095470.0,2664769.2,167.43148107349256,142.79602688873285,0.3671638994742897,1751211.28755556,2322450.117,2953415.4821200003,185.56756374876096,158.26361119695,0.40693488396027633,3080025.0,3916809.0000000005,246.09903625123908,209.88863248720784,0.5396755808855765,4980931.240000001,312.95944678376947,266.9113675127923,0.6862951347124956,0.019663715600941125,0.016770445101969095,4.312096179228026e-05,0.014302883271191048,3.677625008200037e-05,9.456083395562842e-08,non_veg,low_veg,1,0
694.75,1046.0,922.5,3508.0,2864.5,0.5835684459993229,-0.10098077677520596,0.001152644886222795,482677.5625,726708.5,640906.875,2437183.0,1990111.375,405.43417785802956,-70.15639466457435,0.8008000347032869,1094116.0,964935.0,3669368.0,2996267.0,610.4125945152917,-105.62589250686544,1.2056665509890436,851006.25,3236130.0,2642501.25,538.3418914343754,-93.1547665751275,1.0633149075405284,12306064.0,10048666.0,2047.1581085656246,-354.2405649274225,4.0434782608695645,8205360.25,1671.6318135650604,-289.2594350725775,3.3017512765851964,0.34055213116606464,-0.058929194978511464,0.0006726471850421028,0.010197117278123976,-0.00011639497595674673,1.32859023373556e-06,veg,high_veg,0,1
1002.1667,1063.0,1114.6666,1345.0,2166.5,0.09364415486228905,0.23394560729033176,0.0002540900199738974,1004338.09458889,1065303.2020999999,1117081.74812222,1347914.2115,2171194.15555,93.84705365262917,234.45249723764772,0.25464055682017483,1129969.0,1184890.5958,1429735.0,2302989.5,99.54373661861327,248.68418054962265,0.2700976912322529,1242481.62915556,1499226.577,2414925.1889,104.3820117102212,260.7713546632493,0.2832256586582363,1809025.0,2913942.5,125.95138828977878,314.65684180549624,0.341751076864892,4693722.25,202.88006150914924,506.84315819450376,0.5504860282734486,0.008769227739872374,0.021907638678448086,2.3794045179397766e-05,0.05473054717044213,5.944324402920595e-05,6.456173825033557e-08,non_veg,low_veg,1,0
749.375,1076.5,965.5,3296.1667,2734.5,0.5468908913031609,-0.09313509234393608,0.0010296885937351552,561562.890625,806702.1875,723521.5625,2470064.9208125,2049165.9375,409.8263616703062,-69.7931098252371,0.7716228899302819,1158852.25,1039360.75,3548323.45255,2943689.25,588.7280444878528,-100.25992690824718,1.1084597711558946,932190.25,3182448.9488500003,2640159.75,528.0231555532018,-89.92193165807028,0.9941643372512923,10864714.914188892,9013367.84115,1802.6435444467988,-306.9887899855071,3.394025254039647,7477490.25,1495.4731422684936,-254.6779100144932,2.8156834595687816,0.2990896469903658,-0.0509347336635774,0.0005631273127925174,0.0086741454259135,-9.590014226302135e-05,1.0602586000682814e-06,veg,high_veg,0,1
1803.0,2159.1667,2158.5,2230.0,2488.2,0.01629258288709126,0.0547242592514094,0.00010614180744334961,3250809.0,3892977.5601000004,3891775.5,4020690.0,4486224.6,29.375526945425545,98.66783943029114,0.19137367882035936,4662000.838388891,4660561.321950001,4814941.741,5372438.58294,35.17840242679731,118.1587982578101,0.22917785610949262,4659122.25,4813455.0,5370779.699999999,35.16754016178649,118.12231359416718,0.22910709136647012,4972900.0,5548686.0,36.332459838213516,122.03509813064295,0.23669623059866962,6191139.239999999,40.53920473966048,136.16490186935684,0.2641020452805425,0.00026544825713273903,0.0008915995297882584,1.7293241955564537e-06,0.002994744550615467,5.80853178794304e-06,1.1266083287341106e-08,non_veg,low_veg,1,0
1394.6666,1446.0,1465.0,1496.0,1591.0,0.010469436001350895,0.030774214447683836,4.853324565230984e-05,1945094.92515556,2016687.9036,2043186.5690000001,2086421.2336,2218914.5606,14.601372711921648,42.91976903142209,0.06768769670087174,2090916.0,2118390.0,2163216.0,2300586.0,15.138804457953395,44.499514091350825,0.07017907321324003,2146225.0,2191640.0,2330815.0,15.337723741979062,45.08422416585682,0.07110120488063391,2238016.0,2380136.0,15.66227625802094,46.03822481373502,0.07260573549585551,2531281.0,16.656872678149274,48.96177518626498,0.07721639383282496,0.00010960909018638222,0.000322188668651874,5.081157092946995e-07,0.0009470522748720326,1.493572509546302e-06,2.355475933547452e-09,non_veg,low_veg,1,0
1429.3334,1572.3334,1660.0,1702.0,1870.0,0.012492563950029744,0.04703247480403135,0.00011200440594703865,2042993.96835556,2247388.64455556,2372693.444,2432725.4468,2672853.458,17.856038905413445,67.22508712206047,0.16009163836726095,2472232.32075556,2610073.444,2676111.4468,2940263.458,19.642475550267697,73.95073101903695,0.17610826841768748,2755600.0,2825320.0,3104200.0,20.737656157049376,78.07390817469205,0.18592731387208417,2896804.0,3182740.0,21.262343842950624,80.04927211646137,0.19063149892185977,3496900.0,23.36109458655562,87.95072788353863,0.20944823912096228,0.00015606415404558277,0.0005875561992175244,1.399222203978472e-06,0.002212053686191844,5.2678444006445945e-06,1.2544986951549026e-08,non_veg,low_veg,1,0
1353.3334,1431.1111,1428.0,1491.0,1751.5,0.02158273381294964,0.08033924441017733,6.817503258458048e-05,1831511.29155556,1936770.4507407402,1932560.0951999999,2017820.0994,2370363.4501,29.208634532374102,108.72578279105628,0.09226354864280109,2048078.9805432102,2043626.6508000002,2133786.6501,2506591.0916500003,30.88728992805756,114.97438444101773,0.09756604587465481,2039184.0,2129148.0,2501142.0,30.820143884892087,114.72444101773323,0.09735394653078092,2223081.0,2611486.5,32.17985611510792,119.7858134155744,0.1016489735836095,3067752.25,37.802158273381295,140.7141865844256,0.1194085695718927,0.00046581439884063976,0.0017339405268383596,1.4714035809621687e-06,0.006454394192398209,5.477130605484414e-06,4.64783506790861e-09,non_veg,low_veg,1,0
342.0,508.33334,308.2,2998.0,1947.3334,0.8135623979190613,-0.2124561713068729,0.0025828686568499506,116964.0,173850.00228000002,105404.4,1025316.0,665988.0228,278.238340088319,-72.66001058695053,0.8833410806426831,258402.7845555556,156668.335388,1523983.35332,989894.491315556,413.56089103260547,-107.99855516403487,1.3129582511178493,94987.23999999999,923983.6,600168.15388,250.73993103865467,-65.47899199677822,0.7960401200411548,8988004.0,5838105.5332,2439.0600689613457,-636.943601578005,7.743440233236152,3792107.3707555598,1584.2772304518785,-413.7229984219952,5.029706403297047,0.661883775307813,-0.17284635218112238,0.0021013248179768307,0.045137624726375315,-0.0005487463858228658,6.671210498537868e-06,veg,high_veg,0,1
1127.6,1112.0,1270.1666,1558.0,2445.0,0.10177384882488888,0.22158381214089434,0.00024477370602632415,1271481.7599999998,1253891.2,1432239.8581599998,1756800.7999999998,2756982.0,114.76019193494469,249.85790657007243,0.2760068309152831,1236544.0,1412425.2592,1732496.0,2718840.0,113.17251989327643,246.40119910067452,0.2721883611012725,1613323.19175556,1978919.5628,3105557.337,129.2697435308231,281.4483572820385,0.31090338595285566,2427364.0,3809310.0,158.56365646917686,345.22757931551337,0.381357433989013,5978025.0,248.83706037685332,541.7724206844866,0.5984717112343626,0.010357916304631336,0.02255143739886996,2.4911562153430908e-05,0.04909938580289115,5.423789089316751e-05,5.991416716186135e-08,non_veg,low_veg,1,0
729.5,1046.6666,887.25,3308.0,2629.0,0.5770216316071748,-0.1143675256863736,0.0010670417555350851,532170.25,763543.2847,647248.875,2413186.0,1917855.5,420.937280257434,-83.43110998820954,0.7784069606628446,1095510.9715555601,928654.94085,3462373.1128000002,2751686.4914,603.9492692807341,-119.70466926056932,1.1168369663239388,787212.5625,2935023.0,2332580.25,511.9624426434658,-101.47258716523497,0.9467327975985043,10942864.0,8696732.0,1908.7875573565343,-378.3277749705239,3.529774127310062,6911641.0,1516.9898694952626,-300.6722250294762,2.8052527753017387,0.33295396334260613,-0.06599253627442676,0.000615706174771839,0.013079930931623324,-0.00012203492538459202,1.1385781080553964e-06,veg,high_veg,0,1
1517.0,1728.5,1765.0,1806.1666,1791.0,0.011527493564707962,-0.00421626287756592,0.00010546747534643192,2301289.0,2622134.5,2677505.0,2739954.7322,2716947.0,17.48720773766198,-6.396070785267501,0.1599941601005372,2987712.25,3050802.5,3121958.9681,3095743.5,19.925272626597714,-7.287810383872693,0.18230053113630756,3115225.0,3187884.049,3161115.0,20.346026141709554,-7.441703978903849,0.18615009398645233,3262237.78695556,3234844.3806,20.820573858290462,-7.615273186279454,0.19049183135704875,3207681.0,20.64574097439196,-7.551326813720563,0.18889224834545956,0.00013288310788438348,-4.860294318825822e-05,1.2157756433419897e-06,1.7776872652740455e-05,-4.446786010937598e-07,1.1123388355950225e-08,non_veg,low_veg,1,0
683.75,1003.0,860.5,3608.1667,2664.8,0.6148739399159039,-0.1503860525833813,0.001183642689994552,467514.0625,685801.25,588366.875,2467083.981125,1822057.0000000002,420.42005641749927,-102.82646345388697,0.809315689283775,1006009.0,863081.5,3618991.2001,2672794.4000000004,616.7185617356516,-150.83721074113146,1.1871936180645357,740460.25,3104827.44535,2293060.4000000004,529.0990252976353,-129.40719824799962,1.018524534740312,13018866.934988892,9615042.62216,2218.5676747023654,-542.6179470758054,4.270780138736766,7101159.040000001,1638.5160750879008,-400.74875292419455,3.1541710402974825,0.3780699619877066,-0.09246846466034396,0.0007277910442496091,0.022615964811611527,-0.0001780033518174556,1.4010100175775393e-06,veg,high_veg,0,1
761.5,1070.6666,965.0,3236.5,3023.0,0.5406402475306438,-0.03410815560348271,0.001002904878524413,579882.25,815312.6159,734847.5,2464594.75,2302014.5,411.69754849458525,-25.973360492052084,0.7637120649963405,1146326.96835556,1033193.269,3465212.4509,3236625.1318,578.8454556467927,-36.518462992251784,1.0737767564131462,931225.0,3123222.5,2917195.0,521.7178388670712,-32.914370157360814,0.9678032077760584,10474932.25,9783939.5,1749.7821611329286,-110.3910456106718,3.2459016393442623,9138529.0,1634.355468285136,-103.10895438932823,3.0317814477793004,0.2922918772499958,-0.018440241688280606,0.0005422107417751288,0.001163366278671389,-3.42072356522026e-05,1.0058181953680674e-06,veg,high_veg,0,1
1370.3334,1496.0,1551.0,1706.0,1811.5,0.04758980657046362,0.029992892679459843,0.00014347824274376397,1877813.62715556,2050018.7664,2125387.1034,2337788.7804,2482358.9540999997,65.21390144304576,41.10026260127932,0.19661302820508741,2238016.0,2320296.0,2552176.0,2710004.0,71.19435062941358,44.86936744847193,0.2146434511446709,2405601.0,2646006.0,2809636.5,73.81178999078908,46.518976545842214,0.2225347544955779,2910436.0,3090419.0,81.18821000921093,51.16787491115849,0.24477388212086135,3281532.25,86.20893460239485,54.33212508884151,0.25991083673032844,0.0022647896894141422,0.0014273559611041682,6.828101819245753e-06,0.0008995736112815958,4.303327536451201e-06,2.058600614083846e-08,non_veg,low_veg,1,0
1127.3334,1169.0,1487.0,1705.0,2476.25,0.06829573934837092,0.18445440956651718,0.00030027241064505006,1270880.59475556,1317852.7446,1676344.7658,1922103.447,2791559.33175,76.99206804511277,207.94161668161433,0.33850711761868046,1366561.0,1738303.0,1993145.0,2894736.25,79.83771929824562,215.62720478325858,0.3510184480440635,2211169.0,2535335.0,3682183.75,101.55576441102757,274.28370702541105,0.4465050746291894,2907025.0,4222006.25,116.44423558897242,314.4947683109118,0.5119644601498103,6131814.0625,169.1173245614035,456.7552316890882,0.7435495568598052,0.00466430801314062,0.012597450277412513,2.0507326290921337e-05,0.03402342920853246,5.5386570214647494e-05,9.016352059458957e-08,non_veg,low_veg,1,0
1123.2,1168.0,1301.6666,1752.6666,2290.8,0.14765907007133341,0.13308713864484503,0.0003194697924118827,1261578.24,1311897.6,1462031.92512,1968595.12512,2573026.5600000005,165.8506675041217,149.48347412588996,0.3588284708370267,1364224.0,1520346.5888,2047114.5888,2675654.4000000004,172.46579384331744,155.445777937179,0.373140717537079,1694335.9375555601,2281387.57415556,2981857.8472800003,192.20287969891433,173.23508326356404,0.4158431584914812,3071840.21075556,4015008.64728,258.79712030108567,233.25738279238917,0.5599240348692403,5247764.640000001,338.2573977194106,304.876017207611,0.731841400457141,0.02180320097433095,0.019651523130752437,4.717261246342053e-05,0.017712186472672205,4.2517320555560096e-05,1.0206094826369143e-07,non_veg,low_veg,1,0
709.5,1054.0,921.0,3320.0,3082.0,0.5656684744164112,-0.037175882536707276,0.0011066786498562865,503390.25,747813.0,653449.5,2355540.0,2186679.0,401.3417825984438,-26.37628865979381,0.7851885020730353,1110916.0,970734.0,3499280.0,3248428.0,596.2145720348974,-39.183380193689466,1.166439296948526,848241.0,3057720.0,2838522.0,520.9806649375147,-34.2389878163074,1.01925103651764,11022400.0,10232240.0,1878.0193350624852,-123.42393002186816,3.674173117522871,9498724.0,1743.3902381513794,-114.57606997813183,3.410783598857075,0.3199808229485901,-0.02102922475962291,0.0006260132235334192,0.001382046242383057,-4.114175549293911e-05,1.224737634047733e-06,veg,high_veg,0,1
1206.6666,1245.0,1286.5,1430.0,1728.125,0.05282532670715995,0.09439936671284385,0.0001293214557703283,1456044.28355556,1502299.9170000001,1552376.5809,1725533.2380000001,2085270.7181250001,63.74255737161789,113.90856287354048,0.15604788134143244,1550025.0,1601692.5,1780350.0,2151515.625,65.76753175041414,117.5272115574906,0.16100521243405874,1655082.25,1839695.0,2223232.8125,67.95978280876128,121.44478527607362,0.16637205284852735,2044900.0,2471218.75,75.54021719123872,134.99109439936672,0.18492968175156946,2986416.015625,91.28876771581078,163.13390560063328,0.2234836407530986,0.002790515141718186,0.004986677387554976,6.831448151313127e-06,0.008911240435785972,1.2207863527102038e-05,1.672403892255698e-08,non_veg,low_veg,1,0
711.0,995.0,822.6667,3464.3333,2892.0,0.6162040121296943,-0.0900414237245866,0.0011162439686982176,505521.0,707445.0,584916.0237,2463140.9762999997,2056212.0,438.12105262421267,-64.01945226818107,0.7936494617444327,990025.0,818553.3665,3447011.6335,2877540.0,613.1229920690458,-89.59121660596367,1.1106627488547265,676780.4992888899,2849991.64361111,2379152.0964,506.9305211854956,-74.07408091880737,0.9182967421238659,12001605.213488888,10018851.9036,2134.736078814504,-311.93350258849534,3.8670411516853926,8363664.0,1782.062003079076,-260.39979741150444,3.228177557475245,0.37970738456473246,-0.055483886556960106,0.0006878340120274147,0.008107457986350545,-0.00010050819616557038,1.2460005976551473e-06,veg,high_veg,0,1
1004.3333,1109.0,1150.0,1920.0,2379.3333,0.250814332247557,0.10683826257433908,0.0004743797301684261,1008685.37748889,1113805.6297,1154983.295,1928319.936,2389643.66498889,251.90118599348534,107.30122481755247,0.47643535985316493,1229881.0,1275350.0,2129280.0,2638680.6297,278.1530944625407,118.48363319494204,0.5260871207567845,1322500.0,2208000.0,2736233.295,288.43648208469057,122.86400196048994,0.54553668969369,3686400.0,4568319.936,481.56351791530943,205.12946414273102,0.9108090819233781,5661226.952488889,596.7708928338761,254.20383585726867,1.1287074888347506,0.06290782926078792,0.026796567486072016,0.00011898123525397006,0.011414414349903422,5.068190617167843e-05,2.2503612839466875e-07,non_veg,medium_veg,1,0
1394.0,1448.0,1477.0,1779.5,2436.6667,0.09289114079533241,0.15586829145062037,0.00015529310818853913,1943236.0,2018512.0,2058938.0,2480623.0,3396713.3798,129.4902502686934,217.28039828216478,0.21647859281482354,2096704.0,2138696.0,2576716.0,3528293.3816000004,134.50637187164133,225.6972860204983,0.22486442065700465,2181529.0,2628321.5,3598956.7159,137.20021495470596,230.2174664725663,0.2293679207944723,3166620.25,4336048.392650001,165.29978504529402,277.36762463637893,0.2763440860215054,5937344.606888891,226.344749500998,379.7990753636214,0.37839754546251064,0.008628764038258269,0.014478783406667483,1.4425353977286376e-05,0.024294924279735532,2.420527144740394e-05,2.411594945085732e-08,non_veg,low_veg,1,0
666.3333,963.0,784.0,3190.6667,2608.3333,0.605501512868991,-0.10041962407311612,0.0011855571036499407,444000.06668889,641678.9679,522405.3072,2126047.4714111104,1738019.33528889,403.4658212249873,-66.91293949339891,0.789976177213507,927369.0,754992.0,3072612.0321000004,2511824.9678999996,583.0979568928384,-96.70409798241083,1.141691490814893,614656.0,2501482.6928000003,2044933.3072,474.71318608928897,-78.72898527332305,0.9294767692615535,10180353.99048889,8322322.20281111,1931.9535139107113,-320.40555055661,3.7827175715643144,6803402.603888889,1579.3497592165677,-261.9278494433904,3.0923280725016915,0.3666320820866369,-0.06080423429800716,0.0007178566198526182,0.010084100898985962,-0.0001190531986657394,1.4055456460148361e-06,veg,high_veg,0,1
731.5,1051.3334,918.5,3235.0,2658.25,0.5577224027928254,-0.09786620285920332,0.001056490707966936,535092.25,769050.3820999999,671882.75,2366402.5,1944509.875,407.97393764295174,-71.58912739150723,0.7728229528778137,1105301.91795556,965649.7278999999,3401063.549,2794707.01055,586.3521899843506,-102.89000779705594,1.1107239680752858,843642.25,2971347.5,2441602.625,512.2680269652101,-89.89010732617825,0.9703867152676307,10465225.0,8599438.75,1804.2319730347901,-316.59716624952273,3.417747440273038,7066293.0625,1482.565577224028,-260.1528337504772,2.8084164244531076,0.3110542785770025,-0.05458217381084495,0.0005892285361756127,0.009577793662078737,-0.00010339473394475548,1.1161726160204774e-06,veg,high_veg,0,1
1132.6666,1188.0,1219.5,1340.0,1542.5,0.04707950771635085,0.07025151777970512,0.0001364831758388646,1282933.62675556,1345607.9208,1381286.9187,1517773.244,1747138.2305,53.32538593475289,79.57154778837815,0.1545899347346089,1411344.0,1448766.0,1591920.0,1832490.0,55.93045516702481,83.45880312228968,0.16214201289657112,1487180.25,1634130.0,1881078.75,57.41345966008986,85.6717259323504,0.16644123293549537,1795600.0,2066950.0,63.086540339910144,94.13703382480486,0.18288745562407854,2379306.25,72.62014065247119,108.36296617519514,0.21052529873144862,0.0022164800468139397,0.0033074068733949863,6.425560730057896e-06,0.004935275750352224,9.588150254074616e-06,1.862765728706243e-08,non_veg,low_veg,1,0
1127.0,1208.0,1262.0,1410.0,2485.0,0.05538922155688623,0.27599486521181,0.00017793370554801066,1270129.0,1361416.0,1422274.0,1589070.0,2800595.0,62.42365269461078,311.04621309370987,0.200531286152608,1459264.0,1524496.0,1703280.0,3001880.0,66.91017964071857,333.4017971758665,0.21494391630199688,1592644.0,1779420.0,3136070.0,69.90119760479043,348.30551989730424,0.22455233640158945,1988100.0,3503850.0,78.09880239520957,389.1527599486521,0.250886524822695,6175225.0,137.64221556886227,685.8472400513479,0.4421652582868065,0.00306796586467783,0.015287140737779894,9.855609439036518e-06,0.07617316562328516,4.910878907936109e-05,3.166040357004616e-08,non_veg,low_veg,1,0
806.8889,872.0,953.8333,1290.6666,2102.0,0.15007053464337425,0.23914327449682204,0.00046395956522077633,651069.6969432101,703607.1208,769637.50222037,1041424.55314074,1696080.4678,121.09024862080415,192.9620537011388,0.3743638232254705,760384.0,831742.6376,1125461.2752,1832944.0,130.86150620902234,208.53293536122882,0.40457274087251693,909797.9641888901,1231080.7822777801,2004957.5966,143.142273291654,228.1028186861096,0.44254008316109833,1665820.27235556,2712981.1932,193.69102670834604,308.65423700768,0.5988171145809776,4418404.0,315.4482638203727,502.67916299231996,0.9752430060940719,0.02252116536814819,0.03588835906010529,6.962666000558937e-05,0.05718950573706238,0.00011095280966101833,2.1525847815985181e-07,non_veg,low_veg,1,0
1077.6,1095.5,1318.0,1500.0,2340.0,0.06458481192334989,0.21875,0.0002610791767105508,1161221.7599999998,1180510.7999999998,1420276.7999999998,1616399.9999999998,2521584.0,69.59659332860183,235.72499999999997,0.28133892082328954,1200120.25,1443869.0,1643250.0,2563470.0,70.7526614620298,239.640625,0.2860122380864084,1737124.0,1977000.0,3084120.0,85.12278211497515,288.3125,0.34410235490450597,2250000.0,3510000.0,96.87721788502483,328.125,0.3916187650658262,5475600.0,151.12845990063875,511.875,0.6109252735026889,0.0041711979311744776,0.014127927608232789,1.6861749524953953e-05,0.0478515625,5.7111069905432994e-05,6.816233651185902e-08,non_veg,low_veg,1,0
746.0,963.5,1659.0,2520.6667,2541.75,0.20615679714365748,0.004164670995969135,0.0009424987315205184,556516.0,718771.0,1237614.0,1880417.3582000001,1896145.5,153.79297066916848,3.1068445629929746,0.7031040537143067,928332.25,1598446.5,2428662.3654500004,2448976.125,198.632074047914,4.012660504616261,0.9080975278200194,2752281.0,4181786.0553000006,4216763.25,342.01412646132775,6.909189182312795,1.56360539559254,6353760.612488891,6406904.584725001,519.6525735386725,10.497747495995233,2.3757251673360114,6460493.0625,523.9990391398914,10.585552504004548,2.3955961508422776,0.04250062500853114,0.000858575233686083,0.00019430251980223,1.7344484504666546e-05,3.925197130901204e-06,8.883038589177862e-07,non_veg,medium_veg,1,0
2614.0,2700.0,2692.0,2735.0,3378.75,0.007923346231803944,0.1052954406051932,1.6918285380713855e-05,6832996.0,7057800.0,7036888.0,7149290.0,8832052.5,20.711627049935508,275.24228174197503,0.044224397985186015,7290000.0,7268400.0,7384500.0,9122625.0,21.393034825870647,284.29768963402165,0.04567937052792741,7246864.0,7362620.0,9095595.0,21.329648056016214,283.45532610918013,0.0455440242448817,7480225.0,9240881.25,21.670351943983786,287.9830300552034,0.0462715105162524,11415951.5625,26.771006080707576,355.76696994479653,0.057162656730086935,6.277941550904175e-05,0.0008342922325452935,1.3404943271986288e-07,0.01108712981224177,1.7814183134466642e-06,2.8622838022327613e-10,non_veg,low_veg,1,0
1270.5,1233.0,1378.0,1636.0,2233.0,0.0856005308560053,0.15430343758077023,0.0001757064553253718,1614170.25,1566526.5,1750749.0,2078538.0,2837026.5,108.75547445255474,196.04251744636858,0.22323505149088488,1520289.0,1699074.0,2017188.0,2753289.0,105.54545454545453,190.2561385370897,0.21664605941618345,1898884.0,2254408.0,3077074.0,117.95753151957531,212.63013698630138,0.24212349543836234,2676496.0,3653188.0,140.04246848042467,252.4404238821401,0.2874557609123083,4986289.0,191.14598540145985,344.55957611785993,0.39235251474155525,0.007327450882829916,0.01320845616982041,1.5040565850678806e-05,0.023809550849242654,2.71121100618369e-05,3.087275844300688e-08,non_veg,low_veg,1,0
1011.6667,1152.6666,1116.6666,2086.5,2186.0,0.30277332437220095,0.02328847279110591,0.0005086935077422698,1023469.51188889,1166114.41542222,1129694.41422222,2110842.56955,2211503.4062,306.3056899156541,23.560172416617906,0.5146282822890466,1328640.29075556,1287144.29315556,2405038.8609,2519729.1876,348.996698374802,26.84384475131656,0.5863540160113558,1246944.2955555602,2329924.8609,2441033.1876,338.09685869740275,26.005459730836748,0.5680410497326341,4353482.25,4561089.0,631.7365413025973,48.59139847864248,1.061389003904246,4778596.0,661.8624870776313,50.90860152135752,1.1120040079246019,0.09167168595139401,0.007051128326514686,0.00015401882442568298,0.0005423529649420803,1.1846694914068075e-05,2.5876908481913475e-07,non_veg,medium_veg,1,0
1465.5,1650.5,1784.8,1828.6666,1701.5,0.01213975521456323,-0.036022832463487704,0.00013542202390255374,2147690.25,2418807.75,2615624.4,2679910.9023,2493548.25,17.790811266942413,-52.79146097524123,0.19846097602919252,2724150.25,2945812.4,3018214.2233,2808325.75,20.036665981636613,-59.455684980986454,0.22351405045116496,3185511.04,3263804.14768,3036837.1999999997,21.667035106952454,-64.29355138083285,0.2417012282612779,3344021.53395556,3111476.2199,22.19956489304761,-65.87375056337568,0.2476417320150017,2895102.25,20.655793497579335,-61.29284943662433,0.2304205736701952,0.00014737365666951514,-0.0004373083682419625,1.6439902208377333e-06,0.0012976444586925036,-4.878284878908121e-06,1.8339124557863836e-08,non_veg,low_veg,1,0
876.75,953.0,1094.5,2038.0,2405.3333,0.3011971268954509,0.08267066078522621,0.0006491584418967557,768690.5625,835542.75,959602.875,1786816.5,2108875.970775,264.0745810055866,72.48150184344708,0.5691496639329805,908209.0,1043058.5,1942214.0,2292282.6349,287.0408619313647,78.78513972832057,0.6186479951276082,1197930.25,2230591.0,2632637.2968499996,329.660255387071,90.4830382294301,0.710503914655999,4153444.0,4902069.2654,613.8397446129289,168.48280668029102,1.3229849045855882,5785628.284088889,724.4794791859537,198.85049331970873,1.5614424172703814,0.09071970925007436,0.024900165507058557,0.0001955246575992303,0.006834438154665939,5.3666357345912664e-05,4.214066826858235e-07,non_veg,medium_veg,1,0
799.4167,1059.3334,946.5,3295.0,2889.0,0.553695626547212,-0.06565329883570505,0.0009462382738143926,639067.06023889,846848.8108277799,756647.90655,2634078.0265,2309514.8463,442.63353057880465,-52.484343499353166,0.7564386782663981,1122187.25235556,1002659.0631,3490503.553,3060414.1926,586.5482706353883,-69.54873227684347,1.0023818078099314,895862.25,3118717.5,2734438.5,524.0729105269362,-62.14084734799483,0.8956145261653226,10857025.0,9519255.0,1824.4270894730637,-216.32761966364814,3.1178551122184235,8346321.0,1599.6266650948955,-189.67238033635186,2.73368237304978,0.3065788468575097,-0.03635194443372705,0.0005239279938826125,0.004310355648010389,-6.2123664160518e-05,8.953668708312413e-07,veg,high_veg,0,1
1268.6666,1330.0,1576.0,1752.0,2443.0,0.052884615384615384,0.16471990464839095,0.0002172816299259209,1609514.9419555601,1687326.578,1999418.5616000001,2222703.8832,3099352.5038,67.0929451923077,208.97464138259835,0.27565794668057636,1768900.0,2096080.0,2330160.0,3249190.0,70.33653846153847,219.07747318235997,0.2889845678014748,2483776.0,2761152.0,3850168.0,83.34615384615384,259.59856972586414,0.34243584876325134,3069504.0,4280136.0,92.65384615384615,288.589272943981,0.38067741563021346,5968249.0,129.1971153846154,402.4107270560191,0.5308190219090247,0.002796782544378698,0.008711148803520675,1.1490855428774663e-05,0.027132646987375008,3.5790609363244666e-05,4.721130670326485e-08,non_veg,low_veg,1,0
1318.0,1426.0,1505.5,1599.3334,1766.0,0.03022171817656947,0.049524543392936944,0.00013336365588559733,1737124.0,1879468.0,1984249.0,2107921.4211999997,2327588.0,39.83222455671856,65.27334819189089,0.1757732984572173,2033476.0,2146843.0,2280649.4284,2518316.0,43.09617011978806,70.62199887832809,0.19017657329286178,2266530.25,2407796.4337,2658713.0,45.49879671482534,74.55920007806657,0.2007789839357668,2557867.32435556,2824422.7844,48.33460328517465,79.20625636807338,0.21329294920394237,3118756.0,53.37155429982168,87.46034363192665,0.23552021629396488,0.0009133522495439894,0.001496716793244626,4.030478823171513e-06,0.0024526803982788943,6.604774162946975e-06,1.778586471117202e-08,non_veg,low_veg,1,0
1481.0,1678.0,1748.6666,1886.0,1960.5,0.03778431837462066,0.01936825685688288,0.00014489891422413609,2193361.0,2485118.0,2589775.2346,2793166.0,2903500.5,55.9585755128132,28.684388405043546,0.21459529196594554,2815684.0,2934262.5548,3164708.0,3289719.0,63.40208623261346,32.49993500584947,0.24314037806810035,3057834.87795556,3297985.2076,3428260.8693,66.07217554546543,33.86862386585207,0.2533798916800117,3556996.0,3697503.0,71.26122445453456,36.528532432081114,0.2732793522267207,3843560.25,74.0761561734438,37.971467567918886,0.2840743213364188,0.0014276547150346964,0.0007318163834418924,5.474906707181608e-06,0.00037512937367419074,2.8064393889765084e-06,2.0995695343333546e-08,non_veg,low_veg,1,0
397.0,575.1667,375.0,3353.375,1991.2,0.7988399772018641,-0.25487059307802773,0.0022151050477346662,157609.0,228341.1799,148875.0,1331289.875,790506.4,317.13947094914005,-101.18362545197701,0.8793967039506625,330816.73278889,215687.51249999998,1928749.6326124999,1145271.93304,459.4661535152714,-146.59307794773204,1.2740546604588905,140625.0,1257515.625,746700.0,299.56499145069904,-95.5764724042604,0.8306643929004999,11245123.890625,6677240.3,2678.810008549301,-854.6766750630312,7.428077889447237,3964877.4400000004,1590.6501626043519,-507.4983249369688,4.410717171049267,0.6381453091758746,-0.20360081876387726,0.0017695144658320947,0.0649590192159456,-0.0005645651372462674,4.906690372499598e-06,veg,high_veg,0,1
921.25,959.0,1120.0,1227.0,2104.0,0.045590115040477205,0.2632842990093065,0.0002701924685009267,848701.5625,883478.75,1031800.0,1130373.75,1938310.0,41.99989348103963,242.5506604623236,0.24891481160647871,919681.0,1074080.0,1176693.0,2017736.0,43.72092032381764,252.48964274992494,0.2591145772923887,1254400.0,1374240.0,2356480.0,51.06092884533447,294.8784148904233,0.3026155647210379,1505529.0,2581608.0,55.939071154665534,323.04983488441906,0.331526158850637,4426816.0,95.92160204516404,553.9501651155808,0.5684849537259498,0.002078458589403946,0.012003161480185681,1.231810572202776e-05,0.06931862210482191,7.11374346668606e-05,7.300397003462425e-08,non_veg,low_veg,1,0
368.75,543.5,376.5,3200.5,1991.0,0.7894883980989656,-0.23297698160454589,0.0023929239420099908,135976.5625,200415.625,138834.375,1180184.375,734181.25,291.1238467989936,-85.9102619666763,0.8823907036161841,295392.25,204627.75,1739471.75,1082108.5,429.0869443667878,-126.6229895020707,1.30055416248243,141752.25,1204988.25,749611.5,297.24238188426057,-87.71583357411153,0.9009358641667615,10243200.25,6372195.5,2526.7576181157397,-745.6428296253491,7.658553076402976,3964081.0,1571.8714006150406,-463.8571703746509,4.764311568541892,0.6232919307328708,-0.18393262400090513,0.0018891856897501299,0.05427827395756491,-0.000557496197218739,5.726084992244634e-06,veg,high_veg,0,1
1208.0,1249.0,1386.0,1636.0,2290.8,0.0827266710787558,0.16675155342772746,0.0002163884962212906,1459264.0,1508792.0,1674288.0,1976288.0,2767286.4000000004,99.933818663137,201.43587654069478,0.26139730343531903,1560001.0,1731114.0,2043364.0,2861209.2,103.32561217736598,208.2726902312316,0.27026923178039197,1920996.0,2267496.0,3175048.8000000003,114.65916611515553,231.11765305083026,0.29991445576270875,2676496.0,3747748.8000000003,135.34083388484447,272.8055414077621,0.35401157981803144,5247764.640000001,189.5102581072138,381.9944585922381,0.4957027671437325,0.00684370210777265,0.013794800912287183,1.79010999521253e-05,0.027806080570560245,3.608311788879014e-05,4.682398129691149e-08,non_veg,low_veg,1,0
740.0,1050.6666,936.0,3248.0,2768.8,0.5525812619502868,-0.07964366440632892,0.001042061386888973,547600.0,777493.284,692640.0,2403520.0,2048912.0000000002,408.91013384321224,-58.9363116606834,0.7711254262978401,1103900.30435556,983423.9376000001,3412565.1168,2909085.68208,580.5786757170172,-83.67893809333863,1.0948590943539218,876096.0,3040128.0,2591596.8000000003,517.2160611854684,-74.54646988432387,0.9753694581280787,10549504.0,8993062.4,1794.7839388145314,-258.6826219917563,3.3846153846153846,7666253.440000001,1529.9869980879541,-220.51737800824353,2.885259568018189,0.3053460510585715,-0.04400959658399437,0.0005758235961967747,0.006343113280067944,-8.299358738817905e-05,1.08589193404497e-06,veg,high_veg,0,1
987.5,1166.5,1129.0,2076.1667,2203.5,0.2955124611771363,0.02975308801500822,0.0005304641569530078,975156.25,1151918.75,1114887.5,2050214.6162500002,2175956.25,291.8185554124221,29.381174414820617,0.5238333549910952,1360722.25,1316978.5,2421848.45555,2570382.75,344.71528596312953,34.70697716950709,0.6187864390856836,1274641.0,2343992.2043000003,2487751.5,333.63356866898687,33.59123636894428,0.5988940331999458,4310468.166188891,4574833.32345,613.5331313310132,61.772370558929175,1.1013320182094084,4855412.25,651.1617082038199,65.56092944107061,1.1688777698459527,0.08732761471096849,0.008792408266935036,0.00015675876858743806,0.0008852462464288258,1.5782946750629976e-05,2.8139222181186527e-07,non_veg,medium_veg,1,0
1174.6666,1271.5,1266.0,1400.0,1764.5,0.05026256564141035,0.11518407331331965,0.0001369031225106068,1379841.62115556,1493588.5819,1487127.9156,1644533.24,2072699.2157,59.041757089272316,135.30288377310794,0.16081552544891795,1616712.25,1609719.0,1780100.0,2243561.75,63.90885221305326,146.45654921788594,0.17407232027223654,1602756.0,1772400.0,2233857.0,63.6324081020255,145.8230368146627,0.1733193530984282,1960000.0,2470300.0,70.36759189797449,161.25770263864752,0.1916643715148495,3113460.25,88.68829707426856,203.2422973613525,0.24156555966996568,0.0025263255048570844,0.005789447045755751,6.881102181703417e-06,0.013267370745048196,1.5769059300084114e-05,1.874246495315421e-08,non_veg,low_veg,1,0
1197.5834,1220.0,1568.6666,1855.3334,2434.6667,0.08372278037383177,0.13504272412487828,0.00029578124682144594,1434205.9999555598,1461051.748,1878609.08029444,2221916.48130556,2915716.4244527803,100.26501197754672,161.72492470273374,0.3542227112246664,1488400.0,1913773.252,2263506.748,2970293.3740000003,102.14179205607476,164.7521234323515,0.36085312112216406,2460714.90195556,2910399.53644444,3819180.3344222205,131.3331292315654,211.83701090771078,0.4639821627951584,3442262.02515556,4517118.44637778,155.33367076843456,250.54927649587245,0.5487728263214725,5927601.940088891,203.83706540758178,328.7840235041278,0.7201287521206553,0.00700950395352487,0.011306152332991136,2.4763628366330045e-05,0.018236537339067983,3.994310531582105e-05,8.748654597124912e-08,non_veg,low_veg,1,0
859.0,984.0,1224.0,1965.0,2339.25,0.2323612417685795,0.08694894580937446,0.0006544765962482988,737881.0,845256.0,1051416.0,1687935.0,2009415.75,199.5983066792098,74.68914445025266,0.5621953961772886,968256.0,1204416.0,1933560.0,2301822.0,228.64346190028223,85.55776267642446,0.644004970708326,1498176.0,2405160.0,2863242.0,284.4101599247413,106.42550967067433,0.8010793538079177,3861225.0,4596626.25,456.58984007525873,170.8546785154208,1.286046511627907,5472090.5625,543.5510348071496,203.3953214845792,1.5309843777738328,0.053991746676236255,0.020203565018735176,0.00015207499461272793,0.007560119177361536,5.690605010069717e-05,4.2833961503675865e-07,non_veg,medium_veg,1,0
811.5,925.5,2252.6667,2578.0,3669.5,0.0673474947050269,0.17470988395358145,0.0008433490481589783,658532.25,751043.25,1828039.0270500001,2092047.0,2977799.25,54.652491953129335,141.77707082833135,0.6843777525810109,856550.25,2084843.0308500002,2385939.0,3396122.25,62.3301063495024,161.69399759903962,0.7805195440711344,5074507.261288891,5807374.7526,8266160.455650001,151.71145865044045,393.5631377430973,1.8997843172644269,6646084.0,9459971.0,173.62184134955936,450.40208083233296,2.174153846153846,13465230.25,247.13163182009623,641.0979191676671,3.094669332219371,0.004535685043043627,0.011766272984479692,5.679744555537627e-05,0.030523543551073895,0.00014734141433621846,7.112376170306547e-07,non_veg,low_veg,1,0
1188.6666,1256.0,1389.3334,1692.5,2262.0,0.09837215730091056,0.1440131495764319,0.0002502263309901259,1412928.28595556,1492965.2496,1651454.20884444,2011818.2205,2688763.8492,116.93169775353854,171.18362086230877,0.2974356820885076,1577536.0,1745002.7504,2125780.0,2841072.0,123.55542956994367,180.88051586799847,0.31428427172359813,1930247.29635556,2351446.7795,3142672.1508,136.6717237682089,200.0822787457327,0.347647799204037,2864556.25,3828435.0,166.49487623179112,243.74225565811102,0.4235080652007881,5116644.0,222.5178198146597,325.75774434188895,0.5660119606996649,0.009677081332035091,0.01416688420353232,2.4615303992990378e-05,0.02073978725092375,3.603588203284276e-05,6.261321672078005e-08,non_veg,low_veg,1,0
862.5,980.0,993.6667,2263.1428,2279.0,0.38979132798525673,0.0034911275796965084,0.0007167258910722191,743906.25,845250.0,857037.5287499999,1951960.665,1965637.5,336.19502038728393,3.0110975374882383,0.618176081049789,960400.0,973793.366,2217879.944,2233420.0,381.9955014255516,3.4213050281025783,0.7023913732507747,987373.51068889,2248809.63770476,2264566.4093,387.3226625677277,3.4690172213960166,0.7121866509862914,5121815.33319184,5157702.4412,882.1534374322723,7.900920245871579,1.622053039953677,5193841.0,888.3344364784001,7.956279754128342,1.6334183057535874,0.15193727937250998,0.0013608112554558572,0.00027937353688245676,1.21879717777176e-05,2.50218152540478e-06,5.136960029332666e-07,non_veg,medium_veg,1,0
901.0,1177.0,1221.3334,2886.8,2932.0,0.40540713697369224,0.007767924658005056,0.0007626271672544531,811801.0,1060477.0,1100421.3934,2601006.8000000003,2641732.0,365.2718304132967,6.998900116862555,0.6871270776962622,1385329.0,1437509.4118,3397763.6,3450964.0,477.1642002180358,9.142847322471951,0.8976121758584913,1491655.27395556,3525745.25912,3580949.5288,495.13727698434525,9.487225833505152,0.9314220311152499,8333614.240000001,8464097.6,1170.3293230156548,22.424444902728997,2.2015521064301553,8596624.0,1188.6537256068657,22.775555097270825,2.2360228543900567,0.16435494670920606,0.003149172095829177,0.000309174496454985,6.034065349244296e-05,5.924030377380412e-06,5.816001962345516e-07,non_veg,medium_veg,1,0
1319.0,1412.0,1496.0,1657.0,1764.5,0.05106248017760863,0.03141896828876224,0.00015453265302390226,1739761.0,1862428.0,1973224.0,2185583.0,2327375.5,67.35141135426578,41.441619172877395,0.20382856933852708,1993744.0,2112352.0,2339684.0,2491474.0,72.10022201078338,44.363583223732284,0.21820010606975,2238016.0,2478872.0,2639692.0,76.3894703457025,47.00277655998831,0.2311808489237578,2745649.0,2923776.5,84.6105296542975,52.06123045447904,0.25606060606060604,3113460.25,90.09974627339042,55.43876954552098,0.27267286626067555,0.0026073768818886743,0.0016043304454458362,7.890820531826282e-06,0.0009871515683302474,4.855256524936284e-06,2.388034085060577e-08,non_veg,low_veg,1,0
3900.3333,4058.5,4101.25,4042.0,5494.25,-0.007275964756086329,0.15228732468213396,8.983765634099785e-06,15212599.851088889,15829502.69805,15996241.946625,15765147.1986,21429406.233525,-28.378687627789887,593.971323625639,0.035039680262075004,16471422.25,16644923.125,16404457.0,22298413.625,-29.529502962576366,618.0581072224406,0.03646061282599398,16820251.5625,16577252.5,22533292.8125,-29.84055045589906,624.5683903526019,0.03684466880685174,16337764.0,22207758.5,-29.409449544100944,615.5453663651855,0.03631238069303133,30186783.0625,-39.97596936112731,836.7046336348145,0.049359054335152745,5.29396631318104e-05,-0.0011080372071858825,-6.53655621306496e-08,0.023191429258841687,1.3681136339883512e-06,8.070804496843232e-11,non_veg,low_veg,1,0
916.75,970.0,1144.0,1369.2,2301.0,0.08960687569632343,0.25388262220042507,0.0003600636742506446,840430.5625,889247.5,1048762.0,1255214.1,2109441.75,82.1471032946045,232.7468939022397,0.33008837336927843,940900.0,1109680.0,1328124.0,2231970.0,86.91866942543373,246.26614353441232,0.34926176402312525,1308736.0,1566364.8,2632344.0,102.51026579659401,290.4417197972863,0.4119128433427374,1874708.6400000001,3150529.2,122.68973420340605,347.616086316822,0.49299918278398264,5294601.0,206.18542097724023,584.183913683178,0.8285065144507332,0.008029392172056359,0.022749628568970132,3.2264180901339e-05,0.06445638585536377,9.141390977787333e-05,1.2964584951487433e-07,non_veg,low_veg,1,0
884.0,1172.6666,1129.3334,3124.0,2994.0,0.46896549421684186,-0.02124877410918601,0.0008102027677105261,781456.0,1036637.2744,998330.7256,2761616.0,2646696.0,414.5654968876882,-18.783916312520432,0.716219246656105,1375146.95475556,1324331.55844444,3663410.4584,3510963.8004,549.9401716205837,-24.917727688787185,0.9500977249216924,1275393.92835556,3528037.5416,3381224.1996,529.6183960665863,-23.996950310559008,0.9149890463479387,9759376.0,9353256.0,1465.048203933414,-66.38117031709709,2.5310734463276834,8964036.0,1404.0826896852245,-63.61882968290291,2.4257470865253152,0.21992863476604674,-0.00996494185161645,0.00037995714137522,0.00045151040114321366,-1.7215815593718274e-05,6.564285248057967e-07,non_veg,medium_veg,1,0
1079.6,1149.25,1152.0,1238.3334,1687.4,0.03611772315945549,0.1534885577749497,0.000118622143862398,1165536.16,1240730.2999999998,1243699.2,1336904.7386399999,1821717.04,38.99269392294814,165.7062469738357,0.12806446651384487,1320775.5625,1323936.0,1423154.65995,1939244.4500000002,41.50829334100422,176.39672502286095,0.13632649883386092,1327104.0,1426560.0768,1943884.8,41.60761707969272,176.81881855674206,0.1366527097294825,1533469.60955556,2089563.7791600002,44.72578292030725,190.0700076105499,0.14689376272441246,2847318.7600000002,60.945046059265195,258.99659238945014,0.2001630055534104,0.0013044899262230672,0.005543657237859723,4.284361752603193e-06,0.023558737367834075,1.8207141781612072e-05,1.4071213014511449e-08,non_veg,low_veg,1,0
949.0,1024.0,1077.0,1359.3334,2127.0,0.11588455011945409,0.22019311176607492,0.000317751255679322,900601.0,971776.0,1022073.0,1290007.3966,2018523.0,109.97443806336193,208.9632630660051,0.3015459416396766,1048576.0,1102848.0,1391957.4016,2178048.0,118.66577932232099,225.47774644846072,0.32537728581562575,1159929.0,1464002.0718,2290779.0,124.80766047865205,237.1479813720627,0.3422181023666298,1847787.29235556,2891302.1418,157.52573952134793,299.3158512735586,0.4319298947368421,4524129.0,246.48643810407884,468.35074872644134,0.6758569208299179,0.013429228956388267,0.025516979696414265,3.682246131428986e-05,0.04848500646922716,6.99666377556076e-05,1.0096586048578588e-07,non_veg,low_veg,1,0
1096.6666,1090.6666,1109.3334,1421.5,2208.4375,0.12334537706037861,0.21679092270872433,0.00020818208999726833,1202677.63155556,1196097.63195556,1216568.88804444,1558911.5719,2421919.6444375,135.2687552865234,237.7473641178395,0.22830634481819825,1189553.63235556,1209912.88764444,1550382.5719,2408669.0194375,134.52868302416113,236.44661858158716,0.22705725227821466,1230620.59235556,1576917.4281,2449893.4805625,136.83114650867182,240.49341137760635,0.23094334571577566,2020662.25,3139293.90625,175.3354534913282,308.1682966304516,0.29593084093111693,4877196.19140625,272.4005561517799,478.7692033695484,0.45975713437834226,0.015214082042166973,0.026740158104774998,2.5678298387930735e-05,0.046998304168900086,4.513198738193849e-05,4.333978259563073e-08,non_veg,low_veg,1,0
983.0,1145.6666,1114.0,2116.0,2136.2,0.31021671826625385,0.004750482103381737,0.0005441506447200578,966289.0,1126190.2678,1095062.0,2080028.0,2099884.5999999996,304.94303405572754,4.669723907624247,0.5349000837598168,1312551.95835556,1276272.5924,2424230.5256,2447372.99092,355.40493287925693,5.442468679742203,0.6234152190242366,1240996.0,2357224.0,2379726.8,345.5814241486068,5.292037063167254,0.6061838182181444,4477456.0,4520199.199999999,656.4185758513931,10.052020130755755,1.1514227642276422,4563350.4399999995,662.6849535603715,10.147979869244065,1.1624146072509873,0.09623441229188431,0.0014736789682936531,0.00016880462724752258,2.2567080214550167e-05,2.584977899286268e-06,2.9609992414925456e-07,non_veg,medium_veg,1,0
1604.0,1782.0,1803.75,1887.5,1943.25,0.022688791059939047,0.01455328591006983,9.3581729281426e-05,2572816.0,2858328.0,2893215.0,3027550.0,3116973.0,36.39282086014223,23.343470599752006,0.1501050937674073,3175524.0,3214282.5,3363525.0,3462871.5,40.43142566881138,25.933955491744435,0.16676264157950113,3253514.0625,3404578.125,3505137.1875,40.92490687436506,26.250489460288456,0.16879804419137215,3562656.25,3667884.375,42.82509312563495,27.469327155256803,0.17663551401869157,3776220.5625,44.08999322722655,28.280672844743197,0.18185269542613108,0.00051478123976157,0.00033019646324912926,2.1232563026940543e-06,0.00021179813078023703,1.3619216621913463e-06,8.757540055302105e-09,non_veg,low_veg,1,0
1086.0,1158.5,1296.5,1677.0,2226.5,0.12796367916596604,0.14077110285641092,0.00032420885633268763,1179396.0,1258131.0,1407999.0,1821222.0,2417979.0,138.96855557423913,152.87741770206227,0.35209081797729874,1342122.25,1501995.25,1942804.5,2579400.25,148.24592231377167,163.08332265915206,0.3755959600614186,1680912.25,2174230.5,2886657.25,165.90491003867498,182.50973485333677,0.4203367822353295,2812329.0,3733840.5,214.59508996132504,236.07313949020113,0.5436982520699172,4957302.25,284.9111316630234,313.4268605097989,0.721851018624729,0.01637470318569029,0.018013588241756973,4.1486958074520816e-05,0.019816503399410223,4.5639238261768125e-05,1.0511138252454928e-07,non_veg,low_veg,1,0
1063.3334,1079.5,1252.0,1506.4,2290.5,0.09222737819025525,0.2065105744159709,0.0002763446203480856,1130677.91955556,1147868.4053,1331293.4168,1601805.4337600002,2435565.1527,98.06845162412996,219.58959122968736,0.29384646472643905,1165320.25,1351534.0,1626158.8,2472594.75,99.55945475638055,222.92816508204058,0.2983140176657584,1567504.0,1886012.8,2867706.0,115.46867749419958,258.5512391687956,0.34598346467580315,2269240.9600000004,3450409.2,138.93132250580052,311.0875293002186,0.4162855360923562,5246390.25,211.24680974477965,473.0124706997813,0.6329673529072901,0.008505889287848371,0.019045928846948598,2.54865398116854e-05,0.04264661734561426,5.706808628484656e-05,7.636634919532756e-08,non_veg,low_veg,1,0
727.5,1097.5,900.0,3414.0,2634.0,0.5827538247566064,-0.12896825396825398,0.0010801741305834628,529256.25,798431.25,654750.0,2483685.0,1916235.0,423.9534075104312,-93.82440476190477,0.7858266799994692,1204506.25,987750.0,3746865.0,2890815.0,639.5723226703756,-141.54265873015873,1.1854911083153505,810000.0,3072600.0,2370600.0,524.4784422809457,-116.07142857142858,0.9721567175251166,11655396.0,8992476.0,1989.5215577190543,-440.2976190476191,3.687714481811942,6937956.0,1534.9735744089014,-339.70238095238096,2.845178659956841,0.33960202026845354,-0.07515674327218139,0.000629475606000655,0.01663281053162006,-0.00013930817160302597,1.1667761523817398e-06,veg,high_veg,0,1
708.5,1030.5,886.0,3307.5,2704.6667,0.5774412781685943,-0.10026889307643445,0.00110752624595371,501972.25,730109.25,627731.0,2343363.75,1916256.3569500002,409.11714558244904,-71.04051074465382,0.7846823452582036,1061930.25,913023.0,3408378.75,2787159.0343500003,595.0532371527364,-103.32709431526571,1.1413057964552982,784996.0,2930445.0,2396334.6962,511.6129724573745,-88.83823926572093,0.9812682539149871,10939556.25,8945685.11025,1909.8870275426254,-331.63936385030695,3.663143058491896,7315221.958088892,1561.786196268034,-271.19393614969283,2.9954893568070093,0.3334384297329798,-0.05789939777860642,0.0006395313710687752,0.010053850918773446,-0.0001110504307348774,1.2266143854763178e-06,veg,high_veg,0,1
1174.0,1138.0,1314.0,1606.0,2373.5,0.1,0.19286342505339868,0.00022892875122545772,1378276.0,1336012.0,1542636.0,1885444.0,2786489.0,117.4,226.42166101269004,0.26876235393868736,1295044.0,1495332.0,1827628.0,2701043.0,113.80000000000001,219.4785777107677,0.2605209188945709,1726596.0,2110284.0,3118779.0,131.4,253.42254052016585,0.30081237911025144,2579236.0,3811841.0,160.60000000000002,309.73866063575827,0.3676595744680851,5633502.25,237.35000000000002,457.7613393642418,0.5433623910336239,0.010000000000000002,0.01928634250533987,2.2892875122545773e-05,0.03719630072332793,4.415198305453922e-05,5.240837313764751e-08,non_veg,low_veg,1,0
1381.2,1528.0,1588.0,1634.0,1604.5,0.014276846679081317,-0.009109155473212907,0.0001119319652012021,1907713.4400000002,2110473.6,2193345.6,2256880.8000000003,2216135.4,19.719180633147115,-12.581565539601668,0.15460043033590035,2334784.0,2426464.0,2496752.0,2451676.0,21.815021725636253,-13.918789563069321,0.1710320428274368,2521744.0,2594792.0,2547946.0,22.67163252638113,-14.465338891462096,0.17774796073950894,2669956.0,2621753.0,23.328367473618872,-14.88436004322989,0.18289683113876423,2574420.25,22.907200496585972,-14.61563995677011,0.17959483816532876,0.00020382835109799521,-0.00013005001606697508,1.5980355056658275e-06,8.297671343516466e-05,-1.0196056734400068e-06,1.2528764833803117e-08,non_veg,low_veg,1,0
1440.0,1573.0,1605.0,1688.5,1870.0,0.025352967967208137,0.05100463678516229,0.00010213188493743754,2073600.0,2265120.0,2311200.0,2431440.0,2692800.0,36.50827387277972,73.44667697063369,0.14706991430991007,2474329.0,2524665.0,2656010.5,2941510.0,39.880218612418396,80.23029366306028,0.16065345500658926,2576025.0,2710042.5,3001350.0,40.69151358736906,81.86244204018547,0.16392167532458726,2851032.25,3157495.0,42.80848641263094,86.12132921174653,0.17244968771686328,3496900.0,47.410050098679214,95.37867078825347,0.1909866248330082,0.0006427729847462819,0.0012931189225933054,2.5893464072494413e-06,0.00260147297358633,5.209199695417989e-06,1.0430921920873981e-08,non_veg,low_veg,1,0
2153.0,2605.0,2486.6667,2800.0,2518.5,0.05926859357333796,-0.05292845727178716,0.00010727550072953973,4635409.0,5608565.0,5353793.4051,6028400.0,5422330.5,127.60528196339664,-113.95496850615775,0.23096415307069904,6786025.0,6477766.753500001,7294000.0,6560692.5,154.3946862585454,-137.87863119300556,0.279452679400451,6183511.276888891,6962666.760000001,6262670.083950001,147.38123799465353,-131.615432180126,0.2667584153899722,7840000.0,7051800.0,165.9520620053463,-148.19968036100406,0.30037140204271123,6342842.25,149.26795291445166,-133.30031963899597,0.2701733485873458,0.003512766184161518,-0.0031369952225053376,6.35806805311541e-06,0.0028014215891713993,-5.677926756673016e-06,1.150803305677348e-08,non_veg,low_veg,1,0
793.0,843.8,974.1667,1419.3334,2298.25,0.18598983973303362,0.23642148821731881,0.0005557770975312132,628849.0,669133.3999999999,772514.1931,1125531.3862,1822512.25,147.48994290829566,187.48224015633383,0.44073123834225203,711998.44,822001.8614599999,1197633.52292,1939263.3499999999,156.93822676673378,199.4924517577736,0.46896471489683766,949000.75938889,1382667.33447778,2238878.618275,181.18510840625825,230.31394098575436,0.5414195410375601,2014507.30035556,3261982.98655,263.9815915937417,335.56091470454703,0.7888329974811084,5281953.0625,427.4511491664445,543.355685295453,1.2773147144011108,0.034592220483919536,0.04397199470298442,0.00010336889329712093,0.05589512009089182,0.00013139764851543135,3.088881821402196e-07,non_veg,low_veg,1,0
816.75,1134.0,1096.0,2989.2,3006.0,0.4634289630862626,0.0028022417934347784,0.0008887390509226674,667080.5625,926194.5,895158.0,2441429.0999999996,2455150.5,378.50560560070494,2.2887309847878554,0.7258776198410886,1285956.0,1242864.0,3389752.8,3408804.0,525.5284441398218,3.1777421937550385,1.0078300837463048,1201216.0,3276163.1999999997,3294576.0,507.91814354254376,3.071257005604517,0.9740579998112434,8935316.639999999,8985535.2,1385.2818564574561,8.37646116893524,2.6566187710180373,9036036.0,1393.0674630373053,8.423538831064944,2.671549587073538,0.21476640382720852,0.0012986400086484682,0.0004118674168233609,7.852559068872564e-06,2.4904617119530584e-06,7.898571006349236e-07,non_veg,medium_veg,1,0
713.5,1097.3334,878.0,3346.0,2631.0,0.584280303030303,-0.11962523004851933,0.0011011340949179682,509082.25,782947.3809,626453.0,2387371.0,1877218.5,416.8839962121212,-85.35260163961854,0.7856591767239702,1204140.59075556,963458.7252,3671677.5564,2887084.1754,641.1502914772726,-131.2687604149239,1.2083112202322568,770884.0,2937788.0,2310018.0,512.998106060606,-105.03095198259997,0.966795735337976,11195716.0,8803326.0,1955.0018939393938,-400.2660197423457,3.6843946815955215,6922161.0,1537.2414772727273,-314.73398025765437,2.897083803729174,0.34138347250918266,-0.06989466566281857,0.0006433709626556688,0.014310195664161172,-0.00013172341941883006,1.212496294990813e-06,veg,high_veg,0,1
743.5,1063.3334,914.0,3198.0,2691.5,0.5554474708171206,-0.08600050938110196,0.0010309079171796007,552792.25,790588.3829,679559.0,2377713.0,2001130.25,412.9751945525292,-63.94137872484931,0.7664800364230331,1130677.91955556,971886.7276,3400540.2132,2861961.8460999997,590.6258476653696,-91.44721404193903,1.0961988206615032,835396.0,2922972.0,2460031.0,507.6789883268483,-78.6044655743272,0.942249836302155,10227204.0,8607417.0,1776.3210116731518,-275.0296290007641,3.296843519140363,7244172.25,1494.9868677042803,-231.4703709992359,2.7746886590888953,0.3085218928371361,-0.04776876542471714,0.0005726151952427549,0.007396087613809006,-8.865860600245653e-05,1.0627711337035824e-06,veg,high_veg,0,1
905.0,961.3333,1282.0,1584.0,2553.5,0.10537334263782275,0.2343202416918429,0.00047313644167948805,819025.0,870006.6365,1160210.0,1433520.0,2310917.5,95.36287508722958,212.05981873111782,0.4281884797199367,924161.71368889,1232429.2906,1522751.9472,2454764.5815500002,101.29890321004885,225.2598512024169,0.4548418168299998,1643524.0,2030688.0,3273587.0,135.08862526168878,300.3985498489426,0.6065609182331037,2509056.0,4044744.0,166.91137473831122,371.16326283987917,0.7494481236203091,6520362.25,269.0708304256804,598.3367371601208,1.2081539038285727,0.011103541338667993,0.024691107114772,4.985596838353293e-05,0.05490597566652367,0.00011086544536755618,2.238580924451276e-07,non_veg,low_veg,1,0
1264.4,1392.0,1423.6364,1769.5,2309.5,0.10831469648462241,0.13238538857563129,0.0002255791580757003,1598707.3600000003,1760044.8,1800045.8641600003,2237355.8000000003,2920131.8000000003,136.9531022351566,167.3880853150282,0.2852222874709155,1937664.0,1981701.8688,2463144.0,3214824.0,150.7740575065944,184.28046089727874,0.3140061880413748,2026740.5994049602,2519124.6098,3287888.2658,154.20074457046053,188.46865800441287,0.32114270051792093,3131130.25,4086660.25,191.66285542953935,234.25594508457957,0.3991623202149517,5333790.25,250.15279153123547,305.74405491542046,0.5209750655758298,0.011732073474555875,0.014339283182568302,2.4433538040226136e-05,0.017525891108320885,2.9863384496415337e-05,5.088595655814178e-08,non_veg,low_veg,1,0
740.0,1066.0,1034.0,3268.0,2799.6667,0.5192933519293352,-0.07718507346489546,0.0010439430654595248,547600.0,788840.0,765160.0,2418320.0,2071753.3580000002,384.2770804277081,-57.11695436402264,0.7725178684400483,1136356.0,1102244.0,3483688.0,2984444.7022,553.5667131566713,-82.27928831357856,1.1128433077798534,1069156.0,3379112.0,2894855.3678,536.9493258949326,-79.8093659627019,1.0794371296851486,10679824.0,9149310.775600001,1697.0506741050676,-252.24082008327838,3.411605937921727,7838133.631088891,1453.8483049279407,-216.09247991672146,2.9226926370629522,0.26966558535800444,-0.04008169551849755,0.0005421126936858621,0.00595753556578131,-8.05768222006616e-05,1.0898171239210296e-06,veg,high_veg,0,1
745.0,835.0,949.5,1830.5,2156.0,0.3169064748201439,0.08165057067603161,0.0007949160523245893,555025.0,622075.0,707377.5,1363722.5,1606220.0,236.0953237410072,60.82967515364355,0.5922124589818191,697225.0,792832.5,1528467.5,1800260.0,264.61690647482015,68.1782265144864,0.6637549036910321,901550.25,1738059.75,2047122.0,300.90269784172665,77.52721685689201,0.7547727916821976,3350730.25,3946558.0,580.0973021582734,149.46136962247587,1.4550938337801607,4648336.0,683.2503597122302,176.03863037752416,1.7138390088118145,0.10042971378293049,0.025875594519994192,0.00025191404392013066,0.0066668156917216335,6.490534931184093e-05,6.318915302433093e-07,non_veg,medium_veg,1,0
853.25,1087.6,2190.8333,2508.0,2645.0,0.06749903215336459,0.026586454492528624,0.0007723601711864731,728035.5625,927994.7,1869328.513225,2139951.0,2256846.25,57.59354918485833,22.68489229575005,0.6590163160648582,1182873.7599999998,2382750.2970799995,2727700.8,2876701.9999999995,73.41194736999931,28.91542790607413,0.8400189221824081,4799750.548388889,5494609.9163999995,5794754.0785,147.87912735936183,58.24648983116631,1.6921123826290256,6290064.0,6633660.0,169.2875726406384,66.67882786726179,1.9370793093356746,6996025.0,178.53494004564934,70.32117213273821,2.0428926527882214,0.004556119341640946,0.001794559946635154,5.213356402889393e-05,0.0007068395624832955,2.0534318543090787e-05,5.965402340351981e-07,non_veg,low_veg,1,0
782.0,1093.0,914.5,3194.0,2667.0,0.5548253620542777,-0.0899163965193653,0.0009644520257091241,611524.0,854726.0,715139.0,2497708.0,2085594.0,433.87343312644515,-70.31462207814366,0.7542014841045351,1194649.0,999548.5,3491042.0,2915031.0,606.4241207253255,-98.27862139566626,1.0541460641000726,836310.25,2920913.0,2438971.5,507.38779359863696,-82.22854461695957,0.881991377510994,10201636.0,8518398.0,1772.112206401363,-287.19297048285273,3.0804597701149423,7112889.0,1479.7192405987587,-239.80702951714724,2.572193552566234,0.3078311823786603,-0.04988789725347285,0.0005351024443480463,0.008084958363027727,-8.67200507675667e-05,9.301677098944331e-07,veg,high_veg,0,1
697.8,1043.3334,845.3333,3283.0,2595.0,0.5904723584212543,-0.1170466144947261,0.0011268610512150763,486924.8399999999,728038.04652,589873.5767399999,2290877.4,1810790.9999999998,412.03161170635127,-81.67512759441986,0.7863236415378801,1088544.5835555599,881964.46602222,3425263.5522,2707450.173,616.0595333176659,-122.11864225927187,1.1756917718917996,714588.38808889,2775229.2239,2193639.9135,499.1459473030217,-98.94340088465465,0.9525731710651094,10778089.0,8519385.0,1938.520752696978,-384.2640353861858,3.6994848311390953,6734025.0,1532.275770103155,-303.73596461381425,2.924204427903123,0.34865760605955826,-0.0691127905059243,0.00066538030252402,0.013699909964677025,-0.00013189527105069283,1.2698158287455467e-06,veg,high_veg,0,1
1029.3334,1098.8,1287.3334,1460.0,2301.0,0.0628487973101481,0.223610741823983,0.00028629288664006356,1059527.24835556,1131031.53992,1325095.26555556,1502826.764,2368496.1534,64.6923662211656,230.17000515820263,0.2946908304010312,1207361.44,1414521.93992,1604248.0,2528338.8,69.05825848439073,245.7034831161925,0.3145786238401018,1657227.28275556,1879506.764,2962154.1534,80.9073559271838,287.86157654879025,0.3685543951541676,2131600.0,3359460.0,91.75924407281623,326.4716830630152,0.4179876144944928,5294601.0,144.61508261065077,514.5283169369849,0.6587599321587863,0.003949971323332079,0.014053666189267363,1.799316360377856e-05,0.05000176385907198,6.401816476051408e-05,8.196361694070029e-08,non_veg,low_veg,1,0
1051.0,926.0,908.5,2216.3333,2054.0,0.4185289820100163,-0.03801419903219259,0.0004998035601253017,1104601.0,973226.0,954833.5,2329366.2983,2158754.0,439.87396009252717,-39.95292318283441,0.5252935416916921,857476.0,841271.0,2052324.6357999998,1902004.0,387.5578373412751,-35.201148303810335,0.46281809667602936,825372.25,2013538.8030499998,1866059.0,380.23358015609983,-34.53589982074696,0.45407153437383657,4912133.296688889,4552348.5982,927.5997198439,-84.25213518787619,1.1077312737642582,4218916.0,859.6585290485735,-78.08116481212357,1.0265965124973697,0.17516650878234055,-0.01591004402286971,0.0002091822752242245,0.0014450793280591518,-1.8999632011601652e-05,2.49803598713926e-07,non_veg,medium_veg,1,0
1224.6666,1317.0,1376.8334,1670.0,2461.4167,0.09622009526349554,0.19156060922152932,0.0002175687145156981,1499808.28115556,1612885.9122000001,1686161.87874444,2045193.222,3014414.82117222,117.83753691802119,234.59787998925896,0.2664491378723106,1734489.0,1813289.5877999999,2199390.0,3241685.7939000004,126.72186546202362,252.28532234475412,0.28653799701717436,1895670.21135556,2299311.778,3388960.72387778,132.47904090996246,263.74704490054955,0.29955587294027797,2788900.0,4110565.8890000004,160.68755909003755,319.90621739995396,0.3633397532412158,6058572.171038891,236.83774935715883,471.5104826000463,0.5355272673064717,0.009258306732516156,0.01843198006802879,2.0934482437056734e-05,0.03669546700532346,4.167759550017212e-05,4.733614553601334e-08,non_veg,low_veg,1,0
1006.875,1055.3334,1247.0,1400.0,2167.5,0.05780128447298829,0.21513665031534687,0.0002786095214471749,1013797.265625,1062588.817125,1255573.125,1409625.0,2182401.5625,58.198668303740085,216.61571478626487,0.2805249619071242,1113728.58515556,1316000.7497999999,1477466.76,2287435.1445,60.99962606724594,227.04089264190608,0.29402593354122003,1555009.0,1745800.0,2702872.5,72.0782017378164,268.27540294323757,0.3474260732446271,1960000.0,3034500.0,80.9217982621836,301.1913104414856,0.39005333002604486,4698056.25,125.28428409520211,466.30868955851435,0.6038861377367516,0.003340988486727317,0.012435174725443171,1.610398820605129e-05,0.04628377830890784,5.9939119190107006e-05,7.762326544102381e-08,non_veg,low_veg,1,0
1311.3334,1403.0,1517.5,1699.6666,2461.4167,0.056623303250754875,0.18306533301075711,0.0001740991293167132,1719595.28595556,1839800.7602,1989948.4345,2228829.58144444,3227737.93002778,74.25202877104344,240.05968555912835,0.22830200318392518,1968409.0,2129052.5,2384632.2398,3453367.6301,79.44249446080909,256.8406622140922,0.24426107843134862,2302806.25,2579244.0655,3735199.84225,85.92586268302053,277.8016428438239,0.26419542873811225,2888866.55115556,4183587.7536722203,96.24073731697949,311.1500321362613,0.29591047518869823,6058572.171038891,139.37354423057235,450.6000678637389,0.4285305043556175,0.0032061984710269474,0.010365763865768526,9.85806779499264e-06,0.0335129161503394,3.187151508524697e-05,3.031050682883762e-08,non_veg,low_veg,1,0
1302.0,1368.0,1608.0,1804.25,2360.5,0.057513370942926224,0.13356143826160033,0.00021363815354107101,1695204.0,1781136.0,2093616.0,2349133.5,3073371.0,74.88240896768994,173.89699261660363,0.27815687591047444,1871424.0,2199744.0,2468214.0,3229164.0,78.67829144992308,182.71204754186925,0.29225699404418515,2585664.0,2901234.0,3795684.0,92.48150047622536,214.76679272465333,0.3435301508940422,3255318.0625,4258932.125,103.76849952377464,240.9782249834924,0.3854566385264774,5571960.25,135.76031211077736,315.2717750165076,0.5042928614336981,0.0033077878372186303,0.007681568542410159,1.2287050372169444e-05,0.017838657790507275,2.853381905449805e-05,4.564126064843823e-08,non_veg,low_veg,1,0
1393.0,1514.5,1584.3334,1634.1666,1760.375,0.015483361814509876,0.03717980654589709,0.00010586637852990509,1940449.0,2109698.5,2206976.4262,2276394.0738,2452202.375,21.568323007612257,51.79147051843464,0.14747186529215778,2293710.25,2399472.9343,2474945.3157,2666087.9375,23.449551468075207,56.308817013761136,0.16033463028354125,2510112.32235556,2589064.72554444,2789020.909025,24.5308072670126,58.90520931620339,0.16772763944197153,2670500.4765555602,2876746.028475,25.302392732987435,60.757998051766386,0.173003299856528,3098920.140625,27.256523054217823,65.45040194823359,0.18636452610458165,0.00023973449307902254,0.0005756683969436073,1.6391674427703805e-06,0.0013823380147903318,3.936091473456584e-06,1.1207690103037148e-08,non_veg,low_veg,1,0
379.2,553.5,395.0,2774.6667,1913.0,0.7507624382084085,-0.183815692357138,0.0022707389183828576,143792.63999999998,209887.19999999998,149784.0,1052153.61264,725409.6,284.6891165686285,-69.70291054182672,0.8610641978507796,306362.25,218632.5,1535778.01845,1058845.5,415.5470095483541,-101.74198571967588,1.2568539913249117,156025.0,1095993.3465,755635.0,296.55116309232136,-72.6071984810695,0.8969418727612287,7698775.296088891,5307937.397100001,2083.1155369076787,-510.02728052079533,6.300543661230933,3659569.0,1436.2085442926855,-351.63941947920495,4.343923550866407,0.5636442386246344,-0.13800191737501163,0.0017047854868998385,0.033788208756733995,-0.0004173974464448436,5.15625523545855e-06,veg,high_veg,0,1
696.75,1061.5,892.5,3343.3333,2986.6667,0.5785953144095637,-0.05634543443917844,0.0011345040448929127,485460.5625,739600.125,621849.375,2329467.476775,2080960.0232250001,403.13628531486347,-39.25868144549758,0.790465693279137,1126782.25,947388.75,3548948.2979499996,3170346.7020500004,614.1789262457519,-59.81067865718792,1.204276043653827,796556.25,2983924.97025,2665600.02975,516.3963181105356,-50.28830023696676,1.0125448600669245,11177877.55488889,9985422.23411111,1934.436981889464,-188.3815672634721,3.7930251522751695,8920177.976888891,1728.0713583230743,-168.28503273652746,3.3883854518969674,0.33477253785670186,-0.03260120435487991,0.0006564187245537365,0.0031748079821397562,-6.392412328249637e-05,1.28709942787838e-06,veg,high_veg,0,1
683.875,1028.5,882.25,3369.75,2875.0,0.5850188146754468,-0.0792265503022539,0.001163795842521204,467685.015625,703365.4375,603348.71875,2304487.78125,1966140.625,400.0797418861712,-54.18105708795388,0.7958908818041884,1057812.25,907394.125,3465787.875,2956937.5,601.691850893697,-81.48450698586814,1.1969640240330583,778365.0625,2972961.9375,2536468.75,516.132849247413,-69.8976240041635,1.0267588820643323,11355215.0625,9688031.25,1971.367150752587,-266.97366788102005,3.9217010403358277,8265625.0,1681.9290921919096,-227.77633211897995,3.345913047248462,0.3422470135242648,-0.046349022548649234,0.0006808424643159678,0.0062768462727955665,-9.220352985906012e-05,1.3544207630696392e-06,veg,high_veg,0,1
1190.0,1187.0,1378.0,1544.4,2198.0,0.05693950177935946,0.17464728516460024,0.00019267357638474354,1416100.0,1412530.0,1639820.0,1837836.0,2615620.0,67.75800711743776,207.83026934587429,0.22928155589784482,1408969.0,1635686.0,1833202.8,2609026.0,67.58718861209968,207.30632749038048,0.22870353516869057,1898884.0,2128183.2,3028844.0,78.46263345195734,240.66395895681913,0.2655041882581766,2385171.3600000003,3394591.2,87.93736654804276,269.7252672082086,0.29756507136859794,4831204.0,125.1530249110321,383.8747327917913,0.4234965208936663,0.0032421068628816795,0.009944329404390054,1.0970737445394656e-05,0.030501674215365194,3.3649917038549694e-05,3.71231070368876e-08,non_veg,low_veg,1,0
907.0,1066.0,970.0,2140.0,2123.0,0.3762057877813505,-0.003987802017358668,0.0006345465025320104,822649.0,966862.0,879790.0,1940980.0,1925561.0,341.2186495176849,-3.6169364297443116,0.5755336777965334,1136356.0,1034020.0,2281240.0,2263118.0,401.0353697749196,-4.25099695050434,0.6764265716991231,940900.0,2075800.0,2059310.0,364.91961414791,-3.8681679568379077,0.6155101074560501,4579600.0,4543220.0,805.0803858520901,-8.53389631714755,1.3579295154185023,4507129.0,798.6848874598071,-8.466103682852452,1.347142224875458,0.14153079476018654,-0.0015002341994564763,0.0002387200668689557,1.590256492964986e-05,-2.530445822905038e-06,4.026492638756067e-07,non_veg,medium_veg,1,0
880.6,1130.5,1135.0,2494.5,2724.5,0.37456949993112,0.04406974516190841,0.000733874051042966,775456.36,995518.3,999481.0,2196656.7,2399194.7,329.8459016393443,38.807817589576544,0.6462494893484358,1278030.25,1283117.5,2820032.25,3080047.25,423.45081967213116,49.82084690553746,0.829644614704073,1288225.0,2831257.5,3092307.5,425.13638242182117,50.01916075876605,0.8329470479337664,6222530.25,6796265.25,934.3636175781788,109.93197930638053,1.8306488203266786,7422900.25,1020.5146025623364,120.06802069361946,1.9994398520665608,0.14030231027864928,0.016507182407387928,0.000274886836311589,0.0019421424386355498,3.234164241040088e-05,5.385711227942139e-07,non_veg,medium_veg,1,0
952.25,1066.0,979.0,1704.8,1991.8,0.27043743945152393,0.07763891143212683,0.0004630790241539508,906780.0625,1015098.5,932252.75,1623395.8,1896691.55,257.5240517177137,73.93165341124276,0.44096700075059964,1136356.0,1043614.0,1817316.8,2123258.8,288.2863104553245,82.7630795866472,0.49364223974811156,958441.0,1668999.2,1949972.2,264.75825322304195,76.00849429205216,0.4533543646467178,2906343.04,3395620.6399999997,461.041746776958,132.35881620948982,0.7894571203776553,3967267.2399999998,538.6572918995454,154.6411837905102,0.9223608003098391,0.07313640865709667,0.02099646840950803,0.00012523390555590485,0.006027800568365633,3.5952951342364306e-05,2.1444218261137534e-07,non_veg,medium_veg,1,0
1023.0,1066.6666,1130.0,1895.6666,2233.0,0.2530571610236237,0.08170516844348728,0.0004495587338841651,1046529.0,1091199.9318,1155990.0,1939266.9318,2284359.0,258.87747572716705,83.58438731768749,0.4598985847635009,1137777.63555556,1205333.258,2022044.24695556,2381866.5178,269.9276215547212,87.15217422604188,0.4795292861725272,1276900.0,2142103.258,2523290.0,285.95459195669474,92.32684034114062,0.5080013692891066,3593551.85835556,4233023.5178000005,479.7120080433052,154.88575886569282,0.8522134765625,4986289.0,565.0766405657517,182.4476411343071,1.0038646527633406,0.0640379267453362,0.02067607796726586,0.00011376405691010155,0.00667573455037863,3.673127207724658e-05,2.0210305521153357e-07,non_veg,medium_veg,1,0
969.25,1114.0,1074.0,2038.3334,2220.0,0.30984257663398146,0.04266143181743356,0.0005405709632797652,939445.5625,1079744.5,1040974.5,1975654.64795,2151735.0,300.3149174024865,41.34959278904748,0.5239484061589124,1240996.0,1196436.0,2270703.4076,2473080.0,345.16463037025534,47.524835044620986,0.6021960530936584,1153476.0,2189170.0716,2384280.0,332.7709273048961,45.81837777192364,0.5805732145624678,4154803.04955556,4525100.148,631.562472695104,86.95822136529752,1.1018638495233188,4928400.0,687.8505201274388,94.7083786347025,1.2000675384810786,0.09600242229518467,0.013218327957208531,0.0001674919001161158,0.0018199977647135324,2.3061531292444082e-05,2.9221696634121326e-07,non_veg,medium_veg,1,0
850.125,1159.5,1121.5,2995.0,3006.0,0.4551196404712741,0.0018330278286952174,0.000841418028922243,722712.515625,985719.9375,953415.1875,2546124.375,2555475.75,386.9085843556419,1.5583027828695217,0.7153105018375219,1344440.25,1300379.25,3472702.5,3485457.0,527.7112231264423,2.1253957673721047,0.9756242045353407,1257762.25,3358892.5,3371229.0,510.41667678853395,2.0557407098816864,0.9436503194362955,8970025.0,9002970.0,1363.083323211466,5.489918346942176,2.520046996622118,9036036.0,1368.0896392566501,5.510081653057823,2.5293025949402623,0.2071338871427018,0.0008342469663696076,0.00038294587080913936,3.3599910207711033e-06,1.5423426625803486e-06,7.079842993953926e-07,non_veg,medium_veg,1,0
2414.0,2454.3333,2542.0,2486.0,3332.0,-0.011137629276054098,0.14541079408731522,1.1992624535910415e-05,5827396.0,5924760.5862,6136388.0,6001204.0,8043448.0,-26.886237072394593,351.0216569267789,0.028950195629687744,6023751.947488889,6238915.2486,6101472.583799999,8177838.5556,-27.335454415274462,356.8865541079408,0.029433897752881976,6461764.0,6319412.0,8469944.0,-28.311853619729515,369.6342385699553,0.030485251570284276,6180196.0,8283352.0,-27.688146380270485,361.49123410106563,0.02981366459627329,11102224.0,-37.11058074781225,484.5087658989343,0.039959424953653504,0.00012404678589081732,-0.001619531517281156,-1.3356940612788052e-07,0.021144299037103586,1.7438570569577537e-06,1.438230432593205e-10,non_veg,low_veg,1,0
375.16666,559.75,413.25,2839.0,1986.25,0.7458682450611115,-0.17672659447697012,0.0023070958297630503,140750.02277555558,209999.537935,155037.62224499998,1065098.14774,745174.7784249999,279.8248982996387,-66.30192618309933,0.8655454367521321,313320.0625,231316.6875,1589130.25,1111803.4375,417.49975017295714,-98.92271125848403,1.2913968907098674,170775.5625,1173216.75,820817.8125,308.23005227150435,-73.0322651676079,0.9534073516495806,8059921.0,5638963.75,2117.5199477284955,-501.72680172011815,6.5498450606973,3945189.0625,1481.4808017526327,-351.0231982798819,4.582469091866859,0.5563194389905423,-0.1318147548781644,0.001720789517733175,0.031232289195427445,-0.00040772518912604344,5.322691167710057e-06,veg,high_veg,0,1
4135.0,4370.6665,4360.0,4257.6665,5463.0835,-0.011874850343767625,0.1240045263997119,6.96584494836576e-06,17098225.0,18072705.977500003,18028600.0,17605450.977500003,22589850.272499997,-49.10250617147913,512.7587166628088,0.02880376886149242,19102725.654222254,19056105.94,18608840.339722253,23877316.04015275,-51.90101059001864,541.9824293835865,0.03044538516001646,19009600.0,18563425.94,23819044.06,-51.77434749882684,540.6597351027439,0.030371083974874716,18127724.025222253,23259987.60465275,-50.5591525011729,527.969917900419,0.02965824468085113,29845281.32797225,-64.87329897800623,677.4470820995805,0.038054992600975335,0.00014101207068687807,-0.0014725351929463604,-8.271836627973312e-08,0.015377122567616848,8.637963037959217e-07,4.852299584467278e-11,non_veg,low_veg,1,0
727.6667,1048.0,938.6667,3307.3333,2897.0,0.5578583608101741,-0.06613656619640337,0.0010704261110365504,529498.82628889,762594.7016,683036.49998889,2406636.3082111096,2108050.4299,405.9349524781487,-48.1253768734684,0.7789134358118002,1098304.0,983722.7016,3466085.2983999997,3036056.0,584.6355621290625,-69.31112137383073,1.1218065643663049,881095.17368889,3104483.63451111,2719317.4299,523.6430666090955,-62.080192340909505,1.0047733452405123,10938453.557288889,9581344.5701,1845.0235333909038,-218.7356677290192,3.5402559222206804,8392609.0,1616.1156712670745,-191.59763227098057,3.101024443672886,0.3112059507258144,-0.03689483640793916,0.0005971461556712594,0.004374045388251245,-7.079430735092744e-05,1.1458120591888332e-06,veg,high_veg,0,1
1062.6666,1066.0,1198.0,1450.8,2181.6667,0.09543944427665356,0.20120396423730472,0.00025151734933182755,1129260.30275556,1132802.5956000001,1273074.5868,1541716.70328,2318384.3344222205,101.4203097553609,213.8127325825782,0.26727908645546544,1136356.0,1277068.0,1546552.8,2325656.7022,101.7384475989127,214.48342587696683,0.2681174943877282,1435204.0,1738058.4,2613636.7066,114.33645424343096,241.04234915629104,0.3013177844995294,2104820.6399999997,3165162.0483600004,138.46354575656898,291.9067113154817,0.3649013704106154,4759669.589888891,208.21705744488068,438.95998868451863,0.5487270255095155,0.00910868752383646,0.01920279453306804,2.4004676046166564e-05,0.0404830352248066,5.060628776002271e-05,6.326097701490857e-08,non_veg,low_veg,1,0
1348.0,1526.4,1548.0,1668.0,1912.4,0.03731343283582089,0.06826052954977099,0.0001422138790079871,1817104.0,2057587.2000000002,2086704.0,2248464.0,2577915.2,50.298507462686565,92.0151938330913,0.1917043089027666,2329896.9600000004,2362867.2,2546035.2,2919087.3600000003,56.95522388059701,104.19287230477045,0.2170752649177915,2396304.0,2582064.0,2960395.2,57.76119402985074,105.6672997430455,0.220147084704364,2782224.0,3189883.2,62.23880597014925,113.85856328901802,0.23721275018532245,3657273.7600000002,71.35820895522387,130.54143671098205,0.27196982221487453,0.0013922922699933168,0.0025470346846929474,5.306488022686085e-06,0.004659499894415159,9.70759469041226e-06,2.022478738249839e-08,non_veg,low_veg,1,0
854.3333,901.75,970.0,1190.0,2343.25,0.10185185185185185,0.32639920752847945,0.00032978121761757334,729885.38748889,770395.053275,828703.301,1016656.627,2001916.505225,87.0154287037037,278.8537120851907,0.28174307592523956,813153.0625,874697.5,1073082.5,2113025.6875,91.8449074074074,294.3304853888063,0.29738021298664674,940900.0,1154300.0,2272952.5,98.79629629629629,316.60723130262505,0.31988778108904614,1416100.0,2788467.5,121.2037037037037,388.41505695889055,0.3924396489649123,5490820.5625,238.66435185185185,764.8349430411095,0.7727598381823787,0.010373799725651577,0.033244363729752535,3.3588827720308395e-05,0.1065364426752194,0.00010764032808815297,1.0875565149332926e-07,non_veg,low_veg,1,0
1125.3334,1162.0,1363.0,1609.0,2464.0,0.08277254374158816,0.20991897863982323,0.00026688433975663667,1266375.26115556,1307637.4108,1533829.4242,1810661.4406,2772821.4976,93.14670807537011,236.22883795727964,0.3003338614650911,1350244.0,1583806.0,1869658.0,2863168.0,96.18169582772543,243.9258531794746,0.3101196027972118,1857769.0,2193067.0,3358432.0,112.81897711978466,286.11956788607904,0.36376335508829577,2588881.0,3964576.0,133.18102288021535,337.7596366314756,0.4294169026684284,6071296.0,203.95154777927323,517.2403633685244,0.6576030131603527,0.006851293997453125,0.01737552784165428,2.2090695686451084e-05,0.04406597759318656,5.6024088016676735e-05,7.122725080733587e-08,non_veg,low_veg,1,0
1063.6,1210.0,1179.0,1957.3334,2042.0,0.2481666649342828,0.021170178010165398,0.0004289006649781204,1131244.9599999997,1286956.0,1253984.4,2081819.8042399997,2171871.1999999997,263.95006482410315,22.516601331611916,0.4561787472707288,1464100.0,1426590.0,2368373.414,2470820.0,300.2816645704822,25.61591539230013,0.5189698046235257,1390041.0,2307696.0786,2407518.0,292.5884979575194,24.959639873985004,0.5056738840092039,3831154.03875556,3996874.8028,485.74490204248053,41.43709650324227,0.8395015968438853,4169764.0,506.75632979580547,43.229503496757744,0.8758151578853218,0.061586693584604585,0.005253732472847838,0.00010643884761571628,0.00044817643698209054,9.07990342626512e-06,1.8395578041867386e-07,non_veg,medium_veg,1,0
682.0,1002.0,877.0,3374.0,2690.0,0.5873912020701012,-0.11279683377308707,0.0011681786740564528,465124.0,683364.0,598114.0,2301068.0,1834580.0,400.600799811809,-76.92744063324538,0.7966978557065008,1004004.0,878754.0,3380748.0,2695380.0,588.5659844742414,-113.02242744063324,1.1705150314045656,769129.0,2958998.0,2359130.0,515.1420842154788,-98.92282321899735,1.024492697147509,11383876.0,9076060.0,1981.8579157845215,-380.5765171503958,3.9414348462664717,7236100.0,1580.0823335685723,-303.4234828496042,3.142400633211858,0.3450284242693585,-0.066255867779675,0.0006861778755866768,0.012723125709233434,-0.00013176685571481095,1.364641414520292e-06,veg,high_veg,0,1
379.5,548.0,353.0,3021.0,1926.2,0.7907528156490812,-0.22129689521345408,0.002297974624409684,144020.25,207966.0,133963.5,1146469.5,730992.9,300.0906935388263,-83.98217173350582,0.8720813699634751,300304.0,193444.0,1655508.0,1055557.6,433.33254297569647,-121.27069857697283,1.2592900941765068,124609.0,1066413.0,679948.6,279.1357439241257,-78.11780401034929,0.8111850424166185,9126441.0,5819050.2,2388.8642560758744,-668.5379204398448,6.942181340341656,3710246.44,1523.14807350326,-426.26207956015526,4.426358721537934,0.6252900154569497,-0.1749911429844385,0.0018171299045420975,0.04897231583111448,-0.0005085346496611664,5.280687374430828e-06,veg,high_veg,0,1
1064.6666,1128.4,1182.0,1251.5,1665.0,0.028559687692623792,0.14177953025887194,0.0001400884431492062,1133514.96915556,1201369.79144,1258435.9212,1332430.2499,1772669.889,30.406545592767618,150.94793043031032,0.14914748646695866,1273286.5600000003,1333768.8,1412192.6,1878786.0000000002,32.22675159235669,159.9840219441111,0.1580757992495643,1397124.0,1479273.0,1968030.0,33.75755085268132,167.58340476598664,0.16558453980236174,1566252.25,2083747.5,35.74244914731867,177.43708211897822,0.17532068660123157,2772225.0,47.55188000821861,236.06291788102178,0.23324725784342834,0.0008156557611002069,0.004049179105400287,4.000882185687212e-06,0.020101435200426385,1.9861673664391142e-05,1.962477190396838e-08,non_veg,low_veg,1,0
668.0,947.3333,740.0,3378.5,2332.0,0.6406458662134272,-0.18325890902723055,0.0011992214020205587,446224.0,632818.6444,494320.0,2256838.0,1557776.0,427.9514386305694,-122.41695123019001,0.8010798965497332,897440.38128889,701026.642,3200565.55405,2209181.2556,606.9051625713246,-173.6072670431661,1.1360623682067625,547600.0,2500090.0,1725680.0,474.07794099793614,-135.6115926801506,0.8874238374952134,11414262.25,7878662.0,2164.422059002064,-619.1402241484984,4.051569506726457,5438224.0,1493.9861600097122,-427.35977585150164,2.796584309511943,0.4104271258963525,-0.11740406251507778,0.0007682762338791415,0.03358382773785076,-0.00021976800581639344,1.4381319710641544e-06,veg,high_veg,0,1
917.5,1158.0,1206.5,2758.6667,2838.25,0.39145055364254927,0.01421913247342055,0.0007266323322324314,841806.25,1062465.0,1106963.75,2531076.69725,2604094.375,359.15588296703896,13.046054044363354,0.6666851648232558,1340964.0,1397127.0,3194536.0386,3286693.5,453.29974111807206,16.465755404220996,0.8414402407251556,1455642.25,3328331.37355,3424348.625,472.2850929697357,17.155383329181895,0.8766819088384284,7610241.961688891,7829785.761275001,1079.8816070302644,39.22584725731391,2.0045364180729455,8055663.0625,1111.0345338759655,40.35745274268588,2.0623642169586986,0.15323353594705835,0.0055660872790372256,0.00028444062874696205,0.0002021837282966828,1.0332081391483475e-05,5.279945462455425e-07,non_veg,medium_veg,1,0
3740.0,3885.0,3920.5,3857.0,5298.5,-0.008164577306332368,0.15744634372781388,8.108649246654506e-06,13987600.0,14529900.0,14662670.0,14425180.0,19816390.0,-30.53551912568306,588.849325542024,0.030326348182487854,15093225.0,15231142.5,14984445.0,20584672.5,-31.71938283510125,611.679045382557,0.031502102323252755,15370320.25,15121368.5,20772769.25,-32.00922532947605,617.2683905848943,0.03178995937150899,14876449.0,20436314.5,-31.490774670523944,607.2705477581782,0.03127506014434643,28074102.25,-43.26001285760206,834.2294522418218,0.0429636780333989,6.666032259107751e-05,-0.001285482844965115,-6.620369362424444e-08,0.02478935115325692,1.2766771764570446e-06,6.57501926052707e-11,non_veg,low_veg,1,0
595.0,649.6667,1635.0,1915.0,3498.0,0.07887323943661972,0.2924441160169961,0.0011565353006115619,354025.0,386551.6865,972825.0,1139425.0,2081310.0,46.929577464788736,174.00424903011267,0.6881385038638793,422066.82108888996,1062205.0545,1244111.7305,2272534.1166,51.241317183098595,189.991203787179,0.7513624721818214,2673225.0,3131025.0,5719230.0,128.95774647887325,478.14612968778863,1.8909352164999036,3667225.0,6698670.0,151.04225352112678,560.0304821725475,2.214765100671141,12236004.0,275.8985915492958,1022.9695178274524,4.045560481539243,0.006220987899226345,0.02306601478443913,9.121968568203869e-05,0.08552356099296228,0.00033822194362979907,1.3375739015606759e-06,non_veg,low_veg,1,0
399.0,606.0,392.875,3128.0,1818.5,0.7768310434196045,-0.26473263923986656,0.002181106138107417,159201.0,241794.0,156757.125,1248072.0,725581.5,309.9555863244222,-105.62832305670676,0.8702613491048593,367236.0,238082.25,1895568.0,1102011.0,470.75961231228035,-160.42797937935913,1.3217503196930946,154350.765625,1228913.0,714443.1875,305.19749618347714,-104.00683564136257,0.8569020740089515,9784384.0,5688268.0,2429.927503816523,-828.0836955423026,6.8225,3306942.25,1412.6672524585508,-481.4163044576973,3.966341512148338,0.6034664700203914,-0.20565253236793127,0.0016943509570748888,0.07008337027890534,-0.0005774099844034494,4.757223985689851e-06,veg,high_veg,0,1
714.3333,1042.6666,998.0,3152.8,2858.0,0.5191288426327455,-0.04904505223930262,0.0010812147572674033,510272.06348889,744811.47317778,712904.6334,2252150.0282400004,2041564.5714,370.8310192830298,-35.03451401477343,0.7723477055675232,1087153.63875556,1040581.2668,3287319.2564800004,2979941.1428,541.2783053098198,-51.137637865176046,1.1273465148298287,996004.0,3146494.4000000004,2852284.0,518.09058494748,-48.94696213482401,1.0790523277528685,9940147.840000002,9010702.4,1636.7094150525202,-154.6292407000733,3.4088538867126696,8168164.0,1483.6702322443866,-140.17075929992689,3.0901117762702386,0.26949475525321387,-0.025460701205851713,0.000561289765577672,0.002405417149155923,-5.30282342520847e-05,1.16902535133281e-06,veg,high_veg,0,1
376.0,532.0,365.25,2710.0,1789.3334,0.7624583367205918,-0.20462288924843847,0.002284494993491049,141376.0,200032.0,137334.0,1018960.0,672789.3584,286.6843346069425,-76.93820635741287,0.8589701175526345,283024.0,194313.0,1441720.0,951925.3687999999,405.62783513535487,-108.85937708016927,1.2153513365372381,133407.5625,989827.5,653554.02435,278.48790748719614,-74.73851029799215,0.8344117963726058,7344100.0,4849093.5139999995,2066.262092512804,-554.5280298632682,6.1909814323607435,3201714.01635556,1364.2921680026013,-366.13857013673186,4.087723193986317,0.5813427152347314,-0.15601642779132627,0.0017418322529837045,0.041870526804378715,-0.00046745996604173113,5.218917375285669e-06,veg,high_veg,0,1
2425.0,3019.0,2900.0,3091.0,2562.0,0.03188115506593223,-0.0935786308154962,8.881461296431973e-05,5880625.0,7321075.0,7032500.0,7495675.0,6212850.0,77.31180103488566,-226.92817972757828,0.21537543643847534,9114361.0,8755100.0,9331729.0,7734678.0,96.24920714404941,-282.513886431983,0.26813131653928124,8410000.0,8963900.0,7429800.0,92.45534969120348,-271.378029364939,0.2575623775965272,9554281.0,7919142.0,98.54465030879653,-289.2515478506987,0.2745259686727123,6563844.0,81.67951927891838,-239.74845214930124,0.22754303841458715,0.0010164080483380164,-0.002983394839886459,2.8315124480362324e-06,0.008756960145302934,-8.311149877609258e-06,7.888035476001911e-09,non_veg,low_veg,1,0
404.0,532.25,369.66666,2752.0,1920.8334,0.7631607085171612,-0.17787208078079567,0.002106660924490382,163216.0,215029.0,149345.33064,1111808.0,776016.6936,308.3169262409331,-71.86032063544145,0.8510910134941143,283290.0625,196755.07978499998,1464752.0,1022363.57715,406.19228710825905,-94.67241499557849,1.1212702770600058,136653.4395155556,1017322.6483199999,710068.0673944439,282.1150701607725,-65.75337800948692,0.7787623077088717,7573504.0,5286133.5168,2100.2182698392276,-489.5039663087497,5.797530864197531,3689600.9505555597,1465.9045784874277,-341.6626336912504,4.046544666236004,0.5824142670244156,-0.13574498319409375,0.0016077208437394977,0.0316384771212899,-0.00037471616213869893,4.438020250774671e-06,veg,high_veg,0,1
922.6667,1012.0,1068.0,1621.2,2211.6667,0.2057117358322178,0.15405354430927642,0.0004664823674667474,851313.83928889,933738.7004,985408.0356,1495827.25404,2040631.2155888902,189.80336845158416,142.14007535114385,0.43040774659873116,1024144.0,1080816.0,1640654.4000000001,2238206.7004000004,208.18027666220442,155.90218684098775,0.4720801558763484,1140624.0,1731441.6,2362060.0356,219.70013386880862,164.52918532230723,0.4982031684544862,2628289.44,3585554.0540400003,333.4998661311915,249.75160603419894,0.7562612141370909,4891469.591888891,454.96579593931295,340.7150939658012,1.0317035182633687,0.04231731825910416,0.03169062201096673,9.596089754670709e-05,0.023732494514250194,7.186326206603474e-05,2.1760579915738156e-07,non_veg,medium_veg,1,0
696.25,1046.0,836.0,3247.0,2663.5,0.5904971834435464,-0.09872261230014381,0.0011266709165743418,484764.0625,728277.5,582065.0,2260723.75,1854461.875,411.1336639725692,-68.73561881397514,0.7844446256648855,1094116.0,874456.0,3396362.0,2786021.0,617.6600538819496,-103.26385246595044,1.1784977787367614,698896.0,2714492.0,2226686.0,493.6556453588048,-82.53210388292023,0.9418968862561498,10543009.0,8648384.5,1917.3443546411952,-320.552322138567,3.658300466116888,7094232.25,1572.7892481018857,-262.947677861433,3.0008879862957594,0.3486869236547613,-0.05829542450542413,0.0006652960029049077,0.009746154179364506,-0.00011122789608681641,1.2693873542544675e-06,veg,high_veg,0,1
967.0,993.0,1089.0,1254.0,2271.5,0.07042253521126761,0.28861154446177845,0.00023643349545915879,935089.0,960231.0,1053063.0,1212618.0,2196540.5,68.09859154929578,279.0873634945398,0.22863119010900654,986049.0,1081377.0,1245222.0,2255599.5,69.92957746478874,286.591263650546,0.23477846099094468,1185921.0,1365606.0,2473663.5,76.69014084507043,314.2979719188767,0.2574760765550239,1572516.0,2848461.0,88.30985915492958,361.9188767550702,0.2964876033057851,5159712.25,159.96478873239437,655.5811232449297,0.5370586849354791,0.004959333465582226,0.02032475665223792,1.665024615909569e-05,0.08329662359661312,6.82374362869647e-05,5.590079777503606e-08,non_veg,low_veg,1,0
727.0,1064.0,867.3333,3379.0,2616.0,0.591490710350033,-0.12727272727272726,0.001078087346214011,528529.0,773528.0,630551.3091,2456533.0,1901832.0,430.013746424474,-92.52727272727272,0.783769500697586,1132096.0,922842.6312000001,3595256.0,2783424.0,629.3461158124351,-135.4181818181818,1.1470849363717077,752267.05328889,2930719.2207,2268943.9128,513.0195897272382,-110.38787454545454,0.9350610556800406,11417641.0,8839464.0,1998.6471102727614,-430.0545454545454,3.642857142857143,6843456.0,1547.3396982756863,-332.94545454545454,2.8202764976958528,0.3498612604303866,-0.07528063586273147,0.0006376786502315072,0.01619834710743801,-0.0001372111167908741,1.1622723260667687e-06,veg,high_veg,0,1
410.0,582.3333,381.0,3186.0,2042.75,0.7863751051303617,-0.21864690413578772,0.00211998051084199,168100.0,238756.653,156210.0,1306260.0,837527.5,322.4137931034483,-89.64523069567296,0.8691920094452158,339112.07228889,221868.9873,1855313.8938,1189561.348575,457.93241000841044,-127.32537322017691,1.2345352468143018,145161.0,1213866.0,778287.75,299.6089150546678,-83.30447047573512,0.8077125746307982,10150596.0,6508201.5,2505.3910849453323,-696.6090365766197,6.75425790754258,4172827.5625,1606.3677460050462,-446.64096342338036,4.330590188522475,0.6183858059687873,-0.17193848222620817,0.0016670998970876876,0.04780646868816434,-0.00046352717552380684,4.494317366349864e-06,veg,high_veg,0,1
1041.5,1098.5,1329.0,1528.5,2385.5,0.06981627296587926,0.2189575881451201,0.0003056239993285058,1084722.25,1144087.75,1384153.5,1591932.75,2484498.25,72.71364829396326,228.04432805314258,0.3183073953006388,1206702.25,1459906.5,1679057.25,2620471.75,76.69317585301837,240.52491057741443,0.3357279632623636,1766241.0,2031376.5,3170329.5,92.78582677165355,290.9946346448646,0.4061742951075842,2336312.25,3646236.75,106.71417322834645,334.67667347981603,0.4671462829736211,5690610.25,166.54671916010497,522.323326520184,0.7290660503981505,0.004874311970846164,0.015286802741890274,2.133752856204266e-05,0.04794242540632804,6.691869377223543e-05,9.34060289655505e-08,non_veg,low_veg,1,0
742.75,1056.5,867.0,3202.0,2659.1667,0.5738510690587368,-0.09261522966067487,0.0010326529112581948,551677.5625,784715.375,643964.25,2378285.5,1975096.066425,426.2278815433768,-68.78996183046625,0.7670029498370242,1116192.25,915985.5,3382913.0,2809409.6185500002,606.2736544605555,-97.847990136503,1.0909978007442829,751689.0,2776134.0,2305497.5289000003,497.52887687392484,-80.29740411580511,0.8953100740608548,10252804.0,8514651.773400001,1837.4711231260753,-296.55396537348093,3.30655462184874,7071167.538388891,1525.9656536003936,-246.27933462651893,2.745996234275847,0.32930504945985517,-0.053147348551898704,0.0005925889770921319,0.00857758076509955,-9.563938653594222e-05,1.066372035130025e-06,veg,high_veg,0,1
1061.0,1144.75,1135.0,1554.5,1797.0,0.15597694738799034,0.07235566164403998,0.0002989316600429226,1125721.0,1214579.75,1204235.0,1649324.5,1906617.0,165.49154117865774,76.76935700432641,0.31716649130554087,1310452.5625,1299291.25,1779513.875,2057115.75,178.55461052240193,82.82914366701476,0.3422020178341357,1288225.0,1764357.5,2039595.0,177.03383528536904,82.12367596598537,0.33928743414871715,2416470.25,2793436.5,242.466164714631,112.47687602566015,0.4646892655367232,3229209.0,280.2905744562186,130.02312397433982,0.5371801930971319,0.024328808116475906,0.011285815229475653,4.6626447811119557e-05,0.005235341771946797,2.162939804875689e-05,8.936013737601745e-08,non_veg,low_veg,1,0
1128.6666,1116.0,1218.0,1444.6666,2389.6667,0.08512766863113842,0.2464574741063851,0.0001936284468670724,1273888.29395556,1259591.9256,1374715.9188,1630546.93955556,2697136.9894222203,96.08075631983365,278.1683193442417,0.21854196078873925,1245456.0,1359288.0,1612247.9256,2666868.0372,95.00247819235048,275.04654110272577,0.2160893467036528,1483524.0,1759603.9188,2910614.0406000004,103.6855003927266,300.18520346157703,0.23583944828409417,2087061.58515556,3452271.6666222205,122.9810996072734,356.0488811618594,0.27972854999873414,5710506.937088891,203.4267549764661,588.9512188381408,0.4627074516509623,0.007246719966572909,0.02098035018739573,1.6483138262462133e-05,0.06074128654289949,4.772117793000106e-05,3.749197543615468e-08,non_veg,low_veg,1,0
614.0,652.5,1618.0,1898.0,3427.0,0.07963594994311718,0.28713615023474176,0.0011000025700994627,376996.0,400635.0,993452.0,1165372.0,2104178.0,48.89647326507395,176.30159624413145,0.6754015780410701,425756.25,1055745.0,1238445.0,2236117.5,51.96245733788396,187.356338028169,0.7177516769898994,2617924.0,3070964.0,5544886.0,128.8509670079636,464.58629107981216,1.7798041584209308,3602404.0,6504446.0,151.1490329920364,544.9844131455399,2.08780487804878,11744329.0,272.9124004550626,984.01558685446,3.7697088077308587,0.006341884523342665,0.02286636008695327,8.759974960974106e-05,0.0824471687716282,0.0003158505032266814,1.2100056542254235e-06,non_veg,low_veg,1,0
986.1667,1012.6667,1005.5,1140.6666,1461.5,0.06298047877550607,0.12329471910061407,0.00013720785679178208,972524.76018889,998658.1777388899,991590.61685,1124887.41672222,1441282.63205,62.10925091846086,121.58914626287954,0.13530981934642433,1025493.84528889,1018236.36685,1155115.08162222,1480012.38205,63.778233606011774,124.85645631904582,0.13894582755140655,1011030.25,1146940.2663,1469538.25,63.32687140877135,123.97284005566745,0.13796250000413687,1301120.29235556,1667084.2359,71.83972859122868,140.63816803445252,0.156508419499969,2135982.25,92.04596973040212,180.19523196554746,0.20052928270118953,0.003966540706791971,0.007765160439448207,8.641416512507507e-06,0.015201587758099327,1.6917004161540054e-05,1.8825995965394182e-08,non_veg,low_veg,1,0
1283.0,1466.0,1464.6666,1686.2,1798.3334,0.07030872078176842,0.032180320039406116,0.0001862286155786888,1646089.0,1880878.0,1879167.2478,2163394.6,2307261.7522,90.20608876300888,41.28735061055804,0.23893131378745774,2149156.0,2147201.2356000002,2471969.2,2636356.7643999998,103.0725846660725,47.17634917776937,0.2730111504383578,2145248.24915556,2469720.8209200003,2633958.86664444,102.97883501778209,47.133439939028825,0.2727628332023452,2843270.44,3032349.7790800002,118.55456498221791,54.2624556504466,0.3140186915887851,3234003.01755556,126.43852089312826,57.87094434955333,0.33490113943091643,0.004943316217968674,0.0022625571363185516,1.309349573429732e-05,0.0010355729978386028,5.9928964498177374e-06,3.468109726035506e-08,non_veg,low_veg,1,0
882.5,927.0,1050.6666,1286.0,2280.0,0.10071329816585729,0.2787436904094223,0.00035513707763111687,778806.25,818077.5,927213.2745,1134895.0,2012100.0,88.87948563136906,245.9913067863152,0.3134084710094606,859329.0,973967.9382,1192122.0,2113560.0,93.36122739974971,258.3954010095345,0.3292120709640453,1103900.30435556,1351157.2476000001,2395519.848,105.81609855870752,292.86668547392037,0.3731306658886216,1653796.0,2932080.0,129.5173014412925,358.4643858665171,0.4567062818336163,5198400.0,229.62631981815463,635.5356141334829,0.8097125369989464,0.010143168427444874,0.028073196404055565,3.576702638921388e-05,0.07769804494306387,9.899221962011503e-05,1.2612234390836993e-07,non_veg,low_veg,1,0
397.0,606.5,388.0,2981.3333,1969.0,0.7696873740570574,-0.20449800824522255,0.0021779851815775576,157609.0,240780.5,154036.0,1183589.3201,781693.0,305.5658875006518,-81.18570927335335,0.8646601170862903,367842.25,235322.0,1808178.64645,1194198.5,466.81539236560536,-124.02804200072747,1.3209480126267887,150544.0,1156757.3203999999,763972.0,298.6387011341383,-79.34522719914635,0.8450582504520924,8888348.24568889,5870245.2677,2294.6945988658613,-609.6767217651565,6.493299748743718,3876961.0,1515.514439518346,-402.6565782348432,4.288452822526211,0.5924186537828486,-0.15739953496616382,0.0016763676951436137,0.041819435376263106,-0.00044539363162021987,4.743619451171426e-06,veg,high_veg,0,1
1030.0,1161.0,1293.0,1864.0,2195.0,0.18086791257522966,0.08154717910815472,0.00043397176789899386,1060900.0,1195830.0,1331790.0,1919920.0,2260850.0,186.29394995248654,83.99359448139936,0.44699092093596365,1347921.0,1501173.0,2164104.0,2548395.0,209.98764649984165,94.67627494456762,0.5038412225307318,1671849.0,2410152.0,2838135.0,233.86221095977194,105.44050258684405,0.5611254958933991,3474496.0,4091480.0,337.1377890402281,152.0039418576004,0.8089233753637246,4818025.0,397.0050681026291,178.99605814239962,0.9525680305382915,0.03271320179932092,0.014749268061690322,7.849156777647309e-05,0.006649942420497466,3.53891734847418e-05,1.883314953333782e-07,non_veg,low_veg,1,0
1055.0,1135.5,1160.0,1265.0,1584.25,0.04329896907216495,0.11204702992015443,0.00015720445562342796,1113025.0,1197952.5,1223800.0,1334575.0,1671383.75,45.68041237113402,118.20961656576293,0.1658507006827165,1289360.25,1317180.0,1436407.5,1798915.875,49.1659793814433,127.22940247433536,0.17850565936040244,1345600.0,1467400.0,1837730.0,50.22680412371134,129.97455470737913,0.18235716852317643,1600225.0,2004076.25,54.77319587628866,141.73949284899535,0.19886363636363638,2509848.0625,68.59639175257732,177.51050715100465,0.24905115882141576,0.0018748007227122967,0.004851520883140707,6.806790862045335e-06,0.012554536913927982,1.7614292342819824e-05,2.4713240867858332e-08,non_veg,low_veg,1,0
1392.5,1509.0,1556.6666,1655.0,1825.2,0.030617561611158514,0.04890523533130282,0.00011382150836262883,1939056.25,2101282.5,2167658.2405,2304587.5,2541591.0,42.63495454353823,68.10054019883917,0.15849645039496063,2277081.0,2349009.8994,2497395.0,2754226.8000000003,46.2019004712382,73.79800011493595,0.1717566561192069,2423210.90355556,2576283.223,2841227.87832,47.66133553353265,76.12914640537903,0.177182140429725,2739025.0,3020706.0,50.67206446646734,80.93816447330616,0.18837459634015072,3331355.04,55.88317345268652,89.2618355266939,0.20774701706347015,0.0009374350790130875,0.0014973590558643702,3.484937044967782e-06,0.0023917220428101094,5.566467652238214e-06,1.2955335765943984e-08,non_veg,low_veg,1,0
370.66666,516.6667,350.25,3056.5,1888.9584,0.7943788067806561,-0.23608359540543303,0.002364291688749523,137393.77283555557,191511.120022222,129825.99766499999,1132942.6462899998,700173.901006944,294.44973908417114,-87.50831778972321,0.8763641035345452,266944.47888889,180962.511675,1579191.76855,975961.90296528,410.4290766492992,-121.97653216226024,1.221550784663643,122675.0625,1070539.125,661607.6796,278.2311770749248,-82.68827929075292,0.8280931639845204,9342192.25,5773601.3496,2428.0188229250753,-721.589509356706,7.226457546662917,3568163.83693056,1500.5485198502972,-445.9520906432941,4.466048645513597,0.631037688662259,-0.18753980481865506,0.0018781432105902682,0.055735464019556195,-0.0005581704824671704,5.5898751894900705e-06,veg,high_veg,0,1
1217.0,1401.2,1580.0,1782.0,2485.0,0.060083283759666865,0.1647527536911179,0.0002603115629935553,1481089.0,1705260.4000000001,1922860.0,2168694.0,3024245.0,73.12135633551458,200.50410124209046,0.3167991721631568,1963361.4400000002,2213896.0,2496938.4,3481982.0,84.18869720404521,230.8515584719944,0.3647485620665697,2496400.0,2815560.0,3926300.0,94.93158834027365,260.30935083196624,0.4112922695298174,3175524.0,4428270.0,107.06841165972635,293.58940707757205,0.46387520525451553,6175225.0,149.30696014277217,409.41059292242795,0.6468742340389849,0.0036100009873446482,0.009898886450209938,1.564037350526418e-05,0.027143469848806157,4.2887046820827134e-05,6.776210982814772e-08,non_veg,low_veg,1,0
714.5,1050.4,842.0,3293.5,2672.25,0.5927940998670052,-0.10413611029627456,0.0010944200385380983,510510.25,750510.8,601609.0,2353205.75,1909322.625,423.5513843549752,-74.40525080668817,0.7819631175354712,1103340.1600000001,884436.8,3459492.4000000004,2806931.4000000004,622.6709225003023,-109.38457025520681,1.1495788084804186,708964.0,2773127.0,2250034.5,499.13263208801834,-87.68260486946318,0.9215016724490788,10847142.25,8801055.375,1952.3673679119815,-342.9722792607803,3.604472396925227,7140920.0625,1584.0940333696046,-278.2777207392197,2.924563947983433,0.35140484483713286,-0.061731271766731245,0.0006487657416216051,0.01084432946763786,-0.00011396864584365646,1.1977552207537327e-06,veg,high_veg,0,1
373.0,533.5,402.33334,2947.0,2040.0,0.7597531812106822,-0.18187286946059755,0.0023353759556078964,139129.0,198995.5,150070.33582,1099231.0,760920.0,283.3879365915845,-67.83858030880289,0.8710952314417454,284622.25,214644.83689,1572224.5,1088340.0,405.32832217589896,-97.0291758572288,1.2459230723168127,161872.1164755556,1185676.35298,820760.0136000001,305.67403497211905,-73.17351902546622,0.9395996083754168,8684809.0,6011880.0,2238.9926250278804,-535.9793463003809,6.882352941176471,4161600.0,1549.896489669792,-371.020653699619,4.764166949440109,0.5772248963597518,-0.13817849114860414,0.0017743093115960363,0.033077740645831556,-0.0004247415263156932,5.453980854031495e-06,veg,high_veg,0,1
700.5,1018.75,973.0,3121.25,2819.0,0.5246992733711913,-0.05088169689827869,0.0011055890018842284,490700.25,713634.375,681586.5,2186435.625,1974709.5,367.5518409965195,-35.642628677244225,0.774465095819902,1037851.5625,991243.75,3179773.4375,2871856.25,534.5373847469011,-51.83572871512142,1.1263187956695577,946729.0,3036976.25,2742887.0,510.5323929901691,-49.50789108202517,1.0757380988333543,9742201.5625,8798803.75,1637.7176070098308,-158.81449644375238,3.4508196721311477,7946761.0,1479.1272516333881,-143.43550355624762,3.1166553963116397,0.2753093274762561,-0.026697589390420027,0.0005801017459358352,0.0025889470792483035,-5.625424448794378e-05,1.2223270410873643e-06,veg,high_veg,0,1
392.75,566.75,379.6,3120.0,1983.25,0.7830609212481426,-0.22275020820065644,0.00221998371998372,154252.5625,222591.0625,149087.90000000002,1225380.0,778921.4375,307.547176820208,-87.48514427080782,0.8718986060236059,321205.5625,215138.30000000002,1768260.0,1124006.9375,443.79977711738485,-126.24368049772204,1.2581757733007732,144096.16,1184352.0,752841.7000000001,297.24992570579496,-84.55597903296919,0.8427058201058201,9734400.0,6187740.0,2443.150074294205,-694.9806495860481,6.926349206349205,3933280.5625,1553.0055720653788,-441.7693504139519,4.402782712657713,0.6131844063859898,-0.1744269832418216,0.0017383824969263303,0.04961765525343579,-0.0004945018358284413,4.928327716992755e-06,veg,high_veg,0,1
1276.6666,1370.0,1370.0,1444.6666,1885.3334,0.026527688927704622,0.13233237237237236,9.101733342280813e-05,1629877.60755556,1749033.242,1749033.242,1844357.59635556,2406942.18164444,33.867014429190306,168.94431990657054,0.11619878960196282,1876900.0,1876900.0,1979193.242,2582906.758,36.34293383095533,181.29535015015014,0.12469374678924715,1876900.0,1979193.242,2582906.758,36.34293383095533,181.29535015015014,0.12469374678924715,2087061.58515556,2723678.19284444,38.323666169044685,191.1761584651291,0.13148970161699458,3554482.02915556,50.01353796021171,249.49064153487083,0.1715980186809565,0.0007037182798450624,0.0035104720093594674,2.414479508069427e-06,0.01751185677770022,1.2044539658847418e-05,8.284154983398627e-09,non_veg,low_veg,1,0
1000.4,1145.3334,1062.3334,1930.0,2032.5,0.2899632106502571,0.025867507886435333,0.00048098465257447867,1000800.1599999999,1145791.53336,1062758.33336,1930772.0,2033313.0,290.0791959345172,25.877854889589905,0.48117704643550846,1311788.59715556,1216725.92495556,2210493.462,2327890.1355,332.1045499289752,29.626920757097793,0.5508877874809464,1128552.25275556,2050303.462,2159192.6355,308.0376034450038,27.47991760252366,0.5109660613172646,3724900.0,3922725.0,559.6289965549962,49.92429022082019,0.9283003794687438,4131056.25,589.3502256466476,52.57570977917982,0.9776013063576279,0.08407866353060538,0.0075006256382716355,0.00013946785413399427,0.0006691279642547941,1.2441874293724686e-05,2.3134623601219195e-07,non_veg,medium_veg,1,0
1173.6,1092.8,1109.3334,1622.6666,2545.0,0.187896486090776,0.22130690588349844,0.00023560877511077282,1377336.9599999997,1282510.0799999998,1301913.6782399998,1904361.52176,2986812.0,220.5153160761347,259.72578474487375,0.27651045847000294,1194211.8399999999,1212279.5395199999,1773250.06048,2781176.0,205.33328,241.84418674948708,0.25747326944105253,1230620.59235556,1800078.25644444,2823253.503,208.43984776313326,245.5031423472213,0.261368683563469,2633046.89475556,4129686.497,304.8933522368668,359.1073245264964,0.38231449003916235,6477025.0,478.1965571010249,563.2260754735036,0.5996243326569168,0.035305089485261176,0.04158278996313144,4.427006093546609e-05,0.048976746591727634,5.214184901876615e-05,5.551149490919872e-08,non_veg,low_veg,1,0
681.0,1011.5,818.3333,3430.6667,2598.5,0.6148113438456109,-0.13802350165570978,0.0011752145304114532,463761.0,688831.5,557284.9773,2336284.0227,1769578.5,418.686525158861,-93.99400462753836,0.8003210952101997,1023132.25,827744.13295,3470119.36705,2628382.75,621.8816742998354,-139.61077192475045,1.1887294975111848,669669.38988889,2807428.80181111,2126439.08005,503.12059588661344,-112.94922758747245,0.9617171848795548,11769474.006488891,8914587.419950001,2109.2128041133874,-473.51263094763846,4.03176935483871,6752202.25,1597.5872769828197,-358.6540690523619,3.053794957274161,0.37799298852124597,-0.08485841453522383,0.000722535224749154,0.019050487009303722,-0.0001622072246840594,1.3811291924902125e-06,veg,high_veg,0,1
1917.0,2370.0,2264.0,2617.0,2415.0,0.07232124564638394,-0.04014308426073132,0.0001394587327663871,3674889.0,4543290.0,4340088.0,5016789.0,4629555.0,138.63982790411802,-76.95429252782195,0.26734239071316407,5616900.0,5365680.0,6202290.0,5723550.0,171.40135218192992,-95.13910969793324,0.33051719665633744,5125696.0,5924888.0,5467560.0,163.73530014341324,-90.88394276629572,0.3157345709831004,6848689.0,6320055.0,189.26469985658676,-105.05445151033386,0.3649635036496351,5832225.0,174.6558082360172,-96.94554848966614,0.33679283963082485,0.005230362571844608,-0.0029031978578238386,1.0085829269931294e-05,0.0016114672139641746,-5.59830366033589e-06,1.9448738144806572e-08,non_veg,low_veg,1,0
752.0,1088.0,949.5,3183.3333,2886.5,0.5405089288261397,-0.04890303989073304,0.0010143022988502483,565504.0,818176.0,714024.0,2393866.6415999997,2170648.0,406.462714477257,-36.77508599783125,0.7627553287353868,1183744.0,1033056.0,3463466.6303999997,3140512.0,588.07371456284,-53.20650740111755,1.1035609011490701,901550.25,3022574.9683499997,2740731.75,513.2132279204196,-46.43343637625102,0.9630800327583108,10133610.898888888,9188691.570449999,1720.6200720795803,-155.67467535539882,3.2288622841965466,8331882.25,1560.179023056652,-141.1586246446009,2.9277835856312415,0.2921499021407809,-0.026432529707682093,0.0005482394490574386,0.002391507310554627,-4.960246578193591e-05,1.0288091534528984e-06,veg,high_veg,0,1
644.0,700.0,1716.4,1970.0,3427.0,0.06879340277777775,0.26996479525662403,0.0010435603824814072,414736.0,450800.0,1105361.6,1268680.0,2206988.0,44.30295138888887,173.85732814526588,0.6720528863180263,490000.0,1201480.0,1379000.0,2398900.0,48.15538194444442,188.97535667963683,0.7304922677369851,2946028.9600000004,3381308.0,5882102.800000001,118.07699652777774,463.36757457846954,1.7911670404910875,3880900.0,6751190.0,135.52300347222217,531.8306466555493,2.0558139534883724,11744329.0,235.75499131944434,925.1693533444505,3.5762814307637827,0.0047325322657455595,0.01857179689590924,7.179006971497525e-05,0.07288099067795094,0.0002817245649945174,1.089018271884741e-06,non_veg,low_veg,1,0
951.5,934.5,940.75,1293.0,2114.0,0.15769445998880804,0.2409744643381274,0.00027728552492423364,905352.25,889176.75,895123.625,1230289.5,2011471.0,150.04627867935085,229.2872028177282,0.2638371769654083,873290.25,879130.875,1208308.5,1975533.0,147.36547285954111,225.19063692398004,0.25912332304169633,885010.5625,1216389.75,1988745.5,148.35106323447116,226.69672732609334,0.2608563575724728,1671849.0,2733402.0,203.8989367655288,311.57998238919873,0.3585301837270341,4468996.0,333.36608841634023,509.42001761080127,0.5861815996898299,0.02486754271116178,0.03800033802489328,4.3726391115640195e-05,0.058068692463047425,6.681873083733367e-05,7.688726233250779e-08,non_veg,low_veg,1,0
1000.7143,1058.0,1197.0,1620.0,2120.0,0.1501597444089457,0.13368983957219252,0.0003816209107295265,1001429.1102244899,1058755.7294,1197855.0171,1621157.166,2121514.316,150.267003514377,133.78533422459893,0.3818935025460606,1119364.0,1266426.0,1713960.0,2242960.0,158.86900958466455,141.44385026737967,0.40375492355183906,1432809.0,1939140.0,2537640.0,179.741214057508,160.02673796791444,0.4568002301432432,2624400.0,3434400.0,243.258785942492,216.5775401069519,0.6182258753818329,4494400.0,318.33865814696486,283.42245989304814,0.8090363307465962,0.022547948840959897,0.02007483214023338,5.730409841625478e-05,0.017872973204838574,5.10188383328244e-05,1.4563451950603325e-07,non_veg,low_veg,1,0
662.75,1018.25,784.0,3244.6667,2649.0,0.6107893462618786,-0.10106894914841388,0.0011988576001761085,439237.5625,674845.1875,519596.0,2150402.855425,1755624.75,404.8006392350601,-66.9834460481113,0.7945428745167159,1036833.0625,798308.0,3303881.867275,2697344.25,621.936251831158,-102.91345747037244,1.2207367513793224,614656.0,2543818.6928000003,2076816.0,478.8588474693129,-79.23805613235649,0.9399043585380691,10527861.994088892,8595122.0883,1981.8078525306873,-327.9350537058519,3.8898933333333336,7017201.0,1617.9809782477166,-267.7316462941484,3.175773782866511,0.3730636255070131,-0.06173183737773477,0.00073224944987265,0.01021493248196467,-0.0001211672778283886,1.437259545500018e-06,veg,high_veg,0,1
388.0,561.0,370.0,3304.0,1975.25,0.7985846488840501,-0.25169294880901644,0.00226880870425814,150544.0,217668.0,143560.0,1281952.0,766397.0,309.85084376701144,-97.65686413789838,0.8802977772521583,314721.0,207570.0,1853544.0,1108115.25,448.0059880239521,-141.19974428185822,1.2728016830888165,136900.0,1222480.0,730842.5,295.47632008709854,-93.12639105933609,0.8394592205755117,10916416.0,6526226.0,2638.5236799129016,-831.5935028649903,7.496143958868894,3901612.5625,1577.40432770822,-497.1564971350097,4.481464393085891,0.6377374414332616,-0.2009981251512396,0.0018118358024750633,0.06334934048017817,-0.0005710431530582949,5.147492936517499e-06,veg,high_veg,0,1
775.5,1037.5,917.0,3318.5,2945.4167,0.5669932711604297,-0.059560705843996906,0.000986877115074509,601400.25,804581.25,711133.5,2573496.75,2284170.6508500003,439.70328178491326,-46.1893273820196,0.7653232027402818,1076406.25,951387.5,3442943.75,3055869.8262500004,588.2555188289458,-61.79423231314679,1.023885006889803,840889.0,3043064.5,2700947.1139,519.9328296541141,-54.61716725894516,0.9049663145233249,11012442.25,9774365.318950001,1881.567170345886,-197.65220234330374,3.2749517063747584,8675479.536638891,1670.0314496635583,-175.4310976566961,2.906764335588281,0.3214813695412046,-0.03377051943911193,0.0005595526837094638,0.003547477680635127,-5.877909755512512e-05,9.739264402577859e-07,veg,high_veg,0,1
378.0,553.0,353.5,3227.0,2010.0,0.8025415444770283,-0.23238495321749092,0.0023294547244432488,142884.0,209034.0,133623.0,1219806.0,759780.0,303.3607038123167,-87.84151231621156,0.8805338858395481,305809.0,195485.5,1784531.0,1111530.0,443.8054740957966,-128.5088791292725,1.2881884626171165,124962.25,1140744.5,710535.0,283.6984359726295,-82.14808096238303,0.8234622450906884,10413529.0,6486270.0,2589.80156402737,-749.9062440328432,7.517150395778364,4040100.0,1613.1085043988269,-467.09375596715677,4.68220399613093,0.644072930611574,-0.18649857926838714,0.0018694841923439951,0.05400276648189544,-0.0005413302271620075,5.426359313230972e-06,veg,high_veg,0,1
1160.0,1210.8,1226.0,1255.3334,1591.0,0.01182162783928995,0.11792947375736097,6.541145029246704e-05,1345600.0,1404528.0,1422160.0,1456186.744,1845560.0,13.713088293576341,136.79818955853872,0.07587728233926176,1466036.64,1484440.8,1519957.6807199998,1926382.7999999998,14.31362698781227,142.78900682541266,0.07920018401411909,1503076.0,1539038.7484,1950566.0,14.493315730969478,144.58153482652455,0.08019443805856459,1575861.94515556,1997235.4394,14.840084269030505,148.04080725203872,0.08211317829457364,2531281.0,18.80820989231031,187.6257927479613,0.10406961741531506,0.00013975088477067516,0.001394118350042832,7.732698217857591e-07,0.013907360780688091,7.713937910696413e-06,4.278657829363886e-09,non_veg,low_veg,1,0
905.6667,1060.0,1002.3333,2101.6,2032.0,0.35415280992023895,-0.016837623379136805,0.0006276380055139356,820232.17148889,960006.702,907779.89211111,1903349.1367199998,1840314.7344,320.74440665619005,-15.24927480162568,0.5684308412483878,1123600.0,1062473.298,2227696.0,2153920.0,375.40197851545327,-17.847880781885014,0.6652962858447717,1004672.04428889,2106503.66328,2036741.2656,354.97915467162585,-16.876910605767346,0.6291024732722013,4416722.56,4270451.2,744.2875453283741,-35.38594929359391,1.319044032388087,4129024.0,719.6385097579256,-34.214050706405985,1.275360427204317,0.1254242127744009,-0.005963091632100008,0.0002222797632654947,0.0002835055610576543,-1.0567932355276237e-05,3.9392946596551104e-07,non_veg,medium_veg,1,0
701.0,1054.8334,831.5,3312.3333,2636.3333,0.5986807673947694,-0.11363891195381501,0.0011230294987820235,491401.0,739438.2134,582881.5,2321945.6432999996,1848069.6432999999,419.67521794373334,-79.66087727962432,0.7872436786461985,1112673.50175556,877093.9721,3493959.7967722197,2780892.41837222,631.5084693856337,-119.87011986854333,1.1846090245005376,691392.25,2754205.1389499996,2192111.1389499996,497.80305808875073,-94.49075528959717,0.9337990282372526,10971551.89028889,8732414.579488888,1983.0302419112488,-376.4099522403895,3.7198480056980054,6950253.268688889,1578.3220431523846,-299.59004775961057,2.9606800645213576,0.35841866124838995,-0.0680334310144166,0.000672336162137785,0.012913802310046919,-0.00012761985033362736,1.261195255134603e-06,veg,high_veg,0,1
373.66666,540.6667,347.4,3248.0,1990.4286,0.8067530733715302,-0.2400665344565353,0.0023619791685203944,139626.7727955556,202029.11996222197,129811.79768399999,1213669.31168,743756.806930476,301.45672637147464,-89.70486010814845,0.8825928668905929,292320.48048888997,187827.61158,1756085.4416,1076158.46274762,436.1845218946431,-129.79598096505123,1.2770434825126655,120686.75999999998,1128355.2,691474.8956399999,280.2660176892696,-83.39911407020035,0.8205515631439849,10549504.0,6464912.0928,2620.3339823107303,-779.7361039148267,7.671708339354241,3961806.0116979596,1605.7843903765922,-477.8352960851733,4.7013508896272125,0.6508505213944097,-0.19367441448646222,0.0019055339534433597,0.05763194096597085,-0.0005670321534452198,5.578945592524293e-06,veg,high_veg,0,1
386.66666,562.8333,375.0,3396.0,2110.5,0.8011137629276054,-0.23345137564696267,0.002285831233157227,149511.10595555557,217628.872247778,144999.9975,1313119.97736,816059.98593,309.763982991249,-90.2678636938164,0.8838547282485861,316781.32358889,211062.48750000002,1911381.8868,1187859.67965,450.8935028639618,-131.39420814491965,1.2865419362009514,140625.0,1273500.0,791437.5,300.41766109785203,-87.544265867611,0.85718671243396,11532816.0,7167258.0,2720.582338902148,-792.8008716970852,7.762682867801943,4454210.25,1690.7505966587112,-492.6991283029147,4.824246817578327,0.6417832611520276,-0.1870211100051642,0.0018312108606120345,0.05449954479145928,-0.0005336304458773477,5.225024426477089e-06,veg,high_veg,0,1
1664.25,1724.75,1772.0,1862.0,1806.1111,0.02476609796367639,-0.01523642509083215,6.377601412328298e-05,2769728.0625,2870415.1875,2949051.0,3098833.5,3005820.398175,41.21697853604843,-25.357220457417405,0.1061392315046737,2974762.5625,3056257.0,3211484.5,3115090.119725,42.71532746285085,-26.27902417541275,0.10999768035913232,3139984.0,3299464.0,3200428.8692,43.88552559163456,-26.99894526095457,0.11301109702645744,3467044.0,3362978.8682000004,46.11447440836544,-28.370223519129464,0.11875093829755291,3262037.3055432104,44.730324435883325,-27.518676480870457,0.11518656702181816,0.0006133596083464158,-0.000377346796415766,1.5794830135100354e-06,0.0002321486495485395,-9.717184617812544e-07,4.06737997745319e-09,non_veg,low_veg,1,0
1204.8,1204.0,1282.0,1496.0,2167.5,0.07703383729301656,0.18329466357308585,0.00016143009323031375,1451543.0399999998,1450579.2,1544553.5999999999,1802380.8,2611404.0,92.81036717062635,220.83341067285383,0.194490976323882,1449616.0,1543528.0,1801184.0,2609670.0,92.74874010079195,220.68677494199537,0.19436183224929776,1643524.0,1917872.0,2778735.0,98.75737940964723,234.98375870069606,0.20695337952126222,2238016.0,3242580.0,115.24262059035277,274.20881670533646,0.24149941947254935,4698056.25,166.9708423326134,397.2911832946636,0.349899727076705,0.0059342120880869495,0.014119891290367306,1.2435579536100484e-05,0.03359693369437072,2.9589274629222244e-05,2.605967500034779e-08,non_veg,low_veg,1,0
828.5,1158.0,1076.0,2979.5,3014.0,0.4693625940081371,0.005756235922249103,0.0008703233396867747,686412.25,959403.0,891466.0,2468515.75,2497099.0,388.8669091357416,4.769041461583382,0.7210628869304928,1340964.0,1246008.0,3450261.0,3490212.0,543.5218838614228,6.665721197964461,1.007834427357285,1157776.0,3205942.0,3243064.0,505.03415115275556,6.193709852340034,0.9364679135029695,8877420.25,8980213.0,1398.4658488472446,17.150704930341202,2.5931283905967453,9084196.0,1414.6588583405253,17.349295069658798,2.623154545815939,0.22030124465404735,0.0027017618241896605,0.00040849722034120965,3.313425199259098e-05,5.009786471876821e-06,7.574627156035411e-07,non_veg,medium_veg,1,0
3772.5,3927.0,3937.3333,3886.0,4601.25,-0.006561563726295514,0.08427346902707002,7.740138126345104e-06,14231756.25,14814607.5,14853589.874249998,14659935.0,17358215.625,-24.753499157449824,317.92166190462166,0.029199671081636906,15421329.0,15461907.869099999,15260322.0,18069108.75,-25.767260753162482,330.94191286930396,0.030395522422157224,15502593.515288888,15300477.203799998,18116654.846625,-25.83506335961541,331.8127359068014,0.030475503591458186,15100996.0,17880457.5,-25.498236640384366,327.4867006391941,0.030078176758977074,21171501.5625,-30.19139509561723,387.7632993608059,0.03561431055384541,4.3054118534237064e-05,-0.0005529657374571111,-5.0787409566342956e-08,0.0071020175818565295,6.522882906557879e-07,5.99097382149011e-11,non_veg,low_veg,1,0
1001.2,1106.0,1231.5,1706.0,2511.0,0.161531914893617,0.1908940004742708,0.00041222323783339016,1002401.4400000001,1107327.2,1232977.8,1708047.2000000002,2514013.2,161.72575319148936,191.12307327483992,0.41271790571879025,1223236.0,1362039.0,1886836.0,2777166.0,178.6542978723404,211.1287645245435,0.4559189010437295,1516592.25,2100939.0,3092296.5,198.92655319148935,235.08596158406448,0.50765291739182,2910436.0,4283766.0,275.5734468085106,325.665164809106,0.7032528437437636,6305121.0,405.60663829787234,479.33483519089395,1.0350925501996426,0.02609255952919873,0.030835473438311996,6.658720897087442e-05,0.036440519417070896,7.869094295847262e-05,1.6992799780984375e-07,non_veg,low_veg,1,0
3963.0,4049.0,4095.0,4049.0,5483.5,-0.005648330058939097,0.15048518227117755,5.358176664816642e-06,15705369.0,16046187.0,16228485.0,16046187.0,21731110.5,-22.38433202357564,596.3727773406766,0.02123445412266835,16394401.0,16580655.0,16394401.0,22202691.5,-22.870088408644403,609.3145030159978,0.021695257315842584,16769025.0,16580655.0,22454932.5,-23.1299115913556,616.2368214004721,0.02194173344242415,16394401.0,22202691.5,-22.870088408644403,609.3145030159978,0.021695257315842584,30068772.25,-30.972617878192537,825.185496984002,0.029381561741522056,3.190363245471494e-05,-0.000849989978447221,-3.026475031698988e-08,0.02264579008318953,8.063261920461026e-07,2.8710057171385594e-11,non_veg,low_veg,1,0
1030.0,1094.8572,1135.3334,1197.5,1720.5,0.026648538211087005,0.1792323509252913,0.00013566900003847328,1060900.0,1127702.916,1169393.402,1233425.0,1772115.0,27.447994357419613,184.60932145305003,0.1397390700396275,1198712.2883918397,1243027.94739048,1311091.497,1883701.8125999998,29.176343929883725,196.23382988348183,0.14853818150892273,1288981.92915556,1359561.7465,1953341.1147,30.254975492223327,203.4884743660041,0.15402954708828,1434006.25,2060298.75,31.91162450777669,214.63074023303633,0.16246362754607177,2960120.25,45.84880999217519,308.3692597669637,0.23341851456619328,0.0007101445887877642,0.004776280152295581,3.6153805315852197e-06,0.03212423561820677,2.4316273824579004e-05,1.8406077571439264e-08,non_veg,low_veg,1,0
858.0,1139.0,1081.0,3110.0,2954.5,0.48413266523502746,-0.02564102564102564,0.0008429752684831312,736164.0,977262.0,927498.0,2668380.0,2534961.0,415.38582677165357,-22.0,0.7232727803585265,1297321.0,1231259.0,3542290.0,3365175.5,551.4271057026963,-29.205128205128204,0.9601488308022864,1168561.0,3361910.0,3193814.5,523.3474111190646,-27.717948717948715,0.9112562652302648,9672100.0,9188495.0,1505.6525888809354,-79.74358974358974,2.621653084982538,8729070.25,1430.3699594368886,-75.75641025641025,2.490570430733411,0.23438443754757116,-0.012413658082949421,0.00040811186345795114,0.0006574621959237343,-2.161475047392644e-05,7.106073032742071e-07,non_veg,medium_veg,1,0
814.0,1121.3334,1017.0,3188.0,2981.5,0.5162901307966706,-0.03347110786935732,0.0009137024578365189,662596.0,912765.3876,827838.0,2595032.0,2426941.0,420.2601664684899,-27.245481805656862,0.7437538006789264,1257388.59395556,1140396.0678,3574810.8792,3343255.5321,578.9333677526754,-37.5322711889132,1.0245650836341804,1034289.0,3242196.0,3032185.5,525.067063020214,-34.0401167031364,0.9292353996197397,10163344.0,9505022.0,1645.932936979786,-106.70589188751114,2.912883435582822,8889342.25,1539.3190249702734,-99.79410811248886,2.724203878039581,0.2665554991580433,-0.017280802659779965,0.00047173556146565574,0.0011203150620021536,-3.0582633526743035e-05,8.348521814564955e-07,veg,high_veg,0,1
3857.0,4013.3333,4049.0,4054.0,5505.0,0.0006170554115759595,0.1517941207239251,1.2595640552898748e-05,14876449.0,15479426.538099999,15616993.0,15636278.0,21232785.0,2.3799827224484758,585.4699236321791,0.048581385612530475,16106844.176888889,16249986.531699998,16270053.198199999,22093399.8165,2.476449031223004,609.2003994455487,0.050550503665778956,16394401.0,16414646.0,22289745.0,2.4984573614710603,614.6143948111727,0.050999748598687035,16434916.0,22317270.0,2.50154263852894,615.3733654147924,0.051062726801451526,30305025.0,3.3968900407256575,835.6266345852076,0.06933900124370761,3.807573809551768e-07,9.36653836381125e-05,7.772208165431783e-09,0.023041455086349544,1.911944182681879e-06,1.586501609378275e-10,non_veg,low_veg,1,0
923.25,1076.0,993.8333,2084.4,2163.8333,0.35428331569280347,0.018697960867638717,0.0006027230530784035,852390.5625,993417.0,917556.594225,1924422.3,1997759.094225,327.0920712133808,17.262892371047446,0.5564640587546361,1157776.0,1069364.6308,2242814.4,2328284.6308,381.20884768545653,20.11900589357926,0.6485300051123623,987704.62818889,2071546.1305200001,2150489.5891888896,352.09855676992066,18.58265615235625,0.599006240826985,4344723.36,4510294.13052,738.4681432300796,38.974029632506145,1.2563159318366244,4682174.550188889,766.6100361305006,40.459270367493545,1.304192212928717,0.12551666777828666,0.006624375572881334,0.00021353472168910638,0.0003496137406077488,1.1269692060483722e-05,3.6327507871215205e-07,non_veg,medium_veg,1,0
979.5,1057.25,1160.6666,2004.0,2269.5,0.26648412189770637,0.06212706212706213,0.0005213947423867207,959420.25,1035576.375,1136872.9347,1962918.0,2222975.25,261.0211973988034,60.85345735345736,0.5107061501677929,1117777.5625,1227114.76285,2118729.0,2399428.875,281.74033787635005,65.68383643383643,0.5512445913883605,1347146.95635556,2325975.8664,2634132.8487,309.2992197169964,72.10880596700596,0.605165462903871,4016016.0,4548078.0,534.0341802830036,124.50263250263251,1.0448750637429882,5150630.25,604.7857146468447,140.9973674973675,1.1833053678466625,0.07101378722359163,0.0165558755970144,0.00013894342008700608,0.0038597718485398375,3.239272355298335e-05,2.718524773885148e-07,non_veg,medium_veg,1,0
800.0,977.3333,1910.0,2057.0,2544.75,0.03705570960423494,0.10599228554354322,0.0007629015019509521,640000.0,781866.64,1528000.0,1645600.0,2035800.0,29.64456768338795,84.79382843483457,0.6103212015607618,955180.37928889,1866706.6030000001,2010374.5981,2487068.915175,36.215778951348625,103.58979020481338,0.7456090424766805,3648100.0,3928870.0,4860472.5,70.77640534408873,202.44526538816754,1.4571418687263185,4231249.0,5234550.75,76.22359465591127,218.0261313630684,1.5692883895131085,6475752.5625,94.29751701537685,269.7238686369316,1.9413935970896854,0.0013731256142733895,0.003927619353390687,2.8269856512929158e-05,0.011234364594744,8.086167383638331e-05,5.820187016790186e-07,non_veg,low_veg,1,0
4043.0,4331.0,4272.0,4188.0,5132.6665,-0.009929078014184398,0.10135181856361886,8.56150633386143e-06,16345849.0,17510233.0,17271696.0,16932084.0,20751370.659500003,-40.14326241134752,409.76540245271104,0.03461417010780176,18757561.0,18502032.0,18138228.0,22229578.611500002,-43.00283687943263,438.95472619903325,0.037079883931953855,18249984.0,17891136.0,21926751.288000003,-42.41702127659575,432.97496890377977,0.03657475505825603,17539344.0,21495607.302,-41.58297872340426,424.46141614443576,0.03585558852621167,26344265.400222253,-50.96264609929079,520.2050838555647,0.04394335674934838,9.858659021175998e-05,-0.001006330113397634,-8.500786430784399e-08,0.010272191126152715,8.677242365807973e-07,7.329939070474938e-11,non_veg,low_veg,1,0
949.6667,1101.0,1057.0,1989.3334,1976.0,0.30605100544805763,-0.0033624915372815773,0.0005497411897077819,901866.84108889,1045583.0366999999,1003797.7019,1889203.68517778,1876541.3991999999,290.6464483755389,-3.1932462419881227,0.5220709014838631,1212201.0,1163757.0,2190256.0734,2175576.0,336.96215699831146,-3.7021031825470168,0.6052650498682679,1117249.0,2102725.4038,2088632.0,323.49591275859694,-3.554153554906627,0.5810764375211255,3957447.37635556,3930922.7983999997,608.837487241403,-6.689116722331587,1.0936185100414269,3904576.0,604.7567867653619,-6.644283277668396,1.086288590862577,0.093667217935767,-0.0010290939157956117,0.00016824884384627803,1.1306349338290225e-05,-1.8485000980875228e-06,3.0221537566132745e-07,non_veg,medium_veg,1,0
349.0,555.0,332.0,3362.0,2005.25,0.8202490525175961,-0.25278308258419113,0.00256055069261494,121801.0,193695.0,115868.0,1173338.0,699832.25,286.26691932864105,-88.2212958218827,0.8936321917226141,308025.0,184260.0,1865910.0,1112913.75,455.2382241472658,-140.2946108342261,1.4211056344012918,110224.0,1116184.0,665743.0,272.3226854358419,-83.92398341795146,0.8501028299481601,11303044.0,6741650.5,2757.6773145641578,-849.8567236480505,8.608571428571429,4021027.5625,1644.8044125609094,-506.8932763519493,5.134544276366109,0.672808508156014,-0.20734508398216,0.002100289279540679,0.063899286840766,-0.0006472638971922902,6.55641984945085e-06,veg,high_veg,0,1
971.0,1026.0,1264.0,1548.0,2244.6,0.10099573257467995,0.18367346938775508,0.0003834763560574643,942841.0,996246.0,1227344.0,1503108.0,2179506.6,98.06685633001423,178.34693877551018,0.3723555417317978,1052676.0,1296864.0,1588248.0,2302959.6,103.62162162162163,188.44897959183672,0.3934467413149583,1597696.0,1956672.0,2837174.4,127.65860597439546,232.1632653061224,0.48471411405663484,2396304.0,3474640.8,156.34139402560456,284.3265306122449,0.5936213991769547,5038229.159999999,226.6950213371266,412.27346938775503,0.8607510288065843,0.010200137998296268,0.018550236595349375,3.872947550509241e-05,0.033735943356934604,7.043443274524853e-05,1.4705411565511112e-07,non_veg,low_veg,1,0
912.5,976.6667,1187.3334,1465.4,2298.25,0.10482267083454376,0.2212878455754387,0.00041303024129885584,832656.25,891208.36375,1083441.7275,1337177.5,2097153.125,95.65068713652119,201.92515908758782,0.37689009518520594,953877.84288889,1159628.99357778,1431207.3821800002,2244624.243275,102.3768120091601,216.12446988827332,0.40339288276955726,1409760.60275556,1739918.36436,2728788.98655,124.45945815905968,262.7424500657606,0.4904046007041909,2147397.16,3367855.5500000003,153.60714184094044,324.2752089062479,0.6052545155993434,5281953.0625,240.9087032454902,508.574791093752,0.9492467520650955,0.010987792320887112,0.023195982996439563,4.3294933028382144e-05,0.04896831059941921,9.13985722545274e-05,1.7059398022739108e-07,non_veg,low_veg,1,0
1510.6666,1572.6666,1605.3334,1928.0,2436.6667,0.09132073412602389,0.11654193434747269,0.00014319244227870432,2282113.57635556,2375774.9055555603,2425123.54924444,2912565.2048,3680990.9990222203,137.95518293166447,176.0560077181198,0.21631603992286652,2473280.23475556,2524654.22004444,3032101.2048,3832064.3344222205,143.61706844747795,183.2816076476631,0.22519397134414618,2577095.32515556,3095082.7952,3911662.4381777802,146.60022460502594,187.08865970860512,0.22987161021757616,3717184.0,4697893.397600001,176.06637539497405,224.69284942192735,0.27607502871334194,5937344.606888891,222.51819186443603,283.973850578073,0.348912255792191,0.008339476481315944,0.010642695001078084,1.307643895018958e-05,0.013582022461450634,1.6687924207099033e-05,2.050407552574007e-08,non_veg,low_veg,1,0
915.75,963.6667,1244.6666,1912.5,2484.0,0.21152935039918386,0.1299897645854657,0.0005685044675083013,838598.0625,882477.780525,1139803.43895,1751371.875,2274723.0,193.7080026280526,119.03812691914023,0.5206079661207269,928653.50868889,1199443.75502222,1843012.56375,2393748.0828,203.8437910523252,125.26680747185262,0.547848824138982,1549194.94515556,2380424.8725,3091751.8344,263.2835173615608,161.79391832139203,0.7075985226583679,3657656.25,4750650.0,404.5498826384391,248.60542476970318,1.0872647941096263,6170256.0,525.4389063915727,322.8945752302968,1.4121650972906206,0.044744666080300706,0.027496650461306397,0.00012025538071106491,0.016897338896984797,7.389976189718963e-05,3.2319732957689723e-07,non_veg,medium_veg,1,0
897.625,1089.0,997.75,2119.5,2143.0,0.3598524340364103,0.005513196480938416,0.0006415268851776148,805730.640625,977513.625,895605.34375,1902516.1875,1923610.375,323.0125411019328,4.948782991202346,0.5758505703075565,1185921.0,1086549.75,2308135.5,2333727.0,391.8793006656508,6.0038709677419355,0.6986227779584225,995505.0625,2114731.125,2138178.25,359.0427660598284,5.500791788856305,0.6400834496859652,4492280.25,4542088.5,762.7072339401717,11.685219941348974,1.3597162331339545,4592449.0,771.1637661400273,11.814780058651026,1.3747921149356286,0.12949377428192904,0.001983937172986661,0.0002308550111309614,3.039533543743174e-05,3.5368637657886094e-06,4.115567444056926e-07,non_veg,medium_veg,1,0
694.5,865.0,1797.0,2056.0,2351.5,0.06722034778094992,0.06704480998298355,0.0009521325250988148,482330.25,600742.5,1248016.5,1427892.0,1633116.75,46.684531533869716,46.56262053318208,0.6612560386811268,748225.0,1554405.0,1778440.0,2034047.5,58.14560083052168,57.99376063528077,0.8235946342104747,3229209.0,3694632.0,4225645.5,120.794964962367,120.47952353942145,1.7109821476025702,4227136.0,4834684.0,138.20503503763302,137.8441293250142,1.9575844716031632,5529552.25,158.06864780690373,157.65587067498583,2.238939632769863,0.004518575155791858,0.004506775443963857,6.400267947069636e-05,0.004495006545654371,6.383554422386835e-05,9.065563453510451e-07,non_veg,low_veg,1,0
732.6667,1060.0,891.5,3238.0,2686.0,0.5682285991040078,-0.09318028359216746,0.0010546050799132623,536800.49328889,776626.702,653172.36305,2372374.7746,1967942.7562,416.32217255115637,-68.27009088453748,0.7726740237032862,1123600.0,944990.0,3432280.0,2847160.0,602.3223150502482,-98.7711006076975,1.117881384708058,794772.25,2886677.0,2394569.0,506.575796101223,-83.07022282241729,0.9401804287426734,10484644.0,8697268.0,1839.9242038987773,-301.71775827143824,3.4148112487591433,7214596.0,1526.262017193365,-250.2822417285618,2.8326692446470227,0.3228837408397032,-0.052947702009691476,0.0005992567671670833,0.008682565250316751,-9.826840042405821e-05,1.1121918745788584e-06,veg,high_veg,0,1
1337.0,1384.0,1409.0,1461.0,1863.0,0.018118466898954706,0.12093862815884476,6.343301524745526e-05,1787569.0,1850408.0,1883833.0,1953357.0,2490831.0,24.22439024390244,161.69494584837545,0.08480994138584769,1915456.0,1950056.0,2022024.0,2578392.0,25.07595818815331,167.37906137184115,0.08779129310247809,1985281.0,2058549.0,2624967.0,25.52891986062718,170.40252707581226,0.08937711848366446,2134521.0,2721843.0,26.471080139372823,176.6913357400722,0.09267563527653214,3470769.0,33.75470383275262,225.30866425992778,0.11817570740600916,0.00032827884276851734,0.0021912225311010204,1.1493089870619074e-06,0.014626151780943319,7.671501844006323e-06,4.023747423383892e-09,non_veg,low_veg,1,0
4166.6665,4322.0,4366.6665,4205.3335,5474.5,-0.018820928604759746,0.13111449695906444,2.2062111569104617e-06,17361109.722222254,18008332.613,18194443.02222225,17522222.21577775,22810415.75425,-78.42053271634418,546.3103821436857,0.009192546119425065,18679684.0,18872732.613,18175451.387,23660789.0,-81.34405342977162,566.6768558570765,0.009535244620167015,19067776.32222225,18363288.91577775,23905315.75425,-82.18471843729613,572.5332815354985,0.009633788350807157,17684829.846222248,23022098.24575,-79.14828156270441,551.3801863976017,0.00927785368622932,29970150.25,-103.03517364675723,717.7863136023983,0.012077902978506323,0.00035422735354546367,-0.0024676965863155405,-4.1522942671236204e-08,0.017191011312828516,2.892662660237908e-07,4.867367668876198e-12,non_veg,low_veg,1,0
887.0,1058.0,982.5,1988.3334,2003.0,0.3385694398076984,0.0036746115972171147,0.0006237587294541828,786769.0,938446.0,871477.5,1763651.7258,1776661.0,300.31109310942844,3.2593804867315805,0.5532739930258601,1119364.0,1039485.0,2103656.7372,2119174.0,358.2064673165449,3.8877390698557073,0.6599367357625254,965306.25,1953537.5655,1967947.5,332.6444746110637,3.610305894265815,0.6128429516887346,3953469.70955556,3982631.8002,673.1889253889362,7.306352970774136,1.2402403153153154,4012009.0,678.1545879348198,7.360247029225881,1.249388735096728,0.1146292655716987,0.0012441111899806703,0.00021118564360646437,1.3502770390402515e-05,2.292071061117753e-06,3.890749525702964e-07,non_veg,medium_veg,1,0
1156.25,1273.0,1289.0,1367.5,1604.5,0.029550159984942592,0.0797442799461642,0.0001334879898327964,1336914.0625,1471906.25,1490406.25,1581171.875,1855203.125,34.16737248258987,92.20432368775236,0.15434548824417085,1620529.0,1640897.0,1740827.5,2042528.5,37.61735366083192,101.51446837146703,0.16993021105714984,1661521.0,1762707.5,2068200.5,38.090156220591,102.79037685060565,0.17206601889447456,1870056.25,2194153.75,40.409843779408995,109.05030282637955,0.1825448260963491,2574420.25,47.41323169584039,127.94969717362046,0.21418147968672183,0.0008732119551357023,0.0023564562302932014,3.944591455627524e-06,0.006359150184132206,1.0644903630677238e-05,1.7819043429600757e-08,non_veg,low_veg,1,0
1232.0,1356.6666,1447.5,2121.0,2385.375,0.1887347625052543,0.05866688857451943,0.00033993667006603336,1517824.0,1671413.2512,1783320.0,2613072.0,2938782.0,232.52122740647332,72.27760672380793,0.4188019775213531,1840544.26355556,1963774.9035,2877489.8586,3236158.590975,256.05014854981084,79.59140825497212,0.46118072639380725,2095256.25,3070147.5,3452830.3125,273.19356872635564,84.92032121161688,0.4920583299205833,4498641.0,5059380.375,400.3064312736444,124.43247066655572,0.7210056772100567,5690013.890625,450.203184110971,139.9425293334443,0.8108764343587643,0.03562081057791475,0.011072481282034143,6.41578666917398e-05,0.0034418038150150787,1.9943026745157154e-05,1.1555693965558322e-07,non_veg,low_veg,1,0
377.75,591.0,402.33334,3110.25,1974.3334,0.7709188360495953,-0.22340406492299844,0.0023195953547609405,142695.0625,223250.25,151981.419185,1174896.9375,745804.44185,291.21459031773463,-84.39088552466266,0.8762271452609453,349281.0,237779.00394000002,1838157.75,1166831.0394,455.6130321053108,-132.03180236949208,1.370880854663716,161872.1164755556,1251357.270735,794340.151095556,310.1663501767461,-89.88290361004681,0.9332505465294542,9673655.0625,6140670.45735,2397.7503098232537,-694.8424929267559,7.214521452145215,3897992.3743555597,1522.0508067018402,-441.07410707324425,4.579654583389374,0.5943158517760628,-0.17222640169918618,0.0017882197509983524,0.049909376224119305,-0.0005182070312300987,5.3805226098285335e-06,veg,high_veg,0,1
770.75,890.0,1879.0,2182.0,3669.5,0.07461216449150455,0.25420832265231136,0.0008380550945881386,594055.5625,685967.5,1448239.25,1681776.5,2828267.125,57.507325781827134,195.931064684269,0.6459309641538078,792100.0,1672310.0,1941980.0,3265855.0,66.40482639743905,226.2454071605571,0.7458690341834434,3530641.0,4099978.0,6894990.5,140.19625707953705,477.65743826369305,1.5747055227311124,4761124.0,8006849.0,162.80374292046292,554.6825600273434,1.8286362163913186,13465230.25,273.78933760157594,932.8174399726565,3.075243169591175,0.005566975090107333,0.018967033184843718,6.252910457035361e-05,0.06462187130570164,0.00021304057988547485,7.02336341565134e-07,non_veg,low_veg,1,0
4037.0,4219.0,4188.0,4097.8335,5103.6665,-0.01088200722353403,0.10931185132858778,3.6763951187305714e-06,16297369.0,17032103.0,16906956.0,16542953.839499999,20603501.6605,-43.93066316140688,441.2919438135089,0.014841607094315317,17799961.0,17669172.0,17288759.5365,21532368.9635,-45.911188476090075,461.18670075531185,0.01551071100592428,17539344.0,17161726.698,21374155.302,-45.57384625216052,457.7980333641256,0.015396742757243632,16792239.393722247,20913975.55652775,-44.592653747839734,447.9417663213065,0.015065255076770612,26047411.74322225,-55.538135719508645,557.891233678694,0.01876309460822874,0.00011841808121304682,-0.0011895323557755703,-4.000655823859133e-08,0.011949080840883279,4.0187355664382203e-07,1.3515881069025973e-11,non_veg,low_veg,1,0
688.0,1032.0,881.3333,3476.0,2868.0,0.5954712484353675,-0.09583858764186633,0.0011641093561322842,473344.0,710016.0,606357.3104,2391488.0,1973184.0,409.6842189235328,-65.93694829760403,0.8009072370190116,1065024.0,909535.9656,3587232.0,2959776.0,614.5263283852993,-98.90542244640605,1.2013608555285173,776748.38568889,3063514.5508,2527663.9044,524.8086404386622,-84.46573871374527,1.0259683404009412,12082576.0,9969168.0,2069.8580595613375,-333.13493064312735,4.04644412191582,8225424.0,1707.8115405126339,-274.86506935687265,3.338665633387391,0.3545860077131751,-0.057069123431384525,0.0006931936516113831,0.009185034881187692,-0.0001115665965524005,1.3551505930347214e-06,veg,high_veg,0,1
364.5,549.75,380.25,3078.0,1983.5416,0.7800910865322056,-0.21623024890282436,0.002411980704154367,132860.25,200383.875,138601.125,1121931.0,723000.9132,284.34320104098896,-78.81592572507948,0.8791669666642667,302225.0625,209042.4375,1692130.5,1090451.9946,428.85507482108005,-118.8725793343277,1.3259863921088633,144590.0625,1170409.5,754241.6934,296.62963565387116,-82.22155214529896,0.9171556627546981,9474084.0,6105341.0448,2401.120364346129,-665.5567061228934,7.424076607387142,3934437.27893056,1547.3431219258296,-428.9016938771065,4.78426406508748,0.6085421032869971,-0.1686792898077335,0.0018815646481984945,0.046755520540577376,-0.0005215431880081083,5.817650917212996e-06,veg,high_veg,0,1
903.5,1070.3334,974.875,2113.5,2112.75,0.3686809406241146,-0.0001774622892635315,0.0006329574952041046,816312.25,967046.2269,880799.5625,1909547.25,1908869.625,333.10322985388757,-0.1603371783496007,0.5718770969169085,1145613.58715556,1043441.273325,2262149.6409,2261346.89085,394.6115246934067,-0.18994381543921918,0.6774755478972929,950381.265625,2060398.3125,2059667.15625,359.41783199093373,-0.1730035492457853,0.6170544381371015,4466882.25,4465297.125,779.2071680090662,-0.37506654835847386,1.337755666113875,4463712.5625,778.9306573035981,-0.3749334516415262,1.3372809479924719,0.13592563597948193,-6.542696373098752e-05,0.00023335936470693277,3.149286411065333e-08,-1.1232608610543116e-07,4.0063519073505407e-07,non_veg,medium_veg,1,0
652.5,1028.0,804.75,3222.0,2663.5,0.6002980070776681,-0.09489423158610144,0.001220330579218903,425756.25,670770.0,525099.375,2102355.0,1737933.75,391.69444961817845,-61.91848610993119,0.7962657029403343,1056784.0,827283.0,3312216.0,2738078.0,617.1063512758428,-97.55127007051229,1.2544998354370323,647622.5625,2592904.5,2143451.625,483.0898211957534,-76.36613286891513,0.9820610336264122,10381284.0,8581797.0,1934.1601788042467,-305.74921417041884,3.9319051262433056,7094232.25,1598.893741851369,-252.7507858295812,3.2503504977495483,0.3603576973014201,-0.0569648181043034,0.0007325620146810439,0.009004915188316653,-0.0001158023325959999,1.4892067225767434e-06,veg,high_veg,0,1
624.25,936.25,682.5,3501.3333,2547.0,0.6737441714037697,-0.1577845089985368,0.001314211555617064,389688.0625,584454.0625,426050.625,2185707.312525,1589964.75,420.58479899880325,-98.49697974233659,0.8203965635939523,876564.0625,638990.625,3278123.302125,2384628.75,630.7929804767795,-147.72574654988009,1.2304305689464763,465806.25,2389659.97725,1738327.5,459.83039698307283,-107.68792739150136,0.8969493867086462,12259334.877688888,8917895.915099999,2359.0029030169267,-552.4561555807265,4.601492682926828,6487209.0,1716.0264045654014,-401.87714441927324,3.3472968321566623,0.45393120850055224,-0.10630639327556983,0.0008854423755884781,0.02489595127990934,-0.00020736222502324168,1.7271520129174237e-06,veg,high_veg,0,1
1258.0,1335.2,1400.4,1496.0,1799.5,0.03300649081618558,0.09209528144439387,0.00012636291428984043,1582564.0,1679681.6,1761703.2000000002,1881968.0,2263771.0,41.522165446761456,115.85586405704748,0.15896454617661926,1782759.04,1869814.08,1997459.2,2402692.4,44.07026653777098,122.9656197845547,0.16871976315979495,1961120.1600000001,2094998.4000000001,2520019.8000000003,46.222289738986284,128.97023213472917,0.17695862517149255,2238016.0,2692052.0,49.377710261013625,137.77454104081323,0.1890389197776013,3238200.25,59.395180223725944,165.72545895918677,0.22739006426456787,0.0010894284359989428,0.0030397420612084123,4.170796370014063e-06,0.008481540864322118,1.1637428155656674e-05,1.5967586107821558e-08,non_veg,low_veg,1,0
1477.3334,1556.5,1566.0,1654.6666,1846.5,0.02753051185118013,0.05479128014073937,7.249485096891748e-05,2182513.97475556,2299469.4370999997,2313504.1044,2444494.23404444,2727896.1231,40.671744676844234,80.94498818067098,0.10709906466440416,2422692.25,2437479.0,2575488.5629000003,2874077.25,42.851241696361875,85.28262753906083,0.11283823553312007,2452356.0,2591207.8956,2891619.0,43.112781558948086,85.80314470039785,0.11352693661732478,2737921.5571555602,3055341.8769,45.55381844105193,90.66130122012474,0.1199548085702454,3409562.25,50.83509013320411,101.17209877987524,0.13386174231410614,0.0007579290827879696,0.0015084319872559558,1.99582035374932e-06,0.0030020843794609803,3.972085688199109e-06,5.255503417005556e-09,non_veg,low_veg,1,0
1086.0,1093.3334,1336.8,1656.0,2232.2,0.1066559743384122,0.14819196543387683,0.0003166540005066464,1179396.0,1187360.0724,1451764.8,1798416.0,2424169.1999999997,115.82838813151565,160.93647446119024,0.343886244550218,1195377.92355556,1461568.08912,1810560.1104,2440538.81548,116.61053905372896,162.02322542050302,0.3462083949975334,1787034.24,2213740.8,2984004.9599999995,142.57770649558944,198.10301939200653,0.4233030678772849,2742336.0,3696523.1999999997,176.6222935044106,245.40589475850004,0.5243790248390064,4982716.839999999,238.0774659182037,330.79410524149984,0.7068350599309361,0.011375496862076041,0.015805558462474435,3.3773040952192446e-05,0.021960858619155345,4.692557869757976e-05,1.0026975603686323e-07,non_veg,low_veg,1,0
385.75,542.0,363.0,3243.3333,1982.875,0.7986874923623948,-0.24118026447587246,0.0022781220923848555,148803.0625,209076.5,140027.25,1251115.820475,764894.03125,308.09370017879377,-93.0352870215678,0.878785597137458,293764.0,196746.0,1757886.6486,1074718.25,432.888620860418,-130.71970334592288,1.2347421740725917,131769.0,1177329.9878999998,719783.625,289.92355972754933,-87.5484360047417,0.8269583195357025,10519210.894888889,6431124.517237499,2590.4097402724506,-782.2279830774041,7.388709243697478,3931793.265625,1583.6974614180835,-478.2303169225956,4.51723134393762,0.6379017104561304,-0.19262766064153375,0.0018195076212622321,0.058167919972651784,-0.0005494380887497074,5.189840267811952e-06,veg,high_veg,0,1
719.6,1063.4286,860.6667,3246.0,2666.3333,0.5808441430126288,-0.09804364378442605,0.0010800884933808669,517824.16000000003,765243.22056,619335.75732,2335821.6,1918693.4426799999,417.97544531188765,-70.55220606727299,0.7772316798368718,1130880.38729796,915257.58384762,3451889.2356,2835455.08835238,617.6862738221196,-104.2624148485709,1.1485969943921244,740747.1684888899,2793724.1082,2294824.2824111097,499.91321178100725,-84.38289935191749,0.9295961993060825,10536516.0,8654917.8918,1885.420088218993,-318.249667724247,3.5059672495142937,7109333.266688889,1548.7240806245343,-261.4170322757532,2.879875916848235,0.33737991847207516,-0.0569480762518004,0.000627363075315611,0.009612556086527425,-0.00010589581150069112,1.1665911535337508e-06,veg,high_veg,0,1
918.0,1012.0,1220.0,1764.0,2408.0,0.18230563002680966,0.15436241610738255,0.0005218627167950967,842724.0,929016.0,1119960.0,1619352.0,2210544.0,167.35656836461126,141.70469798657717,0.47906997401789875,1024144.0,1234640.0,1785168.0,2436896.0,184.49329758713137,156.21476510067114,0.5281250693966378,1488400.0,2152080.0,2937760.0,222.41286863270778,188.3221476510067,0.6366725144900179,3111696.0,4247712.0,321.5871313672922,272.2953020134228,0.9205658324265505,5798464.0,438.9919571045577,371.7046979865772,1.2566454220425929,0.033235342739472006,0.028141137520916928,9.513851137283265e-05,0.023827755506508716,8.055598984085386e-05,2.723406951807593e-07,non_veg,low_veg,1,0
1014.0,1019.5,1001.5,1209.5,1592.5,0.09407507914970602,0.13668807994289792,0.00015924831536868428,1028196.0,1033773.0,1015521.0,1226433.0,1614795.0,95.3921302578019,138.6017130620985,0.16147779178384586,1039380.25,1021029.25,1233085.25,1623553.75,95.90954319312529,139.35349750178443,0.16235365751837363,1003002.25,1211314.25,1594888.75,94.21619176843058,136.89311206281226,0.15948718784173732,1462890.25,1926128.75,113.78380823156942,165.32423269093502,0.19261083743842364,2536056.25,149.81456354590682,217.67576730906492,0.2536029422246297,0.008850120517023451,0.012858941939449465,1.4981297872766318e-05,0.01868363119847605,2.1767346461886538e-05,2.5360025947763927e-08,non_veg,low_veg,1,0
1013.8333,1114.0,1244.5,1545.0,2045.0,0.1077253988169923,0.1392757660167131,0.00033877210851129835,1027857.96018889,1129410.2962,1261715.54185,1566372.4485,2073289.0985,109.2155965764474,141.2024094707521,0.34345844471996767,1240996.0,1386373.0,1721130.0,2278130.0,120.00609428212941,155.15320334261838,0.37739212888158635,1548780.25,1922752.5,2545002.5,134.0642588277469,173.32869080779946,0.4216018890423108,2387025.0,3159525.0,166.4357411722531,215.18105849582173,0.523402907649956,4182025.0,220.29844058074923,284.81894150417827,0.6927889619056051,0.011604761550280045,0.015003537439692521,3.6494360497453e-05,0.019397738999542214,4.718274491800813e-05,1.147665415051909e-07,non_veg,low_veg,1,0
938.0,1045.6666,980.0,1803.0,2268.5,0.29572403880704273,0.11433132752056982,0.0005109222175559961,879844.0,980835.2708,919240.0,1691214.0,2127853.0,277.3891484010061,107.24278521429449,0.4792450400675244,1093418.6383555601,1024753.268,1885336.8798,2372094.6821,309.2287501976284,119.55245052192068,0.5342542980962388,960400.0,1766940.0,2223130.0,289.8095580309019,112.04470097015842,0.5007037732048762,3250809.0,4090105.5,533.1904419690981,206.1393835195874,0.921192758253461,5146092.25,670.8499820337764,259.36061648041266,1.1590270505257771,0.08745270712834932,0.0338105219365537,0.00015109198169190974,0.013071652452615806,5.841441539293042e-05,2.6104151239233665e-07,non_veg,medium_veg,1,0
788.2,954.0,2340.0,2618.0,3189.0,0.056070996369503835,0.09832960220423627,0.0008856189575309458,621259.2400000001,751942.8,1844388.0,2063507.6,2513569.8000000003,44.19515933844293,77.50339245737904,0.6980448623258916,910116.0,2232360.0,2497572.0,3042306.0,53.49173053650666,93.8064405028414,0.8448804854845223,5475600.0,6126120.0,7462260.0,131.20613150463896,230.09126915791288,2.072348360622413,6853924.0,8348802.0,146.79386849536104,257.4268985706905,2.3185504308160163,10169721.0,178.81040742234774,313.5731014293095,2.824238855566186,0.003143956633868912,0.005513438768208488,4.9657537352481436e-05,0.009668710669643346,8.708255979854831e-05,7.843209379381992e-07,non_veg,low_veg,1,0
969.6667,985.3333,1131.5,1495.0,2429.0,0.1383971064153817,0.23802242609582058,0.0003620125339683391,940253.5090888899,955444.88941111,1097177.87105,1449651.7165,2355320.4143,134.199065467352,230.80242043832823,0.3510314991717173,970881.71208889,1114904.62895,1473073.2835,2393374.5857,136.36727757471922,234.531422579001,0.35670300473638566,1280292.25,1691592.5,2748413.5,156.59632590900438,269.32237512742097,0.4096171821851757,2235025.0,3631355.0,206.90367409099562,355.8435270132518,0.5412087382826669,5900041.0,336.1665714829621,578.1564729867482,0.8793284450090957,0.019153759064150483,0.032941615033630606,5.0101487187318205e-05,0.05665467532454037,8.616710161223973e-05,1.3105307475017786e-07,non_veg,low_veg,1,0
685.75,987.5,817.0,3499.1667,2728.5,0.6214233338114583,-0.12374886729246448,0.0011707677752730002,470253.0625,677178.125,560257.75,2399553.5645250003,1871068.875,426.14105116120754,-84.86078574580752,0.8028540018934599,975156.25,806787.5,3455427.1162500004,2694393.75,613.6555421388151,-122.20200645130868,1.1561331780820876,667489.0,2858819.1939000003,2229184.5,507.70286372396146,-101.10282457794348,0.9565172723980412,12244167.594388891,9547476.340950001,2174.4638362760393,-433.0179155925109,4.096711612668366,7444712.25,1695.553566304564,-337.64878440748936,3.194439874832381,0.38616695980534715,-0.07690043366827501,0.000727542414029172,0.015313782156167986,-0.00014488118605255238,1.3706971836176902e-06,veg,high_veg,0,1
712.5,1048.6666,850.0,3074.0,2566.3333,0.5667686034658511,-0.09000650723956334,0.0010766885864626756,507656.25,747174.9525,605625.0,2190225.0,1828512.4762499998,403.8226299694189,-64.12963640818889,0.7671406178546564,1099701.63795556,891366.61,3223601.1284000003,2691228.01617778,594.3513043832824,-94.38681792478828,1.12908735922462,722500.0,2612900.0,2181383.3049999997,481.75331294597345,-76.50553115362884,0.9151852984932743,9449476.0,7888908.564199999,1742.2466870540263,-276.6800032544177,3.309740714786265,6586066.606688889,1454.517140468909,-230.98669674558246,2.7631417731690933,0.3212266498746312,-0.05101286241100633,0.000610233286517072,0.008101171345465568,-9.690897905220804e-05,1.1592583122189945e-06,veg,high_veg,0,1
1242.0,1286.0,1343.75,1490.0,1802.0,0.05161005734450816,0.09477521263669501,0.0001339042260821675,1542564.0,1597212.0,1668937.5,1850580.0,2238084.0,64.09969122187913,117.7108140947752,0.16630904879405206,1653796.0,1728062.5,1916140.0,2317372.0,66.37053374503749,121.8809234507898,0.17220083474166742,1805664.0625,2002187.5,2421437.5,69.35101455668284,127.35419198055892,0.1799338037979126,2220100.0,2684980.0,76.89898544331716,141.21506682867556,0.19951729686242958,3247204.0,93.0013233348037,170.7849331713244,0.24129541540006585,0.0026635980191034208,0.004891354159017784,6.91080478677265e-06,0.008982340930330754,1.2690801499889508e-05,1.793034176266423e-08,non_veg,low_veg,1,0
910.0833,1078.1666,1002.3333,2073.0,2077.0,0.3481465569927006,0.0009638554216867469,0.0006157312829092192,828251.61293889,981221.41727778,912206.79736389,1886602.6809,1890243.0141,316.842367471555,0.8771887228915662,0.5603667578632557,1162443.21735556,1080682.28612778,2235039.3618,2239352.0282,375.3599896545262,1.0391967228915662,0.663860903807871,1004672.04428889,2077836.9309,2081846.2641,348.95888735413166,0.9661043855421686,0.6171679687116313,4297329.0,4305621.0,721.7078126458683,1.9980722891566265,1.2764109494708114,4313929.0,723.1003988738391,2.0019277108433733,1.2788738746024482,0.12120602514587171,0.0003355629464989885,0.00021436472617754313,9.290172739149367e-07,5.934759353341871e-07,3.791250127530329e-07,non_veg,medium_veg,1,0
652.6,734.0,1848.6666,2149.0,3498.0,0.07512717543779163,0.23888790508234461,0.0010653670005632975,425886.76,479008.4,1206439.8231600001,1402437.4000000001,2282794.8000000003,49.02799469070282,155.8982468567381,0.695258504567608,538756.0,1356921.2844,1577366.0,2567532.0,55.143346771339054,175.34372233044095,0.7819793784134603,3417568.19795556,3972784.5234,6466635.7668,138.88509998418576,441.6240912697007,1.9695083906835493,4618201.0,7517202.0,161.4483000158142,513.3701080219586,2.289473684210526,12236004.0,262.7948596813951,835.6298919780414,3.7266537679704146,0.005644092489260721,0.017946973555087817,8.00380135569527e-05,0.05706743119463129,0.0002545032909084272,1.135006845889237e-06,non_veg,low_veg,1,0
1206.0,1265.0,1498.0,1638.0,2318.25,0.044642857142857144,0.1719431279620853,0.0002185056037582964,1454436.0,1525590.0,1806588.0,1975428.0,2795809.5,53.839285714285715,207.36341232227488,0.26351775813250544,1600225.0,1894970.0,2072070.0,2932586.25,56.473214285714285,217.5080568720379,0.27640958875424493,2244004.0,2453724.0,3472738.5,66.875,257.5708056872038,0.32732139442992797,2683044.0,3797293.5,73.125,281.6428436018957,0.3579121789560895,5374283.0625,103.49330357142857,398.6071563981042,0.5065506159126706,0.001992984693877551,0.00767603249830738,9.754714453495375e-06,0.02956443925338604,3.7570536987445464e-05,4.7744698873777633e-08,non_veg,low_veg,1,0
780.3,1129.0,1003.25,3286.0,2975.25,0.532202599522061,-0.049630664803353965,0.0009759862282995264,608868.09,880958.7,782835.975,2564065.8,2321587.5749999997,415.27768840706415,-38.7268077460571,0.7615620539421204,1274641.0,1132669.25,3709894.0,3359057.25,600.8567348604068,-56.03302056298663,1.1018884517501653,1006510.5625,3296679.5,2984919.5625,533.9322579705076,-49.79196446396487,0.9791581835414999,10797796.0,9776671.5,1748.8177420294924,-163.08636454382113,3.2070907461922435,8852112.5625,1583.435784228012,-147.6636354561789,2.9038030257481657,0.2832396069380392,-0.026413568824353036,0.0005194224077987396,0.002463202888822878,-4.843884534942349e-05,9.525491178303352e-07,veg,high_veg,0,1
806.8333,1070.0,1001.6667,2970.0,2501.6667,0.4955937767889738,-0.08559243932018004,0.0009015956091794633,650979.9739888901,863311.631,808178.04906111,2396294.901,2018427.9990611102,399.86156238611113,-69.05883027175062,0.7274373606197767,1144900.0,1071783.369,3177900.0,2676783.3690000004,530.285341164202,-91.58391007259264,0.9647073018220258,1003336.17788889,2974950.099,2505836.22788889,496.419782936748,-85.73509623879498,0.9030982985812828,8820900.0,7429950.099,1471.9135170632521,-254.20954478093472,2.677738959263006,6258336.277888891,1239.8104481202088,-214.12375521906506,2.255491712350478,0.2456131915919592,-0.042419080267269094,0.00044682517308960583,0.007326065668778702,-7.716976747003397e-05,8.128746424916876e-07,non_veg,medium_veg,1,0
983.0,1111.5,1063.0,2108.5,2094.9666,0.329654737505912,-0.00321958071464153,0.0005424713364989946,966289.0,1092604.5,1044929.0,2072655.5,2059352.1678000002,324.0506069683115,-3.164847842492624,0.5332493237785116,1235432.25,1181524.5,2343597.75,2328555.3759000003,366.4112407378212,-3.5785639643240605,0.6029568905186324,1129969.0,2241335.5,2226949.4958,350.4229859687845,-3.4224142996639464,0.5766470306984313,4445772.25,4417237.0761,695.0770140312155,-6.788485936821666,1.14380081300813,4388885.055115561,690.615664606653,-6.744914063178137,1.1364593314227547,0.10867224596009176,-0.0010613500353642501,0.00017882824603805732,1.0365699978091665e-05,-1.7465302532379789e-06,2.942751509230054e-07,non_veg,medium_veg,1,0
1283.0,1401.2,1654.0,1848.0,2514.25,0.05539691604797259,0.152730815519514,0.0002381120955887311,1646089.0,1797739.6,2122082.0,2370984.0,3225782.75,71.07424328954883,195.95363631153648,0.305497818640342,1963361.4400000002,2317584.8000000003,2589417.6,3522967.1,77.62215876641919,214.00641870594302,0.33364266833893,2735716.0,3056592.0,4158569.5,91.62649914334666,252.61676886927617,0.3938374061037612,3415104.0,4646334.0,102.37350085665335,282.2465470800619,0.44003115264797504,6321453.0625,139.28169617361507,384.00345291993807,0.5986733363339671,0.003068818307626123,0.008460816165272906,1.319067576933576e-05,0.02332670200925582,3.6367054544327374e-05,5.669737006565701e-08,non_veg,low_veg,1,0
900.0,939.6667,1101.3334,1416.0,2226.0,0.1249999702065686,0.22240527182866557,0.0004044470362497413,810000.0,845700.03,991200.0599999999,1274400.0,2003400.0,112.49997318591174,200.164744645799,0.36400233262476717,882973.50708889,1034886.32157778,1330568.0472,2091698.0742,117.45830950410463,208.98682784184513,0.3800454118775748,1212935.25795556,1559488.0944,2451568.1484,137.6666421874989,244.94235420098846,0.44543102955285085,2005056.0,3152016.0,176.99995781250112,314.92586490939044,0.5726970033296337,4955076.0,278.2499336798217,495.07413509060956,0.9002991026919241,0.015624992551643038,0.027800652352366985,5.055586748135263e-05,0.049464104937182625,8.995115303742188e-05,1.6357740513119958e-07,non_veg,low_veg,1,0
968.0,1060.0,1149.0,1607.5,2118.0,0.16633411935425357,0.13702858676687693,0.00041054974826142294,937024.0,1026080.0,1112232.0,1556060.0,2050224.0,161.01142753491746,132.64367199033686,0.3974121563170574,1123600.0,1217940.0,1703950.0,2245080.0,176.3141665155088,145.25030197288956,0.4351827331571083,1320201.0,1847017.5,2433582.0,191.11790313803735,157.4458461951416,0.471721660752375,2584056.25,3404685.0,267.3820968619626,220.27345322775466,0.6599587203302374,4485924.0,352.2956647923091,290.22654677224534,0.8695443668176938,0.027667039261355074,0.0227925293062264,6.828843082817428e-05,0.018776833591327518,5.6257051801759876e-05,1.6855109579751774e-07,non_veg,low_veg,1,0
776.3333,915.0,2218.0,2439.7144,3986.25,0.04760154465460567,0.24066980514240013,0.0008770927077596658,602693.39268889,710344.9695,1721907.2594,1894031.5312095198,3094658.617125,36.95466424680738,186.83998403655647,0.6809162762209969,837225.0,2029470.0,2232338.676,3647418.75,43.55541335896419,220.21287170529612,0.8025398276000941,4919524.0,5411286.5391999995,8841502.5,105.58022604391537,533.8056278058435,1.9453916258109387,5952206.353567359,9725311.526999999,116.13417395608447,587.1655892511076,2.1398557092562482,15890189.0625,189.75165737942186,959.3700107488926,3.4963108063069677,0.0022659070535044176,0.011456254476501206,4.1750967694650734e-05,0.05792195510728085,0.00021108973106833887,7.692916180051824e-07,non_veg,low_veg,1,0
835.0,922.0,1169.0,1879.0,2356.5,0.23293963254593175,0.11273757525675836,0.0006646108716078745,697225.0,769870.0,976115.0,1568965.0,1967677.5,194.50459317585302,94.13587533939322,0.5549500777925752,850084.0,1077818.0,1732438.0,2172693.0,214.77034120734908,103.9440443867312,0.6127712236224603,1366561.0,2196551.0,2754748.5,272.3064304461942,131.79022547515052,0.7769301089096052,3530641.0,4427863.5,437.6935695538058,211.83390390744896,1.2488038277511961,5553092.25,548.9222440944882,265.6660960925511,1.5661555189439562,0.05426087241063371,0.02626104935442862,0.0001548142122183697,0.012709760874773254,7.492661815435251e-05,4.417076106593786e-07,non_veg,medium_veg,1,0
968.5,1252.0,1289.0,2774.0,2943.1667,0.36549347772581836,0.02958925441163019,0.000671341079567025,937992.25,1212562.0,1248396.5,2686619.0,2850456.94895,353.9804331774551,28.65719289766384,0.6501938355606637,1567504.0,1613828.0,3473048.0,3684844.7084000004,457.59783411272457,37.045746523361,0.8405190316179152,1661521.0,3575686.0,3793741.8763,471.12109278857986,38.140548936591316,0.8653586515618952,7695076.0,8164344.4258,1013.8789072114201,82.08059173786215,1.8623001547189273,8662230.22398889,1075.7082327098203,87.08610826213808,1.9758687097237184,0.13358548226011327,0.010814679498220731,0.0002453707859111573,0.0008755239766361767,1.9864482000287168e-05,4.506988451142185e-07,non_veg,medium_veg,1,0
1142.0,1241.3334,1369.0,1656.0,2490.0,0.09487603305785124,0.2011577424023155,0.00027155421997371104,1304164.0,1417602.7428,1563398.0,1891152.0,2843580.0,108.34842975206611,229.72214182344428,0.310114919209978,1540908.60995556,1699385.4246,2055648.1104,3090920.1659999997,117.77278869421487,249.70382431259046,0.3370893231643146,1874161.0,2267064.0,3408810.0,129.88528925619835,275.3849493487699,0.3717577271440104,2742336.0,4123440.0,157.11471074380165,333.11722141823446,0.4496937882764655,6200100.0,236.24132231404957,500.88277858176554,0.6761700077345405,0.00900146164879448,0.019085048618004807,2.5763987151224814e-05,0.040464437328396316,5.462523382973348e-05,7.374169438553065e-08,non_veg,low_veg,1,0
900.25,1190.0,1174.0,2982.0,3026.0,0.43503368623676614,0.007323568575233023,0.0007745967250567669,810450.0625,1071297.5,1056893.5,2684545.5,2724156.5,391.6390760346487,6.593042609853528,0.6973307017323545,1416100.0,1397060.0,3548580.0,3600940.0,517.6900866217517,8.715046604527297,0.9217701028175527,1378276.0,3500868.0,3552524.0,510.72954764196345,8.59786950732357,0.9093765552166444,8892324.0,9023532.0,1297.2704523580367,21.838881491344875,2.3098474341192787,9156676.0,1316.4119345524543,22.161118508655125,2.3439296900217768,0.1892543081607491,0.003185999033691363,0.0003369756686483721,5.3634656676140645e-05,5.6728122341041514e-06,6.000000864686686e-07,non_veg,medium_veg,1,0
1172.0,1160.5,1436.6666,1682.0,2322.5,0.07866611968076356,0.15994506180546886,0.0002584914439332058,1373584.0,1360106.0,1683773.2552,1971304.0,2721970.0,92.19669226585489,187.4556124360095,0.3029519722897172,1346760.25,1667251.5893,1951961.0,2695261.25,91.29203188952611,185.61624422524662,0.29997932068448535,2064010.91955556,2416473.2212,3336658.1785,113.01698669695567,229.7877281308528,0.37136602388460943,2829124.0,3906445.0,132.3164133030443,269.0275939567986,0.43478260869565216,5394006.25,182.70206295857338,371.47240604320143,0.6003463785348705,0.0061883583856282166,0.012582257374336138,2.0334518864902953e-05,0.025582422795955254,4.134442997608149e-05,6.681782658667368e-08,non_veg,low_veg,1,0
397.2,597.5,390.0,3441.0,2087.6667,0.7963978073610023,-0.2447847507247995,0.002221417477165116,157767.84,237327.0,154908.0,1366765.2,829221.2132400001,316.3292090837901,-97.22850298789035,0.882347021929984,357006.25,233025.0,2055997.5,1247380.8532500002,475.8476898981989,-146.2588885580677,1.3272969426061567,152100.0,1341990.0,814190.013,310.5951448707909,-95.46605278267181,0.8663528160943952,11840481.0,7183661.114700001,2740.404855129209,-842.3043272440351,7.643897538925164,4358352.250288891,1662.6131823805795,-511.02897275596484,4.637579293875623,0.6342494675694121,-0.19494603875263983,0.0017691320080477075,0.05991957418740223,-0.0005437691234035758,4.934695607854628e-06,veg,high_veg,0,1
1156.25,1273.0,1289.0,1367.5,1604.5,0.029550159984942592,0.0797442799461642,0.0001334879898327964,1336914.0625,1471906.25,1490406.25,1581171.875,1855203.125,34.16737248258987,92.20432368775236,0.15434548824417085,1620529.0,1640897.0,1740827.5,2042528.5,37.61735366083192,101.51446837146703,0.16993021105714984,1661521.0,1762707.5,2068200.5,38.090156220591,102.79037685060565,0.17206601889447456,1870056.25,2194153.75,40.409843779408995,109.05030282637955,0.1825448260963491,2574420.25,47.41323169584039,127.94969717362046,0.21418147968672183,0.0008732119551357023,0.0023564562302932014,3.944591455627524e-06,0.006359150184132206,1.0644903630677238e-05,1.7819043429600757e-08,non_veg,low_veg,1,0
1029.3334,1082.0,1189.0,1383.2,2301.0,0.07549957235051709,0.2491178546224418,0.0002483000543449511,1059527.24835556,1113738.7388,1223877.4126,1423773.95888,2368496.1534,77.71423150610374,256.42532829922374,0.2555835391590733,1170724.0,1286498.0,1496622.4000000001,2489682.0,81.69053728325949,269.545518701482,0.2686606588012371,1413721.0,1644624.8,2735889.0,89.76899152476481,296.2011291460833,0.29522876461614683,1913242.2400000002,3182743.2,104.43100847523525,344.5798165137615,0.34344863516993634,5294601.0,173.7245159785398,573.2201834862385,0.5713384250477325,0.005700185425110965,0.01880829148887264,1.874654791765396e-05,0.062059705491688044,6.185597684104993e-05,6.165291698770567e-08,non_veg,low_veg,1,0
1516.4,1640.0,1651.5,1730.0,1771.0,0.023214549756025434,0.011710939731505284,8.136826683306016e-05,2299468.9600000004,2486896.0,2504334.6,2623372.0,2685544.4000000004,35.20254325003697,17.758469008854615,0.12338683982565243,2689600.0,2708460.0,2837200.0,2904440.0,38.071861599881714,19.205941159668665,0.13344395760621866,2727452.25,2857095.0,2924806.5,38.338828922076004,19.340616966580974,0.13437969267479885,2992900.0,3063830.0,40.161171077924,20.25992573550414,0.14076710162119407,3136441.0,41.11296761792104,20.740074264495856,0.14410320056134954,0.0005389153203749805,0.00027186419308684455,1.8889276789576293e-06,0.00013714610939494904,9.528988689390078e-07,6.620794847416078e-09,non_veg,low_veg,1,0
983.8,1138.0,1118.0,2167.0,2104.0,0.3193302891933029,-0.014750643877312106,0.000554435729502841,967862.44,1119564.4,1099888.4,2131894.6,2069915.2,314.1571385083714,-14.51168344649965,0.5454538706848949,1295044.0,1272284.0,2466046.0,2394352.0,363.3978691019787,-16.786232732381176,0.6309478601742331,1249924.0,2422706.0,2352272.0,357.01126331811264,-16.491219854834934,0.6198591455841762,4695889.0,4559368.0,691.9887366818874,-31.964645282135333,1.2014622258326564,4426816.0,671.8709284627093,-31.03535471786467,1.1665327748739773,0.10197183359627847,-0.004710327375129498,0.00017704812184124208,0.00021758149479528512,-8.178283998754152e-06,3.073989781493475e-07,non_veg,medium_veg,1,0
380.0,551.5,371.33334,3004.5,2006.625,0.7800049335373883,-0.19913193145251815,0.0022927114140687483,144400.0,209570.0,141106.6692,1141710.0,762517.5,296.40187474420753,-75.6701339519569,0.8712303373461243,304152.25,204790.33701000002,1656981.75,1106653.6875,430.17272084586966,-109.82126019606376,1.2644303448589147,137888.44939555562,1115671.02003,745126.7633775,289.6418371869164,-73.94432520691461,0.8513601870422713,9027020.25,6028904.8125,2343.524822813083,-598.2918880490907,6.888451443569554,4026543.890625,1565.1773997594619,-399.5831119509092,4.600612041255702,0.6084076963426656,-0.15532388895779317,0.0017883262141511055,0.03965352612401039,-0.00045655205214674394,5.256525628201119e-06,veg,high_veg,0,1
763.0,1124.0,913.0,3412.6667,2723.0,0.5778685398946711,-0.11240289502687625,0.001016258086642347,582169.0,857612.0,696619.0,2603864.6921,2077649.0,440.91369593963407,-85.76340890550658,0.7754049201081108,1263376.0,1026212.0,3835837.3708,3060652.0,649.5242388416103,-126.34085401020891,1.1422740893859982,833569.0,3115764.6971,2486099.0,527.5939769238347,-102.62384315953803,0.9278436331044628,11646294.005288891,9292691.4241,1972.0727230761659,-383.59361684181624,3.468150130890053,7414729.0,1573.5360341331896,-306.07308315818403,2.7672707699271113,0.3339320493999991,-0.06495409682911497,0.0005872635766841652,0.012634410810422962,-0.00011423035103307385,1.0327804986659643e-06,veg,high_veg,0,1
631.75,771.5,691.5,2292.0,2169.25,0.5364504776269482,-0.027514710002801906,0.001144792358351554,399108.0625,487395.125,436855.125,1447971.0,1370423.6875,338.9025892408245,-17.382418044270104,0.7232225723885943,595212.25,533492.25,1768278.0,1673576.375,413.8715434891905,-21.22759876716167,0.883207304468224,478172.25,1584918.0,1500036.375,370.9555052790347,-19.02642196693752,0.7916239158000996,5253264.0,4971921.0,1229.5444947209653,-63.06371532642197,2.623864085341762,4705645.5625,1163.6951985922574,-59.68628467357804,2.4833408233541086,0.28777911494618086,-0.014760279322770051,0.0006141244074213717,0.0007570592665382872,-3.149862975346669e-05,1.310549543740113e-06,veg,high_veg,0,1
1272.0,1351.3334,1338.6666,1440.0,1688.3334,0.03646835500163999,0.07938201216021284,9.164702801780571e-05,1617984.0,1718896.0848,1702783.9152,1831680.0,2147560.0848,46.38774756208606,100.97391946779074,0.11657501963864887,1826101.95795556,1808984.88804444,1945920.096,2281501.3137555597,49.28090615677317,107.27156439130177,0.12384568997119665,1792028.2659555601,1927679.904,2260115.53224444,48.8189687976384,106.26604831967079,0.12268481539670072,2073600.0,2431200.096,52.514431202361585,114.3100975107065,0.13197172034564023,2850469.6695555598,61.57074179232585,134.02330248929348,0.15473073841319718,0.0013299409165256403,0.0028949314002031444,3.342216352598585e-06,0.00630150385460418,7.2751254925568206e-06,8.399177744496466e-09,non_veg,low_veg,1,0
808.5,805.5,843.6667,1108.0,2139.2,0.1354397756543164,0.31756590293175657,0.0003339182942628489,653672.25,651246.75,682104.52695,895818.0,1729543.2,109.5030586165148,256.7520325203252,0.2699729409115133,648830.25,679573.52685,892494.0,1723125.5999999999,109.09673928955185,255.79933481152992,0.2689711860287248,711773.50068889,934782.7036,1804771.8046399998,114.26602857501744,267.9197773589554,0.28171574539036665,1227664.0,2370233.5999999996,150.06727142498255,351.8630204483863,0.36998147004323656,4576176.64,289.7327680797136,679.3369795516136,0.7143180150870863,0.018343932829291556,0.04301105464853753,4.522581886183226e-05,0.10084810270486183,0.0001060410646230136,1.1150142724341055e-07,non_veg,low_veg,1,0
406.0,586.0,429.0,2739.0,1978.0,0.7291666666666666,-0.1613313546745813,0.0020928027499769013,164836.0,237916.0,174174.0,1112034.0,803068.0,296.04166666666663,-65.50052999788001,0.849677916490622,343396.0,251394.0,1605054.0,1159108.0,427.29166666666663,-94.54017383930464,1.226382411486464,184041.0,1175031.0,848562.0,312.8125,-69.21115115539537,0.8978123797400906,7502121.0,5417742.0,1997.1875,-441.88658045367816,5.732186732186733,3912484.0,1442.2916666666665,-319.1134195463218,4.13956383945431,0.5316840277777777,-0.11763744611688219,0.0015260020051914905,0.026027806001135544,-0.0003376347027204625,4.37982335031088e-06,veg,high_veg,0,1
1177.3334,1255.5,1288.6666,1427.0,1833.0,0.050939021748840595,0.1245398773006135,0.0001484801118108684,1386113.93475556,1478142.0837,1517190.22964444,1680054.7618,2158052.1222,59.97221166823644,146.6249571779141,0.17481059487066986,1576280.25,1617920.9163,1791598.5,2301331.5,63.953941805669366,156.35981595092025,0.18641678037854528,1660661.60595556,1838927.2382,2362125.8778,65.64341596440447,160.49038024539877,0.19134136085493164,2036329.0,2615691.0,72.68998403559553,177.71840490797547,0.21188111955410924,3359889.0,93.3712268656248,228.28159509202453,0.2721640449493218,0.0025947839367288553,0.00634393951841389,7.563431644804109e-06,0.015510181038051865,1.8491694906506927e-05,2.2046343603367986e-08,non_veg,low_veg,1,0
362.0,459.33334,330.75,2371.0,1656.8,0.7551586934394374,-0.17731764238542133,0.0023342198488856976,131044.0,166278.66908000002,119731.5,858302.0,599761.6,273.36744702507633,-64.18898654352252,0.8449875852966225,210987.11723555563,151924.502205,1089079.34914,761023.477712,346.8695648875729,-81.44790491782115,1.0721849994829629,109395.5625,784208.25,547986.6,249.76873785509392,-58.64781021897811,0.7720432150189445,5621641.0,3928272.8,1790.4812621449062,-420.420130095834,5.534435261707989,2744986.2399999998,1251.1469232904599,-293.77986990416605,3.867335445633824,0.5702646522771583,-0.1339029591475362,0.0017627064112849245,0.03144154630112417,-0.00041389836041366636,5.448582302931969e-06,veg,high_veg,0,1
749.5,1040.6666,885.5,3305.6667,2892.0,0.5774446289621457,-0.06674555441969802,0.0010303372787840862,561750.25,779979.6167,663682.25,2477597.19165,2167554.0,432.79474940712817,-50.02579303756367,0.7722377904486726,1082986.97235556,921510.2743,3440096.9254222205,3009607.8072,600.9273387102977,-69.45986918306211,1.072237592765487,784110.25,2927167.86285,2560866.0,511.32721894597995,-59.103188438642604,0.9123636603633083,10927432.33148889,9559988.0964,1908.8394810540206,-220.6385566182336,3.4059516322451704,8363664.0,1669.9698669585252,-193.02814338176668,2.979735410243577,0.3334422995172301,-0.03854186190675523,0.0005949627276533435,0.0044549690347928704,-6.87704329117268e-05,1.0615949080521957e-06,veg,high_veg,0,1
698.5,1046.0,917.6667,3342.0,2829.25,0.5691368528903917,-0.08308689487543042,0.0011307983089571118,487902.25,730631.0,640990.18995,2334387.0,1976231.125,397.5420917439386,-58.036196070488145,0.7898626188065425,1094116.0,959879.3682,3495732.0,2959395.5,595.3171481233497,-86.90889203970022,1.182815031169139,842112.17228889,3066842.1114,2596308.510975,522.2779376403113,-76.24607663358314,1.0376959525462532,11168964.0,9455353.5,1902.055362359689,-277.6764026736885,3.7791279485346676,8004655.5625,1610.2304410401407,-235.0735973263115,3.1993111156169083,0.3239167573179794,-0.04728781386583728,0.0006435789908136274,0.006903432100040826,-9.395452022163403e-05,1.2787048155402636e-06,veg,high_veg,0,1
4204.0,4419.0,4368.0,4236.5,5530.0,-0.015282700912313324,0.13244253314902985,1.8243583556244196e-06,17673616.0,18577476.0,18363072.0,17810246.0,23248120.0,-64.24847463536521,556.7884093585214,0.0076696025270450606,19527561.0,19302192.0,18721093.5,24437070.0,-67.53425533151258,585.2635539855629,0.008061839573504311,19079424.0,18505032.0,24155040.0,-66.7548375849846,578.5089847949623,0.007968797297367465,17947932.25,23427845.0,-64.7451624150154,561.092791685865,0.0077288941736028535,30580900.0,-84.51333604509269,732.407208314135,0.01008870170660304,0.00023356094717522248,-0.002024079622185766,-2.7881123105887754e-08,0.01754102458693187,2.416226419904968e-07,3.3282834097366363e-12,non_veg,low_veg,1,0
1003.0,1068.0,1288.0,1514.0,2135.0,0.08065667380442541,0.17018361194847903,0.00033617182524854346,1006009.0,1071204.0,1291864.0,1518542.0,2141405.0,80.89864382583869,170.69416278432448,0.3371803407242891,1140624.0,1375584.0,1616952.0,2280180.0,86.14132762312634,181.7560975609756,0.3590315093654444,1658944.0,1950032.0,2749880.0,103.88579586009993,219.196492189641,0.432989310920124,2292196.0,3232390.0,122.11420413990008,257.65798848999725,0.5089641434262948,4558225.0,172.20199857244825,363.34201151000275,0.7177268469056403,0.006505499029193485,0.013726444075787388,2.7114501251310073e-05,0.028962461775830495,5.7210935456110024e-05,1.1301149609093724e-07,non_veg,low_veg,1,0
921.5,1074.5,951.8333,2069.0,2027.75,0.3698207047704353,-0.010068957100140356,0.0006012094920369213,849162.25,990151.75,877114.38595,1906583.5,1868571.625,340.7897794459561,-9.278543967779338,0.554014546912023,1154550.25,1022744.88085,2223140.5,2178817.375,397.37234727583274,-10.819094404100813,0.6459995991936719,905986.6309888901,1969343.0977,1930079.974075,352.0076618299692,-9.583968664185026,0.5722512147968265,4280761.0,4195414.75,765.1590381700307,-20.832672240190398,1.2439024390243902,4111770.0625,749.9039340982503,-20.417327759809606,1.2191025474778672,0.1367673536769015,-0.003723708811077185,0.00022233971805976966,0.00010138389708446689,-6.053552583516935e-06,3.6145285331529295e-07,non_veg,medium_veg,1,0
1096.5,1169.0,1418.0,1703.2,2279.0,0.09137511213635784,0.14459344081161166,0.00032456659366102776,1202312.25,1281808.5,1554837.0,1867558.8,2498923.5,100.19281045751637,158.54670784993218,0.35588726994931696,1366561.0,1657642.0,1991040.8,2664151.0,106.81750608740231,169.02973230877402,0.37941834798974144,2010724.0,2415137.6,3231622.0,129.5699090093554,205.03349907086533,0.46023542981133736,2900890.24,3881592.8000000003,155.63009099064467,246.271548390337,0.5528018223234625,5193841.0,208.2438805587595,329.52845160966297,0.7396872669534823,0.008349411117931969,0.013212241868342835,2.96573088914921e-05,0.020907263125741045,4.693020054995223e-05,1.0534347372072271e-07,non_veg,low_veg,1,0
1123.6,1190.8,1577.3334,1785.0,2264.3333,0.06176264376400033,0.11837338754011674,0.0003294791151388531,1262476.9599999997,1337982.88,1772291.80824,2005625.9999999998,2544204.8958799997,69.39650653323076,133.00433824007516,0.3702027337700153,1418004.64,1878288.6127199999,2125578.0,2696368.0936399996,73.54695619417159,140.959029882771,0.3923437303073462,2487980.6547555597,2815540.119,3571608.5428222194,97.42028088125943,186.71429783816998,0.5196984129109586,3186225.0,4041834.9404999996,110.24631911874059,211.29649675910838,0.5881202205228527,5127205.293488889,139.85121097086326,268.0368032408914,0.7460505320634391,0.0038146241647188084,0.007311053365778185,2.034950121599903e-05,0.014012258877722665,3.90015589827062e-05,1.085564873126816e-07,non_veg,low_veg,1,0
873.5,997.0,1038.0,2092.0,2391.75,0.336741214057508,0.06685252299972122,0.0006660457163722072,763002.25,870879.5,906693.0,1827362.0,2089193.625,294.14345047923325,58.39567884025649,0.581790933251123,994009.0,1034886.0,2085724.0,2384574.75,335.7309904153355,66.65196543072206,0.6640475792230905,1077444.0,2171496.0,2482636.5,349.53738019169333,69.39291887371063,0.691355453594351,4376464.0,5003541.0,704.4626198083067,139.8554781154168,1.3933676386506575,5720468.0625,805.4007987220448,159.89452188458324,1.5930148421332266,0.11339464524492443,0.0225119997577336,0.00022428504314897968,0.004469259831428255,4.452683657263878e-05,4.4361689629776666e-07,non_veg,medium_veg,1,0
932.0,1090.6666,1050.6666,2068.0,2151.2,0.32620780945292455,0.01971937808115278,0.000588770651026928,868624.0,1016501.2712,979221.2712,1927376.0,2004918.4,304.0256784101257,18.378460371634393,0.5487342467570968,1189553.63235556,1145926.96835556,2255498.5288,2346241.9899199996,355.78396242946906,21.507267045885428,0.642152484135326,1103900.30435556,2172778.5288,2260193.9899199996,342.7356500513521,20.718491922639316,0.6186016580942489,4276624.0,4448681.6,674.597749948648,40.77967387182395,1.217577706323687,4627661.4399999995,701.7382396951313,42.42032612817586,1.2665634244891273,0.10641153494807552,0.006432615127626863,0.00019206158434166646,0.0003888538719074488,1.1610191070686456e-05,3.4665087951067257e-07,non_veg,medium_veg,1,0
1420.0,1517.6666,1512.5,1605.0,1867.625,0.02967121090617482,0.07562722724163996,8.111526918211693e-05,2016400.0,2155086.572,2147750.0,2279100.0,2652027.5,42.133119486768244,107.39066268312875,0.11518368223860603,2303311.90875556,2295470.7325,2435854.893,2834432.083825,45.03100577385726,114.7769168352471,0.12310593478770818,2287656.25,2427562.5,2824782.8125,44.877706495589415,114.38618120298044,0.12268684463795186,2576025.0,2997538.125,47.622293504410585,121.38169972283214,0.13019000703729766,3488023.140625,55.41469526864475,141.24330027716783,0.15149290460625114,0.0008803807566387076,0.002243951409735909,2.406788259613734e-06,0.005719477500258649,6.134522895202752e-06,6.579686894487288e-09,non_veg,low_veg,1,0
1324.0,1497.5,1650.5,1860.0,2354.5,0.059678108531548216,0.11733301696523905,0.00021748833434773787,1752976.0,1982690.0,2185262.0,2462640.0,3117358.0,79.01381569576984,155.3489144619765,0.28795455467640496,2242506.25,2471623.75,2785350.0,3525863.75,89.36796752599345,175.70619290544548,0.3256887806857375,2724150.25,3069930.0,3886102.25,98.49871813132033,193.65814450112705,0.35896449584094137,3459600.0,4379370.0,111.00128186867968,218.23941155534465,0.40452830188679245,5543670.25,140.5121065375303,276.26058844465535,0.5120762832217488,0.003561476637903248,0.007002212520785524,1.2979292421549945e-05,0.013767036870165075,2.551856242376471e-05,4.7301175577353414e-08,non_veg,low_veg,1,0
683.5,1022.625,840.0,3223.0,2636.3333,0.5865124292394782,-0.1001251627040913,0.0011511037246670491,467172.25,698964.1875,574140.0,2202920.5,1801933.8105499998,400.8812453851834,-68.4355487082464,0.7867793958099281,1045761.890625,859005.0,3295920.375,2695980.3409125,599.7822729510214,-102.39049451027137,1.177147446437641,705600.0,2707320.0,2214519.9719999996,492.6704405611617,-84.1051366714367,0.9669271287203213,10387729.0,8496902.2259,1890.3295594388383,-322.7033993952863,3.7100073046018993,6950253.268688889,1546.24224806793,-263.96330060471394,3.034693081093773,0.3439968296523939,-0.0587246524055746,0.0006751366418610825,0.010025048206520755,-0.00011525444772157381,1.3250397849423537e-06,veg,high_veg,0,1
1230.0,1279.0,1303.0,1363.0,1799.25,0.02250562640660165,0.13795556961024588,7.926796924402793e-05,1512900.0,1573170.0,1602690.0,1676490.0,2213077.5,27.681920480120027,169.68535062060243,0.09749960217015435,1635841.0,1666537.0,1743277.0,2301240.75,28.78469617404351,176.44517353150448,0.10138373266311172,1697809.0,1775989.0,2344422.75,29.32483120780195,179.7561072021504,0.1032861639249684,1857769.0,2452377.75,30.675168792198047,188.03344137876513,0.10804224207961007,3237300.5625,40.493248312078016,248.2165586212349,0.14262289366231726,0.0005065032199535255,0.0031047765103581217,1.7839753018160824e-06,0.019031739186487397,1.0935457848907326e-05,6.283410948072158e-09,non_veg,low_veg,1,0
644.25,1013.75,771.5,3213.0,2567.5,0.6127494039402686,-0.11166854078366924,0.0012390336478127347,415058.0625,653108.4375,497038.875,2069975.25,1654111.875,394.763803488518,-71.9424573998789,0.7982474276033543,1027689.0625,782108.125,3257178.75,2602803.125,621.1747082444473,-113.2039832194447,1.2560703604701597,595212.25,2478829.5,1980826.25,472.7361651399172,-86.15227921460081,0.9559144592875248,10323369.0,8249377.5,1968.7638348600829,-358.7910215379293,3.981015110422317,6592056.25,1573.2340946166396,-286.7089784620708,3.1812188907591965,0.3754618320291544,-0.0684248318040729,0.0007592171291591898,0.012469863000754,-0.00013836107943311483,1.5352043804121319e-06,veg,high_veg,0,1
418.75,530.0,397.66666,2568.0,1818.5,0.7318197184035512,-0.17086515445115696,0.0019938900732708797,175351.5625,221937.5,166522.913875,1075350.0,761496.875,306.44950708148707,-71.54978342642198,0.8349414681821808,280900.0,210763.32979999998,1361040.0,963805.0,387.8644507538821,-90.55853185911319,1.0567617388335662,158138.7724755556,1021207.9828799999,723156.82121,291.0203031396807,-67.94737528097572,0.7929036058447859,6594624.0,4669908.0,1879.3130368603195,-438.7817166305711,5.120309708159619,3306942.25,1330.8141579168578,-310.71828336942895,3.625889098243095,0.5355601002442529,-0.12504248921542496,0.0014591680719487313,0.029194901005617724,-0.0003406863353280575,3.975597624288154e-06,veg,high_veg,0,1
689.75,1040.2,851.0,3253.0,2681.0,0.5852826510721247,-0.09639366363329963,0.0011407382633742465,475755.0625,717477.9500000001,586977.25,2243756.75,1849219.75,403.69870857699806,-66.48752949106841,0.7868242171623866,1082016.04,885210.2000000001,3383770.6,2788776.2,608.8110136452242,-100.26868891135827,1.1865959415618914,724201.0,2768303.0,2281531.0,498.07553606237815,-82.03100775193798,0.9707682621314838,10582009.0,8721293.0,1903.9244639376218,-313.5685877991237,3.710821570756424,7187761.0,1569.1427875243664,-258.4314122008763,3.058319284106355,0.3425557816460145,-0.05641753899785226,0.0006676543149670907,0.00929173838864971,-0.00010995994045333148,1.3012837855260918e-06,veg,high_veg,0,1
1288.8,1369.0,1394.0,1508.0,1779.0,0.039283252929014474,0.08244599939154244,0.00011269816264977239,1661005.44,1764367.2,1796587.2,1943510.4,2292775.1999999997,50.62825637491385,106.2564040158199,0.14524539202302666,1874161.0,1908386.0,2064452.0,2435451.0,53.77877325982082,112.86857316702161,0.1542837846675384,1943236.0,2102152.0,2479926.0,54.760854583046175,114.92972315181017,0.1571012387337827,2274064.0,2682732.0,59.239145416953825,124.328567082446,0.16994882927585678,3164841.0,69.88490696071675,146.671432917554,0.20049003135394508,0.0015431739606849243,0.003238747047083335,4.4271504280062205e-06,0.006797342815670217,9.291512649251086e-06,1.2700875864634552e-08,non_veg,low_veg,1,0
1538.0,1766.0,1847.0,2024.0,1925.0,0.04572461896150865,-0.025069637883008356,0.00015602246723528187,2365444.0,2716108.0,2840686.0,3112912.0,2960650.0,70.32446396280031,-38.55710306406685,0.2399625546078635,3118756.0,3261802.0,3574384.0,3399550.0,80.74967708602428,-44.27298050139276,0.27553567713750776,3411409.0,3738328.0,3555475.0,84.45337122190648,-46.30362116991643,0.2881734969835656,4096576.0,3896200.0,92.5466287780935,-50.740947075208915,0.3157894736842105,3705625.0,88.01989150090415,-48.259052924791085,0.3003432494279176,0.0020907407791751565,-0.0011462996397035596,7.134067863767732e-06,0.0006284867435851677,-3.911426755202052e-06,2.4343010282184604e-08,non_veg,low_veg,1,0
3301.3333,3436.0,3512.0,3526.6667,5079.0,0.0020837327046612703,0.1803850130519231,1.934818577708547e-05,10898801.557688888,11343381.218799999,11594282.5496,11642702.21471111,16767471.830699999,6.879096166197317,595.5110504092482,0.06387481000047864,11806096.0,12067232.0,12117626.781200001,17451444.0,7.159705573216125,619.8029048464077,0.06648036633006567,12334144.0,12385653.4504,17837448.0,7.3180692587703815,633.5121658383539,0.06795082844912417,12437378.012888892,17911940.1693,7.3486307412298375,636.1578187092825,0.06823460248546095,25796241.0,10.583278406974593,916.1754812907174,0.0982694355618171,4.341941984474973e-06,0.00037587415112704225,4.031644747957503e-08,0.03253875293374246,3.490122743930595e-06,3.7435229286461246e-10,non_veg,low_veg,1,0
3019.2,3128.5,3180.0,3100.4,5243.0,-0.012674351952104947,0.25680178344559773,8.671667111598686e-06,9115568.639999999,9445567.2,9601056.0,9360727.68,15829665.6,-38.26640341379525,775.3359445789487,0.02618149734333875,9787512.25,9948630.0,9699601.4,16402725.5,-39.65171008216033,803.4043795095525,0.02712931055863649,10112400.0,9859272.0,16672740.0,-40.30443920769373,816.6296713570008,0.02757590141488382,9612480.16,16255397.200000001,-39.29556079230618,796.1882493947312,0.02688563671280057,27489049.0,-66.45162728488624,1346.411750605269,0.045465550666111916,0.00016063919740582649,-0.0032547961853177437,-1.0990776098389509e-07,0.06594715598083967,2.226899579705078e-06,7.51978104943823e-11,non_veg,low_veg,1,0
946.0,1098.0,1080.0,2134.0,2166.5,0.327940261356565,0.007557260783629811,0.0005878574772205228,894916.0,1038708.0,1021680.0,2018764.0,2049509.0,310.2314872433105,7.149168701313801,0.5561131734506145,1205604.0,1185840.0,2343132.0,2378817.0,360.07840696950836,8.297872340425533,0.645467509988134,1166400.0,2304720.0,2339820.0,354.17548226509024,8.161841646320196,0.6348860753981646,4553956.0,4623311.0,699.8245177349097,16.127194512266016,1.2544878563885955,4693722.25,710.4825762289981,16.372805487733984,1.2735932243982626,0.10754481501861217,0.0024783300765232794,0.00019278213472010919,5.711219055178906e-05,4.442592258962212e-06,3.4557641352407746e-07,non_veg,medium_veg,1,0
1978.0,2420.0,2380.6667,2646.0,2568.0,0.05278513890726031,-0.014959723820483314,0.00012756773025306918,3912484.0,4786760.0,4708958.732600001,5233788.0,5079504.0,104.4090047585609,-29.590333716915996,0.25232897044057084,5856400.0,5761213.414000001,6403320.0,6214560.0,127.74003615556995,-36.20253164556962,0.3087139072124274,5667573.936488891,6299244.0882,6113552.085600001,125.66382245138902,-35.61411634062141,0.3036962474080644,7001316.0,6794928.0,139.66947754861079,-39.58342922899885,0.33754421424962106,6594624.0,135.55223671384448,-38.416570771001155,0.3275939312898816,0.002786270889458766,-0.0007896510998784626,6.73368036149217e-06,0.0002237933367851359,-1.908378012991829e-06,1.6273525801919822e-08,non_veg,low_veg,1,0
782.0,1037.5,902.3333,3191.0,2750.5,0.5591205338690596,-0.07413952705545737,0.00096415805468205,611524.0,811325.0,705624.6406,2495362.0,2150891.0,437.2322574856046,-57.97711015736766,0.7539715987613631,1076406.25,936170.79875,3310662.5,2853643.75,580.0875538891493,-76.91975932003702,1.000313981732627,814205.38428889,2879345.5603,2481867.74165,504.5130764238303,-66.89856410839013,0.8699919192028347,10182481.0,8776845.5,1784.1536235761691,-236.57923083396446,3.0766283524904217,7565250.25,1537.8610284068484,-203.9207691660355,2.6519167294029784,0.3126157713940222,-0.04145293194804691,0.0005390805662679818,0.005496669472006895,-7.148222218083699e-05,9.296007544082749e-07,veg,high_veg,0,1
1048.0,1104.0,1131.6,1398.5,2321.5,0.10548990158491763,0.24811827956989246,0.00023891865620696013,1098304.0,1156992.0,1185916.7999999998,1465628.0,2432932.0,110.55341686099366,260.0279569892473,0.2503867517048942,1218816.0,1249286.4,1543944.0,2562936.0,116.46085134974906,273.9225806451613,0.263766196452484,1280518.5599999998,1582542.5999999999,2627009.4,119.37237263349277,280.7706451612903,0.27036035136379605,1955802.25,3246617.75,147.5276273665073,346.99341397849463,0.3341277407054337,5389362.25,244.89480652938627,576.0065860215053,0.554649660384458,0.011128119336395606,0.026173972893247032,2.5203505530072992e-05,0.061562680656723316,5.928008593522155e-05,5.708212428373961e-08,non_veg,low_veg,1,0
730.0,1067.3334,881.0,3270.0,2746.5,0.5755239701276801,-0.08701072051857392,0.0010625970038111254,532900.0,779153.382,643130.0,2387100.0,2004945.0,420.13249819320646,-63.51782597855896,0.7756958127821215,1139200.58675556,940320.7254,3490180.218,2931431.1831,614.2759558178752,-92.86944816753926,1.1341452729075414,776161.0,2880870.0,2419666.5,507.03661768248617,-76.65644477686362,0.9361479603576015,10692900.0,8981055.0,1881.9633823175138,-284.5250560957367,3.4746922024623803,7543262.25,1580.6765839556733,-238.97494390426328,2.918422670967256,0.3312278401915268,-0.05007675531651966,0.0006115500462791565,0.00757086548516138,-9.245733092248386e-05,1.1291123925083809e-06,veg,high_veg,0,1
665.5,1031.5,923.1667,3357.3333,3152.6667,0.5686640812989135,-0.031438801843317904,0.001202966544879526,442890.25,686463.25,614367.43885,2234305.31115,2098099.68885,378.445946104427,-20.922522626728064,0.8005742356173245,1063992.25,952246.45105,3463089.2989499997,3251975.7010500003,586.5769998598294,-32.42912410138242,1.2408599910432312,852236.75598889,3099378.30336111,2910436.9136388903,524.9717433412497,-29.023254949649708,1.110538655446834,11271686.887288889,10584552.89571111,1909.1948566587496,-105.55053634067258,4.038759639909977,9939307.321288891,1792.8083125971775,-99.11606365932698,3.7925525672557376,0.3233788373595374,-0.017878117367368964,0.0006840838650772439,0.0009883982613434093,-3.781982682860821e-05,1.4471285080993847e-06,veg,high_veg,0,1
998.75,1113.6,1251.0,1812.5,2231.8,0.18328708992981885,0.10367677966520786,0.00044907778668805133,997501.5625,1112208.0,1249436.25,1810234.375,2229010.25,183.0579810674066,103.54718369062635,0.4485164394546913,1240104.9599999997,1393113.5999999999,2018399.9999999998,2485332.48,204.10850334584626,115.45446183517547,0.500093023255814,1565001.0,2267437.5,2791981.8000000003,229.2921495022034,129.69965136117503,0.5617963111467522,3285156.25,4045137.5000000005,332.20785049779664,187.91416314318926,0.813953488372093,4980931.240000001,409.06012730536975,231.38583685681093,1.002251804330393,0.033594157334941505,0.019002615238130967,8.231016067417687e-05,0.010748874641748058,4.655893874299631e-05,2.0167085849663894e-07,non_veg,low_veg,1,0
1416.5,1469.8334,1467.3334,1559.0,1803.6666,0.030289656784014615,0.07275969612925647,6.448306640737686e-05,2006472.25,2082019.0111,2078477.7611,2208323.5,2554893.7389,42.9052988345567,103.06410956709178,0.09134026356604932,2160410.22375556,2156735.64025556,2291470.2706,2651089.41114444,44.52074921568127,106.94463154463187,0.09477936473998051,2153067.30675556,2287572.7706,2646580.24464444,44.44502507372123,106.76273230430873,0.09461815707396207,2430481.0,2811916.2294,47.221574926278784,113.43236626551084,0.10052910052910052,3253213.20395556,54.63244226679058,131.23423373448918,0.11630595314456763,0.0009174633080934027,0.002203866223464375,1.9531699498602673e-06,0.005293973380821738,4.691768317283405e-06,4.158065853298174e-09,non_veg,low_veg,1,0
1073.0,1173.5,1116.0,1766.0,1926.3334,0.22553782095766828,0.043423326831753595,0.0003653745167882473,1151329.0,1259165.5,1197468.0,1894918.0,2066955.7382,242.00208188757807,46.59322969047161,0.39204685651378934,1377102.25,1309626.0,2072401.0,2260552.2449,264.6686328938237,50.957274037062845,0.4287669954510082,1245456.0,1970856.0,2149788.0744,251.70020818875778,48.46043274423701,0.407757960735684,3118756.0,3401904.7844,398.2997918112422,76.68559518487685,0.6452513966480448,3710760.36795556,434.4610374739764,83.64780481512312,0.7038331351980615,0.05086730868233323,0.009793602512366354,8.240577234988229e-05,0.0018855853131372917,1.5865777058490102e-05,1.334985375182452e-07,non_veg,medium_veg,1,0
747.5,1107.2,909.0,3413.0,2748.0,0.5793614067561315,-0.10793702321051778,0.001043399427040427,558756.25,827632.0,679477.5,2551217.5,2054130.0,433.07265155020826,-80.68292484986203,0.7799410717127192,1225891.84,1006444.8,3778873.6,3042585.6,641.4689495603888,-119.50787209868528,1.155251845619161,826281.0,3102417.0,2497932.0,526.6395187413235,-98.11475409836066,0.9484500791797482,11648569.0,9378924.0,1977.3604812586766,-368.38906021749716,3.5611222444889776,7551504.0,1592.0851457658493,-296.61093978250284,2.8672616255070937,0.3356596396384436,-0.0625345456083148,0.0006045053598586834,0.011650400979547853,-0.00011262142817430353,1.0886823643482915e-06,veg,high_veg,0,1
701.3333,1060.0,952.5,3385.3333,2998.0,0.5608406620881442,-0.06067884626986339,0.0011288541086676598,491868.39768889,743413.298,668019.96825,2374246.97488889,2102597.2334,393.33623231646305,-42.55609549463598,0.7917029772504485,1123600.0,1009650.0,3588453.298,3177880.0,594.4911018134328,-64.31957704605519,1.1965853551877195,907256.25,3224529.96825,2855595.0,534.2007306389573,-57.79660107204488,1.075233538505946,11460481.552088888,10149229.2334,1898.632569361042,-205.4181188829493,3.821547404914447,8988004.0,1681.4003049402563,-181.91518111705045,3.384304617785644,0.3145422482514679,-0.034031164316734905,0.0006331072857060922,0.003681922384641714,-6.84975649209486e-05,1.2743115986558567e-06,veg,high_veg,0,1
1349.3334,1409.0,1498.6666,1778.0,2666.0,0.08524925910985268,0.1998199819981998,0.00017854466581867425,1820700.62435556,1901210.7606,2022200.89884444,2399114.7852,3597322.8444,115.02967264217848,269.6237756975697,0.2409162809809755,1985281.0,2111621.2394,2505202.0,3756394.0,120.11620608578242,281.5463546354635,0.251569434138512,2246001.57795556,2664629.2148,3995445.1556,127.76021730268194,299.4635330333033,0.2675789272706088,3161284.0,4740148.0,151.57318269731806,355.2799279927993,0.3174524158256028,7107556.0,227.27452478686723,532.7200720072007,0.4760000790725855,0.0072674361787787994,0.017034505420690634,1.5220800479058218e-05,0.03992802520576089,3.5676791909762085e-05,3.1878197692302066e-08,non_veg,low_veg,1,0
962.6667,1092.6666,1035.0,1876.0,1945.8,0.28890415664720026,0.01826364540268982,0.0005052072871589414,926727.17528889,1051873.75002222,996360.0345,1805962.7292,1873156.8648599999,278.1184110958433,17.581803249777582,0.4863462319452505,1193920.29875556,1130909.931,2049842.5416,2126110.67028,315.67592256956374,19.95607532576272,0.5520231287551842,1071225.0,1941660.0,2013903.0,299.01580212985226,18.902872991783966,0.5228895422095043,3519376.0,3650320.8,541.9841978701477,34.2625987754461,0.9477688707101741,3786137.6399999997,562.1497080041222,35.537401224553854,0.9830323393538681,0.08346561172803002,0.005276443072367619,0.0001459564852286739,0.00033356074339519306,9.226926747525796e-06,2.5523440299849707e-07,non_veg,medium_veg,1,0
1009.0,1034.5,1166.0,1305.0,2104.0,0.05625252934034804,0.23437958345555882,0.00022457418155608663,1018081.0,1043810.5,1176494.0,1316745.0,2122936.0,56.75880210441117,236.48899970665883,0.22659534919009142,1070190.25,1206227.0,1350022.5,2176588.0,58.19324160259004,242.4656790847756,0.23232199081977162,1359556.0,1521630.0,2453264.0,65.5904492108458,273.28659430918157,0.26185349569439703,1703025.0,2745720.0,73.40955078915418,305.8653564095043,0.29306930693069305,4426816.0,118.35532173209226,493.1346435904957,0.4725040779940063,0.003164347057186717,0.013184444395112373,1.2632865737068411e-05,0.054933789140801256,5.2635603127988626e-05,5.043356302158616e-08,non_veg,low_veg,1,0
765.3333,1049.0,929.5,3255.3333,2886.75,0.5557768095565478,-0.06000949221903255,0.0009981278847271157,585735.06008889,802834.6317,711377.30235,2491414.97708889,2209325.903775,425.3544997213843,-45.9272627113165,0.7639005078402231,1100401.0,975045.5,3414844.6317,3028200.75,583.0098732248186,-62.94995733776514,1.0470361510787443,863970.25,3025832.30235,2683234.125,516.5945444828112,-55.77882301759075,0.9277598688538541,10597194.894088889,9397333.403775,1809.2387555171883,-195.35089833670753,3.249238940810741,8333325.5625,1604.3887049873645,-173.2324016632922,2.881345671236001,0.3088878620408553,-0.03335188412860239,0.0005547363313030621,0.0036011391563861277,-5.9897147532131266e-05,9.962592742698263e-07,veg,high_veg,0,1
2224.8333,2755.0,2650.0,3014.0,2555.0,0.06426553672316385,-0.08242054228766385,0.00011763400079324757,4949883.212788889,6129415.7415,5895808.244999999,6705647.566199999,5684449.081499999,142.9801061440678,-183.3719670856527,0.2617160421770436,7590025.0,7300750.0,8303570.0,7039025.0,177.0515536723164,-227.06859400251392,0.3240816721853971,7022500.0,7987100.0,6770750.0,170.3036723163842,-218.4144370623092,0.31173010210210605,9084196.0,7700770.0,193.69632768361583,-248.41551445501884,0.35454887839084814,6528025.0,164.19844632768363,-210.58448554498113,0.3005548720267475,0.004130059210316321,-0.00529680038713094,7.559812197871136e-06,0.006793145790992585,-9.695458136846944e-06,1.3837758142625769e-08,non_veg,low_veg,1,0
1008.0,1135.5,1183.8334,1407.5,2102.0,0.08631332425229421,0.1978914375267132,0.00028130484608329654,1016064.0,1144584.0,1193304.0672,1418760.0,2118816.0,87.00383084631257,199.4745690269269,0.2835552848519629,1289360.25,1344242.8257,1598216.25,2386821.0,98.00877968848008,224.70572731158285,0.3194216527275832,1401461.51895556,1666245.5105,2488417.8068,102.1805961148959,234.2704933181365,0.3330180723752656,1981056.25,2958565.0,121.4860038851041,278.5321983188488,0.3959365708622399,4418404.0,181.43060757832242,415.9678016811512,0.5913027864670893,0.00744998994348168,0.01708066781399582,2.4280356393729288e-05,0.039161021046389036,5.566782037465435e-05,7.913241642994716e-08,non_veg,low_veg,1,0
1111.5,1166.5,1472.6666,1885.3334,2624.9583,0.12289064919594996,0.16398604551452844,0.00036894301255664533,1235432.25,1296564.75,1636868.9259,2095548.0741,2917641.1504499996,136.59295658129838,182.27048958939838,0.4100801584567113,1360722.25,1717865.5889,2199241.4111,3062013.85695,143.35194228707562,191.28972209269742,0.4303720241473268,2168746.91475556,2776467.52804444,3865688.41480278,180.97695452319235,241.49677209532587,0.5433300518955522,3554482.02915556,4948921.55659722,231.6898454768076,309.16836874246064,0.6955805842696628,6890406.076738888,322.58282959929716,430.45653125753915,0.9684600230375703,0.015102111659802036,0.020152351592357,4.533964632939566e-05,0.026891423123492995,6.050150564938128e-05,1.3611894651437295e-07,non_veg,low_veg,1,0
386.0,580.0,347.25,3170.0,1878.1428,0.8025446016063686,-0.25590742005158806,0.002269337050350916,148996.0,223880.0,134038.5,1223620.0,724963.1208,309.7822162200583,-98.78026413991299,0.8759641014354536,336400.0,201405.0,1838600.0,1089322.824,465.4758689316938,-148.42630362992108,1.3162154892035312,120582.5625,1100782.5,652185.0873,278.6836129078115,-88.86385161291396,0.7880272907343555,10048900.0,5953712.676,2544.0663870921885,-811.2265215635341,7.1937984496124034,3527420.37719184,1507.2933651858698,-480.63067843646576,4.26213904188981,0.644077837567525,-0.2053771184734154,0.0018212441989844475,0.06548860763745994,-0.0005807401897827837,5.149890648095395e-06,veg,high_veg,0,1
1637.3334,1977.0,1971.3334,2468.6667,2419.0,0.11201200198171171,-0.010161638067505753,0.0002055466641937538,2680860.66275556,3237008.1318,3227730.01835556,4042030.4413777804,3960709.4946,183.40099204552277,-16.637989406638624,0.33654841854301715,3908529.0,3897326.1318,4880554.065900001,4782363.0,221.44772791784405,-20.089558459458875,0.4063657551110512,3886155.37395556,4866565.11917778,4768655.4946,220.8130007074145,-20.031976521185545,0.4052010043837309,6094315.275688891,5971704.747300001,276.5202992925857,-25.085697514703806,0.5074262051912024,5851561.0,270.9570327937606,-24.581002485296416,0.4972173806846904,0.012546688587950989,-0.0011382254233548916,2.3023693357004982e-05,0.00010325888821498207,-2.0886908075200704e-06,4.224943116117979e-08,non_veg,low_veg,1,0
418.6,596.5,444.0,2602.0,1993.0,0.7084701247537755,-0.1325353645266594,0.0019998182816034307,175225.96000000002,249694.90000000002,185858.40000000002,1089197.2,834269.8,296.56559422193044,-55.47930359085963,0.8371239326791962,355812.25,264846.0,1552093.0,1188824.5,422.60242941562706,-79.05734494015233,1.1928916049764464,197136.0,1155288.0,884892.0,314.5607353906763,-58.84570184983677,0.8879193170319232,6770404.0,5185786.0,1843.4392646093238,-344.8570184983678,5.203527168732126,3972049.0,1411.9809586342744,-264.14298150163216,3.985637835235637,0.5019299176686302,-0.0938973462404895,0.0014168115074524633,0.017565622850214485,-0.0002650466449393883,3.999273159435298e-06,veg,high_veg,0,1
796.5,1109.75,920.3333,3247.625,2822.0,0.558376915623172,-0.07012377206170069,0.000946387274327188,634412.25,883915.875,733045.47345,2586733.3125,2247723.0,444.74721329385653,-55.8535844471446,0.7537974640016052,1231545.0625,1021339.879675,3604051.84375,3131714.5,619.6587821128152,-77.81985604547233,1.0502532776845968,847013.38308889,2988897.4334125,2597180.5726,513.8928693992955,-64.5372425499928,0.8709917232595462,10547068.140625,9164797.75,1813.398830600704,-227.73571524188068,3.073510971786834,7963684.0,1575.7396558885914,-197.88928475811935,2.6707048881513242,0.31178477990084696,-0.039155495555674796,0.000528440807223836,0.004917343408161354,-6.636424550701393e-05,8.956488730084441e-07,veg,high_veg,0,1
704.75,977.0,808.0,3429.0,2884.5,0.6185980646683974,-0.08624376336421953,0.0011257153488710358,496672.5625,688540.75,569438.0,2416587.75,2032851.375,435.95698607505307,-60.78029223093372,0.7933478921168625,954529.0,789416.0,3350133.0,2818156.5,604.3703091810243,-84.26015680684249,1.099823895847002,652864.0,2770632.0,2330676.0,499.8272362520651,-69.68496079828938,0.9095780018877969,11758041.0,9890950.5,2121.172763747935,-295.7298645759088,3.8600779312787816,8320340.25,1784.3461175359923,-248.77013542409122,3.2471259238185026,0.3826635656114868,-0.05335022510682544,0.0006963653361791325,0.007437986719223495,-9.708592816350345e-05,1.2672350466838378e-06,veg,high_veg,0,1
1325.0,1448.0,1508.6666,1624.0,1790.0,0.03681636596757535,0.04862331575864089,0.00013884864290543804,1755625.0,1918600.0,1998983.245,2151800.0,2371750.0,48.78168490703734,64.42589338019918,0.1839744518497054,2096704.0,2184549.2368,2351552.0,2591920.0,53.310097921049106,70.40656121851201,0.2010528349270743,2276074.90995556,2450074.5584,2700513.214,55.543621668657615,73.35637246631518,0.20947631000676134,2637376.0,2906960.0,59.78977833134237,78.96426479203281,0.22549019607843138,3204100.0,65.90129508195987,87.03573520796719,0.2485390708007341,0.0013554448030584404,0.0017901337875270969,5.111902451307792e-06,0.002364226835364496,6.7512814066498875e-06,1.927894563668185e-08,non_veg,low_veg,1,0
994.125,1068.0,1206.0,1544.5,2365.5,0.12306853299400108,0.20997442455242968,0.0003580907880921109,988284.515625,1061725.5,1198914.75,1535426.0625,2351602.6875,122.34550536266133,208.74082480818416,0.3559870047120698,1140624.0,1288008.0,1649526.0,2526354.0,131.43719323759316,224.2526854219949,0.38244096168237446,1454436.0,1862667.0,2852793.0,148.4206507907653,253.22915601023018,0.4318574904390858,2385480.25,3653514.75,190.07934920923466,324.30549872122765,0.5530712222082653,5595590.25,291.1186147973096,496.6945012787724,0.8470637592318884,0.015145863813295534,0.025841244395927082,4.4069707969161805e-05,0.044089258966123986,7.518990716716703e-05,1.282290125164291e-07,non_veg,low_veg,1,0
811.5,907.25,1717.3334,2126.0,2310.6667,0.1063312904365778,0.041622847170376856,0.0007609812576886895,658532.25,736233.375,1393616.0541,1725249.0,1875106.0270500001,86.28784218928288,33.77694047876082,0.6175362906143715,823102.5625,1558050.72715,1928813.5,2096352.363575,96.4690632485852,37.7623280953244,0.6904002460380635,2949234.00675556,3651050.8084,3968185.1001777803,182.60627653183562,71.48030564878367,1.3068585306027933,4519876.0,4912477.404200001,226.0603234681644,88.4901730842212,1.617846153846154,5339180.598488891,245.6961719798288,96.17652691577904,1.7583740514653738,0.011306343325907861,0.004425811051270632,8.091611912808829e-05,0.0017324614065685486,3.167420658829749e-05,5.790924745534596e-07,non_veg,low_veg,1,0
708.75,983.0,866.75,3343.6667,2696.0,0.5882830314633705,-0.1072355035750566,0.001110295318917385,502326.5625,696701.25,614309.0625,2369823.7736250004,1910790.0,416.9455985496638,-76.00316315882137,0.7869218072826966,966289.0,852015.25,3286824.3661,2650168.0,578.2822199284932,-105.41250001428064,1.0914202984957895,751255.5625,2898123.1122250003,2336758.0,509.89431752087637,-92.9463727236803,0.9623484676716434,11180107.000688892,9014525.4232,1967.0223824791242,-358.5597823616477,3.7124574850299403,7268416.0,1586.0110528252467,-289.10691763835257,2.99335617980127,0.3460769251077329,-0.06308482712363539,0.000653167896032309,0.011499453226995976,-0.00011906307764113385,1.2327556952098577e-06,veg,high_veg,0,1
732.25,1079.0,940.0,3394.0,2608.5,0.5662205814490079,-0.13086214077467723,0.0010695555683692829,536190.0625,790097.75,688315.0,2485256.5,1910074.125,414.615020766036,-95.8238025822574,0.7831820649384074,1164241.0,1014260.0,3662126.0,2814571.5,610.9520073834796,-141.20024989587674,1.1540504582704563,883600.0,3190360.0,2451990.0,532.2473465620674,-123.0104123281966,1.005382234267126,11519236.0,8853249.0,1921.7526534379328,-444.14610578925453,3.6300715990453463,6804272.25,1476.986386709737,-341.3538942107455,2.7899357000912746,0.3206057468564526,-0.07409683743909966,0.0006056043758140794,0.01712489988813144,-0.000139964331354281,1.1439491138297396e-06,veg,high_veg,0,1
1291.0,1401.5,1493.5,1572.5,1749.75,0.025766470971950423,0.05335239671909098,0.00013855596627405042,1666681.0,1809336.5,1928108.5,2030097.5,2258927.25,33.26451402478799,68.87794416434645,0.1788757524597991,1964202.25,2093140.25,2203858.75,2452274.625,36.111709067188514,74.77338400180601,0.19418618673308166,2230542.25,2348528.75,2613251.625,38.482224396607954,79.68180449996237,0.20693333563029429,2472756.25,2751481.875,40.51777560339204,83.89664384077057,0.2178792569659443,3061625.0625,45.08488258317025,93.35335615922943,0.24243830198801972,0.0006639110263483638,0.0013747029813464407,3.570098282990862e-06,0.0028464782356712698,7.392292880450128e-06,1.9197755790135798e-08,non_veg,low_veg,1,0
3806.3333,4017.6667,4014.0,3967.0,5274.375,-0.005888986342563588,0.14146974881984553,1.063757844759822e-05,14488173.190688888,15292578.54851111,15278621.8662,15099724.2011,20076029.1991875,-22.41544481894499,538.4810158756137,0.040490169076455404,16141645.712288892,16126914.1338,15938083.7989,21190680.8008125,-23.65998432527252,568.3782988908578,0.042738244697553066,16112196.0,15923538.0,21171341.25,-23.638391179050245,567.85957176286,0.04269923988865925,15737089.0,20923445.625,-23.361608820949755,561.2104935683273,0.04219927370162214,27819031.640625,-31.060722340558826,746.1645064316727,0.056106577824550856,3.4680160142900466e-05,-0.0008331134186859717,-6.264455419585469e-08,0.020013689831150185,1.5048955510331224e-06,1.1315807522880614e-10,non_veg,low_veg,1,0
674.0,1007.0,825.0,3534.0,2664.8,0.6214728148657949,-0.14022068787507255,0.0011989352113856925,454276.0,678718.0,556050.0,2381916.0,1796075.2000000002,418.8726772195457,-94.5087436277989,0.8080823324739568,1014049.0,830775.0,3558738.0,2683453.6,625.8231245698554,-141.20223269019806,1.2073277578653923,680625.0,2915550.0,2198460.0,512.7150722642807,-115.68206749693486,0.9891215493931963,12489156.0,9417403.200000001,2196.284927735719,-495.5399109505064,4.237037037037037,7101159.040000001,1656.1007570543702,-373.66008904949337,3.1949225513005937,0.3862284596172145,-0.08714334559613937,0.0007451056406615832,0.01966184130815852,-0.00016811552005814733,1.4374456411004552e-06,veg,high_veg,0,1
1524.6666,1603.5,1636.0,1687.0,1672.4,0.01534757749021968,-0.004346014169196853,6.307150055065464e-05,2324608.24115556,2444802.8931,2494354.5576,2572112.5542,2549852.42184,23.399938790249774,-6.626222646901191,0.09616301030146475,2571212.25,2623326.0,2705104.5,2681693.4000000004,24.609840505567256,-6.968833720307154,0.10113515113297472,2676496.0,2759932.0,2736046.4000000004,25.108636773999397,-7.110079180806052,0.103184974900871,2845969.0,2821338.8000000003,25.8913632260006,-7.331725903435092,0.10640162142895439,2796921.7600000002,25.667288594643395,-7.268274096564817,0.10548077752091484,0.00023554813481829783,-6.670078923534141e-05,9.679947421256053e-07,1.8887839158859815e-05,-2.741096350656522e-07,3.978014181711229e-09,non_veg,low_veg,1,0
1031.6,1063.0,1294.0,1448.8,2130.0,0.056438675805745936,0.1903431317760143,0.0002788712489678021,1064198.5599999998,1096590.7999999998,1334890.4,1494582.0799999998,2197308.0,58.2221379612075,196.35797474013634,0.2876835804351846,1129969.0,1375522.0,1540074.4,2264190.0,59.99431238150793,202.3347490779032,0.2964401376527736,1674436.0,1874747.2,2756220.0,73.03164649263525,246.30401251816252,0.3608593961643359,2099021.44,3085944.0,81.76835350736471,275.7691293170895,0.40402866550455163,4536900.0,120.21437946623884,405.4308706829105,0.5939957603014184,0.0031853241267060916,0.010742714306156849,1.573912401203724e-05,0.03623050781430115,5.3081226890820045e-05,7.776917350086185e-08,non_veg,low_veg,1,0
953.0,1090.0,995.0,2022.3334,2020.3334,0.34047725717018873,-0.0004947229388283991,0.0005542580413626395,908209.0,1038770.0,948235.0,1927283.7301999999,1925377.7301999999,324.47482608318984,-0.47147096070346434,0.5282079134185954,1188100.0,1084550.0,2204343.406,2202163.406,371.1202103155057,-0.539248003322955,0.6041412650852771,990025.0,2012221.733,2010231.733,338.77487088433776,-0.4922493241342571,0.5514867511558263,4089832.38075556,4085787.71395556,688.5585291156622,-1.0004947229388284,1.1208945492662474,4081747.04715556,687.8775746013217,-0.9995052770611715,1.119786033183522,0.11592476265013484,-0.0001684419092714684,0.00018871225768767253,2.447507862030079e-07,-2.742041670921974e-07,3.072019764151494e-07,non_veg,medium_veg,1,0
1329.3334,1420.6,1614.25,1853.0,2635.0,0.06885860552310909,0.17424242424242425,0.0002124315220948264,1767127.28835556,1888451.0280399998,2145876.44095,2463254.7902,3502793.509,91.53604419929339,231.62627424242424,0.2823923175334907,2018104.3599999996,2293203.55,2632371.8,3743280.9999999995,97.82053500612876,247.52878787878788,0.30178022028791035,2605803.0625,2991205.25,4253548.75,111.15500396567884,281.27083333333337,0.3429175845415735,3433609.0,4882655.0,127.59499603432114,322.8712121212121,0.3936356104417133,6943225.0,181.44242555339244,459.12878787878793,0.5597570607198675,0.0047415075545871495,0.01199809035629931,1.4627738380601283e-05,0.030360422405876955,3.701458339531066e-05,4.512715157952472e-08,non_veg,low_veg,1,0
926.125,938.75,1175.5,1422.5,2280.0,0.09507313317936875,0.23160027008777853,0.0003763737559157903,857707.515625,869399.84375,1088659.9375,1317412.8125,2111565.0,88.04960546574289,214.49080013504388,0.34856914469751127,881251.5625,1103500.625,1335371.875,2140350.0,89.24990377213241,217.41475354490208,0.35332086336594815,1381800.25,1672148.75,2680140.0,111.75846805234796,272.24611748818364,0.4424273500790115,2023506.25,3243300.0,135.24153194765205,329.45138419986495,0.5353916677902117,5198400.0,216.76674364896076,528.048615800135,0.8581321634880019,0.009038900652541986,0.02201896332243314,3.578303222140116e-05,0.053638685104731965,8.716826352404867e-05,1.416572041421589e-07,non_veg,low_veg,1,0
3799.3333,3960.0,3977.6667,3949.0,5023.0,-0.0036164886307128593,0.11970575122603656,9.97278283684588e-06,14434933.524488889,15045359.867999999,15112481.54961111,15003567.201699998,19084051.1659,-13.740245683738769,454.8020468345965,0.03788992592569702,15681600.0,15751560.132000001,15638040.0,19891080.0,-14.321294977622923,474.0347748551048,0.03949222003390968,15821832.37628889,15707805.798300002,19979819.8341,-14.385186397315138,476.1495804502898,0.03966840619645339,15594601.0,19835827.0,-14.28151360268508,472.7180115916184,0.039382519422704376,25230529.0,-18.16562239207069,601.2819884083816,0.05009328818947685,1.3078990016075371e-05,-0.00043291448833990314,-3.606645574602146e-08,0.014329466876589755,1.1937994612987601e-06,9.945639751088775e-11,non_veg,low_veg,1,0
984.5,1108.0,1216.0,1597.55,2135.0,0.13561159389383518,0.1439900336231263,0.0003893900129702984,969240.25,1090826.0,1197152.0,1572787.9749999999,2101907.5,133.50961418848073,141.75818810196785,0.38335446776925874,1227664.0,1347328.0,1770085.4,2365580.0,150.25764603436937,159.54095725442392,0.4314441343710906,1478656.0,1942620.8,2596160.0,164.90369817490358,175.09188088572157,0.4734982557718828,2552166.0025,3410769.25,216.64630182509637,230.0312782146254,0.6220700152207002,4558225.0,289.5307529633381,307.41872178537466,0.831347677691587,0.018390504398426474,0.019526717964459074,5.2805800305243313e-05,0.020733129782789038,5.6068281060102844e-05,1.5162458220100913e-07,non_veg,low_veg,1,0
336.0,470.75,308.25,2414.0,1704.5834,0.7735329231334375,-0.1722477199320524,0.002554338072421262,112896.0,158172.0,103572.0,811104.0,572740.0224,259.90706217283497,-57.87523389716961,0.858257592333544,221605.5625,145108.6875,1136390.5,802432.63555,364.1406235650657,-81.08561415801367,1.202454647592309,95018.0625,744115.5,525437.83305,238.4415235558821,-53.09535966905515,0.787374710823854,5827396.0,4114864.3276,1867.308476444118,-415.8059959159745,6.166172106824926,2905604.56755556,1318.5513801267334,-293.6106040840256,4.354082276237281,0.5983531831713604,-0.13323928230211016,0.001975864595831049,0.02966927702179076,-0.0004399789089101961,6.524642988220768e-06,veg,high_veg,0,1
975.25,1070.5,1092.6666,1670.75,2321.5,0.20919154933063658,0.16300331893042772,0.00042640728678246617,951112.5625,1044005.125,1065623.10165,1629398.9375,2264042.875,204.01405848470333,158.96898678689962,0.4158537064346001,1145970.25,1169699.5953,1788537.875,2485165.75,223.93955355844645,174.49505291502288,0.45646900050063005,1193920.29875556,1825572.72195,2536625.5119,228.57661895583894,178.10828228442608,0.46592100026382227,2791405.5625,3878646.125,349.5067810441611,272.3377951030121,0.7124199743918054,5389362.25,485.6381817710728,378.41220489698793,0.9899045162654952,0.043761104311352154,0.034098916833092054,8.920080096789716e-05,0.026570081982334733,6.950580296166068e-05,1.8182317422118436e-07,non_veg,medium_veg,1,0
1181.0,1230.5,1286.6666,1680.5,2207.375,0.13273046414043618,0.13551747419863036,0.0002514661306083366,1394761.0,1453220.5,1519553.2546,1984670.5,2606909.875,156.75467814985512,160.04613702858245,0.2969815002484455,1514130.25,1583243.2513000001,2067855.25,2716174.9375,163.32483612480672,166.75425200141467,0.30942907371355816,1655510.93955556,2162243.2213,2840155.686175,170.77985501199694,174.36580776773945,0.3235530712849844,2824080.25,3709493.6875,223.053544988003,227.73711539079832,0.4225888324873096,4872504.390625,292.9859082819953,299.1378846092017,0.555080050051577,0.017617376110935615,0.017987297249523793,3.337721623124406e-05,0.018364985813176447,3.4078054866544665e-05,6.323521484312899e-08,non_veg,low_veg,1,0
774.0,1048.0,900.0,3174.0,2594.0,0.5581737849779087,-0.10055478502080444,0.0009756692481248856,599076.0,811152.0,696600.0,2456676.0,2007756.0,432.0265095729013,-77.82940360610263,0.7551679980486615,1098304.0,943200.0,3326352.0,2718512.0,584.9661266568484,-105.38141470180305,1.0225013720348801,810000.0,2856600.0,2334600.0,502.3564064801178,-90.499306518724,0.878102323312397,10074276.0,8233356.0,1771.6435935198822,-319.16088765603325,3.096774193548387,6728836.0,1447.9027982326952,-260.8391123439667,2.5308860296359534,0.31155797423656467,-0.05612704495270233,0.0005445929971124178,0.010111264790580197,-9.810821149660777e-05,9.519304817365796e-07,veg,high_veg,0,1
1048.0,1058.0,1058.6666,1327.6666,2167.5,0.11272524725382022,0.24028422565035956,0.0002008057222530934,1098304.0,1108784.0,1109482.5968,1391394.5968,2271540.0,118.13605912200359,251.81786848157682,0.2104443969212419,1119364.0,1120069.2628,1404671.2628,2293215.0,119.26331159454179,254.2207107380804,0.2124524541437728,1120774.96995556,1405556.28535556,2294659.8555,119.33845424436119,254.38088420289895,0.21258631123822674,1762698.60075556,2877717.3555,149.66154575563883,319.01734090284566,0.2666030505243089,4698056.25,244.33197342265532,520.8160590971544,0.43524640298357997,0.012706981368434902,0.02708609874762951,2.2635874690961902e-05,0.05773650909639291,4.825044747774572e-05,4.032293808958649e-08,non_veg,low_veg,1,0
944.5833,1209.3334,1189.0,2803.3333,2958.1428,0.40435834853768343,0.026869763462179477,0.0007012073377681625,892237.6106388901,1142316.13377222,1123109.5437,2647981.81951389,2794212.28789524,381.9501432442752,25.380729841324914,0.6623487410932656,1462487.27235556,1437897.4126,3390164.5910222195,3577380.89000952,489.00405645546175,32.49450240491328,0.8479934538881204,1413721.0,3333163.2937,3517231.7892,480.7820764113056,31.9481487565314,0.8337355246063453,7858677.590888889,8292660.2173952395,1133.5512235886943,75.324902676651,1.9657178801698376,8750608.82519184,1196.1497373466389,79.48459732334929,2.074271437526058,0.16350567403212268,0.01086501317916508,0.0002835390410824398,0.0007219841885134752,1.8841275303775116e-05,4.91691730539914e-07,non_veg,medium_veg,1,0
1143.6,1160.0,1337.0,1492.6666,2279.0,0.05501234668423482,0.20848433421978496,0.00020431099516616218,1307820.9599999997,1326576.0,1528993.2,1707013.5237599998,2606264.4,62.91211966809093,238.42268461374607,0.23365005407202305,1345600.0,1550920.0,1731493.256,2643640.0,63.81432215371239,241.84182769495055,0.23700075439274812,1787569.0,1995695.2442,3047023.0,73.55150751682196,278.7435548518525,0.27316380053715883,2228053.57875556,3401787.1814,82.11509248317806,311.19760231311005,0.30496819849729173,5193841.0,125.37313809337115,475.13579768688993,0.4656247579836836,0.0030263582877064414,0.011469212472330691,1.1239627297481937e-05,0.043465717615067,4.2595641800999025e-05,4.174298274578754e-08,non_veg,low_veg,1,0
645.2,872.0,1385.3334,2918.0,2337.3333,0.3561579960316345,-0.110490936892623,0.0012053383634254265,416283.04000000004,562614.4,893817.10968,1882693.6,1508047.44516,229.7931390396106,-71.28875248312036,0.7776843120820852,760384.0,1208010.7248,2544496.0,2038154.6375999998,310.5697725395853,-96.34809697036725,1.051055052906972,1919148.62915556,4042402.8612,3237985.88742222,493.39756757969076,-153.06678527464285,1.6697954931545818,8514724.0,6820338.569399999,1039.2690324203095,-322.4125538526739,3.5171773444753947,5463126.955288889,832.4599441860071,-258.25414614732625,2.8172774946017514,0.12684851813726977,-0.0393522306633344,0.0004292908960576499,0.012208247135409599,-0.00013317896504749628,1.4528405703450855e-06,non_veg,medium_veg,1,0
3854.0,4053.0,4044.5,3940.0,5079.0,-0.01308785772434091,0.12628894555937464,5.6621040642056264e-06,14853316.0,15620262.0,15587503.0,15184760.0,19574466.0,-50.440603669609864,486.71759618582985,0.021821749063448484,16426809.0,16392358.5,15968820.0,20585187.0,-53.045087356753704,511.8490963521454,0.022948507772225405,16357980.25,15935330.0,20542015.5,-52.93384056609681,510.7756403148907,0.022900379887679657,15523600.0,20011260.0,-51.56615943390319,497.5784455039361,0.02230869001297017,25796241.0,-66.47322938192748,641.4215544960638,0.028757826542100375,0.00017129201981259002,-0.00165285175163813,-7.410481241273567e-08,0.015948897770498693,7.150611519159783e-07,3.2059422433893874e-11,non_veg,low_veg,1,0
743.0,1030.0,912.8333,3374.5,2945.4167,0.574171991713357,-0.06789382208154734,0.0010481441296759217,552049.0,765290.0,678235.1419,2507253.5,2188444.6081000003,426.60978984302426,-50.44510980658968,0.7787710883492098,1060900.0,940218.299,3475735.0,3033779.2010000004,591.3971514647577,-69.93063674399376,1.0795884535661993,833264.63358889,3080355.97085,2688674.44613611,524.1233139632764,-61.97574166031173,0.9567808647676995,11387250.25,9939308.65415,1937.5433860367232,-229.1077026141815,3.5369623655913975,8675479.536638891,1691.1757730647835,-199.97559738581833,3.0872212235544256,0.3296734760680833,-0.038982731049594335,0.000601815002538687,0.004609571076840806,-7.116251105603532e-05,1.0986061165740953e-06,veg,high_veg,0,1
969.0,1147.3334,1092.0,2298.0,2167.5,0.35575221238938054,-0.029224051058112193,0.0005962154450755027,938961.0,1111766.0646,1058148.0,2226762.0,2100307.5,344.72389380530973,-28.318105475310716,0.5777327662781621,1316373.93075556,1252888.0728,2636572.1532,2486845.1445,408.16639539823007,-33.529729862277456,0.6840578937309898,1192464.0,2509416.0,2366910.0,388.48141592920354,-31.912663755458514,0.6510672660224489,5280804.0,4980915.0,817.5185840707965,-67.15686933154181,1.3701030927835052,4698056.25,771.0929203539823,-63.34313066845818,1.292296977201152,0.1265596366199389,-0.01039652081890363,0.00021210496364632928,0.0008540451602471483,-1.7423830608521577e-05,3.554728569465798e-07,non_veg,medium_veg,1,0
726.5,1010.0,853.0,3286.0,2750.5,0.587823145687364,-0.08871034539882382,0.0010706673945280719,527802.25,733765.0,619704.5,2387279.0,1998238.25,427.05351534186997,-64.4480659322455,0.7778398621246442,1020100.0,861530.0,3318860.0,2778005.0,593.7013771442377,-89.59744885281205,1.0813740684733526,727609.0,2802958.0,2346176.5,501.41314327132153,-75.66992462519671,0.9132792875324452,10797796.0,9038143.0,1931.5868567286782,-291.5021949805351,3.518213058419244,7565250.25,1616.8075622130948,-243.99780501946492,2.9448706686494615,0.345536050605788,-0.052145994287349194,0.0006293630758363852,0.007869525380778623,-9.497927437584403e-05,1.1463286697055298e-06,veg,high_veg,0,1
3401.0,3584.0,3600.0,3707.0,4979.3335,0.01464349254139866,0.14647532241307562,2.4264119219608835e-05,11566801.0,12189184.0,12243600.0,12607507.0,16934713.2335,49.80251813329684,498.1625715268702,0.08252226946588966,12845056.0,12902400.0,13285888.0,17845931.264,52.4822772683728,524.967555528463,0.08696260328307806,12960000.0,13345200.0,17925600.599999998,52.71657314903518,527.3111606870723,0.08735082919059181,13741849.0,18458389.2845,54.28342685096483,542.9840201852713,0.08994708994708996,24793762.104222246,72.91483296838648,729.3494798147283,0.12081914167819212,0.00021443187380999816,0.002144910291254837,3.5531144881594984e-07,0.021455020076014453,3.554094685761509e-06,5.887474815033908e-10,non_veg,low_veg,1,0
1288.6666,1433.5,1559.5,1816.0,2519.5,0.07598874240853207,0.1622650213354861,0.00022516038501255487,1660661.60595556,1847303.5711,2009675.5627000001,2340218.5456,3246795.4987,97.92415431787883,209.1055133433283,0.29015666780882005,2054922.25,2235543.25,2603236.0,3611703.25,108.92986224263072,232.6069080844193,0.3227674119154974,2432040.25,2832052.0,3929160.25,118.50444378610575,253.05230077269056,0.3511376204270793,3297856.0,4575412.0,137.99555621389425,294.6732787452427,0.40889125918279967,6347880.25,191.45363649829653,408.8267212547572,0.567291590039132,0.00577428897283024,0.012330314908177212,1.7109654497324937e-05,0.026329937149005757,3.653565467796848e-05,5.069719897900194e-08,non_veg,low_veg,1,0
1006.3333,1156.5,1112.0,2234.0,2176.75,0.3353257621040048,-0.01297965198662359,0.0005455368808198161,1012706.7106888901,1163824.46145,1119042.6296,2248148.5922,2190536.010775,337.44948075313806,-13.061856016550474,0.5489919295471122,1337492.25,1286028.0,2583621.0,2517411.375,387.8042438732815,-15.010967522530182,0.6309134026681172,1236544.0,2484208.0,2420546.0,372.8822474596533,-14.433373009125432,0.6066370114716355,4990756.0,4862859.5,749.1177525403467,-28.9965425381171,1.218729391751469,4738240.5625,729.9203526598924,-28.2534574618829,1.1874974053245346,0.1124433667306316,-0.004352411694259315,0.00018293257031674645,0.0001684713656938617,-7.080878858909362e-06,2.976104883346142e-07,non_veg,medium_veg,1,0
1374.5,1489.0,1559.0,1704.6666,1825.3334,0.044632806549541555,0.034183229461756365,0.0001408098678003099,1889250.25,2046630.5,2142845.5,2343064.2417,2508920.7583,61.34779260234487,46.98484889518412,0.19354316329152596,2217121.0,2321351.0,2538248.5674,2717921.4326,66.45824895226738,50.898828668555225,0.20966589315466144,2430481.0,2657575.2294,2845694.7706,69.58254541073528,53.29165473087817,0.21952258390068313,2905888.21715556,3111584.88084444,76.08405458926474,58.27100954359205,0.24003387858960376,3331842.02115556,81.46975253061696,62.395790456407916,0.2570249547454902,0.0019920874204887996,0.0015256934678051614,6.284739589797752e-06,0.0011684931764350884,4.813336021497572e-06,1.982741886994075e-08,non_veg,low_veg,1,0
789.25,1088.0,934.5,3224.0,2930.75,0.5505590958278226,-0.04764612697510053,0.0009556411381578999,622915.5625,858704.0,737554.125,2544542.0,2313094.4375,434.528766382109,-37.60470571509809,0.7542397682911225,1183744.0,1016736.0,3507712.0,3188656.0,599.0082962606709,-51.83898614890938,1.039737558315795,873290.25,3012828.0,2738785.875,514.4974750511002,-44.525305658231446,0.8930466436085575,10394176.0,9448738.0,1775.0025249489,-153.6111133677241,3.080987029421069,8589295.5625,1613.551070097391,-139.63888663227587,2.800745265656265,0.3031153179987495,-0.026232008587108977,0.0005261369209600846,0.0022701534157274026,-4.5532599011300886e-05,9.132499849397262e-07,veg,high_veg,0,1
935.2857,1082.0,1036.0,1848.75,1879.5,0.28174018545801194,0.008247837457252062,0.0005277217591959334,874759.34062449,1011979.1274,968955.9852,1729109.437875,1757869.47315,263.50756657422653,7.714084429692215,0.49357061495480004,1170724.0,1120952.0,2000347.5,2033619.0,304.84288066556894,8.924160128746731,0.57099494345,1073296.0,1915305.0,1947162.0,291.88283213450035,8.544759605713136,0.5467197425269871,3417876.5625,3474725.625,520.8671678654996,15.24818949909475,0.9756256023134819,3532520.25,529.5306785683334,15.50181050090525,0.9918530464087568,0.07937753210191496,0.0023237472548337337,0.0001486804263060906,6.802682272125015e-05,4.352563292503172e-06,2.7849025512885073e-07,non_veg,medium_veg,1,0
432.5,633.6667,444.6,2683.3333,2006.25,0.7157228384633394,-0.14438026935143677,0.0019349939418089042,187056.25,274060.84775,192289.5,1160541.6522499998,867703.125,309.5501276353943,-62.4444664944964,0.836884879832351,401533.48668888997,281728.21482,1700338.9572111098,1271293.816875,453.5297291636973,-91.48896882503608,1.2261412256260402,197669.16000000003,1193009.98518,891978.75,318.21037398080074,-64.1914677536488,0.8602983065282388,7200277.598888889,5383437.4331249995,1920.5229260191993,-387.4203846136797,5.192233679354095,4025039.0625,1435.9189446670746,-289.66291538632004,3.882081595754114,0.5122591814980194,-0.10333625619831181,0.0013849193564408346,0.020845662177993433,-0.000279374946511768,3.7442015548371608e-06,veg,high_veg,0,1
656.125,1026.6666,824.0,3161.5,2663.5,0.5865010663655752,-0.08549356223175966,0.0012059562796173564,430500.015625,673621.622925,540647.0,2074339.1875,1747588.9375,384.81801216911305,-56.09446351931331,0.7912580639639379,1054044.30755556,845973.2784000001,3245806.4559,2734526.4891,602.1410557019194,-87.77338485836911,1.2381150333434006,678976.0,2605076.0,2194724.0,483.27687868523395,-70.44669527896995,0.9937079744047017,9995082.25,8420655.25,1854.2231213147659,-270.2878969957082,3.812630778010272,7094232.25,1562.1455902647094,-227.71210300429186,3.2120645507608288,0.3439835008479568,-0.05014206541631871,0.0007072946439858413,0.007309149183075762,-0.00010310149824024782,1.4543305483485355e-06,veg,high_veg,0,1
379.0,599.0,391.0,3117.0,2002.1666,0.7770809578107184,-0.2177763466420491,0.00231160191141955,143641.0,227021.0,148189.0,1181343.0,758821.1414,294.5136830102623,-82.5372353773366,0.8760971244280095,358801.0,234209.0,1867083.0,1199297.7934,465.4714937286203,-130.4480316385874,1.3846495449403105,152881.0,1218747.0,782847.1406,303.8386545039909,-85.1505515370412,0.903836347365044,9715689.0,6240753.2922,2422.1613454960093,-678.808872483267,7.205263157894738,4008671.0941555602,1555.8455392246294,-436.02452751673286,4.6282121395403815,0.6038548149920235,-0.16922985203712254,0.0017963018274029913,0.047426537156757924,-0.0005034122191597272,5.343503396878517e-06,veg,high_veg,0,1
1009.5,1171.2,1093.2,2052.0,2115.0,0.304845478824876,0.01511879049676026,0.0005027619353513257,1019090.25,1182326.4000000001,1103585.4000000001,2071494.0,2135092.5,307.74151087371234,15.262419006479481,0.5075381737371633,1371709.4400000002,1280355.84,2403302.4,2477088.0,357.0350247996948,17.707127429805617,0.5888347786834727,1195086.24,2243246.4,2312118.0,333.25707745135446,16.527861771058316,0.5496193477260692,4210704.0,4339980.0,625.5429225486456,31.023758099352055,1.0316674913409203,4473225.0,644.7481877146128,31.97624190064795,1.0633414932680538,0.09293076595996792,0.0046088949282378664,0.00015326470291709623,0.00022857782608492834,7.601152370322419e-06,2.527695636382106e-07,non_veg,medium_veg,1,0
1325.5,1424.0,1662.1666,1897.0,2655.5,0.06597988416726544,0.16661175178473367,0.00022711281983316844,1756950.25,1887512.0,2203201.8283,2514473.5,3519865.25,87.45633646371034,220.84387699066448,0.30103804268886475,2027776.0,2366925.2384,2701328.0,3781432.0,93.95535505418599,237.25513454146073,0.32340865544243186,2762797.80615556,3153130.0402,4413883.4063,109.66955973469743,276.9364889840747,0.37749934355851017,3598609.0,5037483.5,125.16384026530254,316.0624931356398,0.4308330192235205,7051680.25,175.20958240617338,442.4375068643603,0.6030980930669788,0.004353345114725765,0.010993024083661908,1.4984877545493478e-05,0.027759475832777703,3.78396647651748e-05,5.158023293257323e-08,non_veg,low_veg,1,0
1593.3334,1678.75,1702.0,1800.0,1853.5,0.027984009137635636,0.01464349254139866,7.201428369861522e-05,2538711.32355556,2674808.44525,2711853.4468,2868000.12,2953243.4569,44.58785642490005,23.331965758861365,0.11474276349407916,2818201.5625,2857232.5,3021750.0,3111563.125,46.978155339805824,24.582763103873,0.12089397875905031,2896804.0,3063600.0,3154657.0,47.628783552255854,24.92322430546052,0.1225683108550431,3240000.0,3336300.0,50.371216447744146,26.35828657451759,0.12962571065750741,3435462.25,51.86836093660765,27.141713425482415,0.1334784748353833,0.0007831047674152747,0.0004097836290853994,2.0152483730623334e-06,0.00021443187380999816,1.0545406262148391e-06,5.186057056624638e-09,non_veg,low_veg,1,0
680.0,1019.0,753.0,3279.0,2564.0,0.6264880952380952,-0.12236864624336813,0.001163905581686333,462400.0,692920.0,512040.0,2229720.0,1743520.0,426.01190476190476,-83.21067944549033,0.7914557955467064,1038361.0,767307.0,3341301.0,2612716.0,638.391369047619,-124.69365052199213,1.1860197877383734,567009.0,2469087.0,1930692.0,471.7455357142857,-92.1435906212562,0.8764209030098088,10751841.0,8407356.0,2054.254464285714,-401.24679103200407,3.816446402349486,6574096.0,1606.3154761904761,-313.7532089679959,2.984253911443758,0.3924873334750567,-0.07666250010187199,0.0007291729909076581,0.014974085583434573,-0.00014242555038605648,1.3546762030806012e-06,veg,high_veg,0,1
1020.0,1170.0,1139.0,2089.0,2197.2,0.2942998760842627,0.025243805702020398,0.0005012028399306287,1040400.0,1193400.0,1161780.0,2130780.0,2241144.0,300.18587360594796,25.748681816060806,0.5112268967292413,1368900.0,1332630.0,2444130.0,2570724.0,344.3308550185874,29.535252671363864,0.5864073227188356,1297321.0,2379371.0,2502610.8,335.2075588599752,28.75269469460123,0.5708700346809861,4363921.0,4589950.8,614.7924411400248,52.734310111520614,1.0470127326150833,4827687.839999999,646.635687732342,55.46568988847921,1.1012428798955773,0.08661241706321239,0.007429248889999808,0.0001475039336846646,0.0006372497263213575,1.2652267108509622e-05,2.5120428675452743e-07,non_veg,medium_veg,1,0
1091.3334,1163.5,1278.0,1754.0,2262.0,0.15699208443271767,0.12649402390438247,0.00034586791786949756,1191008.58995556,1269766.4109,1394724.0852,1914198.7836,2468596.1508,171.33070527704484,138.04715318725098,0.3774572107594395,1353732.25,1486953.0,2040779.0,2631837.0,182.66029023746702,147.175796812749,0.4024173224411604,1633284.0,2241612.0,2890836.0,200.63588390501317,161.6593625498008,0.44201919903721787,3076516.0,3967548.0,275.3641160949868,221.87051792828686,0.6066523279430988,5116644.0,355.11609498680735,286.12948207171314,0.7823532302208035,0.024646514574529554,0.01985856048103102,5.429852536473642e-05,0.016000738083522485,4.375022467074322e-05,1.196246166113815e-07,non_veg,low_veg,1,0
934.0,1006.0,1271.0,1454.0,2135.0,0.0671559633027523,0.18974644747840624,0.0003824963773179648,872356.0,939604.0,1187114.0,1358036.0,1994090.0,62.723669724770645,177.22318194483142,0.35725161641497916,1012036.0,1278626.0,1462724.0,2147810.0,67.55889908256881,190.88492616327667,0.3847913555818726,1615441.0,1848034.0,2713585.0,85.35522935779817,241.16773474505433,0.4861528955711333,2114116.0,3104290.0,97.64477064220183,275.8913346336027,0.5561497326203209,4558225.0,143.37798165137616,405.1086653663973,0.8166297655738549,0.004509923407120613,0.012742605463687466,2.568691267860094e-05,0.036003714330675576,7.257732876944387e-05,1.463034786613669e-07,non_veg,low_veg,1,0
788.5,920.5833,2209.0,2508.5,2951.5,0.0634870164281929,0.08113553113553114,0.0008684847705262525,621732.25,725879.9320500001,1741796.5,1977952.25,2327257.75,50.059512453630106,63.975366300366304,0.6848002415599501,847473.61223889,2033568.5097,2309283.20805,2717101.60995,58.445087090620035,74.692015,0.7995125760508003,4879681.0,5541276.5,6519863.5,140.24281928987813,179.22838827838828,1.9184828580924917,6292572.25,7403837.75,159.2571807101219,203.52847985347987,2.178594046865104,8711352.25,187.38192898781136,239.47152014652016,2.5633328002082343,0.0040306012549536354,0.0051510527981116225,5.513750689403554e-05,0.006582974412644743,7.046497313976737e-05,7.542657966360374e-07,non_veg,low_veg,1,0
328.0,474.0,306.0,2315.3333,1665.0,0.7665310244981056,-0.16338664402802644,0.0026089231937882827,107584.0,155472.0,100368.0,759429.3224,546120.0,251.42217603537864,-53.59081924119267,0.8557268075625567,224676.0,145044.0,1097467.9841999998,789210.0,363.33570561210206,-77.44526926928454,1.236629593855646,93636.0,708491.9898,509490.0,234.5584934964203,-49.99631307257609,0.7983304972992145,5360768.290088889,3855029.9444999998,1774.7748065035796,-378.2945376933357,6.040526747720364,2772225.0,1276.2741557893457,-272.038762306664,4.343857117657491,0.5875698115181154,-0.1252409316361104,0.001999820568571402,0.026695195446741028,-0.00042626320515994797,6.806480231086453e-06,veg,high_veg,0,1
969.25,1030.0,1368.5,1702.6666,2453.0,0.1088077084453836,0.1805566885466702,0.0004439534826211292,939445.5625,998327.5,1326418.625,1650309.60205,2377570.25,105.46187141068805,175.0045703738601,0.43030191303052945,1060900.0,1409555.0,1753746.598,2526590.0,112.0719396987451,185.9733892030703,0.457272087099763,1872792.25,2330099.2421,3356930.5,148.90334900750744,247.09182827611818,0.6075503409670153,2899073.55075556,4176641.1698000003,185.26325099249257,307.4278429950179,0.7559047668126772,6017209.0,266.905308816526,442.90555700498203,1.08901789286963,0.0118391174171356,0.01964595952525002,4.830556110035249e-05,0.03260071777893927,8.015877069083278e-05,1.9709469473142924e-07,non_veg,low_veg,1,0
803.375,1096.0,973.5,3206.6667,2902.0,0.5342291014375098,-0.04987450043722311,0.0009317386272839735,645411.390625,880499.0,782085.5625,2576155.8601125004,2331394.25,429.1863043673594,-40.067926788754114,0.7485355196942621,1201216.0,1066956.0,3514506.7032000003,3180592.0,585.5150951755107,-54.662452479196524,1.0211855355032349,947702.25,3121690.0324500003,2825097.0,520.0720302494158,-48.552826175636696,0.9070475536609481,10282711.32488889,9305746.763400001,1713.094669750585,-159.93089973117878,2.9877752292152295,8421604.0,1550.3328523716534,-144.73580026882146,2.703905496378091,0.2854007328227291,-0.02664440955322239,0.000497761889628536,0.002487465793862568,-4.646999857385219e-05,8.681368695730232e-07,veg,high_veg,0,1
751.25,858.6667,1881.0,2231.3333,2926.5,0.08519088177993737,0.1347788227277528,0.0008817785198992781,564376.5625,645073.358375,1413101.25,1676289.141625,2198533.125,63.99964993717795,101.25259057422429,0.6624361130743327,737308.50168889,1615152.0627,1915971.6013111097,2512888.09755,73.15057332806894,115.73008694152449,0.7571538518127975,3538161.0,4197137.937299999,5504746.5,160.2440486280622,253.518965550903,1.6586253959305421,4978848.295688889,6529996.902449999,190.0892513719375,300.7364752872316,1.9675417746759716,8564402.25,249.31111552898673,394.43022471276856,2.5805248384852373,0.007257486338443266,0.011481926753439125,7.511948964482756e-05,0.018165331055879013,0.00011884507081864505,7.775333581557616e-07,non_veg,low_veg,1,0
947.0,1108.0,1040.0,2106.6667,2044.7,0.3389830578497558,-0.014926819160543,0.000580669504912496,896809.0,1049276.0,984880.0,1995013.3649000002,1936330.9000000001,321.01695578371874,-14.135697745034221,0.5498940211521337,1227664.0,1152320.0,2334186.7036,2265527.6,375.59322809752945,-16.538915629881643,0.6433818114430455,1081600.0,2190933.3680000002,2126488.0,352.54238016374603,-15.523891926964719,0.6038962851089957,4438044.584888891,4307501.401490001,714.1243198362542,-31.445832862437896,1.2232771097046418,4180798.0900000003,693.1186583853957,-30.520867137562274,1.1872949366945804,0.11490951350917089,-0.005059938803011191,0.00019683712437534168,0.00022280993025155363,-8.667548691870863e-06,3.3717707393532314e-07,non_veg,medium_veg,1,0
1144.5,1269.0,1368.0,1781.0,2354.5,0.13115274690377898,0.13867730625075564,0.0003119890811174062,1309880.25,1452370.5,1565676.0,2038354.5,2694725.25,150.10431883137505,158.71617700398983,0.3570715033388714,1610361.0,1735992.0,2260089.0,2987860.5,166.43283582089552,175.9815016322089,0.39591414393798846,1871424.0,2436408.0,3220956.0,179.41695776436964,189.7105549510337,0.42680106296861164,3171961.0,4193364.5,233.58304223563036,246.9842824325958,0.5556525534701005,5543670.25,308.7991425849476,326.5157175674041,0.7345782914909329,0.017201043020406707,0.018187909648003202,4.091822499253374e-05,0.01923139526896587,4.326580534901038e-05,9.733718673648345e-08,non_veg,low_veg,1,0
1374.5,1457.0,1680.5,1906.5,2525.4583,0.06300529690549206,0.13965797015734552,0.00020286831777453456,1889250.25,2002646.5,2309847.25,2620484.25,3471242.4333499996,86.60078059659884,191.95987998127143,0.27884250278109773,2122849.0,2448488.5,2777770.5,3679592.7430999996,91.79871759130192,203.4816625192524,0.2955791389974969,2824080.25,3203873.25,4244032.673149999,105.88040144967941,234.69521884941915,0.3409202080201053,3634742.25,4814786.24895,120.1195985503206,266.25792010497923,0.38676844783715014,6377939.625038889,159.1172500139392,352.7003798950205,0.5123354769307358,0.0039696674381492075,0.008799191874981904,1.2781778594102262e-05,0.01950434862847001,2.8332177469626836e-05,4.115555435666954e-08,non_veg,low_veg,1,0
1661.0,1800.0,1826.0,1870.0,1911.0,0.011904761904761904,0.010843692144935203,6.724711545267927e-05,2758921.0,2989800.0,3032986.0,3106070.0,3174171.0,19.773809523809522,18.01137265273737,0.11169745876690026,3240000.0,3286800.0,3366000.0,3439800.0,21.428571428571427,19.518645860883364,0.12104480781482267,3334276.0,3414620.0,3489486.0,21.738095238095237,19.800581856651682,0.12279323281659234,3496900.0,3573570.0,22.26190476190476,20.27770431102883,0.12575210589651023,3651921.0,22.75,20.722295688971172,0.12850923763007008,0.00014172335600907027,0.0001290915731539905,8.005608982461817e-07,0.00011758565933412943,7.292070176037689e-07,4.522174536705974e-09,non_veg,low_veg,1,0
894.1667,1047.0,989.0,2061.6667,1968.5,0.3516171399517358,-0.023117331598219056,0.0006326077597689007,799534.08738889,936192.5349,884330.8663,1843473.70963889,1760167.14895,314.4043376940818,-20.670748107985258,0.5656567929469507,1096209.0,1035483.0,2158565.0349000003,2061019.5,368.1431455294674,-24.20384618333535,0.662340324478039,978121.0,2038988.3663,1946846.5,347.7493514122667,-22.863040950638645,0.6256490744114428,4250469.581888891,4058390.8989500003,724.9173485877334,-47.66023274890601,1.3042263524771422,3874992.25,692.1583399949919,-45.50646725109421,1.245288375105081,0.12363461310783858,-0.008128450019881675,0.00022243573120121562,0.0005344110202220171,-1.4624203354184177e-05,4.0019257771982714e-07,non_veg,medium_veg,1,0
955.1667,1123.0,1081.0,2037.2,2169.3333,0.30665127317041885,0.0314114475214067,0.0005554862898247269,912343.4247888899,1072652.2041,1032535.2027,1945865.60124,2072074.9293611099,292.90308464498753,30.003168671245213,0.530582006347128,1261129.0,1213963.0,2287775.6,2436161.2959,344.36937977038036,35.27505556653972,0.6238111034731684,1168561.0,2202213.2,2345049.2972999997,331.49002629722276,33.95577477064064,0.6004806793005298,4150183.8400000003,4419365.79876,624.7099737027773,63.991400890609725,1.1316366696309337,4706006.966488889,665.2288183759861,68.14189910939001,1.2050349062102312,0.09403500333703885,0.009632360374565161,0.0001703405780034648,0.000986679035390087,1.7448628441690322e-05,3.0856501818324054e-07,non_veg,medium_veg,1,0
388.25,531.0,355.0,3024.0,1925.5,0.789878662326132,-0.221941610263663,0.0022392047520499673,150738.0625,206160.75,137828.75,1174068.0,747575.375,306.67039064812076,-86.16883018486716,0.8693712449833998,281961.0,188505.0,1605744.0,1022440.5,419.4255696951761,-117.85099505000505,1.1890177233385326,126025.0,1073520.0,683552.5,280.40692512577687,-78.78927164360036,0.7949176869777383,9144576.0,5822712.0,2388.593074874223,-671.1514294373169,6.771355170199101,3707550.25,1520.9113643089672,-427.3485705626831,4.311588750072212,0.6239083011981197,-0.17530694222956986,0.0017687000542235462,0.04925807836642768,-0.0004969727083800159,5.014037921603156e-06,veg,high_veg,0,1
2313.2,2900.0,2852.0,3048.0,2449.3333,0.033220338983050844,-0.10890129219561787,0.00010417255011907543,5350894.239999999,6708279.999999999,6597246.399999999,7050633.6,5665797.7895599995,76.84528813559321,-251.91046910690324,0.24097194293544527,8410000.0,8270800.0,8839200.0,7103066.569999999,96.33898305084745,-315.8137473672918,0.30210039534531874,8133904.0,8692896.0,6985498.571599999,94.744406779661,-310.5864853419022,0.29710011293960314,9290304.0,7465567.898399999,101.25559322033897,-331.9311386122433,0.31751793276294193,5999233.6144888885,81.36768250847456,-266.73556138775695,0.2551532959525704,0.0011035909221488076,-0.003617737842430695,3.4606474276845396e-06,0.01185949144187534,-1.134452531928008e-05,1.0851920198311284e-08,non_veg,low_veg,1,0
956.5,1036.0,1178.0,1367.0,2198.0,0.07426326129666012,0.23309957924263675,0.0003136215264314951,914892.25,990934.0,1126757.0,1307535.5,2102387.0,71.03280943025541,222.95974754558205,0.29997899003172507,1073296.0,1220408.0,1416212.0,2277128.0,76.93673870333988,241.49116409537166,0.32491190138302894,1387684.0,1610326.0,2589244.0,87.48212180746563,274.5913043478261,0.3694461581363012,1868689.0,3004666.0,101.51787819253438,318.64712482468445,0.42872062663185384,4831204.0,163.23064833005895,512.3528751753156,0.6893401150964262,0.005515031978416018,0.017310734961437466,2.329055736563952e-05,0.05433541384309429,7.310504585261498e-05,9.835846184122098e-08,non_veg,low_veg,1,0
905.6667,981.0,1160.0,1380.8,2124.5,0.08690176322418133,0.21216443671012467,0.0003795220608459061,820232.17148889,888459.0327,1050573.372,1250544.5793599999,1924088.90415,78.70403312342567,192.15026525261746,0.343720492423511,962361.0,1137960.0,1354564.8,2084134.5,85.25062972292189,208.1333124126323,0.37231114168983387,1345600.0,1601728.0,2464420.0,100.80604534005035,246.1107465837446,0.44024559058125107,1906608.64,2933509.6,119.99395465994958,292.9566542093401,0.5240440616160271,4513500.25,184.62279596977325,450.7433457906599,0.8062946182671274,0.007551916451471675,0.01843746364357506,3.298113626998427e-05,0.045013748204524494,8.052108425843733e-05,1.4403699466872363e-07,non_veg,low_veg,1,0
1207.5,1310.0,1335.0,1415.5,1799.5,0.02926740592619524,0.11944012441679627,0.00012159250522504332,1458056.25,1581825.0,1612012.5,1709216.25,2172896.25,35.34039265588075,144.2239502332815,0.14682295005923982,1716100.0,1748850.0,1854305.0,2357345.0,38.340301763315765,156.4665629860031,0.15928618184480675,1782225.0,1889692.5,2402332.5,39.071986911470646,159.45256609642303,0.16232599447543283,2003640.25,2547192.25,41.42801308852936,169.06749611197512,0.1721141911460488,3238200.25,52.66669696418833,214.93250388802488,0.21880571315246544,0.0008565810496486882,0.00349570260518164,3.5586972080043584e-06,0.014265943320699774,1.4523023952229124e-05,1.4784737326902187e-08,non_veg,low_veg,1,0
940.75,1096.5,1011.75,1976.0,2063.25,0.32273449920508746,0.021600544655567246,0.000556317433841081,885010.5625,1031532.375,951803.8125,1858922.0,1941002.4375,303.612480127186,20.320712384724885,0.5233556258859969,1202312.25,1109383.875,2166684.0,2262353.625,353.8783783783784,23.684997214829483,0.6100020662067452,1023638.0625,1999218.0,2087493.1875,326.5266295707472,21.85435105527016,0.5628541636887137,3904576.0,4076982.0,637.7233704292528,42.68267623940088,1.099283249269976,4257000.5625,665.8819554848967,44.567323760599116,1.1478219453726104,0.10415755697715859,0.006971240961971623,0.00017954282840976064,0.0004665835294171547,1.2016759572354846e-05,3.094890871955255e-07,non_veg,medium_veg,1,0
401.0,591.5,396.0,3339.3333,1970.0,0.7879707280739847,-0.2579105930305788,0.0021888461436060896,160801.0,237191.5,158796.0,1339072.6533,789970.0,315.9762619576679,-103.42214780526209,0.8777273035860419,349872.25,234234.0,1975215.64695,1165255.0,466.084685655762,-152.55411577758736,1.294702493943002,156816.0,1322375.9867999998,780120.0,312.03640831729797,-102.13259484010919,0.8667830728680115,11151146.888488889,6578486.601,2631.2968916827017,-861.2494317297596,7.309286815920396,3880900.0,1552.3023343057498,-508.0838682702402,4.312026902903996,0.6208978683014456,-0.20322599776829833,0.001724746689419224,0.06651787399738483,-0.000564526606950142,4.79104744037925e-06,veg,high_veg,0,1
377.5,509.0,374.5,2724.0,1754.6,0.7582701307084073,-0.21645156968695575,0.0022758706308424357,142506.25,192147.5,141373.75,1028310.0,662361.5,286.24697434242375,-81.71046755682579,0.8591411631430195,259081.0,190620.5,1386516.0,893091.3999999999,385.9594965305793,-110.17384897066047,1.1584181510987999,140250.25,1020138.0,657097.7,283.9721639502985,-81.06111284776493,0.8523135512504921,7420176.0,4779530.399999999,2065.5278360497014,-589.6140758272675,6.199471598414795,3078621.1599999997,1330.4607713409714,-379.78592417273256,3.9932426088761375,0.5749735911245452,-0.16412876003856788,0.001725724720724319,0.046851282019947066,-0.0004926157704502874,5.179587128331146e-06,veg,high_veg,0,1
1072.3334,1165.0,1303.0,1808.0,2199.5,0.16232722597235616,0.09769182782283219,0.00037909492368618354,1149898.92075556,1249268.411,1397250.4202,1938778.7872,2358597.3133,174.06890613950497,104.75820988147224,0.40651614843914574,1357225.0,1517995.0,2106320.0,2562417.5,189.11121825779492,113.8109794135995,0.44164558609440385,1697809.0,2355824.0,2865948.5,211.51237544198008,127.29245165315034,0.49396068556309713,3268864.0,3976696.0,293.48762455801995,176.6268247036806,0.6854036220246198,4837800.25,357.03873352619735,214.8731752963194,0.8338192846477607,0.02635012829188038,0.01585804341064939,6.153742734218023e-05,0.009543693223365889,3.703447601326035e-05,1.4371296116463332e-07,non_veg,low_veg,1,0
363.0,557.0,397.25,2792.0,2040.0,0.7508818687779258,-0.15562913907284767,0.0023900705311880096,131769.0,202191.0,144201.75,1013496.0,740520.0,272.5701183663871,-56.4933774834437,0.8675956028212475,310249.0,221268.25,1555144.0,1136280.0,418.24120090930467,-86.68543046357615,1.3312692858717214,157807.5625,1109122.0,810390.0,298.28782237203103,-61.823675496688736,0.9494555185144368,7795264.0,5695680.0,2096.462177627969,-434.5165562913907,6.6730769230769225,4161600.0,1531.7990123069687,-317.48344370860923,4.87574388362354,0.5638235808594303,-0.11685909878331957,0.0017946606269695026,0.024220428928555762,-0.00037196461909217365,5.712437144053334e-06,veg,high_veg,0,1
893.8333,1054.0,1225.0,2071.3333,2391.75,0.25674991664222785,0.07179267749719129,0.0006352852780120686,798937.96818889,942100.2982,1094945.7925,1851426.6789388899,2137825.795275,229.49162526704745,64.17068584315022,0.5678391364869447,1110916.0,1291150.0,2183185.2981999996,2520904.5,270.61441214090814,75.66948208203962,0.6695906830247204,1500625.0,2537383.2924999995,2929893.75,314.5186478867291,87.94602993405933,0.7782244655647841,4290421.6396888895,4954111.420275,531.8146521132707,148.70656359609296,1.3158875513461554,5720468.0625,614.0816131290485,171.71013640390726,1.5194435636853652,0.06592051969579095,0.01843276396292621,0.00016310944217363317,0.005154188542215716,4.560883108303395e-05,4.0358738445887133e-07,non_veg,medium_veg,1,0
1529.0,1749.0,1850.0,1961.0,1960.5,0.02912621359223301,-0.00012750223128904755,0.00014398416174220835,2337841.0,2674221.0,2828650.0,2998369.0,2997604.5,44.53398058252427,-0.1949509116409537,0.22015178330383658,3059001.0,3235650.0,3429789.0,3428914.5,50.94174757281554,-0.22300140252454417,0.25182829888712244,3422500.0,3627850.0,3626925.0,53.883495145631066,-0.23587912788473797,0.2663706992230854,3845521.0,3844540.5,57.116504854368934,-0.25003187555782225,0.2823529411764706,3843560.25,57.101941747572816,-0.24996812444217772,0.2822809490955995,0.000848336318220379,-3.7136572220110938e-06,4.193713448802185e-06,1.6256818983685778e-08,-1.835830189241468e-08,2.0731438832606417e-08,non_veg,low_veg,1,0
1023.25,980.5,1018.5,1470.0,2299.75,0.18143459915611815,0.2201074341799854,0.00029671619685218487,1047040.5625,1003296.625,1042180.125,1504177.5,2353219.1875,185.6529535864979,225.22493202467007,0.30361484842899816,961380.25,998639.25,1441335.0,2254904.875,177.89662447257385,215.81533921347568,0.29093023101356724,1037342.25,1497195.0,2342295.375,184.79113924050634,224.17942171231513,0.3022054464939503,2160900.0,3380632.5,266.7088607594937,323.55792824457853,0.43617280937271175,5288850.0625,417.2542194092827,506.19207175542147,0.6823730737108121,0.032918513770941266,0.03993510409172731,5.3834584239004004e-05,0.04844728258129661,6.530944076877788e-05,8.804050147442452e-08,non_veg,low_veg,1,0
402.5,528.375,372.5,2580.4,1765.25,0.7477056452978428,-0.18757838298068186,0.002091738368180913,162006.25,212670.9375,149931.25,1038611.0,710513.125,300.9515222323817,-75.50029914972444,0.8419246931928175,279180.140625,196819.6875,1363418.85,932713.96875,395.0689703342477,-99.11172810741778,1.1052222602875899,138756.25,961199.0,657555.625,278.5203528734464,-69.87294766030399,0.7791725421473901,6658464.16,4555051.100000001,1929.3796471265537,-484.02725944335145,5.397521685254028,3116107.5625,1319.887390362017,-331.12274055664864,3.6924411544313567,0.5590637320102635,-0.1402534158904966,0.001564004586374966,0.035185649761647356,-0.0003923649007220258,4.3753694009201484e-06,veg,high_veg,0,1
1325.5,1424.0,1662.1666,1897.0,2655.5,0.06597988416726544,0.16661175178473367,0.00022711281983316844,1756950.25,1887512.0,2203201.8283,2514473.5,3519865.25,87.45633646371034,220.84387699066448,0.30103804268886475,2027776.0,2366925.2384,2701328.0,3781432.0,93.95535505418599,237.25513454146073,0.32340865544243186,2762797.80615556,3153130.0402,4413883.4063,109.66955973469743,276.9364889840747,0.37749934355851017,3598609.0,5037483.5,125.16384026530254,316.0624931356398,0.4308330192235205,7051680.25,175.20958240617338,442.4375068643603,0.6030980930669788,0.004353345114725765,0.010993024083661908,1.4984877545493478e-05,0.027759475832777703,3.78396647651748e-05,5.158023293257323e-08,non_veg,low_veg,1,0
992.5417,1085.6666,1229.0,1839.1666,2275.0,0.1988701004697724,0.10593479612614616,0.00046332300703544815,985139.02623889,1077569.37279722,1219833.7493,1825449.54374722,2258032.3675,197.38686759943872,105.14470263619853,0.4598674050520757,1178671.96635556,1334284.2514,1996721.74945556,2469891.515,215.90662581867622,115.00986993196628,0.5030143137499511,1510441.0,2260335.7514,2795975.0,244.4113534773503,130.19386443903363,0.5694239756465658,3382533.78255556,4184104.015,365.7552465226497,194.8317388130174,0.8521281995511613,5175625.0,452.42947856873224,241.00166118698252,1.0540598410056445,0.03954931686085737,0.021067263548851543,9.214109295909664e-05,0.011222181030288152,4.908202829085318e-05,2.1466820884836992e-07,non_veg,low_veg,1,0
1118.5,1068.0,1122.0,1482.0,2299.75,0.1382488479262673,0.21623586963707278,0.00021909482194853953,1251042.25,1194558.0,1254957.0,1657617.0,2572270.375,154.63133640552996,241.8598201890659,0.24505755834944146,1140624.0,1198296.0,1582776.0,2456133.0,147.64976958525347,230.93990877239372,0.2339932698410402,1258884.0,1662804.0,2580319.5,155.11520737327191,242.61664573279566,0.24582439022626135,2196324.0,3408229.5,204.88479262672814,320.46155880214184,0.3246985261277356,5288850.0625,317.9377880184332,497.2884411978581,0.5038633167761538,0.01911274395294018,0.029894359857659834,3.0289606720996253e-05,0.046757951317701135,4.7376159357022066e-05,4.800254100466224e-08,non_veg,low_veg,1,0
354.0,524.5,354.66666,3421.6667,1982.5834,0.8121634791267475,-0.2662873244892941,0.0025254694292367297,125316.0,185673.0,125551.99763999999,1211270.0118,701834.5236,287.5058716108686,-94.2657128692101,0.8940161779498024,275100.25,186022.66316999999,1794664.18415,1039864.9933,425.97974480197905,-139.66770169463476,1.3246087156346646,125788.43971555558,1213551.100122222,703156.2326494439,288.0473085158632,-94.44323597695414,0.8956998073994973,11707803.005888892,6783739.59975278,2778.952731484137,-911.1464708371121,8.641314647887326,3930636.93795556,1610.181831802936,-527.936829162888,5.006953767612215,0.6596095168272628,-0.21626883990457824,0.0020510940380771437,0.07090893918366661,-0.0006725004973909534,6.377995838009294e-06,veg,high_veg,0,1
3864.6667,4060.0,4017.0,4048.5,5274.375,0.003905523526129812,0.13149109046297414,1.174642292854609e-05,14935648.702088892,15690546.802000001,15524366.133900002,15646103.13495,20383701.4258125,15.093546717500466,508.16923865894375,0.04539600953606856,16483600.0,16309020.0,16436910.0,21413962.5,15.856425516087038,533.853827279675,0.047690477089897126,16136289.0,16262824.5,21187164.375,15.688488004463455,528.1997103897671,0.04718538090396965,16390352.25,21353307.1875,15.811511995536545,532.3416797393508,0.04755539322621885,27819031.640625,20.599195648130927,693.5333202606492,0.06195503943375029,1.5253114013153442e-05,0.0005135415472796088,4.58759310953074e-08,0.017289906871142048,1.5445499599138076e-06,1.3797845161627333e-10,non_veg,low_veg,1,0
1150.3334,1249.5,1327.5,1711.0,2412.5,0.1262135922330097,0.1701224687765248,0.0002846122390400904,1323266.93115556,1437341.5833,1527067.5885,1968220.4474,2775179.3275,145.18771067961165,195.6975579240936,0.32739896461659995,1561250.25,1658711.25,2137894.5,3014418.75,157.70388349514562,212.56802473626772,0.35562299268059294,1762256.25,2271352.5,3202593.75,167.54854368932038,225.83757730083664,0.37782274732572,2927521.0,4127787.5,215.95145631067962,291.0795440766339,0.4869715409975947,5820156.25,304.49029126213594,410.42045592336603,0.6866270266842182,0.01592987086436045,0.021471767903833226,3.592193308272986e-05,0.028941654382619652,4.841893674951459e-05,8.100412661141356e-08,non_veg,low_veg,1,0
717.0,1076.3334,893.5,3286.0,2652.0,0.5724368943653547,-0.10676995621421353,0.0010888601427173948,514089.0,771731.0478,640639.5,2356062.0,1901484.0,410.43725325995933,-76.55405860559111,0.7807127223283721,1158493.58795556,961703.8929,3536831.5524,2854436.1768,616.1329487977031,-114.92006998989558,1.1719765395354989,798342.25,2936041.0,2369562.0,511.47236511544446,-95.3989558773998,0.9728965375179923,10797796.0,8714472.0,1881.0276348845557,-350.84607611990566,3.5779944289693595,7033104.0,1518.1026438569206,-283.1539238800943,2.8876570984865313,0.3276839980306523,-0.061119062146789305,0.0006233037184953625,0.011399823549985075,-0.00011625754976133855,1.1856164103985455e-06,veg,high_veg,0,1
1025.0,1113.0,1222.8334,1916.2667,2228.0,0.22090193938065245,0.07522037614036763,0.00045331946443156725,1050625.0,1140825.0,1253404.2349999999,1964173.3675,2283700.0,226.42448786516874,77.10088554387681,0.4646524510423564,1238769.0,1361013.5742,2132804.8371,2479764.0,245.86385853066616,83.72027864422917,0.5045445639123344,1495321.52415556,2343274.92406778,2724472.8152,270.12626959943714,91.98198830500462,0.5543341819770324,3672078.0655288897,4269442.207599999,423.3070304005629,144.142301959261,0.8686809941520467,4963984.0,492.16952094009366,167.59099804073907,1.0099957667535318,0.04879766682213345,0.016616326970349364,0.0001001391488519319,0.005658104986698387,3.409886062629249e-05,2.0549853683252297e-07,non_veg,medium_veg,1,0
837.5,981.2,1130.0,2092.0,2118.6667,0.2985723153320919,0.006333130095526255,0.0007151644507685239,701406.25,821755.0,946375.0,1752050.0,1774383.36125,250.05431409062695,5.303996455003238,0.5989502275186387,962753.4400000001,1108756.0,2052670.4000000001,2078835.7660400004,292.95915580384855,6.214067249730362,0.7017193590940757,1276900.0,2363960.0,2394093.3710000003,337.3867163252638,7.1564370079446675,0.808135829368432,4376464.0,4432250.736400001,624.6132836747362,13.248908159840925,1.496124031007752,4488748.585688891,632.5752220360026,13.417791840159296,1.515195106867061,0.08914542748276612,0.0018908973159206261,0.000213528305909162,4.0108536806860386e-05,4.529229506412643e-06,5.114601916430444e-07,non_veg,medium_veg,1,0
4239.0,4400.0,4414.0,4256.3335,5103.6665,-0.018184594629491502,0.09052702991452997,9.60472111182417e-07,17969121.0,18651600.0,18710946.0,18042597.706499998,21634442.293500002,-77.08449663441448,383.7440798076926,0.004071441279302266,19360000.0,19421600.0,18727867.4,22456132.6,-80.01221636976261,398.31893162393186,0.004226077289202634,19483396.0,18787456.069,22527583.931,-80.2668006945755,399.5863100427353,0.004239523898759188,18116374.86322225,21722906.69677775,-77.39969930542476,385.31323008071604,0.004088089622641446,26047411.74322225,-92.8081064266157,462.0197699192845,0.004901929338025977,0.0003306794818389312,-0.0016461973420075784,-1.7465795994784143e-08,0.008195143145146204,8.694868754108242e-08,9.22506676359209e-13,non_veg,low_veg,1,0
1175.5,1286.3334,1289.2,1428.0,1724.2,0.051081996172530536,0.09396611890108497,0.00015029386170107653,1381800.25,1512084.9117,1515454.6,1678614.0,2026797.1,60.04688650080965,110.45717276822539,0.17667043442961547,1654653.61595556,1658341.0192800001,1836884.0951999999,2217896.04828,65.7084778153982,120.87175721083689,0.19332801412107556,1662036.6400000001,1840977.6,2222838.64,65.85490946562636,121.14112048727876,0.19375884650502787,2039184.0,2462157.6,72.9450905343736,134.18361779074934,0.2146196345091373,2972865.64,88.07557780067715,162.0163822092507,0.25913667634499615,0.0026093703329704244,0.004799976926052772,7.677310468169226e-06,0.008829631501332839,1.4122530878706578e-05,2.258824486502232e-08,non_veg,low_veg,1,0
853.3333,950.7,1097.0,2138.5,2339.25,0.3218976974192551,0.04483278432248339,0.0007034332210441726,728177.72088889,811263.96831,936106.6301,1824853.26205,1996159.922025,274.68602440117445,38.257307794093016,0.6002629918432533,903830.4900000001,1042917.9,2033071.9500000002,2223924.975,306.02814093648584,42.62252805538496,0.6687539632466949,1203409.0,2345934.5,2566157.25,353.12177406892283,49.18156440176428,0.7716662434854573,4573182.25,5002486.125,688.378225931077,95.87490927363072,1.5042919432029631,5472090.5625,752.9991886879925,104.87509072636927,1.6455061623275808,0.10361812760381832,0.014431570042301481,0.00022643353414232906,0.0020099785501063124,3.153686988434317e-05,4.948182964685798e-07,non_veg,medium_veg,1,0
1018.6,1050.0,1069.0,1100.5,1393.0416,0.014519474533302604,0.11731971906945528,7.299011166684994e-05,1037545.9600000001,1069530.0,1088883.4000000001,1120969.3,1418952.1737600002,14.789536759622033,119.50186584414715,0.07434772774385334,1102500.0,1122450.0,1155525.0,1462693.68,15.245448259967734,123.18570502292805,0.07663961725019243,1142761.0,1176434.5,1489161.4704,15.521318276100484,125.4147796852477,0.07802642937186259,1211100.25,1533042.2808,15.978681723899516,129.11035083593552,0.08032561788936836,1940564.8993305601,20.226232035031114,163.4312491640645,0.10167826194056731,0.0002108151407232229,0.0017034206732831718,1.059778067529741e-06,0.013763916482535908,8.563179395603005e-06,5.3275564011392236e-09,non_veg,low_veg,1,0
3815.3333,4012.5,4071.0,3949.0,5287.75,-0.015211970074812968,0.1449373426800552,8.869309203358873e-06,14556768.190088889,15309024.866249999,15532221.8643,15066751.201699998,20174528.657075,-58.038735985037405,552.9842699407259,0.033839370751571576,16100156.25,16334887.5,15845362.5,21217096.875,-61.03802992518703,581.5610875037215,0.03558810317847748,16573041.0,16076379.0,21526430.25,-61.92793017456359,590.0399220505047,0.03610695776687397,15594601.0,20881324.75,-60.072069825436415,572.357566243538,0.035024902044064186,27960300.0625,-80.43709476309228,766.3924337564619,0.04689868974006088,0.00023140403355700526,-0.002204782519571912,-1.3491966618575843e-07,0.021006833303155753,1.2854941073425923e-06,7.866464574478641e-11,non_veg,low_veg,1,0
1175.0,1180.3334,1367.0,1525.4,2332.8333,0.05476420965288345,0.20927539555474775,0.00019533183668117836,1380625.0,1386891.7449999999,1606225.0,1792345.0,2741079.1275,64.34794634213806,245.8985897768286,0.22951490810038458,1393186.93515556,1613515.7578,1800480.5683600002,2753521.06062222,64.64002577790075,247.0147391714803,0.23055669091813996,1868689.0,2085221.8,3188983.1210999996,74.86267459549168,286.07946572334015,0.26701862074317084,2326845.16,3558503.9158199998,83.53732540450842,319.22868837921226,0.2979591836734695,5442111.205588889,127.75577192642794,488.2046116207875,0.45567661316001434,0.002999118658904973,0.01146080163735032,1.0697193655890841e-05,0.043796191184596135,4.0878147385888986e-05,3.8154526421242535e-08,non_veg,low_veg,1,0
904.8,1049.0,1050.0,1749.0,2085.25,0.2497320471596999,0.08769642042120362,0.0005328723942937585,818663.0399999999,949135.2,950040.0,1582495.2,1886734.2,225.95755627009646,79.34772119710503,0.48214294235699273,1100401.0,1101450.0,1834701.0,2187427.25,261.9689174705252,91.9935450218426,0.5589831416141527,1102500.0,1836450.0,2189512.5,262.2186495176849,92.0812414422638,0.5595160140084465,3059001.0,3647102.25,436.78135048231513,153.38103931668513,0.9319938176197837,4348267.5625,520.7537513397642,182.86896068331487,1.11117216020106,0.06236609537857458,0.021900606600364893,0.0001330753139018711,0.0076906621546925,4.673100152083884e-05,2.8395298860036286e-07,non_veg,medium_veg,1,0
843.0,937.8333,1008.75,1500.5,2120.0,0.19597489289628375,0.17110896285043503,0.0005191792309356596,710649.0,790593.4719,850376.25,1264921.5,1787160.0,165.2068347115672,144.24485568291672,0.4376680916787611,879531.29858889,946039.341375,1407218.86665,1988206.596,183.79178052206836,160.4716832896009,0.48690357143985175,1017576.5625,1513629.375,2138550.0,197.68967320912623,172.60616627537632,0.5237220492063467,2251500.25,3181060.0,294.0603267908738,256.74899875707774,0.7790284360189573,4494400.0,415.46677294012153,362.75100124292226,1.1006599695835984,0.03840615864570989,0.0335330606682082,0.00010174609417659087,0.029278277167751554,8.883621973888722e-05,2.69547073834943e-07,non_veg,low_veg,1,0
404.5,596.0,411.2,3012.0,1831.25,0.7597569525590092,-0.24379290765498374,0.0021349046886846366,163620.25,241082.0,166330.4,1218354.0,740740.625,307.3216873101192,-98.61423114644091,0.8635689465729355,355216.0,245075.19999999998,1795152.0,1091425.0,452.8151437251695,-145.3005729623703,1.2724031944560434,169085.44,1238534.4,753010.0,312.41205889226455,-100.2476436277293,0.8778728079871225,9072144.0,5515725.0,2288.387941107736,-734.304237856811,6.430332922318126,3353476.5625,1391.3049193736856,-446.445762143189,3.9095442111537406,0.5772306269617525,-0.1852233565754504,0.0016220086802789797,0.05943498182287143,-0.0005204746216206854,4.5578180297676455e-06,veg,high_veg,0,1
1516.0,1525.3334,1618.6666,1735.0,1923.5,0.03468842132369389,0.051523848571819054,8.320684499780585e-05,2298256.0,2312405.4344,2453898.5656,2630260.0,2916026.0,52.58764672671993,78.11015443487769,0.12614157701667367,2326641.98115556,2469006.22844444,2646453.449,2933978.7949,52.9114076383025,78.5910471231379,0.12691817978377617,2620081.56195556,2808386.551,3113505.2051,56.14898900339109,83.39993278666121,0.1346841408893254,3010225.0,3337272.5,60.1844109966089,89.39387727210605,0.14436387607119314,3699852.25,66.7231784161252,99.10612272789395,0.16004836635327954,0.0012032865739301007,0.001787280967477463,2.8863140962991806e-06,0.0026547069716517406,4.287136881805768e-06,6.923379054488888e-09,non_veg,low_veg,1,0
1166.0,1229.0,1482.0,1748.0,2410.3333,0.08235294117647059,0.1592785503749783,0.0002853058655356397,1359556.0,1433014.0,1728012.0,2038168.0,2810448.6278,96.0235294117647,185.71878973722468,0.3326666392145559,1510441.0,1821378.0,2148292.0,2962299.6256999997,101.21176470588235,195.75333841084833,0.3506409087433012,2196324.0,2590536.0,3572113.9505999996,122.04705882352941,236.05081165571784,0.422823292723818,3055504.0,4213262.608399999,143.95294117647057,278.41890605546206,0.4987146529562982,5809706.617088889,198.4980364705882,383.9143939445376,0.6876822283858747,0.006782006920415225,0.013117057089704095,2.3495777161758563e-05,0.025369656609554498,4.544310467599517e-05,8.139943690904053e-08,non_veg,low_veg,1,0
1059.0,996.0,1242.6666,1830.6666,2484.0,0.19132321871250407,0.15142152582542528,0.00039766244628626864,1121481.0,1054764.0,1315983.9294,1938675.9294,2630556.0,202.6112886165418,160.3553958491254,0.4211245306171585,992016.0,1237695.9336,1823343.9336,2474064.0,190.55792583765407,150.81583972212357,0.39607179650112356,1544220.27875556,2274908.23955556,3086783.8344,237.7509736985238,188.16647266429342,0.4941618400742401,3351340.20035556,4547375.8344,350.2490263014762,277.2023298496435,0.7279873584905661,6170256.0,475.2468752818601,376.13107015035644,0.9877935165750913,0.03660457401851267,0.028970453703278925,7.608205918457718e-05,0.022928478483299937,6.0214654380138025e-05,1.5813542118637949e-07,non_veg,low_veg,1,0
420.5,579.5,426.0,3050.5,1919.5,0.7549259312526967,-0.22756539235412473,0.002045441863078666,176820.25,243679.75,179133.0,1282735.25,807149.75,317.44635409175896,-95.69124748490945,0.8601083034245791,335820.25,246867.0,1767764.75,1112350.25,437.4795771609377,-131.87414486921529,1.185333559654087,181476.0,1299513.0,817707.0,321.5984467136488,-96.94285714285714,0.8713582336715118,9305550.25,5855434.75,2302.9015532863514,-694.1882293762575,6.239620403321471,3684480.25,1449.0803250395513,-436.8117706237424,3.9262256561794997,0.5699131616777513,-0.17179501574382292,0.001544157103307913,0.05178600779728673,-0.00046547178010904856,4.183832415234725e-06,veg,high_veg,0,1
1155.5,1272.5,1361.0,1468.5,1701.5,0.03799257819402721,0.07350157728706624,0.00018429975147502364,1335180.25,1470373.75,1572635.5,1696851.75,1966083.25,43.90042410319844,84.93107255520505,0.21295836282938982,1619256.25,1731872.5,1868666.25,2165158.75,48.345555751899624,93.53075709779179,0.23452143375196757,1852321.0,1998628.5,2315741.5,51.70789892207103,100.03564668769715,0.25083196175750716,2156492.25,2498652.75,55.792101077928955,107.93706624605677,0.27064418504107224,2895102.25,64.6443717971373,125.06293375394321,0.3135860271347527,0.0014434359978292718,0.002792514422463199,7.0020227190546175e-06,0.0054024818636865726,1.3546322427028551e-05,3.396639839375548e-08,non_veg,low_veg,1,0
976.75,1165.0,1127.5,2083.5,2203.5,0.29772656493304267,0.02799160251924423,0.000543285608999912,954040.5625,1137913.75,1101285.625,2035058.625,2152268.625,290.80442229834944,27.3407977606718,0.5306542185906641,1357225.0,1313537.5,2427277.5,2567077.5,346.8514481469947,32.61021693491953,0.6329277344848975,1271256.25,2349146.25,2484446.25,335.6867019620056,31.56053184044787,0.6125545241474009,4340972.25,4590992.25,620.3132980379944,58.32050384884535,1.1319355663513166,4855412.25,656.0404858299595,61.67949615115466,1.1971298394313061,0.08864110746682927,0.008333843665025688,0.00016175055814509994,0.0007835298115953599,1.5207434821551073e-05,2.951592529464053e-07,non_veg,medium_veg,1,0
1191.3334,1300.0,1337.0,1473.0,1804.0,0.048398576512455514,0.10100701861458651,0.00016037434471948206,1419275.2699555599,1548733.42,1592812.7558,1754834.0982,2149165.4536,57.65884071174377,120.33303490997864,0.19105931336743262,1690000.0,1738100.0,1914900.0,2345200.0,62.91814946619217,131.30912419896245,0.2084866481353267,1787569.0,1969401.0,2411948.0,64.70889679715302,135.04638388770218,0.21442049888994752,2169729.0,2657292.0,71.29110320284697,148.78333841928594,0.23623140977179707,3254416.0,87.31103202846975,182.21666158071406,0.28931531787394565,0.0023424222084320106,0.004888595918713084,7.76188999354077e-06,0.010202417809407427,1.619893442238284e-05,2.5719930444203264e-08,non_veg,low_veg,1,0
358.91666,501.0,344.375,2938.5,1928.0,0.7901991394737844,-0.20764409740059592,0.002439056823985118,128821.16882555558,179817.24665999998,123601.92478749999,1054676.6054099998,691991.32048,283.6156358748048,-74.52692590773657,0.8754181288149464,251001.0,172531.875,1472188.5,965928.0,395.88976887636596,-104.02969279769856,1.2219674688165443,118594.140625,1011945.9375,663955.0,272.1248286562845,-71.50743604233021,0.8399501937598751,8634782.25,5665428.0,2322.0001713437155,-610.162180211651,7.16716847728027,3717184.0,1523.5039409054564,-400.33781978834895,4.702501556643308,0.6244146800251094,-0.16408018708276156,0.001927340603440702,0.043116071185308164,-0.000506455752725154,5.948998190628372e-06,veg,high_veg,0,1
818.0,891.0,1005.6667,1278.0,2282.1667,0.11925264750762449,0.2820560902386959,0.00043948400755912495,669124.0,728838.0,822635.3606,1045404.0,1866812.3606000002,97.54866566123683,230.72188181525323,0.3594979181833642,793881.0,896049.0297,1138698.0,2033410.5297000003,106.25410892929342,251.31197640267803,0.3915802507351803,1011365.5114888899,1285242.0426,2295099.05403889,119.92841648525594,283.6544174852515,0.44197443158476024,1633284.0,2916609.0426000003,152.40488351474409,360.4676833250533,0.5616605616605617,5208284.846588891,272.1544210287386,643.6990166749468,1.0029757672339834,0.014221193937577738,0.03363593550661392,5.24096314386865e-05,0.07955563804073935,0.00012395914089456024,1.93146192900229e-07,non_veg,low_veg,1,0
938.5,1032.0,1152.6666,1674.0,2407.25,0.18443399019891485,0.17966309341500766,0.00046766023005958456,880782.25,968532.0,1081777.6041,1571049.0,2259204.125,173.09129980168157,168.6138131699847,0.4388991259109201,1065024.0,1189551.9312,1727568.0,2484282.0,190.33587788528013,185.41231240428792,0.48262535742149126,1328640.29075556,1929563.8884,2774756.67285,212.5909004070165,207.09164703215927,0.5390563273379991,2802276.0,4029736.5,308.74249959298345,300.7560183767228,0.7828632251197446,5794852.5625,443.9787229063378,432.4939816232772,1.125775088810935,0.03401589674069342,0.03313598121001025,8.625244228723169e-05,0.03227882713544977,8.402128359967911e-05,2.1870609077938356e-07,non_veg,low_veg,1,0
728.75,1048.0,841.25,3266.25,2615.8,0.5903834449178332,-0.11058219498304159,0.0010645903483871915,531076.5625,763730.0,613060.9375,2380279.6875,1906264.2500000002,430.241935483871,-80.58677459389156,0.7758202163871658,1098304.0,881630.0,3423030.0,2741358.4000000004,618.7218502738892,-115.89014034222758,1.1156906851097768,707701.5625,2747732.8125,2200541.75,496.66007303712723,-93.02727152948374,0.8955866305807249,10668389.0625,8543856.75,1928.3399269628728,-361.1890943633596,3.4772182254196644,6842409.640000001,1544.3250152160683,-289.2609056366402,2.784755433311216,0.3485526120330482,-0.06528589722066362,0.0006285165173071064,0.012228421847267428,-0.00011772473748241658,1.1333526098791617e-06,veg,high_veg,0,1
688.0,1051.5,850.6667,3209.3333,2582.0,0.5809523645320196,-0.10832277603501075,0.001140239851136068,473344.0,723432.0,585258.6896,2208021.3104,1776416.0,399.69522679802947,-74.5260699120874,0.7844850175816148,1105652.25,894476.03505,3374613.96495,2714973.0,610.8714113054186,-113.90139900081381,1.1989622034695755,723633.83448889,2730072.96751111,2196421.4194,494.1968307936501,-92.14657842454169,0.9699640713744102,10299820.230488889,8286498.580599999,1864.4697692063494,-347.64389227760194,3.6594097242380257,6666724.0,1500.0190052216747,-279.6894077223978,2.9440992956333276,0.3375056498553446,-0.06293037287021189,0.0006624250376511368,0.0117338238079311,-0.0001235139460208063,1.3001469181188025e-06,veg,high_veg,0,1
365.41666,575.0,396.5,3147.0,2046.0,0.7762099619020743,-0.2120161756210283,0.0024122378184525672,133529.33540555558,210114.5795,144887.70569,1149966.22902,747642.48636,283.6400517369832,-77.47424276140958,0.8814718867446234,330625.0,227987.5,1809525.0,1176450.0,446.3207280936927,-121.90930098209128,1.3870367456102262,157212.25,1247785.5,811239.0,307.76724989417244,-84.06441363373773,0.9564522950164429,9903609.0,6438762.0,2442.7327501058276,-667.2149046793761,7.591312414670229,4186116.0,1588.125582051644,-433.78509532062395,4.935438576553953,0.6025019049560195,-0.16456906760142187,0.00187240302515981,0.04495085872496672,-0.0005114334369567257,5.818891292772801e-06,veg,high_veg,0,1
369.5,554.0,346.5,3295.0,1943.125,0.8096938074969107,-0.2580837608877222,0.002396384330734622,136530.25,204703.0,128031.75,1217502.5,717984.6875,299.1818618701085,-95.36194964801336,0.8854640102064428,306916.0,191961.0,1825430.0,1076491.25,448.5703693532885,-142.9784035317981,1.3275969192269805,120062.25,1141717.5,673292.8125,280.55890429767953,-89.42602314759576,0.8303471705995465,10857025.0,6402596.875,2667.9410957023206,-850.3859921250447,7.89608636977058,3775734.765625,1573.3362796924346,-501.48900787495523,4.6564743026587125,0.6556040618988442,-0.20896882300630207,0.0019403375529784522,0.06660722763395098,-0.0006184678806083984,5.742657860590423e-06,veg,high_veg,0,1
709.3333,994.0,843.5,3181.6667,2641.6667,0.5808869232670538,-0.09273039390119754,0.0010939316277309718,503153.73048889,705077.3002,598322.63855,2256862.13981111,1873822.1578111101,412.0424382078661,-65.77675631623633,0.7759621314727818,988036.0,838439.0,3162576.6998,2625816.6998,577.4016017274515,-92.17401153779035,1.087368037964586,711492.25,2683735.86145,2228245.86145,489.9781197757599,-78.21808725566012,0.9227313279910747,10123002.989888892,8404902.97188889,1848.1885802242405,-295.0372063533233,3.48052583202843,6978402.953888891,1534.5096416600313,-244.96279364667666,2.889802753053705,0.3374296176226641,-0.053865873206608614,0.0006354505774971643,0.008598925953071254,-0.00010144071074047122,1.1966864061501336e-06,veg,high_veg,0,1
365.0,529.6,363.0,2574.0,1765.25,0.7528089887640449,-0.18638013481592441,0.002344801525129394,133225.0,193304.0,132495.0,939510.0,644316.25,274.77528089887636,-68.02874920781241,0.8558525566722288,280476.16000000003,192244.80000000002,1363190.4000000001,934876.4,398.6876404494382,-98.70691939851358,1.241806887708527,131769.0,934362.0,640785.75,273.2696629213483,-67.65598893818056,0.85116295362197,6625476.0,4543753.5,1937.7303370786515,-479.74246701618944,6.03551912568306,3116107.5625,1328.8960674157302,-329.00753298381056,4.1391608922346625,0.5667213735639439,-0.14030864081648242,0.0017651876649850493,0.03473755465400216,-0.0004370244243702016,5.498094192249133e-06,veg,high_veg,0,1
740.7917,1090.8,948.5,3441.0,2703.6,0.5678323271443216,-0.12000781173713505,0.00105786591855042,548772.34278889,808055.58636,702640.92745,2549064.2397,2002804.44012,420.64547494019814,-88.90079087003222,0.7836582921750271,1189844.64,1034623.7999999999,3753442.8,2949086.88,619.391502449026,-130.90452104286692,1.1539201439547981,899652.25,3263788.5,2564364.6,538.5889622963891,-113.8274094326726,1.0033858237450735,11840481.0,9303087.6,1953.9110377036106,-412.9468801874817,3.6401166257319955,7309452.96,1535.191479667388,-324.4531198125183,2.8600462973929157,0.3224335517501359,-0.06814431501419503,0.0006006904663371504,0.01440187487793565,-0.00012695217399653026,1.119080301630524e-06,veg,high_veg,0,1
843.6667,1009.0,1843.1666,2039.5,2560.0417,0.0505666389176964,0.11317251455726562,0.0006941631581369422,711773.50068889,851259.7003,1555018.28297222,1720658.23465,2159821.9329013904,42.661389385784496,95.47988188723025,0.5856423408869721,1018081.0,1859755.0994,2057855.5,2583082.0753,51.02173866795567,114.19106718828101,0.7004106265601746,3397263.11535556,3759138.2807,4718583.3560472205,93.20273992735815,208.5957988699658,1.27945834802853,4159560.25,5221205.04715,103.13066007264182,230.81534343954323,1.4157457610202935,6553813.505738891,129.45270425814567,289.7263565604571,1.7770866314342664,0.002556984971432688,0.0057227536790249904,3.510149776747854e-05,0.012808018051214499,7.856019011937057e-05,4.818624901146534e-07,non_veg,low_veg,1,0
1278.5,1394.25,1433.0,1600.5,1742.5,0.05521674633261909,0.0424768172300329,0.00015723886598060225,1634562.25,1782548.625,1832090.5,2046239.25,2227786.25,70.5946101862535,54.306610828597066,0.2010298901562,1943933.0625,1997960.25,2231497.125,2429480.625,76.98594857425417,59.223302422973376,0.2192302888934547,2053489.0,2293516.5,2497002.5,79.12559749464316,60.86927909063715,0.22532329495020303,2561600.25,2788871.25,88.37440250535685,67.98414597666766,0.2516608050019539,3036306.25,96.21518048458876,74.01585402333234,0.27398872397119944,0.0030488890755608036,0.0023454316420077506,8.682218576479605e-06,0.00180428000199362,6.67900657171568e-06,2.4724060974865796e-08,non_veg,low_veg,1,0
723.5,891.6667,1932.8,2196.0,2390.5,0.06374733578763807,0.042407064210182054,0.0009255173783565326,523452.25,645120.85745,1398380.8,1588806.0,1729526.75,46.12119744235614,30.681510956066717,0.6696118232409514,795069.50388889,1723413.3977599998,1958100.0732,2131529.24635,56.841376535555135,37.81296700098114,0.8252530265518208,3735715.84,4244428.8,4620358.399999999,123.21085061034685,81.96437370543987,1.7888399888875062,4822416.0,5249538.0,139.9891493896532,93.1259130055598,2.0324361628709453,5714490.25,152.3880062003488,101.3740869944402,2.212449292961291,0.004063722820021881,0.002703337361974404,5.899926709538835e-05,0.0017983590949265035,3.9248474891604835e-05,8.565824176399491e-07,non_veg,low_veg,1,0
1030.0,1076.5,1084.0,1178.0,1447.2,0.04155614500442087,0.1025445680329118,0.00012185904202325532,1060900.0,1108795.0,1116520.0,1213340.0,1490616.0,42.802829354553495,105.62090507389915,0.12551481328395298,1158852.25,1166926.0,1268117.0,1557910.8,44.735190097259064,110.38922748742955,0.13118125873803435,1175056.0,1276952.0,1568764.8,45.04686118479222,111.1583117476764,0.13209520155320875,1387684.0,1704801.6,48.95313881520779,120.7975011427701,0.14354995150339475,2094387.84,60.14005305039788,148.40249885722997,0.17635440561605512,0.0017269131876284536,0.004261356938591383,5.0639920204182145e-06,0.010515388433056477,1.2495982825179163e-05,1.4849626122825505e-08,non_veg,low_veg,1,0
1120.75,1245.3334,1422.0,1688.0,2570.125,0.08553054662379421,0.2071627770438867,0.0002995752870060639,1256080.5625,1395707.40805,1593706.5,1891826.0,2880467.59375,95.85836012861736,232.17768237193602,0.3357490029120461,1550855.27715556,1770864.0948,2102122.7791999998,3200662.504675,106.51404643086816,257.9867254895054,0.37307111072323734,2022084.0,2400336.0,3654717.75,121.62443729903536,294.5854689564069,0.42599605812262287,2849344.0,4338371.0,144.37556270096462,349.6907676500807,0.5056830844662359,6605542.515625,219.8241961414791,532.4342323499193,0.76994593451646,0.007315474405765035,0.017718745560666837,2.562283805260868e-05,0.042916416192535105,6.206084838989558e-05,8.974535258476555e-08,non_veg,low_veg,1,0
741.6667,1078.6666,843.0,3393.0,2657.5,0.6019830028328612,-0.12156020163622841,0.0010521714554093343,550069.49388889,800011.09762222,625225.0281,2516475.1131,1970979.25525,446.4707471671388,-90.15715359887612,0.7803605311676381,1163521.63395556,909315.9438,3659915.7738,2866556.4895,649.3389589235128,-131.12292939426493,1.1349422064234382,710649.0,2860299.0,2240272.5,507.471671388102,-102.47524997934055,0.8869805369100688,11512449.0,9016897.5,2042.5283286118981,-412.453764151723,3.5700177482038713,7062306.25,1599.7698300283287,-323.046235848277,2.796145642750306,0.3623835356996686,-0.07317717520594487,0.000633389332222333,0.014776882621840508,-0.0001279021742754426,1.107064771578197e-06,veg,high_veg,0,1
936.0,1074.0,1036.0,2424.0,2169.25,0.40115606936416187,-0.05546181897349371,0.0006551348838192251,876096.0,1005264.0,969696.0,2268864.0,2030418.0,375.4820809248555,-51.91226255919011,0.6132062512547947,1153476.0,1112664.0,2603376.0,2329774.5,430.84161849710983,-59.56599357753225,0.7036148652218478,1073296.0,2511264.0,2247343.0,415.5976878612717,-57.45844445653949,0.6787197396367172,5875776.0,5258262.0,972.4023121387283,-134.43944919174876,1.5880469583778016,4705645.5625,870.2078034682081,-120.31055080825124,1.421151346724854,0.16092619198770425,-0.022248845299193434,0.0002628113348962672,0.003076013363848587,-3.63349723296027e-05,4.2920171599682954e-07,non_veg,medium_veg,1,0
1251.5,1288.0,1306.0,1432.5,1799.25,0.04619317144422129,0.11348340682292875,0.00010088026390499978,1566252.25,1611932.0,1634459.0,1792773.75,2251761.375,57.810754062442946,142.02448363889533,0.12625165027710722,1658944.0,1682128.0,1845060.0,2317434.0,59.496804820157024,146.16662798793223,0.12993377990963972,1705636.0,1870845.0,2349820.5,60.328281906153,148.20932931074495,0.1317496246599297,2052056.25,2577425.625,66.17171809384699,162.56498027384544,0.1445109780439122,3237300.5625,83.11306372101515,204.18501972615454,0.18150881483107084,0.002133809088075221,0.00524215846744586,4.659979325901943e-06,0.012878483624138352,1.1448236029135504e-05,1.0176827645542401e-08,non_veg,low_veg,1,0
363.5,521.75,348.0,3189.0,1907.3334,0.8032230703986429,-0.2514879815359019,0.0024307665969396687,132132.25,189656.125,126498.0,1159201.5,693315.6909,291.9715860899067,-91.41588128830034,0.8835836579875695,272223.0625,181569.0,1663860.75,995151.2014499999,419.08163698049196,-131.21385436635683,1.2682524719532722,121104.0,1109772.0,663752.0231999999,279.52162849872775,-87.51781757449386,0.8459067757350047,10169721.0,6082486.2126,2561.4783715012722,-801.9951731179912,7.751714677640604,3637920.69875556,1532.014189821883,-479.671426882009,4.636282317947368,0.6451673008206233,-0.20200094869762436,0.0019524478094163412,0.06324620485700214,-0.0006113085850492506,5.908626248797658e-06,veg,high_veg,0,1
4165.0,4417.0,4360.0,4216.4,5474.5,-0.016743622032554493,0.12982282347356802,2.926186812411548e-06,17347225.0,18396805.0,18159400.0,17561306.0,22801292.5,-69.73718576558946,540.7120597674108,0.012187568073694097,19509889.0,19258120.0,18623838.799999997,24180866.5,-73.9565785177932,573.42741128275,0.012924967150421808,19009600.0,18383504.0,23868820.0,-73.00219206193759,566.0275103447566,0.012758174502114349,17778028.959999997,23082681.799999997,-70.59780793806276,547.3849528939521,0.01233797407585205,29970150.25,-91.66295881721958,710.7150471060481,0.01601940970454702,0.0002803488787690443,-0.0021737042874404662,-4.89949659836644e-08,0.016853965494649206,3.798858339983871e-07,8.562569261131256e-12,non_veg,low_veg,1,0
889.0,1187.0,1136.0,3063.5,2747.0,0.45898321228717703,-0.054470355391102315,0.0007975382493769519,790321.0,1055243.0,1009904.0,2723451.5,2442083.0,408.03607572330037,-48.42414594268996,0.7090115036961102,1408969.0,1348432.0,3636374.5,3260689.0,544.8130729848791,-64.65631184923845,0.9466779020104419,1290496.0,3480136.0,3120592.0,521.4049291582331,-61.87832372429223,0.9060034512922174,9385032.25,8415434.5,1406.0950708417668,-166.86993374064195,2.4432584269662923,7546009.0,1260.8268841528752,-149.63006625935807,2.190837571038487,0.2106655891614558,-0.025000978691832293,0.00036605666762092503,0.002967019616432989,-4.3442191881560156e-05,6.360672592192532e-07,non_veg,medium_veg,1,0
822.8,937.3333,2030.1666,2491.75,2490.0,0.10207693790725816,-0.00035128217995684247,0.0008130496577038776,676999.84,771237.83924,1670421.07848,2050211.9,2048772.0,83.98890451009201,-0.28903497766848996,0.6689772583587504,878593.7152888901,1902942.75872778,2335600.250275,2333959.917,95.68011306250538,-0.329268484970141,0.762098518719446,4121576.42375556,5058667.62555,5055114.834,207.23318996958943,-0.713161348923571,1.650626259211845,6208818.0625,6204457.5,254.35021003041052,-0.8753073719074622,2.0259164845836373,6200100.0,254.17157538907284,-0.8746926280925378,2.024493647682655,0.01041970125252224,-3.58578092713809e-05,8.299361942495622e-05,1.2339916995523146e-07,-2.856098561713827e-07,6.610497458923925e-07,non_veg,low_veg,1,0
713.0,1062.3334,822.25,3352.6667,2642.6667,0.6060999252991085,-0.11842544069359011,0.0011027079383924294,508369.0,757443.7142,586264.25,2390451.3571,1884221.3571000001,432.14924673826437,-84.43733921452974,0.7862307600738021,1128552.25275556,873503.63815,3561649.8144777804,2807393.10047778,643.880194382748,-125.80730105851994,1.1714434733994201,676095.0625,2756730.194075,2172932.694075,498.365663577192,-97.37531861030446,0.9067016023431751,11240374.00128889,8859980.644288892,2032.0510364228087,-397.0410314462245,3.69701218487395,6983687.287288891,1601.7200894604416,-312.9589685537755,2.914089548615325,0.3673571194475849,-0.07177765075789896,0.0006683511990863854,0.014024585003471028,-0.00013058867356044367,1.2159647973936818e-06,veg,high_veg,0,1
861.75,1141.6,1112.6666,2674.25,2724.5,0.4123627649998946,0.00930771011808289,0.0007855811297127994,742613.0625,983773.7999999999,958840.44255,2304534.9375,2347837.875,355.3536127386592,8.02091919425793,0.6769745385300049,1303250.5599999998,1270220.19056,3052923.8,3110289.1999999997,470.75333252387964,10.625681870803426,0.8968194176801316,1238026.96275556,2975548.65505,3031460.1517,458.82227569903176,10.356378170872887,0.8740898846216995,7151613.0625,7285994.125,1102.761124300968,24.891143783283166,2.100840336134454,7422900.25,1123.4823532422129,25.35885621671683,2.1403157879025216,0.1700430499583583,0.003838153080110156,0.0003239444067801108,8.66334676422626e-05,7.311961429602809e-06,6.17137711360838e-07,non_veg,medium_veg,1,0
798.3333,974.0,1972.0,2130.0,2541.75,0.03851779619697709,0.08813613742173704,0.0007821463634791856,637336.05788889,777576.6342,1574313.2676,1700449.929,2029163.665275,30.75003934666017,70.36201343714882,0.6244134874393378,948676.0,1920728.0,2074620.0,2475664.5,37.51633349585568,85.84459784877187,0.7618105580287268,3888784.0,4200360.0,5012331.0,75.95709410043882,173.80446299566543,1.542392628780954,4536900.0,5413927.5,82.04290589956119,187.7299727082999,1.6659717542106653,6460493.0625,97.90260848366651,224.0200272917001,1.98802051937322,0.0014836206238718625,0.003394809778799233,3.0126554224698035e-05,0.007767978719623316,6.893535937551339e-05,6.117529339037143e-07,non_veg,low_veg,1,0
964.7143,1020.0,1234.5,1385.0,2423.0,0.057453712540561176,0.27258403361344535,0.00031422893816667293,930673.6806244899,984008.586,1190939.80335,1336129.3055,2337502.7489,55.4264180759687,262.9657151785714,0.30314115012320514,1040400.0,1259190.0,1412700.0,2471460.0,58.6027867913724,278.0357142857143,0.3205135169300064,1523990.25,1709782.5,2991193.5,70.92660813132277,336.50498949579827,0.38791562416675773,1918225.0,3355855.0,79.57339186867723,377.5288865546218,0.435207079360842,5870929.0,139.21034548577973,660.4711134453781,0.7613767171778485,0.0033009290846934365,0.015660964710373555,1.80536190853538e-05,0.07430205538097591,8.565379144354162e-05,9.873982558135476e-08,non_veg,low_veg,1,0
1095.5,1161.3334,1291.0,1546.0,2409.0,0.0898836799436024,0.218204804045512,0.0002657520783818206,1200120.25,1272240.7397,1414290.5,1693643.0,2639059.5,98.46757137821643,239.04336283185842,0.2911314018672844,1348695.26595556,1499281.4194,1795421.4364,2797652.1606,104.38491963341558,253.4085269785082,0.3086267647442262,1666681.0,1995886.0,3110019.0,116.0398308071907,281.702402022756,0.3430859331909304,2390116.0,3724314.0,138.9601691928093,337.3446270543616,0.41085271317829464,5803281.0,216.5297849841382,525.6553729456384,0.6401967568218058,0.008079075920203953,0.01961305076898328,2.3886774757618698e-05,0.04761333650854029,5.798838018799271e-05,7.062416716425731e-08,non_veg,low_veg,1,0
1287.6666,1289.3334,1343.5,1737.1666,2539.0,0.1277861745896164,0.18751219842557115,0.0002007925766729978,1658085.27275556,1660231.55544444,1729980.0771,2236891.40945556,3269385.4974,164.54598896081777,241.45319500518056,0.2585538945097584,1662380.61635556,1732219.4229,2239786.91874444,3273617.5026,164.75898295662373,241.7657403375163,0.2588885755765569,1804992.25,2333883.3271,3411146.5,171.68072556114964,251.92263858475485,0.26976482676017255,3017747.79615556,4410665.9974,221.98587443885035,325.7399281974748,0.34881015772427093,6446521.0,324.44909728303605,476.09347180252513,0.5098123521727415,0.016329306416247927,0.02396146652569283,2.5658515259034638e-05,0.03516082455839077,3.765105747948888e-05,4.03176588469817e-08,non_veg,low_veg,1,0
1057.0,1190.6666,1134.5,1704.6666,2016.875,0.20082181862804388,0.08389222358820334,0.0003591090760134862,1117249.0,1258534.5962,1199166.5,1801832.5962,2131836.875,212.26866228984238,88.67408033273092,0.37957829334625487,1417686.9523555601,1350811.2577,2029689.5847555602,2401425.6988750002,239.11183199166967,99.88766862620587,0.42757918256611915,1287090.25,1933944.2577,2288144.6875,227.8323532335158,95.17572766081669,0.40740924673730006,2905888.21715556,3438099.4488750002,342.3342467664842,143.0082715505424,0.612161247637051,4067784.765625,405.032505445436,169.2001284494576,0.7242781176847,0.04032940283707495,0.016847388909733474,7.211693773086475e-05,0.0070379051785731,3.012645889747649e-05,1.289593284752598e-07,non_veg,medium_veg,1,0
4043.0,4331.0,4272.0,4188.0,5132.6665,-0.009929078014184398,0.10135181856361886,8.56150633386143e-06,16345849.0,17510233.0,17271696.0,16932084.0,20751370.659500003,-40.14326241134752,409.76540245271104,0.03461417010780176,18757561.0,18502032.0,18138228.0,22229578.611500002,-43.00283687943263,438.95472619903325,0.037079883931953855,18249984.0,17891136.0,21926751.288000003,-42.41702127659575,432.97496890377977,0.03657475505825603,17539344.0,21495607.302,-41.58297872340426,424.46141614443576,0.03585558852621167,26344265.400222253,-50.96264609929079,520.2050838555647,0.04394335674934838,9.858659021175998e-05,-0.001006330113397634,-8.500786430784399e-08,0.010272191126152715,8.677242365807973e-07,7.329939070474938e-11,non_veg,low_veg,1,0
1346.6666,1482.0,1493.5,1590.0,1769.25,0.03129560564293822,0.05336012502790802,0.00011355915047077407,1813510.93155556,1995759.9012,2011246.5671,2141199.894,2382589.88205,42.144746846116426,71.8582981469078,0.1529263150633657,2196324.0,2213367.0,2356380.0,2622028.5,46.38008756283444,79.07970529135969,0.16829466099768717,2230542.25,2374665.0,2642374.875,46.73998702772823,79.69334672918062,0.16960059122810106,2528100.0,2813107.5,49.760012972271774,84.84259879437374,0.18055904924853078,3130245.5625,55.36975028376845,94.40740120562626,0.200914526970417,0.0009794149325583067,0.0016699374299312872,3.5539023902804276e-06,0.0028473029429939758,6.059530467183524e-06,1.2895680655643906e-08,non_veg,low_veg,1,0
890.0,1033.5,922.0,2173.0,1963.0,0.40420032310177706,-0.05077369439071567,0.0006626576652654271,792100.0,919815.0,820580.0,1933970.0,1747070.0,359.73828756058157,-45.188588007736946,0.5897653220862301,1068122.25,952887.0,2245795.5,2028760.5,417.74103392568657,-52.47461315280464,0.684856697051819,850084.0,2003506.0,1809886.0,372.67269789983845,-46.813346228239844,0.6109703673747239,4721929.0,4265599.0,878.3273021001615,-110.33123791102516,1.4399551066217733,3853369.0,793.4452342487883,-99.66876208897486,1.3007969969160336,0.16337790119558096,-0.020522743677798157,0.00026784644240615487,0.002577968042081792,-3.364557778185196e-05,4.391151813350269e-07,non_veg,medium_veg,1,0
919.0,931.5,1092.0,1318.5,2130.0,0.0939639079029247,0.23531970421922574,0.0003293432919490198,844561.0,856048.5,1003548.0,1211701.5,1957470.0,86.35283136278781,216.25880817746847,0.3026664853011492,867692.25,1017198.0,1228182.75,1984095.0,87.52738021157437,219.20030448020879,0.30678327645051195,1192464.0,1439802.0,2325960.0,102.60858742999378,256.9691170073945,0.3596428748083296,1738442.25,2808405.0,123.89141257000622,310.26903001304913,0.4342391304347826,4536900.0,200.14312383322962,501.2309699869508,0.7015012118514122,0.008829215988389316,0.02211155901499881,3.094638275314374e-05,0.05537536319382389,7.750096604802945e-05,1.084670039518173e-07,non_veg,low_veg,1,0
887.4,923.0,1130.0,1462.0,2225.0,0.12808641975308643,0.20694331434770816,0.00044239447975456266,787478.76,819070.2,1002762.0,1297378.8,1974465.0,113.66388888888889,183.6414971521562,0.3925808613341989,851929.0,1042990.0,1349426.0,2053675.0,118.22376543209877,191.00867914293462,0.4083301048134613,1276900.0,1652060.0,2514250.0,144.73765432098767,233.8459452129102,0.4999057621226558,2137444.0,3252950.0,187.26234567901236,302.5511255763493,0.6467807294011706,4950625.0,284.9922839506173,460.44887442365064,0.9843277174539019,0.01640613092516385,0.02650662822663546,5.6664725030291214e-05,0.04282553535321435,9.155057988953928e-05,1.9571287571731017e-07,non_veg,low_veg,1,0
1337.0,1446.0,1480.0,1582.0,1739.3334,0.033311561071195296,0.0473705530435457,0.00011574533380954271,1787569.0,1933302.0,1978760.0,2115134.0,2325488.7558,44.537557152188114,63.3344294192206,0.1547515113033586,2090916.0,2140080.0,2287572.0,2515076.0964,48.168517308948395,68.49781970096709,0.16736775268859874,2190400.0,2341360.0,2574213.432,49.301110385369036,70.10841850444763,0.17130309403812322,2502724.0,2751625.4388,52.69888961463096,74.9402149148893,0.18310911808669655,3025280.67635556,57.93991077726976,82.39318508511069,0.20131972498908687,0.001109660100999974,0.0015779870706863687,3.855657755902467e-06,0.0022439692956513764,5.482920474767846e-06,1.339698229868247e-08,non_veg,low_veg,1,0
3598.6667,3862.5,3851.0,3826.5,5483.5,-0.003191142950179095,0.17798066595059076,1.6540673629764045e-05,12950402.01768889,13899850.12875,13858465.461700002,13770298.12755,19733288.84945,-11.483859869749269,640.4930958002149,0.059524371387,14918906.25,14874487.5,14779856.25,21180018.75,-12.325789645066754,687.4503222341568,0.06388835189496363,14830201.0,14735851.5,21116958.5,-12.289091501139694,685.403544575725,0.06369813414822134,14642102.25,20982612.75,-12.210908498860306,681.0430182599355,0.06329288764429211,30068772.25,-17.498632367307067,975.9569817400644,0.09070078384881114,1.0183393328477736e-05,-0.0005679617474164081,-5.278365404483479e-08,0.031677117452215776,2.9439201078967797e-06,2.7359388412637167e-10,non_veg,low_veg,1,0
1173.5,1129.0,1207.0,1460.8,2392.3333,0.09513456780868129,0.24175994637922335,0.0001674525805532591,1377102.25,1324881.5,1416414.5,1714248.8,2807403.12755,111.6404153234875,283.7052970760186,0.19650560327924954,1274641.0,1362703.0,1649243.2,2700944.2956999997,107.40692705600118,272.9469794621432,0.18905396344462952,1456849.0,1763185.5999999999,2887546.2931,114.82742334507832,291.8042552797226,0.20211526472778374,2133936.6399999997,3494720.4846399995,138.97257665492162,353.1629296707695,0.24461472967220088,5723258.618288889,227.59359454981626,578.3703703292304,0.4006023846284941,0.009050585992144578,0.02299972801223738,1.5930528879382693e-05,0.05844787167328495,4.0483326895618496e-05,2.8040366733945727e-08,non_veg,low_veg,1,0
993.5,1085.2,1168.0,1656.5,2184.0,0.1729509647725261,0.1373519073037365,0.00040245497534963277,987042.25,1078146.2,1160408.0,1645732.75,2169804.0,171.82678350150468,136.4591199062622,0.39983901800986016,1177659.04,1267513.6,1797633.8,2370076.8000000003,187.68638697114534,149.05428980601485,0.4367441392494215,1364224.0,1934792.0,2550912.0,202.0067268543105,160.42702773076422,0.4700674112083711,2743992.25,3617796.0,286.4932731456895,227.5234344486395,0.6666666666666667,4769856.0,377.724907063197,299.9765655513605,0.8789616661635979,0.02991203621574757,0.023755144881527804,6.960497626422221e-05,0.018865546439974224,5.527795846815032e-05,1.6197000718367352e-07,non_veg,low_veg,1,0
802.5,1069.0,919.2,3306.6667,2889.0,0.5649649810298085,-0.06741271282394842,0.000942512097309798,644006.25,857872.5,737658.0,2653600.02675,2318422.5,453.38439727642134,-54.09870204121861,0.7563659580911128,1142761.0,982624.8,3534826.7023,3088341.0,603.9475647208653,-72.06419000880086,1.0075454320241741,844928.6400000001,3039488.0306400005,2655568.8000000003,519.3158105626001,-61.96576562777339,0.8663571198471663,10934044.664888892,9552960.0963,1868.1508894373997,-222.91137265161322,3.1165733665214685,8346321.0,1632.1838301951168,-194.755327348387,2.722917449128006,0.3191854297900119,-0.03808582202174995,0.0005324863291769951,0.00454447385028414,-6.353729734904274e-05,8.883290535753141e-07,veg,high_veg,0,1
1207.6,1336.0,1376.0,1470.0,1499.5,0.03302881236823612,0.009934332379188416,0.00014769435823311627,1458297.7599999998,1613353.5999999999,1661657.5999999999,1775171.9999999998,1810796.2,39.88559381588193,11.99669978110793,0.17835570700231118,1784896.0,1838336.0,1963920.0,2003332.0,44.12649332396346,13.272268058595722,0.19731966259944334,1893376.0,2022720.0,2063312.0,45.4476458186929,13.669641353763259,0.203227436928768,2160900.0,2204265.0,48.552354181307095,14.603468597406971,0.21711070660268092,2248500.25,49.52670414617006,14.896531402593029,0.22146769017055784,0.0010909024464561474,0.0003281192001559069,4.8781692459286466e-06,9.869095982019136e-05,1.4672448452187001e-06,2.181362345389208e-08,non_veg,low_veg,1,0
1208.6666,1318.4,1333.0,1462.0,1813.4,0.046153846153846156,0.10728460646027968,0.0001432449729295039,1460874.94995556,1593506.04544,1611152.5778,1767070.5692,2191796.01244,55.78461230769231,129.67132052268428,0.1731354143977955,1738178.5600000003,1757427.2000000002,1927500.8,2390786.56,60.84923076923078,141.44402515723274,0.18885417231025795,1776889.0,1948846.0,2417262.2,61.52307692307693,143.0103804115528,0.19094554891502868,2137444.0,2651190.8000000003,67.47692307692309,156.8500946449289,0.2094241504229347,3288419.5600000005,83.69538461538463,194.5499053550712,0.25976043391036235,0.0021301775147928997,0.004951597221243678,6.61130644290018e-06,0.011509986783337084,1.5367980548155242e-05,2.0519122269574303e-08,non_veg,low_veg,1,0
390.5,593.0,394.5,2774.0,2011.3334,0.7509862711062016,-0.1593758545642818,0.00219470894209228,152490.25,231566.5,154052.25,1083247.0,785425.6927,293.2601388669717,-62.23627120735204,0.8570338418870354,351649.0,233938.5,1644982.0,1192720.7062,445.3348587659776,-94.50988175661911,1.3014624026607222,155630.25,1094343.0,793471.0263,296.2640839513966,-62.87377462560917,0.8658126776554045,7695076.0,5579438.8516,2083.2359160486035,-442.1086205613177,6.088122605363985,4045462.0459555597,1510.4837700173582,-320.5579794386824,4.414291398508869,0.5639803793899973,-0.1196890787235943,0.0016481962845853182,0.025400663018095102,-0.000349783613165828,4.816747340499816e-06,veg,high_veg,0,1
1219.5,1300.0,1360.0,1461.3334,1833.0,0.03591684697739019,0.1128199714090869,0.0001355904766545893,1487180.25,1585350.0,1658520.0,1782096.0813,2235343.5,43.800594888927336,137.58395513338147,0.16535258628027166,1690000.0,1768000.0,1899733.42,2382900.0,46.69190107060725,146.66596283181298,0.1762676196509661,1849600.0,1987413.4239999999,2492880.0,48.84691188925066,153.4351611163582,0.18440304825024145,2135495.30595556,2678624.1222,52.486488110749335,164.86759240714375,0.1981428922572716,3359889.0,65.83558050955622,206.79900759285627,0.24853734370786218,0.0012900198967972629,0.00405213764909371,4.869982401594281e-06,0.012728345948747184,1.529731369951523e-05,1.8384777359418725e-08,non_veg,low_veg,1,0
962.5,1064.0,1237.0,2119.0,2506.25,0.2628128724672229,0.0837252040430247,0.0005664518002905974,926406.25,1024100.0,1190612.5,2039537.5,2412265.625,252.95738974970203,80.58550889141128,0.5452098577797,1132096.0,1316168.0,2254616.0,2666650.0,279.63289630512514,89.08361710177829,0.6027047155091956,1530169.0,2621203.0,3100231.25,325.0995232419547,103.56807740122156,0.700700876959469,4490161.0,5310743.75,556.9004767580453,177.41370736716937,1.200311364815776,6281289.0625,658.6747616209774,209.83629263283066,1.4196698244783097,0.06907060593447277,0.02200406137245167,0.00014887082474860158,0.0070099097920461205,4.7426292559868946e-05,3.208676420524588e-07,non_veg,medium_veg,1,0
924.0,977.5,1052.6666,1302.0,2139.2,0.10588904603309869,0.24328722538649306,0.0003138622493461203,853776.0,903210.0,972663.9384,1203048.0,1976620.7999999998,97.84147853458319,224.79739625711957,0.29000871839581516,955506.25,1028981.6015,1272705.0,2091067.9999999998,103.50654249735398,237.81326281529695,0.30680034873583256,1108106.97075556,1370571.9132,2251864.39072,111.4658620649055,256.10033637103334,0.3303923068875327,1695204.0,2785238.4,137.8675379350945,316.75996745321396,0.40864864864864864,4576176.64,226.5178472740047,520.4400325467859,0.6714141238012205,0.011212490069799694,0.02576145220821522,3.3234574169063234e-05,0.05918867403625827,7.635867579698124e-05,9.850951156460618e-08,non_veg,low_veg,1,0
358.16666,538.5,386.0,3034.0,2052.0,0.7742690058479532,-0.19307904050334251,0.00245554257288314,128283.35633555558,192872.74641,138252.33075999998,1086677.64644,734957.9863199999,277.3173437660819,-69.1544750530869,0.8794934818173608,289982.25,207861.0,1633809.0,1105002.0,416.9438596491228,-103.97306331104994,1.322309675497571,148996.0,1171124.0,792072.0,298.86783625730993,-74.52850963429022,0.9478394331328921,9205156.0,6225768.0,2349.13216374269,-585.8018088871412,7.450116166127446,4210704.0,1588.8,-396.19819111285886,5.038773359556203,0.5994924934167778,-0.1494951167405997,0.0019012505067235541,0.03727951588169138,-0.00047411380388738566,6.029689327241551e-06,veg,high_veg,0,1
1206.0,1251.0,1408.6666,1887.0,2506.5,0.1451401061017519,0.1410037555479686,0.00029899776476120354,1454436.0,1508706.0,1698851.9196,2275722.0,3022839.0,175.0389679587128,170.0505291908501,0.3605913043020115,1565001.0,1762241.9166,2360637.0,3135631.5,181.57027273329163,176.3956981905087,0.3740462037162656,1984341.58995556,2658153.8742,3530822.8329000003,204.45401978599412,198.62728091498806,0.4211881646937644,3560769.0,4729765.5,273.87938021400583,266.07408671901675,0.5642087821043911,6282542.25,363.7936759440411,353.4259132809833,0.7494378973739567,0.0210656503992278,0.02046530004097765,4.3396567301627735e-05,0.019882059078631286,4.2159807731777765e-05,8.939966333219601e-08,non_veg,low_veg,1,0
947.0,1092.0,1049.2,1911.5,2053.0,0.29124869118789476,0.035691764409131035,0.0005322548068486211,896809.0,1034124.0,993592.4,1810190.5,1944191.0,275.81251055493635,33.80010089544709,0.5040453020856442,1192464.0,1145726.4000000001,2087358.0,2241876.0,318.04357077718106,38.97540673477109,0.5812222490786942,1100820.6400000001,2005545.8,2154007.6,305.5781267943392,37.44779921806028,0.5584417433455733,3653832.25,3924309.5,556.7218732056608,68.22480766805397,1.0174050632911393,4214809.0,597.9335630087479,73.27519233194602,1.0927191184602192,0.08482580011866168,0.010395179670346097,0.00015501851587312662,0.0012739020466369128,1.899711317166853e-05,2.8329517941346297e-07,non_veg,medium_veg,1,0
925.6667,968.25,1084.0,1386.0,2103.5,0.12226720647773279,0.20561685055165496,0.0003584145282017883,856858.83948889,896276.782275,1003422.7028,1282974.0462,1947139.9034499999,113.17868153846153,190.33267151454362,0.3317723935526063,937508.0625,1049583.0,1341994.5,2036713.875,118.38522267206477,199.0885155466399,0.3470348669313815,1175056.0,1502424.0,2280194.0,132.53765182186234,222.88866599799397,0.3885213485707385,1920996.0,2915451.0,169.46234817813763,284.98495486459376,0.49676253608767856,4424712.25,257.1890688259109,432.51504513540624,0.7539249600724617,0.014949269779868542,0.025140197921700323,4.382234312426723e-05,0.04227828923078161,7.369606648080902e-05,1.284609740261105e-07,non_veg,low_veg,1,0
1523.5,1653.0,1704.0,1761.0,1953.875,0.01645021645021645,0.05191964736363942,8.846608927178254e-05,2321052.25,2518345.5,2596044.0,2682883.5,2976728.5625,25.061904761904763,79.09958275850467,0.1347780870055607,2732409.0,2816712.0,2910933.0,3229755.375,27.192207792207792,85.82317709209596,0.14623444556625653,2903616.0,3000744.0,3329403.0,28.031168831168834,88.47107910764157,0.15074621611911745,3101121.0,3440773.875,28.96883116883117,91.43049900736902,0.15578878320760906,3817627.515625,32.141666666666666,101.44450099263098,0.1728516801759041,0.00027060962125897194,0.0008540894371507784,1.4552863170249943e-06,0.00269564978236467,4.5931281586311945e-06,7.826248951042998e-09,non_veg,low_veg,1,0
678.0,1041.0,910.1667,3296.0,3049.6667,0.5672227161134628,-0.038819136214639165,0.0011698028225402863,459684.0,705798.0,617093.0226,2234688.0,2067674.0226000003,384.57700152492777,-26.319374353525355,0.7931263136823141,1083681.0,947483.5347,3431136.0,3174703.0347,590.4788474741147,-40.41072079943937,1.217764738264438,828403.42178889,2999909.4432,2775705.0764388903,516.2672276900272,-35.33188510532862,1.064715574642178,10863616.0,10051701.443200001,1869.5660723099732,-127.94787296345069,3.8556701030927836,9300466.981088892,1729.8402288147809,-118.38542703654912,3.5675087134671206,0.32174160967513393,-0.022019095880846114,0.0006635387343184963,0.0015069253364507098,-4.541073511246074e-05,1.3684386436232206e-06,veg,high_veg,0,1
1177.5,1297.0,1416.0,1711.0,2635.0,0.09433962264150944,0.2126092959042798,0.00026457866900811764,1386506.25,1527217.5,1667340.0,2014702.5,3102712.5,111.08490566037737,250.34744592728947,0.3115413827570585,1682209.0,1836552.0,2219167.0,3417595.0,122.35849056603774,275.7542567878509,0.34315853370352856,2005056.0,2422776.0,3731160.0,133.58490566037736,301.0547630004602,0.37464339531549457,2927521.0,4508485.0,161.41509433962264,363.7745052922227,0.4526941026728893,6943225.0,248.5849056603774,560.2254947077772,0.69716479283639,0.0088999644001424,0.020057480745686775,2.4960251793218645e-05,0.045202712704913606,5.625188452910738e-05,7.000187209410707e-08,non_veg,low_veg,1,0
558.0,901.0,635.0,3306.8,2332.0,0.6778121670302908,-0.17287366106263746,0.001487042583472491,311364.0,502758.0,354330.0,1845194.4000000001,1301256.0,378.21918920290227,-96.46350287295171,0.82976976157765,811801.0,572135.0,2979426.8000000003,2101132.0,610.708762494292,-155.75916861743636,1.3398253677087144,403225.0,2099818.0,1480820.0,430.41072606423467,-109.77477477477478,0.9442720405050319,10934926.240000002,7711457.600000001,2241.3892739357657,-571.6586224019296,4.9173524150268335,5438224.0,1580.6579735146381,-403.14137759807056,3.467783304657849,0.45942933377429884,-0.1171758708273263,0.0010079355559698112,0.029885302689199655,-0.0002570704955609322,2.2112956450605405e-06,veg,high_veg,0,1
377.25,620.5,455.0,2928.0,1965.0,0.73100798108188,-0.19681177191906807,0.0023031269977138026,142317.5625,234083.625,171648.75,1104588.0,741296.25,275.77276086313924,-74.24724095646843,0.8688546598875321,385020.25,282327.5,1816824.0,1219282.5,453.59045226130655,-122.12170447578174,1.4290903020814145,207025.0,1332240.0,894075.0,332.6086313922554,-89.54935622317598,1.0479227839597802,8573184.0,5753520.0,2140.391368607745,-576.2648681790313,6.743555849306014,3861225.0,1436.4306828258943,-386.7351318209688,4.525644550507622,0.5343726684054063,-0.14387097604370538,0.0016836042167739386,0.03873487356592327,-0.0004532825053746969,5.304393967598194e-06,veg,high_veg,0,1
376.5,525.0,340.5,3141.0,1897.0,0.8043946574752262,-0.24692338229456134,0.0023314800407344856,141752.25,197662.5,128198.25,1182586.5,714220.5,302.85458853942265,-92.96665343390235,0.8778022353365338,275625.0,178762.5,1649025.0,995925.0,422.30719517449376,-129.6347757046447,1.224027021385605,115940.25,1069510.5,645928.5,273.89638087031454,-84.07741167129814,0.7938689538700924,9865881.0,5958477.0,2526.6036191296853,-775.5863437872172,7.323178807947019,3598609.0,1525.936665230504,-468.4136562127829,4.422817637273319,0.6470507649746865,-0.19862384952345802,0.001875430088776943,0.06097115672378609,-0.0005756969374104209,5.435799180343278e-06,veg,high_veg,0,1
361.0,584.0,364.2,3640.0,2040.5,0.8180910044453324,-0.281577325939618,0.002488464574099933,130321.0,210824.0,131476.19999999998,1314040.0,736620.5,295.330852604765,-101.6494146642021,0.8983357112500758,341056.0,212692.8,2125760.0,1191652.0,477.76514659607415,-164.4411583487369,1.453263311274361,132641.63999999998,1325688.0,743150.1,297.94874381899007,-102.55046210720887,0.9062987978871956,13249600.0,7427420.0,2977.8512561810103,-1024.9414664202095,9.058011049723756,4163640.25,1669.3146945707008,-574.5585335797905,5.077711963450914,0.669272891554373,-0.23035587740697283,0.0020357904829520408,0.07928579048330586,-0.0007006952004705295,6.192455936550361e-06,veg,high_veg,0,1
1276.0,1306.6666,1404.0,1894.0,2119.3333,0.1485748938750758,0.05614617156267579,0.00025551570760072405,1628176.0,1667306.5816,1791504.0,2416744.0,2704269.2907999996,189.58156458459672,71.64251491397431,0.3260380428985239,1707377.60355556,1834559.9064,2474826.5404,2769262.03737778,194.13785142510613,73.36432709881826,0.33387384089723227,1971216.0,2659176.0,2975543.9532,208.59915100060644,78.82922487399681,0.3587440534714166,3587236.0,4014017.2701999997,281.4008489993936,106.34084893970794,0.4839467501957713,4491573.636488889,314.87972013341414,118.99245106029183,0.5415229477912775,0.022074499089990037,0.008341911481416355,3.796321914019248e-05,0.0031523925811454234,1.4346228755908755e-05,6.528827683069871e-08,non_veg,low_veg,1,0
785.0,1118.0,971.8333,3226.0,2981.5,0.5369833766386102,-0.039387837293596455,0.000962677608300245,616225.0,877630.0,762889.1405,2532410.0,2340477.5,421.531950661309,-30.919452275473216,0.7557019225156923,1249924.0,1086509.6294,3606668.0,3333317.0,600.3474150819662,-44.035602094240836,1.0762735660796738,944459.96298889,3135134.2258,2897520.9839500003,521.8583269638434,-38.27841189689891,0.9355621569105346,10407076.0,9618319.0,1732.3083730361564,-127.06516310914216,3.1055979643765905,8889342.25,1601.0159374480163,-117.43483689085782,2.8702232891471806,0.2883511467862035,-0.0211506138684076,0.0005169418727194469,0.0015514017266668276,-3.791778900191863e-05,9.2674817752268e-07,veg,high_veg,0,1
936.25,1092.0,1028.0,2288.5,2115.0,0.38006935021860394,-0.03940047689338026,0.0006304499639930199,876564.0625,1022385.0,962465.0,2142608.125,1980168.75,355.83992914216793,-36.88869649142727,0.5902587787884649,1192464.0,1122576.0,2499042.0,2309580.0,415.0357304387155,-43.025320767571245,0.6884513606803777,1056784.0,2352578.0,2174220.0,390.71129202472486,-40.50369024639491,0.6481025629848245,5237232.25,4840177.5,869.7887079752751,-90.16799137050073,1.442784742598026,4473225.0,803.8466757123473,-83.33200862949926,1.333401673845237,0.1444527109755918,-0.014974913651170155,0.0002396147081601693,0.001552397579425792,-2.48400292387394e-05,3.974671570988001e-07,non_veg,medium_veg,1,0
1126.6666,1258.6666,1384.0,1854.0,2498.5,0.14515132798023472,0.14807581849511775,0.00034789091229960804,1269377.62755556,1418097.6187555601,1559306.5744,2088839.8764,2814976.5001,163.53715318097593,166.83207896611142,0.3919570713314976,1584241.60995556,1741994.5744,2333567.8764,3144778.5001,182.6971284743669,186.37808700746697,0.43787867175504586,1915456.0,2565936.0,3457924.0,200.88943792464485,204.93693279724297,0.4814810226226575,3437316.0,4632219.0,269.1105620753552,274.5325674899483,0.6449897514034733,6242502.25,362.66059295861646,369.9674325100517,0.8692054443805707,0.021068908014425673,0.021493401696326544,5.049682791254348e-05,0.021926448022999055,5.151423158577769e-05,1.2102808686065357e-07,non_veg,low_veg,1,0
955.25,1226.0,1232.0,2857.0,2994.0,0.3974076791391538,0.02341480088873697,0.0006961001644853485,912502.5625,1171136.5,1176868.0,2729149.25,2860018.5,379.62368549767666,22.36698854896599,0.6649496821246291,1503076.0,1510432.0,3502682.0,3670644.0,487.2218146246026,28.706545889591524,0.8534188016590373,1517824.0,3519824.0,3688608.0,489.6062606994375,28.847034694923945,0.8575954026459494,8162449.0,8553858.0,1135.3937393005624,66.89608613912152,1.9887581699346406,8964036.0,1189.8385913426266,70.10391386087848,2.084123892469133,0.15793286343876864,0.009305221678698355,0.00027663555081650554,0.0005482529006591976,1.6299046750041488e-05,4.845554389965292e-07,non_veg,medium_veg,1,0
720.1667,1052.75,894.0,3248.0,2746.5,0.5683244809270883,-0.083660021686546,0.0010791870995445073,518640.07578889,758155.493425,643829.0298,2339101.4416,1977937.84155,409.2883659584741,-60.24916173992827,0.7771946121615393,1108282.5625,941158.5,3419332.0,2891377.875,598.3035972959922,-88.0730878305113,1.13611421904548,799236.0,2903712.0,2455371.0,508.08208594881694,-74.79205938777213,0.9647932669927896,10549504.0,8920632.0,1845.9179140511828,-271.7277504379014,3.50519969932056,7543262.25,1560.903186866248,-229.77224956209858,2.9639873688989895,0.32299271562104437,-0.04754603839935521,0.0006133284481718421,0.006998999228593347,-9.028481615173416e-05,1.1646447958232864e-06,veg,high_veg,0,1
1556.4,1733.2,1782.6666,2070.8,2488.2,0.07477251781551711,0.09155516560649257,0.0001595007146400993,2422380.9600000004,2697552.4800000004,2774542.29624,3222993.1200000006,3872634.48,116.37594672807083,142.49645974994505,0.24824691226585055,3003982.24,3089717.75112,3589110.5600000005,4312548.24,129.59572787785424,158.68341302917293,0.2764466386142201,3177900.20675556,3691545.9952800004,4435631.03412,133.29447010762732,163.21233578416306,0.284336596665036,4288212.640000001,5152564.5600000005,154.83892989237285,189.59243693792484,0.33029407987671766,6191139.239999999,186.04897882856966,227.8075630620748,0.396869678167495,0.005590929420471824,0.006845810251414085,1.1926270027014535e-05,0.00838234834923228,1.4603114343228205e-05,2.5440477970702386e-08,non_veg,low_veg,1,0
697.0,1062.6666,786.0,3228.0,2576.25,0.6083707025411061,-0.11228840935521385,0.0011233192374743913,485809.0,740678.6202,547842.0,2249916.0,1795646.25,424.034379671151,-78.26502132058405,0.7829535085196507,1129260.30275556,835255.9476,3430287.7848,2737694.8282500003,646.4952260089686,-119.32514218891329,1.193713834801504,617796.0,2537208.0,2024932.5,478.1793721973094,-88.25868975319808,0.8829289206548716,10419984.0,8316135.0,1963.8206278026905,-362.4669853986303,3.626074498567335,6637064.0625,1567.3150224215246,-289.2830146013697,2.8939511855434006,0.37011491171035904,-0.06831297848665477,0.0006833945136802351,0.012608686875524078,-0.00012613573037411114,1.261846109280048e-06,veg,high_veg,0,1
695.0,1044.0,798.0,3233.0,2466.0,0.6040684693624411,-0.13458501491489736,0.0011279157822882558,483025.0,725580.0,554610.0,2246935.0,1713870.0,419.82758620689657,-93.53658536585367,0.7839014686903378,1089936.0,833112.0,3375252.0,2574504.0,630.6474820143885,-140.50675557115284,1.1775440767089391,636804.0,2579934.0,1967868.0,482.046638551228,-107.3988419020881,0.9000767942660282,10452289.0,7972578.0,1952.953361448772,-435.11335321986314,3.646551724137931,6081156.0,1489.6328454477798,-331.88664678013686,2.7814403191228387,0.3648987156778824,-0.08129856395876335,0.000681338360176607,0.018113126239643142,-0.00015180056238201303,1.2721940119349281e-06,veg,high_veg,0,1
1732.0,1878.4,1910.5,1946.5,1846.5,0.00933367902514908,-0.026364355391510677,6.358787703794329e-05,2999824.0,3253388.8000000003,3308986.0,3371338.0,3198138.0,16.165932071558206,-45.663063538096495,0.11013420302971777,3528386.5600000005,3588683.2,3656305.6,3468465.6,17.532382680840033,-49.52280516741366,0.11944346822807267,3650010.25,3718788.25,3527738.25,17.831993777547318,-50.369100975481146,0.12148463908099065,3788862.25,3594212.25,18.168006222452686,-51.31821776957553,0.12377380265435661,3409562.25,17.234638319937776,-48.68178223042447,0.11741501495056228,8.711756414450788e-05,-0.00024607643092931927,5.935088341628101e-07,0.0006950792352098781,-1.6764533888200182e-06,4.043418106192595e-09,non_veg,low_veg,1,0
859.0,888.6667,1003.5,1238.6666,2273.6667,0.10488364245547142,0.2946759352251679,0.0003564096995088706,737881.0,763364.6953,862006.5,1064014.6094,1953079.6953000003,90.09504886924995,253.12662835841923,0.30615593187811985,789728.50368889,891777.03345,1100761.75982222,2020531.88318889,93.20660042488369,261.8686909259637,0.31672943151053967,1007012.25,1243001.9331,2281624.53345,105.25073520406558,295.707300998456,0.35765713345715167,1534294.94595556,2816315.0008222205,129.91586479593445,365.00523878717894,0.4414727906976744,5169560.262688891,238.47044522571164,669.9948612128213,0.8103568653303256,0.011000578454727168,0.030906685430388166,3.7381547490950396e-05,0.08683390680082734,0.0001050253615260975,1.2702787390400344e-07,non_veg,low_veg,1,0
731.0,1036.0,862.0,3432.0,2625.0,0.5985095482068001,-0.133234274393264,0.0010751429808806858,534361.0,757316.0,630122.0,2508792.0,1918875.0,437.5104797391709,-97.39425458147598,0.7859295190237813,1073296.0,893032.0,3555552.0,2719500.0,620.0558919422449,-138.0307082714215,1.1138481281923904,743044.0,2958384.0,2262750.0,515.9152305542617,-114.84794452699356,0.9267732495191512,11778624.0,9009000.0,2054.084769445738,-457.260029717682,3.6898907103825134,6890625.0,1571.0875640428503,-349.739970282318,2.8222503248118,0.358213679294708,-0.07974198537277327,0.0006434833397446116,0.01775137187309956,-0.00014324589492664908,1.1559324293370067e-06,veg,high_veg,0,1
951.6,1001.25,1007.5,1093.0,1439.25,0.04070459414425137,0.1367361042551091,0.0001358059101118545,905542.56,952789.5,958737.0,1040098.8,1369590.3,38.734491787669604,130.1180768091618,0.12923290406244073,1002501.5625,1008759.375,1094366.25,1441049.0625,40.75547488693169,136.90702438542797,0.1359756674994943,1015056.25,1101197.5,1450044.375,41.00987860033326,137.7616250370224,0.1368244544376934,1194649.0,1573100.25,44.49012139966675,149.45256195083425,0.14843585975225695,2071440.5625,58.584087122113786,196.79743804916578,0.1954586561284866,0.001656863984448223,0.005565787628570259,5.527924453493721e-06,0.018696762206864063,1.856957108351451e-05,1.8443245221309103e-08,non_veg,low_veg,1,0
887.0,929.75,1059.2,1267.25,2423.0,0.08942809860517095,0.31319016326807125,0.0003379044856653853,786769.0,824688.25,939510.4,1124050.75,2149201.0,79.32272346278664,277.7996748187792,0.2997212787851967,864435.0625,984791.2000000001,1178225.6875,2252784.25,83.1457746781577,291.18855429848924,0.31416669554739196,1121904.6400000001,1342271.2,2566441.6,94.72224204259707,331.73102093354106,0.3579084312167761,1605922.5625,3070546.75,113.3277579574029,396.8902344014633,0.4282094594594595,5870929.0,216.68428292032922,758.8597655985367,0.8187425687672285,0.00799738482013618,0.028008000802906666,3.021815566321365e-05,0.09808807836788112,0.00010582836103455566,1.1417944143278856e-07,non_veg,low_veg,1,0
742.5,1032.0,872.6667,3268.0,2909.0,0.5784897634962989,-0.058118827909988666,0.001039403924176811,551306.25,766260.0,647955.02475,2426490.0,2159932.5,429.5286493960019,-43.15322972316658,0.7717574137012821,1065024.0,900592.0344,3372576.0,3002088.0,597.0014359281804,-59.978630403108305,1.072664849750469,761547.16928889,2851874.7756,2538587.4303,504.8287528940956,-50.7183657600777,0.9070531924784279,10679824.0,9506612.0,1890.5045471059047,-189.93232960984295,3.396772024209818,8462281.0,1682.8267220107334,-169.06767039015702,3.023626015430343,0.3346504064700038,-0.03362114701233144,0.0006012845302741683,0.0033777981576308775,-6.040893779819898e-05,1.080360517594154e-06,veg,high_veg,0,1
1476.5,1643.0,1668.0,1820.0,1811.5,0.04357798165137615,-0.0023406305934186977,0.000127740280024544,2180052.25,2425889.5,2462802.0,2687230.0,2674679.75,64.34288990825688,-3.455941071182707,0.1886085234562392,2699449.0,2740524.0,2990260.0,2976294.5,71.59862385321101,-3.8456560649869203,0.20987728008032577,2782224.0,3035760.0,3021582.0,72.68807339449542,-3.9041718298223875,0.21307078708093938,3312400.0,3296930.0,79.3119266055046,-4.25994768002203,0.23248730964467007,3281532.25,78.94151376146789,-4.240052319977971,0.23140151726446145,0.0018990404848076763,-0.00010199995705264968,5.566663579051229e-06,5.478551574847565e-06,-2.98992807437319e-07,1.6317579140748913e-08,non_veg,low_veg,1,0
1192.0,1263.5,1246.1428,1440.3334,1742.5,0.07228450413966069,0.09493635450727644,0.00014452123336861338,1420864.0,1506092.0,1485402.2176,1716877.4128,2077060.0,86.16312893447554,113.16413457267352,0.17226931017538716,1596432.25,1574501.4278000002,1819861.2508999999,2201648.75,91.33147098046128,119.95208391994379,0.182602578361243,1552871.8779918402,1794861.09600952,2171403.829,90.07681438520837,118.3042546274901,0.18009409440941732,2074560.30315556,2509780.9495,104.11378561479155,136.7400022710708,0.20815875943000836,3036306.25,125.95574846335874,165.4265977289292,0.25182824914480884,0.005225049538716622,0.0068624273103855184,1.0446645691702401e-05,0.009012911407131268,1.372031904491151e-05,2.088638689438521e-08,non_veg,low_veg,1,0
383.0,554.6667,364.25,2951.0,2006.125,0.7802578991026318,-0.19060947625892025,0.0022661809556082683,146689.0,212437.3461,139507.75,1130233.0,768345.875,298.83877535630796,-73.00342940716645,0.8679473059979668,307655.14808889,202037.345475,1636821.4317,1112730.7335375,432.78307404418973,-105.72472918526364,1.2569751122500847,132678.0625,1074901.75,730731.03125,284.2089397481336,-69.4295017273117,0.8254564130803117,8708401.0,5920074.875,2302.5410602518664,-562.4885644400737,6.6875,4024537.515625,1565.2948778372672,-382.3864355599264,4.546242269569637,0.6088023891120526,-0.14872454949483807,0.0017682055914093019,0.03633197243969988,-0.0004319555650564314,5.135576123561604e-06,veg,high_veg,0,1
1292.0,1464.0,1509.0,1645.5,1806.25,0.0432715168806467,0.04657058014050844,0.00016614719231220255,1669264.0,1891488.0,1949628.0,2125986.0,2333675.0,55.90679980979553,60.1691895415369,0.2146621724673657,2143296.0,2209176.0,2409012.0,2644350.0,63.349500713266764,68.17932932570436,0.24323948954506452,2277081.0,2483059.5,2725631.25,65.29671897289586,70.27500543202723,0.25071611319911363,2707670.25,2972184.375,71.20328102710414,76.63188962120664,0.2733952049497293,3262539.0625,78.1591773656681,84.11811037879336,0.30010336611391586,0.0018724241731520922,0.002015179644691521,7.189441036809526e-06,0.002168818934623519,7.737571134695897e-06,2.760488951322802e-08,non_veg,low_veg,1,0
1398.6666,1601.5,1619.0,1698.0,1773.0,0.023816701839011155,0.021607605877268798,0.00012594846924573439,1956268.25795556,2239964.5599,2264441.2254,2374935.8868,2479835.8818,33.31162538438348,30.22183664649957,0.17615991725513588,2564802.25,2592828.5,2719347.0,2839459.5,38.14244799517636,34.60458081244598,0.20170647349704363,2621161.0,2749062.0,2870487.0,38.55924027735906,34.982713915298184,0.20391057170884397,2883204.0,3010554.0,40.44075972264094,36.68971477960242,0.21386050077925697,3143529.0,42.227012360566775,38.31028522039758,0.22330663597268707,0.0005672352864883574,0.000514621906633776,2.999677139105522e-06,0.00046688863174738107,2.721444884307139e-06,1.58630169053437e-08,non_veg,low_veg,1,0
1003.6,1161.0,1122.6666,2073.8333,2185.0,0.2975650648385754,0.026102618292197587,0.0005137022195860185,1007212.9600000001,1165179.6,1126708.19976,2081299.0998799999,2192866.0,298.6362990719943,26.1965877180495,0.5155515475765282,1347921.0,1303415.9226,2407720.4612999996,2536785.0,345.47304027758605,30.3051398372414,0.5964082769393675,1260380.29475556,2328223.3798777796,2453026.521,334.066359621103,29.30453772919927,0.5767163242750888,4300784.556188889,4531325.7605,617.1003403788968,54.13247903154848,1.0653327692613974,4774225.0,650.1796666722873,57.03422096845173,1.1224393497954506,0.08854496781238559,0.0077672273045743595,0.00015285983427883371,0.0006813466817081681,1.3408972953708509e-05,2.63889970407602e-07,non_veg,medium_veg,1,0
1427.0,1495.1428,1556.0,2297.0,2441.0,0.19231767453932,0.030392570704938792,0.0002652345221937273,2036329.0,2133568.7756000003,2220412.0,3277819.0,3483307.0,274.4373215676096,43.370198395947654,0.3784896631704489,2235451.99239184,2326442.1968,3434343.0116000003,3649643.5748,287.54238640020765,45.44123326298016,0.39656348616939163,2421136.0,3574132.0,3798196.0,299.24630158318195,47.29084001688476,0.4127049165334397,5276209.0,5606977.0,441.75369841681805,69.81173490924441,0.6092436974789917,5958481.0,469.4474435504801,74.18826509075559,0.6474374686748884,0.03698608794021181,0.00584502852124569,5.1009286515845296e-05,0.0009237083540547037,8.061158969163514e-06,7.034935176333484e-08,non_veg,low_veg,1,0
1004.3333,1109.0,1150.0,1920.0,2379.3333,0.250814332247557,0.10683826257433908,0.0004743797301684261,1008685.37748889,1113805.6297,1154983.295,1928319.936,2389643.66498889,251.90118599348534,107.30122481755247,0.47643535985316493,1229881.0,1275350.0,2129280.0,2638680.6297,278.1530944625407,118.48363319494204,0.5260871207567845,1322500.0,2208000.0,2736233.295,288.43648208469057,122.86400196048994,0.54553668969369,3686400.0,4568319.936,481.56351791530943,205.12946414273102,0.9108090819233781,5661226.952488889,596.7708928338761,254.20383585726867,1.1287074888347506,0.06290782926078792,0.026796567486072016,0.00011898123525397006,0.011414414349903422,5.068190617167843e-05,2.2503612839466875e-07,non_veg,medium_veg,1,0
726.8333,1039.3,1021.5,3218.6667,2858.0,0.5181793206385024,-0.0593527204643296,0.0010636801978362537,528286.64598889,755397.84869,742460.21595,2339434.1391611104,2077289.5714,376.62998561144076,-43.13953367906622,0.7731181883379772,1080144.49,1061644.95,3345160.30131,2970319.4,538.5437679395955,-61.68528237857775,1.1054828296112185,1043462.25,3287868.0340500004,2919447.0,529.3201760322302,-60.62880395431269,1.086549322089733,10359815.325688891,9198949.4286,1667.8465239677705,-191.03662491294622,3.423632032224962,8168164.0,1480.9564983848397,-169.630075087054,3.039998005416013,0.26850980833737986,-0.030755352368253247,0.0005511770822914177,0.00352274542651685,-6.313231344561798e-05,1.1314155632689718e-06,veg,high_veg,0,1
388.0,596.0,402.0,3088.0,2057.1667,0.7696275071633237,-0.200349835118073,0.0022476923691676547,150544.0,231248.0,155976.0,1198144.0,798180.6796,298.6154727793696,-77.73573602581233,0.8721046392370501,355216.0,239592.0,1840448.0,1226071.3532000002,458.69799426934094,-119.40850173037151,1.3396246520239221,161604.0,1241376.0,826981.0134,309.39025787965613,-80.54063371746534,0.9035723324053971,9535744.0,6352530.7696,2376.6097421203435,-618.6802908446094,6.940874035989718,4231934.831588891,1583.2520791404013,-412.1530091553904,4.6238778936958065,0.5923264997824319,-0.15419474416250545,0.0017298858749525273,0.04014005643183904,-0.00045032479555889046,5.052120986414505e-06,veg,high_veg,0,1
981.0,1021.0,1099.0,1335.0,2166.5,0.09695973705834018,0.23746965586177352,0.0002700290624499416,962361.0,1001601.0,1078119.0,1309635.0,2125336.5,95.11750205423172,232.9577324003998,0.26489851026339273,1042441.0,1122079.0,1363035.0,2211996.5,98.99589153656532,242.45651863487075,0.2756996727613904,1207801.0,1467165.0,2380983.5,106.55875102711586,260.9791517920891,0.2967619396324858,1782225.0,2892277.5,129.44124897288415,317.02199057546767,0.36048879837067205,4693722.25,210.06327033689402,514.4780094245323,0.5850179637977985,0.009401190610422466,0.02302499539169209,2.618194689325646e-05,0.056391837455109145,6.412370853266499e-05,7.291569456759447e-08,non_veg,low_veg,1,0
894.0,1190.0,1154.0,3009.0,2994.0,0.44559212106653856,-0.0024987506246876563,0.0007853534368960158,799236.0,1063860.0,1031676.0,2690046.0,2676636.0,398.35935623348547,-2.2338830584707647,0.7021059725850382,1416100.0,1373260.0,3580710.0,3562860.0,530.2546240691809,-2.973513243378311,0.9345705899062589,1331716.0,3472386.0,3455076.0,514.2133077107854,-2.8835582208895554,0.9062978661780022,9054081.0,9008946.0,1340.7866922892144,-7.5187406296851576,2.3631284916201114,8964036.0,1334.1028104732166,-7.481259370314843,2.3513481900666715,0.19855233835657676,-0.001113423590870911,0.0003499473037333916,6.243754684376952e-06,-1.9624023910445174e-06,6.167800208443843e-07,non_veg,medium_veg,1,0
2918.0,3112.0,3091.0,3032.5,4741.5,-0.009553360006532213,0.21983534859789042,1.2935123577030496e-05,8514724.0,9080816.0,9019538.0,8848835.0,13835697.0,-27.876704499060995,641.4795472086442,0.03774469059777499,9684544.0,9619192.0,9437140.0,14755548.0,-29.730056340328247,684.127604836635,0.04025410457171891,9554281.0,9373457.5,14655976.5,-29.52943578019107,679.5110625160793,0.039982466976601266,9196056.25,14378598.75,-28.970564219808935,666.6506946231027,0.03922576224734498,22481822.25,-45.297256470972485,1042.3493053768975,0.0613318884404901,9.126668741440916e-05,-0.0021001662273171535,-1.2357389226035503e-07,0.048327580493156,2.8435974007132903e-06,1.673174219530502e-10,non_veg,low_veg,1,0
746.6667,1092.0,879.0,3479.3333,2700.6,0.5966347961501705,-0.12600998460614452,0.001050467394340203,557511.16088889,815360.0364,656320.0292999999,2597902.31331111,2016448.09002,445.48733434662046,-94.08745937292072,0.7843490227895981,1192464.0,959868.0,3799431.9636,2949055.1999999997,651.5251973959861,-137.60290318990982,1.1471103946195018,772641.0,3058333.9707,2373827.4,524.4419858159998,-110.76277646880102,0.9233608396250386,12105760.212488888,9396287.509979999,2075.891314184,-438.430735572646,3.6549261856921,7293240.359999999,1611.2719304831503,-340.30256442735384,2.8368922451551524,0.35597307997715544,-0.07518194147837315,0.0006267453996845678,0.01587851622044078,-0.00013236938019006573,1.1034817465718959e-06,veg,high_veg,0,1
924.5,1065.0,995.5,1990.0,2070.0,0.33311003182046556,0.019704433497536946,0.0005785274291500724,854700.25,984592.5,920339.75,1839755.0,1913715.0,307.9602244180204,18.216748768472907,0.5348486082492419,1134225.0,1060207.5,2119350.0,2204550.0,354.76218388879585,20.985221674876847,0.6161317120448271,991020.25,1981045.0,2060685.0,331.6110366772735,19.61576354679803,0.575924055718897,3960100.0,4119300.0,662.8889633227265,39.21182266009852,1.151269584008644,4284900.0,689.5377658683637,40.78817733990148,1.1975517783406497,0.11096229329943158,0.00656374446936878,0.00019271329033319275,0.0003882646994588561,1.1399555254188618e-05,3.34693986278992e-07,non_veg,medium_veg,1,0
1183.6,1268.6666,1302.6666,1448.0,1803.5,0.05283570171681293,0.10933415346763033,0.00015414206068113543,1400908.9599999997,1501593.78776,1541836.18776,1713852.7999999998,2134622.5999999996,62.536336552019776,129.40790404428725,0.18244254302219187,1609514.9419555601,1652649.60635556,1837029.2368,2288040.2131,67.03089005568322,138.70858874365678,0.19555488404132976,1696940.2707555601,1886261.2368,2349359.2131,68.82730391405487,142.4259499615562,0.20079571410448838,2096704.0,2611468.0,76.50609608594512,158.31585422112872,0.2231977038662841,3252612.25,95.28918804627212,197.18414577887128,0.27799520643842773,0.0027916113759080285,0.005776746720075963,8.14420394016335e-06,0.01195395711448334,1.6852991718328047e-05,2.3759774871026836e-08,non_veg,low_veg,1,0
994.6667,1165.0,1099.0,2073.0,2115.0,0.30706179066834804,0.01002865329512894,0.0005224439836973827,989361.84408889,1158786.7055,1093138.7033,2061944.0691,2103720.0705,305.42413802017654,9.975167478510029,0.5196576331991295,1357225.0,1280335.0,2415045.0,2463975.0,357.72698612862547,11.683381088825216,0.6086472410074508,1207801.0,2278227.0,2324385.0,337.4609079445145,11.021489971346705,0.5741659380834236,4297329.0,4384395.0,636.5390920554855,20.789398280802295,1.0830263782046743,4473225.0,649.4356872635561,21.210601719197708,1.1049690255199645,0.0942869432884524,0.0030794162387943217,0.00016042258515802356,0.00010057388691390056,5.2394095786270475e-06,2.7294771610159106e-07,non_veg,medium_veg,1,0
869.2,908.0,1077.0,1354.6666,2273.6667,0.11418777557745786,0.2532843661303112,0.0004118203977887985,755508.6400000001,789233.6000000001,936128.4,1177476.20872,1976271.0956400002,99.25201453192638,220.1547710404665,0.3579542897580237,824464.0,977916.0,1230037.2728,2064489.3636000003,103.68250022433175,229.98220444632256,0.37393292119222904,1159929.0,1458975.9282,2448739.0359,122.98023429692212,272.78726232234516,0.443530568418536,1835121.59715556,3080060.3380222204,154.68636570307788,343.1158710989038,0.5578793380831992,5169560.262688891,259.62494287753924,575.8842289010964,0.9363423248331448,0.013038848091327883,0.028921978356966645,4.702485516092675e-05,0.06415297012603353,0.00010430766841346844,1.6959604003492425e-07,non_veg,low_veg,1,0
1206.0,1284.6666,1384.0,1623.0,2235.6667,0.07948121050881277,0.15877678681084328,0.00021286794377223437,1454436.0,1549307.9196,1669104.0,1957338.0,2696214.0402,95.85433987362819,191.484804893877,0.2567187401893147,1650368.27315556,1777978.5744,2085013.8918,2872086.3382222205,102.10685646824076,203.9752348712109,0.2734643375748675,1915456.0,2246232.0,3094162.7128000003,110.00199534419687,219.7470729462071,0.2946092341807724,2634129.0,3628487.0541000003,128.99800465580313,257.69472499399865,0.3454846727423364,4998205.593488891,177.69349561024276,354.97197500600157,0.4759017733890568,0.006317262823946209,0.012619771216425522,1.691900184953908e-05,0.02521006802997598,3.379848812718663e-05,4.531276148581914e-08,non_veg,low_veg,1,0
768.0,1074.0,994.0,3340.25,2959.3333,0.5413277960431447,-0.060466967711975524,0.0010014006372407944,589824.0,824832.0,763392.0,2565312.0,2272767.9743999997,415.7397473611352,-46.438631202797204,0.7690756894009301,1153476.0,1067556.0,3587428.5,3178323.9642,581.3860529503374,-64.94152332266171,1.0755042843966132,988036.0,3320208.5,2941577.3002,538.0798292668859,-60.104165905703674,0.9953922334173496,11157270.0625,9884913.055325,1808.1701707331142,-201.97478889992624,3.3449284785435633,8757653.580488889,1601.9693730460863,-178.94191110007395,2.963478252427903,0.2930357827689285,-0.0327324503649357,0.00054208599991376,0.0036562541842810907,-6.0551659998790825e-05,1.002803236266269e-06,veg,high_veg,0,1
686.5,1004.2,905.5,3390.5,2857.5,0.5784450651769087,-0.08530729833546735,0.0011600327117212532,471282.25,689383.3,621625.75,2327578.25,1961673.75,397.10253724394784,-58.563460307298335,0.7963624565966403,1008417.6400000001,909303.1000000001,3404740.1,2869501.5,580.8745344506518,-85.66558898847632,1.1649048491104825,819930.25,3070097.75,2587466.25,523.7820065176909,-77.2457586427657,1.0504096204635949,11495490.25,9688353.75,1961.217993482309,-289.23439500640205,3.9330909090909087,8165306.25,1652.9067737430166,-243.76560499359795,3.314793473743481,0.3345986934275182,-0.04934558574572541,0.0006710151975389465,0.0072773351492964305,-9.895925661770614e-05,1.345675892263364e-06,veg,high_veg,0,1
1353.3334,1455.0,1448.0,1528.8,1642.1428,0.02714324106423003,0.035744195701038865,8.474580274467741e-05,1831511.29155556,1969100.097,1959626.7632,2068976.1019199998,2222366.69880952,36.73385471647404,48.37381389835231,0.11468932536418362,2117025.0,2106840.0,2224404.0,2389317.774,39.493415748454694,52.00780474501155,0.12330514299350563,2096704.0,2213702.4,2377822.7744,39.30341306100508,51.75759537510428,0.12271192237429289,2337229.44,2510507.91264,41.49658693899487,54.64572638774822,0.12955938323606284,2696632.97559184,44.57307788228968,58.69707361225193,0.13916470980739226,0.0007367555354709034,0.0009702133205603126,2.300275753080466e-06,0.0012776475263141652,3.029170558147386e-06,7.181851082839774e-09,non_veg,low_veg,1,0
1112.0,1131.0,1332.0,1524.0,2254.0,0.06722689075630252,0.19322392800423505,0.0002428941665310704,1236544.0,1257672.0,1481184.0,1694688.0,2506448.0,74.7563025210084,214.86500794070938,0.2700983131825503,1279161.0,1506492.0,1723644.0,2549274.0,76.03361344537815,218.53626257278984,0.27471330234664065,1774224.0,2029968.0,3002328.0,89.54621848739495,257.37427210164105,0.3235350298193858,2322576.0,3435096.0,102.45378151260503,294.4732662784542,0.3701707097933513,5080516.0,151.52941176470588,435.5267337215458,0.5474834513610327,0.004519454840759833,0.012989843899444372,1.6329019598727422e-05,0.03733548635338581,4.693296494644823e-05,5.8997576134823366e-08,non_veg,low_veg,1,0
1454.0,1596.0,1656.0,1751.0,1813.4,0.02788376871147637,0.017506452698911483,0.0001165755061908659,2114116.0,2320584.0,2407824.0,2545954.0,2636683.6,40.54299970648664,25.454382224217298,0.16950078600151902,2547216.0,2642976.0,2794596.0,2894186.4000000004,44.50249486351629,27.940298507462728,0.18605450788062197,2742336.0,2899656.0,3002990.4000000004,46.17552098620487,28.990685669397415,0.19304903825207392,3066001.0,3175263.4000000004,48.82447901379513,30.653798675794008,0.2041237113402062,3288419.5600000005,50.564426181391255,31.746201324206083,0.21139802292651624,0.0007775045575551086,0.0004881458780148491,3.2505644520493867e-06,0.00030647588609922515,2.0408235849820568e-06,1.3589848643656615e-08,non_veg,low_veg,1,0
1604.0,1652.5,1684.0,1833.0,1962.4,0.04236565254478249,0.0340939031459135,7.783913132889073e-05,2572816.0,2650610.0,2701136.0,2940132.0,3147689.6,67.9545066818311,54.68662064604525,0.12485396665154072,2730756.25,2782810.0,3029032.5,3242866.0,70.00924083025306,56.34017494862206,0.12862916452099193,2835856.0,3086772.0,3304681.6,71.3437588854137,57.41413289771833,0.131081097157852,3359889.0,3597079.2,77.6562411145863,62.49412446645944,0.1426791277258567,3851013.7600000002,83.13835655388115,66.90587553354065,0.15275151131981518,0.0017948485155452347,0.0014444104545752378,3.2977055922674775e-06,0.0011623942317229303,2.6538398044892414e-06,6.058930366036297e-09,non_veg,low_veg,1,0
713.75,1079.0,886.5,3321.5,2584.5,0.5786596958174905,-0.12478835082966475,0.0010984430194135666,509439.0625,770136.25,632739.375,2370720.625,1844686.875,413.01835788973386,-89.06768540467321,0.7840137051064332,1164241.0,956533.5,3583898.5,2788675.5,624.3738117870723,-134.64663054520827,1.1852200179472383,785882.25,2944509.75,2291159.25,512.9818203422054,-110.6248730104978,0.9737697367101268,11032362.25,8584416.75,1922.018179657795,-414.48450728073146,3.6484784889821613,6679640.25,1495.5459838403044,-322.51549271926854,2.838925983674363,0.3348470435635907,-0.0722099891326601,0.0006356247034867003,0.01557213250278749,-0.0001370728928729764,1.206577066898393e-06,veg,high_veg,0,1
1543.3334,1643.3334,1676.0,1734.6666,1803.6666,0.017200919022691934,0.019500707282174557,7.142220506480792e-05,2381877.98355556,2536211.32355556,2586626.7784,2677168.90164444,2783658.90624444,26.54675283841582,30.09609287220322,0.11022827457816722,2700544.66355556,2754226.7784,2850635.56164444,2964025.56624444,28.266844740685013,32.04616360042068,0.11737049508464802,2808976.0,2907301.2216,3022945.2216,28.82874028203168,32.68318540492456,0.11970361568861806,3009068.21315556,3128760.20855556,29.83785971796834,33.82722559876498,0.12389371362427314,3253213.20395556,31.024723130534085,35.172774401235024,0.12882184577374486,0.0002958716152252052,0.00033543008684590347,1.2285275657418587e-06,0.0003802775845050558,1.3927835144162643e-06,5.101131376319474e-09,non_veg,low_veg,1,0
396.75,627.5,365.0,3159.3333,1878.1428,0.7928686256773728,-0.25433182700360596,0.0021984153550580984,157410.5625,248960.625,144813.75,1253465.4867749999,745153.1559,314.57062723749766,-100.90615236368066,0.8722212921193006,393756.25,229037.5,1982481.64575,1178534.607,497.52506261255144,-159.59322144476275,1.3795056352989568,133225.0,1153156.6545,685522.122,289.3970483722411,-92.83111685631617,0.8024216045962059,9981386.900488889,5933679.0901952395,2504.936251627759,-803.5190103023315,6.945526838466373,3527420.37719184,1489.120500661853,-477.6714896976681,4.128937970511811,0.6286406575835259,-0.2016517261423644,0.001743054561232948,0.06468467822699214,-0.0005591269937647072,4.833030073355225e-06,veg,high_veg,0,1
1106.0,1214.3334,1597.6666,1963.3334,2511.0,0.10268654872226901,0.12240183085149624,0.0003944646297240329,1223236.0,1343052.7404,1767019.2596,2171446.7404,2777166.0,113.57132288682952,135.37642492175485,0.4362778804747804,1474605.60635556,1940099.91444444,2384141.32295556,3049191.1674,124.69570584417858,148.63663142412233,0.47901157499252595,2552538.56475556,3136752.19784444,4011740.8326,164.0588691628419,195.5573169302851,0.6302229637914546,3854678.03955556,4929930.1674,201.60793083715808,240.315602731893,0.7744655826558267,6305121.0,257.8459238416175,307.35099726810705,0.9905006852370467,0.010544527288490927,0.012569021567427098,4.0506211419368715e-05,0.014982208195798296,4.8283192884379176e-05,1.556023441033184e-07,non_veg,low_veg,1,0
363.66666,578.5,381.5,3405.5,1961.3334,0.7985212569316081,-0.2690910062533337,0.0024493929963354142,132253.4395955556,210381.16280999998,138738.83078999998,1238466.81063,713271.5667244439,290.3955584473198,-97.85942748018898,0.8907625700046923,334662.25,220697.75,1970081.75,1134631.3719,461.9445471349353,-155.66914711755356,1.4169738483800371,145542.25,1299198.25,748248.6921,304.6358595194085,-102.6582188856468,0.9344434281019606,11597430.25,6679320.8937,2719.3641404805917,-916.3894217957279,8.341407849020253,3846828.70595556,1566.1664118299445,-527.7771782042722,4.804076293438725,0.6376361977716354,-0.21487488854240325,0.001955892374153233,0.07240996964643168,-0.0006591096260937648,5.999526050496979e-06,veg,high_veg,0,1
920.0,980.3333,992.25,1525.5,2212.3333,0.21179624664879357,0.18375172054890726,0.0004309653017771358,846400.0,901906.636,912870.0,1403460.0,2035346.6359999997,194.85254691689008,169.0515829049947,0.3964880776349649,961053.37908889,972735.716925,1495498.44915,2168824.0046888897,207.63091340482575,180.13793058638808,0.42248963647667537,984560.0625,1513677.375,2195187.716925,210.1548257372654,182.32764471465322,0.42762532068836295,2327150.25,3374914.44915,323.0951742627346,280.313249697358,0.6574375678610206,4894418.630288889,468.5638892761394,406.5200503026418,0.9534388882661066,0.0448576500945166,0.038917924727516554,9.1276833352262e-05,0.033764694804683706,7.919061569842774e-05,1.8573109133585772e-07,non_veg,medium_veg,1,0
1170.5,1206.0,1259.0,1295.5,1806.1111,0.014288510471716578,0.1646276994559376,8.236264834130687e-05,1370070.25,1411623.0,1473659.5,1516382.75,2114053.04255,16.724701507144253,192.69672221317498,0.09640547988349969,1454436.0,1518354.0,1562373.0,2178169.9866,17.231943628890193,198.54100554386076,0.09932935389961609,1585081.0,1631034.5,2273893.8749,17.989234683891173,207.26627361502545,0.10369457426170535,1678320.25,2339816.93005,18.510765316108827,213.27518464516717,0.10670081092616304,3262037.3055432104,25.80663736543355,297.3359153548329,0.14875609339463092,0.00020416153150035432,0.0023522846076107743,1.1768395633030732e-06,0.02710227942815452,1.3559173317527744e-05,6.783605841793778e-09,non_veg,low_veg,1,0
669.0,722.3333,1831.2,2182.6667,3114.75,0.08756312211364671,0.1759505345312933,0.0010350659722122239,447561.0,483240.9777,1225072.8,1460204.0223,2083767.75,58.57972869402965,117.71090760143522,0.6924591354099777,521765.39628889,1322736.73896,1576612.8402111102,2249887.646175,63.2497589546534,127.09493024475304,0.747662619425764,3353293.44,3996899.2610400007,5703730.2,160.34558921450986,322.2006188337043,1.8954128083150243,4764033.923288891,6798461.103825001,191.12111078549032,384.041372568654,2.2592040298507468,9701667.5625,272.7372346034811,548.0419274313458,3.223971736948024,0.007667300354289405,0.015406778141125049,9.063360812049942e-05,0.03095859060184784,0.00018212041108589357,1.0713615668316362e-06,non_veg,low_veg,1,0
859.0,984.0,1224.0,1965.0,2339.25,0.2323612417685795,0.08694894580937446,0.0006544765962482988,737881.0,845256.0,1051416.0,1687935.0,2009415.75,199.5983066792098,74.68914445025266,0.5621953961772886,968256.0,1204416.0,1933560.0,2301822.0,228.64346190028223,85.55776267642446,0.644004970708326,1498176.0,2405160.0,2863242.0,284.4101599247413,106.42550967067433,0.8010793538079177,3861225.0,4596626.25,456.58984007525873,170.8546785154208,1.286046511627907,5472090.5625,543.5510348071496,203.3953214845792,1.5309843777738328,0.053991746676236255,0.020203565018735176,0.00015207499461272793,0.007560119177361536,5.690605010069717e-05,4.2833961503675865e-07,non_veg,medium_veg,1,0
1096.4,1121.0,1114.6666,1181.0,1561.5,0.02889504948148829,0.13874202370100275,6.527629697289266e-05,1202092.9600000002,1229064.4000000001,1222120.4602400002,1294848.4000000001,1712028.6,31.680532251503763,152.11675478577942,0.07156893200107953,1256641.0,1249541.2586,1323901.0,1750441.5,32.39135046874837,155.52980856882408,0.07317472890661268,1242481.62915556,1316421.2546,1740551.8959000001,32.208346562362316,154.65109983591614,0.07276130800736456,1394761.0,1844131.5,34.12505343763767,163.85432999088425,0.07709130672498624,2438282.25,45.11961976534396,216.6456700091158,0.1019289377231719,0.0008349238845376567,0.004008957640002296,1.8861618310000578e-06,0.01924934914064961,9.056565541726769e-06,4.260994946493276e-09,non_veg,low_veg,1,0
3462.0,3628.0,3626.0,3628.3333,4997.0,0.0003216422383018686,0.15867986226109085,1.3237913459957196e-05,11985444.0,12560136.0,12553212.0,12561289.884599999,17299614.0,1.1135254290010692,549.3496831478965,0.04582965639837181,13162384.0,13155128.0,13163593.212399999,18129116.0,1.1669180405591792,575.6905402832376,0.04802715003272471,13147876.0,13156336.545799999,18119122.0,1.1662747560825755,575.3731805587154,0.04800067420580479,13164802.535888888,18130781.500099998,1.1670252439172053,575.7434282813292,0.04803156222928091,24970009.0,1.6072462647944374,792.923271718671,0.06614985355940611,1.0345372945983603e-07,5.103814607108947e-05,4.257872115707066e-09,0.025179298687198762,2.1005902844502486e-06,1.752423527733159e-10,non_veg,low_veg,1,0
1070.7,999.5,1175.3334,1399.5,2280.0,0.08706062302904724,0.2392988177741541,0.00021922277724655586,1146398.49,1070164.6500000001,1258429.47138,1498444.6500000001,2441196.0,93.21580907720089,256.2172441907868,0.23472182759788737,999000.25,1174745.7333,1398800.25,2278860.0,87.01709271753272,239.17916836526703,0.21911316585793258,1381408.60115556,1644879.0933,2679760.152,102.32525807084839,281.25589311047696,0.2576598521386371,1958600.25,3190860.0,121.84134192915161,334.8986954749287,0.3068022767565549,5198400.0,198.4982205062277,545.6013045250713,0.4998279321221474,0.00757955208220587,0.0208335041655323,1.9085671569243193e-05,0.05726392418810781,5.245975142426755e-05,4.805862606369305e-08,non_veg,low_veg,1,0
693.75,1026.8,958.7,3293.6667,2944.7144,0.5490981528004157,-0.05593635502646678,0.0011361906975211787,481289.0625,712342.5,665098.125,2284981.2731250003,2042895.615,380.93684350528844,-38.80584629961133,0.7882322964053177,1054318.24,984393.16,3381936.9675600003,3023632.7459199997,563.8139832954669,-57.43544934117609,1.1666406082147462,919105.6900000001,3157638.2652900005,2823097.69528,526.4203990897586,-53.6261835638737,1.0892660217135541,10848240.330688892,9698907.76029048,1808.5463009102411,-184.23570987005127,3.742233465275279,8671342.89756736,1616.9372375647845,-164.7165901299491,3.345757108136659,0.3015087814088287,-0.03071454921942116,0.0006238802132378951,0.0031288758136469356,-6.355436623431358e-05,1.2909293011336625e-06,veg,high_veg,0,1
923.0,950.0,1198.0,1557.2,2239.3333,0.13037166085946575,0.17967267664951067,0.0004407678116899797,851929.0,876850.0,1105754.0,1437295.6,2066904.6358999999,120.33304297328688,165.83788054749834,0.4068286901898513,902500.0,1138100.0,1479340.0,2127366.635,123.85307781649246,170.68904281703513,0.4187294211054807,1435204.0,1865525.6,2682721.2934,156.18524970963998,215.2478666261138,0.5280398384045957,2424871.8400000003,3487089.81476,203.01475029036007,279.78629207861803,0.6863636363636364,5014613.628488889,291.94560153890825,402.34700792138165,0.9870260382855007,0.016996769955255554,0.023424225265862457,5.74636316634149e-05,0.03228227073439962,7.919393250728614e-05,1.942762638219734e-07,non_veg,low_veg,1,0
1174.0,1305.0,1442.0,1698.0,2271.5,0.08152866242038216,0.14447663433681823,0.0002626368944690875,1378276.0,1532070.0,1692908.0,1993452.0,2666741.0,95.71464968152866,169.6155687114246,0.30833571410670874,1703025.0,1881810.0,2215890.0,2964307.5,106.39490445859872,188.54200780954778,0.3427411472821592,2079364.0,2448516.0,3275503.0,117.56433121019107,208.3353067136919,0.3787224018244242,2883204.0,3857007.0,138.43566878980891,245.32132510391736,0.44595744680851057,5159712.25,185.19235668789807,328.1786748960826,0.5965797057865323,0.006646922796056634,0.011778986748479447,2.141243470830777e-05,0.020873497869294686,3.794489456556788e-05,6.897813833636661e-08,non_veg,low_veg,1,0
710.0,1013.0,890.3333,3510.5,2741.0,0.5953796750265454,-0.1230904582900104,0.0011220107008690625,504100.0,719230.0,632136.643,2492455.0,1946110.0,422.71956926884724,-87.39422538590739,0.7966275976170344,1026169.0,901907.6329,3556136.5,2776633.0,603.1196108018905,-124.69063424778054,1.1365968399803603,792693.38508889,3125515.04965,2440403.5753,530.0863508193117,-109.59153392785733,0.9989634899400653,12323610.25,9622280.5,2090.080349180688,-432.10905382708154,3.938818565400844,7513081.0,1631.935689247761,-337.3909461729185,3.0754313310821004,0.35447695743471486,-0.07328555705557493,0.000668022366459729,0.015151260922044791,-0.00013810881137626868,1.2589080128646849e-06,veg,high_veg,0,1
386.66666,518.5,365.0,2953.3333,1879.6666,0.7800100429935715,-0.222153263442029,0.0022418087046199553,149511.10595555557,200486.66321,141133.3309,1141955.5229777778,726804.4061355559,301.60387809078065,-85.89926038322945,0.8668326841743247,268842.25,189252.5,1531303.3160499998,974607.1321,404.4352072921668,-115.18646709469203,1.1623778133454468,133225.0,1077966.6545,686078.309,284.7036656926536,-81.08594115634058,0.8182601771862837,8722177.580888888,5551281.96267778,2303.629634307346,-656.0926306270168,6.620808299583977,3533146.52715556,1466.1588254795804,-417.57406937298293,4.213852945663396,0.6084156671708332,-0.17328177656857924,0.0017486333040739742,0.049352072457943534,-0.0004980251197440707,5.025706268109802e-06,veg,high_veg,0,1
354.33334,525.0,354.75,3138.0,2006.0,0.7968649345071934,-0.22006220839813376,0.0024964813761830197,125552.11583555561,186025.00350000002,125699.75236500001,1111898.02092,710792.68004,282.3558137728151,-77.97537730948679,0.8845865842707259,275625.0,186243.75,1647450.0,1053150.0,418.35409061627655,-115.53265940902023,1.3106527224960853,125847.5625,1113205.5,711628.5,282.68783551642684,-78.06706842923795,0.8856267682009262,9847044.0,6294828.0,2500.562164483573,-690.5552099533437,7.8339585584623155,4024036.0,1598.51105862143,-441.4447900466563,5.007941640623137,0.6349937238471537,-0.17535985728268721,0.00198935846833051,0.04842737556506365,-0.0005493812048676474,6.232419261628664e-06,veg,high_veg,0,1
758.2,1095.6,988.0,3379.0,2728.0,0.5475154568353561,-0.1065989847715736,0.0010216202410537282,574867.2400000001,830683.9199999999,749101.6000000001,2561957.8000000003,2068369.6,415.126219372567,-80.8233502538071,0.7745924667669367,1200339.3599999999,1082452.7999999998,3702032.4,2988796.8,599.857934508816,-116.78984771573603,1.1192871360984644,976144.0,3338452.0,2695264.0,540.9452713533318,-105.31979695431473,1.0093607981610835,11417641.0,9217912.0,1850.054728646668,-360.1979695431472,3.4520547945205475,7441984.0,1493.6221662468513,-290.8020304568528,2.7869800175945705,0.29977317547362864,-0.05836459184539329,0.0005593528729927786,0.01136334355433018,-0.00010890368051841772,1.0437079169306776e-06,veg,high_veg,0,1
646.0,949.0,726.0,3446.5,2547.0,0.6520071899340922,-0.15007925252356719,0.0012558940806601953,417316.0,613054.0,468996.0,2226439.0,1645362.0,421.1966446974236,-96.9511971302244,0.8113075761064862,900601.0,688974.0,3270728.5,2417103.0,618.7548232474535,-142.42521064486525,1.1918434825465254,527076.0,2502159.0,1849122.0,473.35721989215097,-108.95753733210978,0.9117791025593018,11878362.25,8778235.5,2247.142780107849,-517.2481438224743,4.328438948995363,6487209.0,1660.6623127621328,-382.2518561775256,3.1987622234415176,0.4251133757257514,-0.09785275170530006,0.0008188519703861141,0.02252378203803265,-0.00018848364487425472,1.5772699418373173e-06,veg,high_veg,0,1
747.3333,1075.0,937.5,3364.5,2695.5,0.5641562064156206,-0.1103960396039604,0.0010394791483238966,558507.06128889,803383.2975,700624.96875,2514402.88785,2014436.9101500001,421.6127194560669,-82.50263658415842,0.7768373821980872,1155625.0,1007812.5,3616837.5,2897662.5,606.4679218967922,-118.67574257425743,1.1174400844481889,878906.25,3154218.75,2527031.25,528.8964435146443,-103.49628712871288,0.9745117015536531,11319860.25,9069009.75,1898.1035564853555,-371.42747524752474,3.4973275945357503,7265720.25,1520.6830543933054,-297.57252475247526,2.801916044307063,0.3182722252372643,-0.062280610906278906,0.0005864286129665498,0.012187285560239193,-0.00011475438122585592,1.0805168998001735e-06,veg,high_veg,0,1
719.375,1058.8,902.0,3374.2856,2677.8,0.5781385602495773,-0.11508191490219503,0.0010922182534966267,517500.390625,761674.25,648876.25,2427376.7035000003,1926342.3750000002,415.8984267795397,-82.78705253276655,0.7857145061091358,1121057.44,955037.6,3572693.59328,2835254.64,612.1331075922525,-121.8487314984441,1.1564406868022283,813604.0,3043605.6112,2415375.6,521.4809813451187,-103.80388724177992,0.9851808646539573,11385803.31036736,9035661.979680002,1950.8046186548813,-388.3192482749021,3.685456324830817,7170612.840000001,1548.1394366363184,-308.1663517250979,2.9247420392132675,0.33424419484745416,-0.06653329259231941,0.0006314534885548476,0.01324384713755606,-0.0001256945681035229,1.1929407132712217e-06,veg,high_veg,0,1
721.0,1092.0,906.0,3348.0,2715.0,0.5740479548660085,-0.10440376051459674,0.0010867694609093949,519841.0,787332.0,653226.0,2413908.0,1957515.0,413.8885754583921,-75.27511133102425,0.7835607813156737,1192464.0,989352.0,3656016.0,2964780.0,626.8603667136813,-114.00890648193963,1.1867522513130593,820836.0,3033288.0,2459790.0,520.0874471086037,-94.58980702622465,0.9846131315839117,11209104.0,9089820.0,1921.9125528913962,-349.5437902028699,3.638504155124654,7371225.0,1558.540197461213,-283.45620979713016,2.950579086369007,0.3295310544858469,-0.059932765203724786,0.0006238577864458726,0.01090014520958927,-0.00011346281853136186,1.1810678611652968e-06,veg,high_veg,0,1
741.5,859.0,844.75,1736.6666,2207.5417,0.3455143970175136,0.11938393314572159,0.0007717610951760788,549822.25,636948.5,626382.125,1287738.2839,1636892.1705500002,256.1989253884863,88.52318642755256,0.5722608520730624,737881.0,725640.25,1491796.6094,1896278.3203000003,296.7968670380442,102.55079857217484,0.6629427807562517,713602.5625,1467049.11035,1864820.8510750001,291.8732868805446,100.84957752484831,0.6519451851499926,3016010.87955556,3833763.9384972206,600.0433131194554,207.3300892708076,1.340291717171717,4873240.357238891,762.7374393665169,263.5450107291926,1.7036948000388628,0.11938019854637599,0.041248867674423144,0.00026665456944133877,0.01425252349334212,9.213587499096985e-05,5.956151880273804e-07,non_veg,medium_veg,1,0
1223.5,1270.6666,1336.4,1398.6666,1766.0,0.02276602697718583,0.11607333296973525,0.00010227707677958399,1496952.25,1554660.5851,1635085.4000000001,1711268.5851,2160701.0,27.854234006586864,142.0157228884711,0.125136003439821,1614593.60835556,1698118.8442400002,1777238.93315556,2243997.2156,28.928030094608996,147.4905073553214,0.12996006540945293,1785964.9600000002,1869178.0442400002,2360082.4000000004,30.424518452311148,155.1204021807542,0.13668308540823607,1956268.25795556,2470045.2156,31.84208154768878,162.3478939754475,0.14305153123723968,3118756.0,40.20480364171018,204.98550602455245,0.18062131759274533,0.000518291984325953,0.002642528629720866,2.3284426891117158e-06,0.013473018626703028,1.187164118820783e-05,1.0460600434576919e-08,non_veg,low_veg,1,0
758.0,1068.0,901.0,3346.6667,2871.0,0.5757670911420617,-0.07650244423683891,0.0010191119609374625,574564.0,809544.0,682958.0,2536773.3586000004,2176218.0,436.4314550856828,-57.9888527315239,0.7724868663905966,1140624.0,962268.0,3574240.0356,3066228.0,614.9192533397219,-81.70461044494395,1.08841157428121,811801.0,3015346.6967,2586771.0,518.7661491189976,-68.92870225739186,0.9182198768046537,11200178.000888892,9608280.095700001,1926.900550881003,-256.0281825960357,3.4106280632411066,8242641.0,1653.0273186688592,-219.63851740396453,2.9258704398514546,0.3315077432421912,-0.044047589783502525,0.0005867711292970452,0.005852623974210647,-7.796455596271377e-05,1.0385891889258e-06,veg,high_veg,0,1
3950.0,4241.0,4170.6665,3982.8,5584.0,-0.02304130396562003,0.1673704896099009,2.084386806573771e-06,15602500.0,16751950.0,16474132.675,15732060.0,22056800.0,-91.01315066419912,661.1134339591085,0.008233327885966394,17986081.0,17687796.6265,16891054.8,23681744.0,-97.71817011819455,709.8182464355897,0.008839884446679363,17394459.054222252,16610930.536200002,23289001.736,-96.09759456572863,698.0464941046117,0.008693282227219207,15862695.840000002,22239955.2,-91.76890543427146,666.6031860183133,0.008301695773222015,31181056.0,-128.66264134402226,934.5968139816865,0.011639215927907936,0.0005309016884360974,-0.0038564343259763754,-4.80269899921943e-08,0.028012880792257944,3.4886484035266984e-07,4.3446683594188025e-12,non_veg,low_veg,1,0
1078.0,1155.0,1227.0,1613.0,2254.25,0.1359154929577465,0.16581550197168532,0.00030739582872478993,1162084.0,1245090.0,1322706.0,1738814.0,2430081.5,146.5169014084507,178.7491111254768,0.33137270336532354,1334025.0,1417185.0,1863015.0,2603658.75,156.9823943661972,191.51690477729653,0.35504218217713235,1505529.0,1979151.0,2765964.75,166.76830985915495,203.45562091925788,0.3771746818453172,2601769.0,3636105.25,219.2316901408451,267.4604046803284,0.49582947173308617,5081643.0625,306.38750000000005,373.7895953196716,0.6929470469028577,0.018473021225947236,0.022536895690517797,4.1779855594284834e-05,0.02749478069412198,5.097099364400325e-05,9.449219551740039e-08,non_veg,low_veg,1,0
395.5,574.0,413.33334,3078.0,2097.25,0.7632232160335626,-0.18950775324863534,0.0021980011913862933,156420.25,227017.0,163473.33597000001,1217349.0,829462.375,301.854781941274,-74.95031640983528,0.869309471193279,329476.0,237253.33716000002,1766772.0,1203821.5,438.0901260032649,-108.77745036471669,1.2616526838557323,170844.4499555556,1272240.02052,866863.347315,315.465601048694,-78.3298726061543,0.9085071737596759,9474084.0,6455335.5,2349.2010589513056,-583.3048644992996,6.7654476670870105,4398457.5625,1600.6698898263892,-397.4451355007005,4.609757998634904,0.5825096774926142,-0.1446367168977183,0.001677565538135449,0.035913188541345654,-0.0004165382674174402,4.831209237335565e-06,veg,high_veg,0,1
661.3333,1029.6,792.0,3218.8,2560.6667,0.6050663209334797,-0.11387439951855763,0.0011996081410818558,437361.73368889,680908.76568,523775.9736,2128699.62604,1693454.1589111101,400.1505067417972,-75.30893241912612,0.7933408106485293,1060076.16,815443.2,3314076.48,2636462.43432,622.9762840331106,-117.24508174430693,1.2351165420578787,627264.0,2549289.6,2028048.0264,479.2125261793159,-90.18852441869764,0.9500896477368298,10360673.440000001,8242273.973960001,1947.5874738206844,-366.5389171703333,3.861298684514278,6557013.948488891,1549.3731793058744,-291.5943828296666,3.0717966199172104,0.3661052527279766,-0.06890156396520287,0.0007258424844862492,0.012967378865712078,-0.00013660465672326948,1.4390596921498658e-06,veg,high_veg,0,1
971.5,1076.0,1204.5,2019.5,2497.0,0.25279156327543423,0.10572345843020038,0.0005336147370337156,943812.25,1045334.0,1170171.75,1961944.25,2425835.5,245.58700372208435,102.71033986493967,0.5184067170282547,1157776.0,1296042.0,2172982.0,2686772.0,272.0037220843672,113.75844127089562,0.5741694570482779,1450820.25,2432487.75,3007636.5,304.48743796526054,127.34390567917636,0.6427389507571104,4078380.25,5042691.5,510.5125620347394,213.50852429978968,1.0776349614395886,6235009.0,631.2205334987593,263.99147570021034,1.332435998373188,0.06390357446323787,0.02672599833145574,0.0001348933035615627,0.011177449662442308,5.6415595468526336e-05,2.8474468757956144e-07,non_veg,medium_veg,1,0
1246.0,1222.0,1417.5,1687.3334,2545.0,0.08690752940238275,0.2026462754564657,0.00020974877797407652,1552516.0,1522612.0,1766205.0,2102417.4164,3171070.0,108.28678163536891,252.49725921875628,0.26134697735569934,1493284.0,1732185.0,2061921.4148,3109990.0,106.20100092971173,247.6337486078011,0.2563130066843215,2009306.25,2391795.0945,3607537.5,123.19142292787755,287.2510954595401,0.29731889277825346,2847094.00275556,4294263.503,146.64197707212244,341.93182896329483,0.35391611868484363,6477025.0,221.1796623290641,515.7347710367052,0.5338106399440248,0.007552918666826022,0.017611487142516147,1.8228748088895906e-05,0.04106551295637778,4.250480863799178e-05,4.399454986161845e-08,non_veg,low_veg,1,0
1007.1667,1156.0,1124.0,1952.5,2055.8333,0.2692995286851942,0.025779617678000924,0.0004802435773631758,1014384.76158889,1164284.7052,1132055.3708,1966492.98175,2070566.8405111097,271.22951761742235,25.964372464013852,0.48368533900906446,1336336.0,1299344.0,2257090.0,2376543.2948,311.31025516008447,29.801238035769067,0.5551615754318312,1263376.0,2194610.0,2310756.6292,302.6926702421583,28.97629027007304,0.5397937809562097,3812256.25,4014014.5182499997,525.8073297578417,50.334703516296806,0.9376755848016007,4226450.557388889,553.6349387453274,52.99859648370297,0.987300738454343,0.07252223615006773,0.006942438890370149,0.00012932936903799485,0.0006645886876238977,1.2380495816738132e-05,2.3063389359858064e-07,non_veg,medium_veg,1,0
938.2,1061.0,996.6667,2016.0,2020.3334,0.3383491774911576,0.0010735981324040238,0.0005692323422838754,880219.2400000001,995430.2000000001,935072.69794,1891411.2000000002,1895476.79588,317.4391983222041,1.0072497678214551,0.534053783530732,1125721.0,1057463.3687,2138976.0,2143573.7374,358.9884773181182,1.1390876184806693,0.6039555151631918,993344.51088889,2009280.0672,2013599.02267778,337.22135817782635,1.0700195077492813,0.5673349201173405,4064256.0,4072992.1344,682.1119418221738,2.164373834926512,1.1475724020442928,4081747.04715556,683.5781441479139,2.1690261650734715,1.1500391134763457,0.11448016590894287,0.00036325104505494435,0.00019259929481311435,1.1526129499014079e-06,6.111267795799367e-07,3.240254595019871e-07,non_veg,medium_veg,1,0
1480.0,1660.0,1720.0,1767.0,1779.0,0.01347863492973903,0.00338409475465313,0.0001096706174837892,2190400.0,2456800.0,2545600.0,2615160.0,2632920.0,19.948379696013763,5.008460236886632,0.162312513876008,2755600.0,2855200.0,2933220.0,2953140.0,22.374533983366792,5.617597292724196,0.18205322502309007,2958400.0,3039240.0,3059880.0,23.18325207915113,5.8206429780033835,0.18863346207211742,3122289.0,3143493.0,23.816747920848865,5.979695431472081,0.1937879810938555,3164841.0,23.978491540005734,6.020304568527918,0.195104028503661,0.00018167359956918107,4.561297776561431e-05,1.478210215583049e-06,1.145209730847083e-05,3.7113576136646087e-07,1.2027644339275609e-08,non_veg,low_veg,1,0
1174.5,1212.0,1273.0,1431.3334,2341.0,0.058548032576160904,0.2411416233782518,0.00015264692567824013,1379450.25,1423494.0,1495138.5,1681101.0783,2749504.5,68.76466426070098,283.2208366577567,0.17928381420909303,1468944.0,1542876.0,1734776.0807999999,2837292.0,70.96021548230702,292.2636475344412,0.18500807392202703,1620529.0,1822087.4182,2980093.0,74.53164546945283,306.9732865605145,0.1943195363883997,2048715.30195556,3350751.4894,83.80175453054714,345.15405967151264,0.21848864313058275,5480281.0,137.06094426079267,564.5125403284875,0.35734645301276013,0.003427872118539198,0.014118367621018209,8.937177177260415e-06,0.05814928252549863,3.680952746175017e-05,2.3301083919018166e-08,non_veg,low_veg,1,0
993.0,1187.0,1106.0,2320.0,2197.4,0.35434909515469937,-0.02713950502501437,0.0005754353708457643,986049.0,1178691.0,1098258.0,2303760.0,2182018.2,351.8686514886165,-26.94952848983927,0.5714073232498439,1408969.0,1312822.0,2753840.0,2608313.8000000003,420.61237594862814,-32.21459246469206,0.6830417851939222,1223236.0,2565920.0,2430324.4,391.9100992410975,-30.016292557665892,0.6364315201554153,5382400.0,5097968.0,822.0899007589026,-62.96365165803334,1.335010060362173,4828566.760000001,778.6467016929364,-59.63634834196658,1.2644616838964824,0.12556328123695418,-0.009616859048560258,0.00020390500297920544,0.0007365527330027802,-1.5617031138639627e-05,3.3112586602040223e-07,non_veg,medium_veg,1,0
957.5,1098.5,1039.8334,2214.6667,2084.8,0.3609873295133714,-0.03020530429971699,0.0005922326902445619,916806.25,1051813.75,995640.4805,2120543.3652500003,1996196.0000000002,345.64536800905313,-28.92157886697902,0.5670628009091679,1206702.25,1142256.9899,2432811.36995,2290152.8000000003,396.5445814704385,-33.180526773239116,0.6505676102336512,1081253.49975556,2302884.40452778,2167844.6723200004,375.36668220480936,-31.408484268009335,0.6158233318881495,4904748.592088891,4617137.136160001,799.4666177951909,-66.89468159595005,1.3115980177360462,4346391.040000001,752.5863845694768,-62.97201840404998,1.2346867126218626,0.1303118520691954,-0.010903732136293592,0.00021378849730190408,0.0009123604078385017,-1.7888568625077026e-05,3.5073955939431117e-07,non_veg,medium_veg,1,0
3706.0,3876.0,3920.0,3852.0,4829.5,-0.008749356664951106,0.11259574958244543,1.0224545014749957e-05,13734436.0,14364456.0,14527520.0,14275512.0,17898127.0,-32.4251158003088,417.27984795254275,0.037892163824663344,15023376.0,15193920.0,14930352.0,18719142.0,-33.91250643335049,436.4211253815585,0.03963033647717083,15366400.0,15099840.0,18931640.0,-34.29747812660833,441.3753383631861,0.04008021645781983,14837904.0,18603234.0,-33.70252187339166,433.7188273915798,0.03938494739681683,23324070.25,-42.25501801338137,543.7811726084202,0.04937944014873492,7.655124205052434e-05,-0.0009851403720543346,-8.945819107089515e-08,0.01267780282403276,1.151240310075227e-06,1.045413207586482e-10,non_veg,low_veg,1,0
1865.0,2261.0,2203.0,2576.0,2568.0,0.07804980121364302,-0.0015552099533437014,0.00014791496075572687,3478225.0,4216765.0,4108595.0,4804240.0,4789320.0,145.56287926344424,-2.900466562986003,0.2758614018094306,5112121.0,4980983.0,5824336.0,5806248.0,176.47060054404687,-3.5163297045101087,0.33443572626869844,4853209.0,5674928.0,5657304.0,171.94371207365558,-3.426127527216174,0.3258566585448663,6635776.0,6615168.0,201.05628792634442,-4.006220839813375,0.38102893890675243,6594624.0,200.4318895166353,-3.9937791601866253,0.3798456192207066,0.006091771469489192,-0.00012138382770395494,1.154473328350829e-05,2.4186779989793177e-06,-2.300388192157494e-07,2.187883561536822e-08,non_veg,low_veg,1,0
1189.3334,987.6667,988.5,1549.6666,2299.75,0.2210913184343376,0.19485638421157117,0.00019534278985656138,1414513.9363555599,1174664.99437778,1175656.0659,1843070.24624444,2735169.48665,262.9512894639934,231.74920594605425,0.23232770442558967,975485.51028889,976308.53295,1530554.09692222,2271386.493325,218.36453287669138,192.4531619681746,0.19293356862642344,977132.25,1531845.4341,2273302.875,218.54876827234273,192.6155357931381,0.1930963477732109,2401466.57115556,3563845.76335,342.6178317276573,301.9624304094392,0.30271619699153196,5288850.0625,508.4547595693679,448.1209695905608,0.44923958097262706,0.04888137108703367,0.04308105489068412,4.318859495602891e-05,0.03796901046800744,3.806378971325033e-05,3.81588055489447e-08,non_veg,medium_veg,1,0
1082.4,1126.5,1439.0,1636.0,2456.5,0.06406504065040651,0.20048869883934026,0.00031233737130188257,1171589.7600000002,1219323.6,1557573.6,1770806.4000000001,2658915.6,69.34400000000001,217.00896762370192,0.3380739706971577,1269002.25,1621033.5,1842954.0,2767247.25,72.16926829268293,225.8505192425168,0.3518480487715707,2070721.0,2354204.0,3534903.5,92.18959349593497,288.50323762981066,0.449453477303409,2676496.0,4018834.0,104.81040650406506,327.9995113011607,0.5109839394498799,6034392.25,157.3757723577236,492.5004886988393,0.7672567526030746,0.004104329433538239,0.012844316641089442,2.000990638909622e-05,0.040195718362291674,6.262011317121434e-05,9.755463351177005e-08,non_veg,low_veg,1,0
730.25,1091.0,970.5,3203.0,3036.1667,0.5349227267281658,-0.026739676630214062,0.0010557410120319891,533265.0625,796702.75,708707.625,2338990.75,2217160.732675,390.62732119324306,-19.526648859213818,0.7709548740363601,1190281.0,1058815.5,3494473.0,3312457.8697,583.6006948604288,-29.17298720356354,1.1518134441269001,941870.25,3108511.5,2946599.78235,519.1425062896849,-25.950856169622746,1.0245966521770455,10259209.0,9724841.940100001,1713.3574937103149,-85.64718424657563,3.381538461538461,9218308.230188891,1624.114569965257,-81.18611575342416,3.205405704555825,0.2861423235702959,-0.014303660734863517,0.0005647398608749049,0.000715010306288416,-2.8230173266990324e-05,1.1145890844863287e-06,veg,high_veg,0,1
1111.0,1162.4,1563.0,1781.5,2264.3333,0.06533114067872627,0.119340878429173,0.00033846063760835284,1234321.0,1291426.4000000001,1736493.0,1979246.5,2515674.2962999996,72.58289729406488,132.5877159348112,0.37602976838288,1351173.7600000002,1816831.2000000002,2070815.6,2632061.02792,75.94091792495142,138.7218370860707,0.3934266451559494,2442969.0,2784484.5,3539152.9478999996,102.11257288084916,186.5297929847974,0.5290139765818554,3173742.25,4033909.77395,116.38742711915084,212.6057749215717,0.6029676258992805,5127205.293488889,147.93147736582446,270.2275250784281,0.7663876924758256,0.004268157942383522,0.0077966757173790705,2.211201952980269e-05,0.01424224526424665,4.0392189805878814e-05,1.1455560321025275e-07,non_veg,low_veg,1,0
1002.5,1155.0,1115.3334,2217.5,2169.3333,0.33069957832275687,-0.010979833676378862,0.0005460033063533551,1005006.25,1157887.5,1118121.7335,2223043.75,2174756.63325,331.52632726856376,-11.007283260569809,0.5473683146192385,1334025.0,1288210.077,2561212.5,2505579.9614999997,381.9580129627842,-12.681707896217587,0.6306338188381252,1243968.5931555599,2473251.8145,2419529.88522222,368.8402850692867,-12.246175225710136,0.6089757240863292,4917306.25,4810496.59275,733.3263149307134,-24.347781177370127,1.210762331838565,4706006.966488889,717.3976075515145,-23.81891882263009,1.1844631543824347,0.1093622111028492,-0.0036310263668324952,0.00018056306317388557,0.00012055674756094337,-5.9950254905127735e-06,2.9811961054879576e-07,non_veg,medium_veg,1,0
1249.6666,1382.0,1447.0,1833.3334,2032.6666,0.11777260201661209,0.051560579410243154,0.000254555208809484,1561666.61115556,1727039.2412,1808267.5702,2291055.51664444,2540155.55895556,147.17648713525278,64.43353396562857,0.3181091423052379,1909924.0,1999754.0,2533666.7588,2809145.2412,162.76173598695792,71.25672074495604,0.35179529857470687,2093809.0,2652833.4298,2941268.5702,170.4169551180377,74.60815840662184,0.36834138714732334,3361111.35555556,3726555.56884444,215.9164448819623,94.52773235615108,0.4666845664544012,4131733.50675556,239.39243451426003,104.80546764384896,0.5174258708030639,0.013870385785763302,0.006072423598628491,2.9979629298374944e-05,0.0026584933491199903,1.3125014058112425e-05,6.479835433204e-08,non_veg,low_veg,1,0
383.5,550.1667,372.5,2679.0,1883.5,0.7558577748648205,-0.17435616438356163,0.0022284774271400494,147072.25,210988.92945,142853.75,1027396.5,722322.25,289.8714566606587,-66.86558904109589,0.854621093308209,302683.39778889,204937.09575,1473896.5892999999,1036238.97945,415.84777766672124,-95.92495558356164,1.2260340721141314,138756.25,997927.5,701603.75,281.5570211371456,-64.94767123287671,0.8301078416096684,7177041.0,5045896.5,2024.9429788628543,-467.1001643835616,5.970091027308192,3547572.25,1423.6581189578894,-328.39983561643834,4.197337234018283,0.5713209758235978,-0.13178846244492376,0.001684411989414558,0.030400072058547566,-0.00038854877661148693,4.966111643272734e-06,veg,high_veg,0,1
887.4,947.0,1020.0,1226.0,2135.0,0.0917186108637578,0.2704552216602202,0.00031087652858337994,787478.76,840367.7999999999,905148.0,1087952.4,1894599.0,81.39109528049866,240.00196370127938,0.27587183146489136,896809.0,965940.0,1161022.0,2021845.0,86.85752448797864,256.1210949122285,0.2944000725684608,1040400.0,1250520.0,2177700.0,93.55298308103295,275.8643260934246,0.31709405915504757,1503076.0,2617510.0,112.44701691896705,331.57810175542994,0.3811346240432238,4558225.0,195.81923419412288,577.4218982445701,0.6637213885255162,0.00841230357877743,0.024805777231525092,2.8513163351814903e-05,0.07314602692327883,8.40781804469778e-05,9.664421602405305e-08,non_veg,low_veg,1,0
416.5,628.0,443.0,3013.5,2061.8,0.7436713438449298,-0.18751600890587744,0.0020641643542183923,173472.25,261562.0,184509.5,1255122.75,858739.7000000001,309.73911471141327,-78.10041770929796,0.8597244535319604,394384.0,278204.0,1892478.0,1294810.4000000001,467.02560393461596,-117.76005359289103,1.2962952144491504,196249.0,1334980.5,913377.4,329.4464053233039,-83.0695919453037,0.9144248089187478,9081182.25,6213234.300000001,2241.053594676696,-565.0794928378617,6.220359281437125,4251019.240000001,1533.3015767394766,-386.62050716213815,4.255894065527482,0.5530470676561239,-0.13945028233547171,0.0015350598792183935,0.03516225359598911,-0.0003870638614288108,4.2607744812258325e-06,veg,high_veg,0,1
352.66666,528.0,329.5,2945.0,1930.3334,0.7987479004428157,-0.20812250501678514,0.0024889227949407224,124373.77307555558,186207.99648,116203.66446999999,1038603.3136999999,680764.2328644439,281.6917542311803,-73.39786871510286,0.8777600890896095,278784.0,173976.0,1554960.0,1019216.0352,421.7388914338067,-109.88868264886256,1.3141512357287015,108570.25,970377.5,636044.8552999999,263.1874331959078,-68.5763654030307,0.8201000609329681,8673025.0,5684831.863,2352.3125668040925,-612.9207772744322,7.329877631100428,3726187.03515556,1541.849750404642,-401.7458227255679,4.804450801095427,0.6379982084618063,-0.16623741391705651,0.0019880218568231666,0.043314977094461755,-0.0005180008468764414,6.194736679175537e-06,veg,high_veg,0,1
388.66666,565.0,402.0,3133.0,2097.25,0.7725601131541726,-0.1980306868696525,0.002247932249364415,151061.77259555558,219596.6629,156243.99732,1217692.64578,815131.152685,300.26835882885433,-76.96792564313368,0.8736963192667543,319225.0,227130.0,1770145.0,1184946.25,436.49646393210753,-111.88733808135366,1.2700817208908945,161604.0,1259466.0,843094.5,310.5691654879774,-79.6083361216003,0.9036687642444949,9815689.0,6570684.25,2420.430834512023,-620.4301419626213,7.042771737258713,4398457.5625,1620.2516973125885,-415.3198580373787,4.7144759099795195,0.596849128436788,-0.15299060985601726,0.0017366627929318863,0.03921615294206636,-0.0004451595673780781,5.053199397732559e-06,veg,high_veg,0,1
1090.0,1144.0,1269.0,1956.0,2308.6667,0.21302325581395348,0.08269502045728457,0.0004058114448199528,1188100.0,1246960.0,1383210.0,2132040.0,2516446.703,232.1953488372093,90.13757229844018,0.44233447485374855,1308736.0,1451736.0,2237664.0,2641114.7048000004,243.69860465116278,94.60310340313355,0.464248292874026,1610361.0,2482164.0,2929698.0423000003,270.326511627907,104.93998096029411,0.5149747234765201,3825936.0,4515752.0652,416.673488372093,161.7514600144486,0.7937671860678277,5329941.931688891,491.7996970232559,190.91523998555166,0.9368833691347126,0.04537890751757707,0.017615962497412246,8.644727522211087e-05,0.0068384664084307125,3.35585857311862e-05,1.6468292874685759e-07,non_veg,medium_veg,1,0
922.2,1003.0,963.0,1232.0,1480.0,0.12255125284738042,0.09144542772861357,0.00027237980823336105,850452.8400000001,924966.6000000001,888078.6000000001,1136150.4000000001,1364856.0,113.01676537585422,84.33097345132744,0.2511886591528056,1006009.0,965889.0,1235696.0,1484440.0,122.91890660592256,91.71976401179941,0.27319694765806113,927369.0,1186416.0,1425240.0,118.01685649202734,88.06194690265487,0.2623017553287267,1517824.0,1823360.0,150.98314350797267,112.66076696165192,0.3355719237435008,2190400.0,181.37585421412302,135.33923303834808,0.40312211618537436,0.015018809574462567,0.011206751735306173,3.338048674932762e-05,0.008362266252469087,2.490788806853744e-05,7.419075993324254e-08,non_veg,low_veg,1,0
1067.0,1130.0,1261.3334,1445.0,2470.0,0.06786547437207847,0.26181353767560667,0.0002449360444772754,1138489.0,1205710.0,1345842.7378,1541815.0,2635490.0,72.41246115500773,279.35504469987234,0.26134675945725283,1276900.0,1425306.742,1632850.0,2791100.0,76.68798604044868,295.84929757343554,0.2767777302593212,1590961.9459555598,1822626.763,3115493.498,85.6009895323466,330.23415964240104,0.308946013763073,2088025.0,3569150.0,98.0656104676534,378.32056194125164,0.35393258426966295,6100900.0,167.62772169903383,646.6794380587485,0.6049920298588702,0.00460572261174724,0.017768099931387088,1.6622700849270808e-05,0.06854632851021632,6.41275723088652e-05,5.999366588417382e-08,non_veg,low_veg,1,0
4073.0,4201.6,4180.0,4114.0,4973.0,-0.007957559681697613,0.09453064817871684,2.446237078796757e-06,16589329.0,17113116.8,17025140.0,16756322.0,20255029.0,-32.41114058355438,385.0233300319137,0.009963523621939191,17653442.560000002,17562688.0,17285382.400000002,20894556.8,-33.434482758620696,397.1799713876967,0.010278109710272454,17472400.0,17196520.0,20787140.0,-33.262599469496024,395.1381093870364,0.010225270989370443,16924996.0,20458922.0,-32.737400530503976,388.8990866072411,0.010063819342169858,24730729.0,-39.57294429708223,470.10091339275886,0.012165136992856271,6.332275608777941e-05,-0.000752233274631699,-1.946607755010682e-08,0.008936043445088342,2.3124437665746826e-07,5.984075845680091e-12,non_veg,low_veg,1,0
692.3333,1043.0,843.5,3297.0,2636.3333,0.5925612848689772,-0.11134832085027149,0.0011394391865088744,479325.39828889,722103.6319,583983.13855,2282622.8901,1825221.33348889,410.249909805579,-77.09015042372727,0.7888716921450045,1087849.0,879770.5,3438771.0,2749695.6319,618.0414201183432,-116.13629864683317,1.188435071528756,711492.25,2781019.5,2223747.13855,499.82544378698225,-93.922308637204,0.9611169538202355,10870209.0,8691990.890099999,1953.6745562130177,-367.1154138433451,3.756730997919759,6950253.268688889,1562.1890475908706,-293.551286156655,3.003941470718256,0.35112887632557316,-0.06598070407104,0.0006751875483877608,0.012398448556175005,-0.0001268746401287625,1.2983216597520056e-06,veg,high_veg,0,1
1170.5,1206.0,1259.0,1295.5,1806.1111,0.014288510471716578,0.1646276994559376,8.236264834130687e-05,1370070.25,1411623.0,1473659.5,1516382.75,2114053.04255,16.724701507144253,192.69672221317498,0.09640547988349969,1454436.0,1518354.0,1562373.0,2178169.9866,17.231943628890193,198.54100554386076,0.09932935389961609,1585081.0,1631034.5,2273893.8749,17.989234683891173,207.26627361502545,0.10369457426170535,1678320.25,2339816.93005,18.510765316108827,213.27518464516717,0.10670081092616304,3262037.3055432104,25.80663736543355,297.3359153548329,0.14875609339463092,0.00020416153150035432,0.0023522846076107743,1.1768395633030732e-06,0.02710227942815452,1.3559173317527744e-05,6.783605841793778e-09,non_veg,low_veg,1,0
379.66666,571.0,362.2,2866.0,1864.0,0.7756025029428165,-0.21183932346723044,0.0022789685187134126,144146.7727155556,216789.66285999998,137515.264252,1088124.64756,707698.65424,294.4704117799393,-80.42832839746299,0.8652483657450688,326041.0,206816.19999999998,1636486.0,1064344.0,442.8690291803482,-120.96025369978858,1.3012910241853586,131188.84,1038065.2,675140.7999999999,280.9232265658881,-76.72820295983087,0.8254423974779981,8213956.0,5342224.0,2222.8767734341122,-607.1315010570825,6.531523774632641,3474496.0,1445.72306548541,-394.86849894291754,4.247997318881801,0.6015592425711617,-0.16430310950289687,0.0017675736872420059,0.04487589896705389,-0.00048277514920736566,5.193697509286806e-06,veg,high_veg,0,1
951.75,1002.0,1019.0,1586.0,2360.3333,0.21765834932821498,0.196215889823599,0.0004197380450762593,905828.0625,953653.5,969833.25,1509475.5,2246447.218275,207.15633397312862,186.74847313961035,0.3994856844013298,1004004.0,1021038.0,1589172.0,2365053.9666,218.0936660268714,196.6083216032462,0.42057752116641184,1038361.0,1616134.0,2405179.6327,221.79385796545108,199.94399173024738,0.42771306793270825,2515396.0,3743488.6137999995,345.206142034549,311.198401260228,0.6657045394909472,5571173.287088889,513.7462499424184,463.1348987397718,0.9907216850703958,0.04737515703228327,0.04270802669097146,9.13594900415505e-05,0.038500675419266744,8.235927400745613e-05,1.761800264844399e-07,non_veg,medium_veg,1,0
803.5,945.0,2358.0,2644.8,3986.25,0.05732789637802834,0.20229827855317029,0.0008653776379613014,645612.25,759307.5,1894653.0,2125096.8000000003,3202951.875,46.06296473974577,162.54666681747233,0.6953309321019057,893025.0,2228310.0,2499336.0,3767006.25,54.17486207723678,191.17187323274592,0.8177818678734298,5560164.0,6236438.4,9399577.5,135.17917965939083,477.0193408283755,2.0405604703127485,6994967.040000001,10542834.0,151.62082034060936,535.0384871174248,2.28875077688005,15890189.0625,228.52332693691548,806.411512882575,3.4496116093232376,0.003286487703129955,0.01159733475034966,4.961027955690841e-05,0.040924593505576076,0.0001750644064579799,7.488784562834812e-07,non_veg,low_veg,1,0
361.0,549.5,345.66666,3008.0,1916.5,0.7938574730024004,-0.2216468677023048,0.002430902492065358,130321.0,198369.5,124785.66425999999,1085888.0,691856.5,286.58254775386655,-80.01451924053202,0.8775557996355943,301950.25,189943.82966999998,1652896.0,1053116.75,436.22468141481903,-121.79495380241649,1.3357809193899142,119485.43983555559,1039765.3132799999,662470.15389,274.4100612087799,-76.61593245811757,0.8402819452179088,9048064.0,5764832.0,2387.9232787912206,-666.7137780485328,7.312154696132597,3672972.25,1521.4278470091003,-424.78622195146716,4.658824626043259,0.6302096874417569,-0.17595602229304905,0.0019297901094662427,0.049127333962243,-0.0005388019230560135,5.909286925929568e-06,veg,high_veg,0,1
795.6667,933.5,1051.3334,1942.0,2351.0,0.2975500824599091,0.09527137200093175,0.0007409433737614237,633085.49748889,742754.86445,836510.97697778,1545184.7314,1870612.4117,236.75069219560376,75.80425816445376,0.5895439690876185,871422.25,981419.7289,1812857.0,2194658.5,277.76300197632514,88.93582576286978,0.691670639406289,1105301.91795556,2041689.4627999999,2471684.8234,312.8243398628566,100.16197544840438,0.7789785163440683,3771364.0,4565642.0,577.8422601371435,185.01700442580946,1.4389120318446849,5527201.0,699.5402438632464,223.98299557419054,1.7419578717131072,0.08853605157189871,0.02834800459494592,0.00022046776196083488,0.009076634322939921,7.059069179325e-05,5.489970831209608e-07,non_veg,medium_veg,1,0
1037.0,1074.0,1116.0,1766.5,2276.0,0.22567215958369471,0.12603586889301174,0.0003978453633154398,1075369.0,1113738.0,1157292.0,1831860.5,2360212.0,234.02202948829142,130.6991960420532,0.4125656417581111,1153476.0,1198584.0,1897221.0,2444424.0,242.3718993928881,135.36252319109462,0.4272859202007824,1245456.0,1971414.0,2540016.0,251.8501300954033,140.6560296846011,0.44399542546003085,3120522.25,4020554.0,398.6498699045967,222.64236239950523,0.7027938342967245,5180176.0,513.6298352124892,286.85763760049474,0.905496046905941,0.050927923611168574,0.02844278671809337,8.978262231975493e-05,0.015885040247616444,5.0142786050517396e-05,1.5828093311159432e-07,non_veg,medium_veg,1,0
736.5,1067.2,928.5,3374.0,2711.0,0.568390470656595,-0.10895645028759245,0.001059949966342821,542432.25,785992.8,683840.25,2484951.0,1996651.5,418.6195816385822,-80.24642563681184,0.7806531502114876,1138915.84,990895.2000000001,3600732.8000000003,2893179.2,606.5863102847181,-116.27832374691866,1.1311786040810585,862112.25,3132759.0,2517163.5,527.7505520046484,-101.16606409202959,0.9841635437493093,11383876.0,9146914.0,1917.7494479953514,-367.61906327033694,3.576271186440678,7349521.0,1540.906565950029,-295.3809367296631,2.873524358755388,0.32306772713322557,-0.06192980806003656,0.000602465460242038,0.011871508059272604,-0.00011548838581516686,1.1234939311501474e-06,veg,high_veg,0,1
1160.0,1258.0,1349.0,2090.6667,2405.3333,0.21562167636765509,0.06998812277580062,0.0003834221103108539,1345600.0,1459280.0,1564840.0,2425173.3720000004,2790186.6279999996,250.1211445864799,81.18622241992871,0.44476964796059054,1582564.0,1697042.0,2630058.7086000005,3025909.2913999995,271.2520688705101,88.04505845195717,0.4823450147710542,1819801.0,2820309.3783000004,3244794.6216999996,290.8736414199667,94.41397762455503,0.5172364268093419,4370887.250488891,5028750.23271111,450.7930585800335,146.32183768287794,0.801607838070629,5785628.284088889,518.6419983689437,168.34476231712165,0.9222579698869702,0.04649270731959779,0.01509095635874339,8.267411818165029e-05,0.0048983373296805416,2.683499373139261e-05,1.470125146752286e-07,non_veg,medium_veg,1,0
1001.75,1138.0,1091.0,1878.0,2053.0,0.26507241495453016,0.04451793436784533,0.0004653071996631202,1003503.0625,1139991.5,1092909.25,1881286.5,2056592.75,265.5362916807006,44.59584075298906,0.46612148726253066,1295044.0,1241558.0,2137164.0,2336314.0,301.6524082182553,50.661409310607986,0.5295195932166308,1190281.0,2048898.0,2239823.0,289.1940047153924,48.56906639531926,0.5076501548324641,3526884.0,3855534.0,497.8059952846076,83.60468074281353,0.8738469209673397,4214809.0,544.1936679016504,91.39531925718647,0.9552756809083858,0.07026338516982662,0.011800476371672038,0.00012334010311043303,0.0019818464803797848,2.071451537548869e-05,2.1651079005833482e-07,non_veg,medium_veg,1,0
357.0,497.0,339.75,2570.0,1656.8,0.7664747830569637,-0.21604996687801648,0.002405277916657609,127449.0,177429.0,121290.75,917490.0,591477.6,273.63149755133605,-77.12983817545188,0.8586842162467665,247009.0,168855.75,1277290.0,823429.6,380.937967179311,-107.37683353837419,1.1954231245788318,115430.0625,873157.5,562897.7999999999,260.4098075436034,-73.40297624680609,0.8171931721844227,6604900.0,4257976.0,1969.8401924563966,-555.2484148765024,6.181564245810056,2744986.2399999998,1269.8954205687774,-357.9515851234977,3.9850644523183267,0.5874835930622195,-0.16559685149229186,0.0018435848693618465,0.04667758818799202,-0.0005196602142263009,5.7853618563607685e-06,veg,high_veg,0,1
371.5,577.6667,349.0,2954.0,1972.0,0.7886769603390856,-0.1993503857084856,0.002346948512539021,138012.25,214603.17905,129653.5,1097411.0,732598.0,292.9934907659703,-74.0586682907024,0.8718913724082463,333698.81628888997,201605.6783,1706427.4318,1139158.7324,455.5924170451105,-115.15807945594803,1.3557540023083248,121801.0,1030946.0,688228.0,275.2482591583409,-69.57328461226147,0.8190850308761183,8726116.0,5825288.0,2329.751740841659,-588.8810393828664,6.932885906040267,3888784.0,1555.270965788677,-393.1189606171336,4.628182466726949,0.6220113477696997,-0.1572230562429927,0.0018509842189416135,0.03974057628212198,-0.00046786509121261036,5.508167320509123e-06,veg,high_veg,0,1
803.375,1096.0,973.5,3206.6667,2902.0,0.5342291014375098,-0.04987450043722311,0.0009317386272839735,645411.390625,880499.0,782085.5625,2576155.8601125004,2331394.25,429.1863043673594,-40.067926788754114,0.7485355196942621,1201216.0,1066956.0,3514506.7032000003,3180592.0,585.5150951755107,-54.662452479196524,1.0211855355032349,947702.25,3121690.0324500003,2825097.0,520.0720302494158,-48.552826175636696,0.9070475536609481,10282711.32488889,9305746.763400001,1713.094669750585,-159.93089973117878,2.9877752292152295,8421604.0,1550.3328523716534,-144.73580026882146,2.703905496378091,0.2854007328227291,-0.02664440955322239,0.000497761889628536,0.002487465793862568,-4.646999857385219e-05,8.681368695730232e-07,veg,high_veg,0,1
740.6667,1090.0,874.0,3338.0,2694.0,0.5849952516619183,-0.10676392572944297,0.00104913788782865,548587.16048889,807326.703,647342.6958,2472345.4446,1995356.0898,433.2865025641026,-79.07648454907162,0.7770614972230163,1188100.0,952660.0,3638420.0,2936460.0,637.644824311491,-116.37267904509284,1.1435602977332284,763876.0,2917412.0,2354556.0,511.2858499525166,-93.31167108753316,0.91694651396224,11142244.0,8992572.0,1952.7141500474834,-356.37798408488067,3.5020222695720333,7257636.0,1575.977207977208,-287.6220159151194,2.826377469810383,0.3422194444669912,-0.06245638960050985,0.0006137406827183746,0.011398535837162015,-0.00011201007953608266,1.1006903076775607e-06,veg,high_veg,0,1
3799.3333,3960.0,3977.6667,3949.0,5023.0,-0.0036164886307128593,0.11970575122603656,9.97278283684588e-06,14434933.524488889,15045359.867999999,15112481.54961111,15003567.201699998,19084051.1659,-13.740245683738769,454.8020468345965,0.03788992592569702,15681600.0,15751560.132000001,15638040.0,19891080.0,-14.321294977622923,474.0347748551048,0.03949222003390968,15821832.37628889,15707805.798300002,19979819.8341,-14.385186397315138,476.1495804502898,0.03966840619645339,15594601.0,19835827.0,-14.28151360268508,472.7180115916184,0.039382519422704376,25230529.0,-18.16562239207069,601.2819884083816,0.05009328818947685,1.3078990016075371e-05,-0.00043291448833990314,-3.606645574602146e-08,0.014329466876589755,1.1937994612987601e-06,9.945639751088775e-11,non_veg,low_veg,1,0
708.75,1043.0,864.4167,3413.0,2805.8,0.5958230115854741,-0.09763941596449473,0.0011163622669347368,502326.5625,739226.25,612655.336125,2418963.75,1988610.7500000002,422.28955946120476,-69.20193606483564,0.7912217566899947,1087849.0,901586.6181,3559759.0,2926449.4000000004,621.4434010836495,-101.837910850968,1.1643658444129303,747216.23123889,2950254.1971,2425380.37686,515.0393614587773,-84.40114173795585,0.9650021867882442,11648569.0,9576195.4,2033.5439385412233,-333.2433266868205,3.8101444170482566,7872513.640000001,1671.7602059065234,-273.95667331317935,3.1322892485654847,0.35500506113478403,-0.05817581086941207,0.0006651543279054418,0.009533455549887628,-0.00010900095974830707,1.2462647110356646e-06,veg,high_veg,0,1
1224.5,1318.0,1422.0,2106.0,2506.5,0.19387755102040816,0.08682926829268292,0.00034154712517285617,1499400.25,1613891.0,1741239.0,2578797.0,3069209.25,237.4030612244898,106.32243902439023,0.41822445477416237,1737124.0,1874196.0,2775708.0,3303567.0,255.53061224489795,114.4409756097561,0.45015911097782446,2022084.0,2994732.0,3564243.0,275.6938775510204,123.47121951219512,0.48568001199580146,4435236.0,5278689.0,408.3061224489796,182.86243902439023,0.7192982456140351,6282542.25,485.9540816326531,217.63756097560974,0.856087869245764,0.03758850478967097,0.01683424589347934,6.621832018657415e-05,0.007539321832242711,2.9656286966228485e-05,1.1665443871384269e-07,non_veg,low_veg,1,0
1446.0,1610.0,1616.0,1738.0,1781.8,0.03637447823494335,0.012443888857321426,0.00011610864269791951,2090916.0,2328060.0,2336736.0,2513148.0,2576482.8,52.597495527728086,17.993863287686782,0.16789309734119162,2592100.0,2601760.0,2798180.0,2868698.0,58.56290995825879,20.034661060287494,0.1869349147436504,2611456.0,2808608.0,2879388.8,58.781156827668454,20.109324393431425,0.18763156659983793,3020644.0,3096768.4,63.218843172331546,21.62747883402464,0.2017968210089841,3174811.2399999998,64.81204531902206,22.172521165975315,0.20688237955915298,0.0013231026668643676,0.00045263996439869227,4.223391296704287e-06,0.00015485036989336835,1.4448430451073554e-06,1.3481216909153137e-08,non_veg,low_veg,1,0
3568.3333,3766.0,3820.8572,3604.6667,4861.8335,-0.029114511368012658,0.14848718718508971,2.823929315036714e-06,12733002.539888889,13438343.207799999,13634091.98130476,12862652.22101111,17348642.37710555,-103.89028042770812,529.8517746558889,0.010076721011691697,14182756.0,14389348.2152,13575174.792200001,18309664.961,-109.64524981193567,559.2027469390479,0.010634917800428266,14598949.742791839,13772916.71429524,18576371.5336762,-111.24239038495301,567.3483382638977,0.010789830655649098,12993622.018088892,17525289.31839445,-104.94810961504668,535.2468190227596,0.010179323965066654,23637424.981722247,-141.54990670513476,721.9199809772398,0.01372947414547755,0.0008476547721981383,-0.004323131899304518,-8.221732214510061e-08,0.02204844475813987,4.193173207993187e-07,7.974576776323726e-12,non_veg,low_veg,1,0
1130.0,1158.4,1163.5,1222.4286,1744.75,0.02469839206420509,0.17603301668460403,6.685290256495741e-05,1276900.0,1308992.0,1314755.0,1381344.318,1971567.5,27.909183032551752,198.91730885360255,0.07554377989840187,1341890.5600000003,1347798.4000000001,1416061.29024,2021118.4000000001,28.610617367175177,203.91664652744532,0.07744240233124668,1353732.25,1422295.6761,2030016.625,28.736579166702622,204.8144149125368,0.07778335213432795,1494331.6820979598,2132832.29985,30.192020833297335,215.18779413953715,0.0817229000884173,3044152.5625,43.09251955402183,307.13360586046286,0.11664160175020945,0.0006100105705571889,0.004347732462321106,1.6511591981794202e-06,0.03098762296308208,1.1768318112631356e-05,4.469310581359689e-09,non_veg,low_veg,1,0
731.0,1097.2,924.0,3394.0,2776.0,0.572024085224641,-0.10016207455429497,0.0010718851331987338,534361.0,802053.2000000001,675444.0,2481014.0,2029256.0,418.14960629921256,-73.21847649918962,0.7835480323682744,1203847.84,1013812.8,3723896.8000000003,3045827.2,627.6248263084761,-109.89782820097246,1.1760723681456509,853776.0,3136056.0,2565024.0,528.5502547475683,-92.54975688816856,0.9904218630756301,11519236.0,9421744.0,1941.4497452524315,-339.95008103727713,3.6379781420765025,7706176.0,1587.9388605836034,-278.04991896272287,2.975553129759685,0.32721155407708735,-0.05729511907112287,0.0006131441127838981,0.010032441179020146,-0.00010736223862509197,1.1489377387724674e-06,veg,high_veg,0,1
383.0,500.33334,362.5,2486.0,1656.8,0.7454800772336317,-0.20015448488944676,0.0022029615848753016,146689.0,191627.66922,138837.5,952138.0,634554.4,285.51886958048095,-76.6591677126581,0.8437342870072405,250333.45111555562,181370.83575,1243828.6832400002,828952.2777120001,372.9885369457609,-100.14396194071644,1.1022151276523533,131406.25,901175.0,600590.0,270.2365279971915,-72.55600077242445,0.7985735745172968,6180196.0,4118804.8,1853.2634720028086,-497.5840494351647,5.4765625,2744986.2399999998,1235.111391960681,-331.6159505648354,3.6498667538214,0.5557405455522616,-0.14921118085404256,0.0016422639724355636,0.04006181782135977,-0.00044093264125195524,4.853039744436301e-06,veg,high_veg,0,1
353.66666,547.5,355.33334,3107.0,1962.0,0.7947434258308589,-0.22588281712369304,0.0024986025295969934,125080.10639555559,193632.49635,125669.5555444444,1098842.31262,693893.9869199999,281.07425297055755,-79.88722148352733,0.8836724113101198,299756.25,194545.00365,1701082.5,1074195.0,435.1220256423952,-123.67084237522194,1.3679848849543539,126261.78251555562,1104020.68738,697164.0130800001,282.39883594352136,-80.26369585717104,0.8878367821741485,9653449.0,6095934.0,2469.2678240564787,-701.8179128033142,7.763158059457858,3849444.0,1559.2866014801452,-443.18208719668576,4.902258163069301,0.6316171129013699,-0.17951888391720922,0.0019857479341615645,0.05102304707173575,-0.0005643913782577545,6.243014600908494e-06,veg,high_veg,0,1
775.5,869.0,914.0,1866.0,2120.0,0.3424460431654676,0.06372303060712493,0.0007526144812550338,601400.25,673909.5,708807.0,1447083.0,1644060.0,265.56690647482014,49.41721023582539,0.5836525302132788,755161.0,794266.0,1621554.0,1842280.0,297.58561151079135,55.375313597591564,0.6540219842106244,835396.0,1705524.0,1937680.0,312.9956834532374,58.24284997491219,0.687889635867101,3481956.0,3955920.0,639.0043165467625,118.90717511289513,1.4043786220218932,4494400.0,725.9856115107914,135.09282488710485,1.5955427002606717,0.11726929247968532,0.021821699689921918,0.00025772985113481736,0.004060624629756581,4.7958875624379974e-05,5.664285573947837e-07,non_veg,medium_veg,1,0
1031.5,1132.3334,1151.8334,2129.3333,2232.0,0.29791229442868594,0.02354020959599676,0.0004993472857791177,1063992.25,1168001.9021,1188116.1521,2196407.2989499997,2302308.0,307.29653170318954,24.281726198270658,0.51507672528116,1282178.92875556,1304259.4300555598,2411115.2153222198,2527368.1488,337.336041252235,26.655365568547634,0.56542760988704,1326720.18135556,2452637.21467222,2570892.1488,343.14533099359437,27.114399655669573,0.5751648819597328,4534060.302488889,4752671.9256,634.3545690064054,50.12495218173544,1.0632768038740916,4981824.0,664.9402411648271,52.54174781826477,1.1145431418589908,0.08875173517176406,0.007012917852075564,0.0001487616956231937,0.0005541414678234579,1.1754739768432523e-05,2.493477118149719e-07,non_veg,medium_veg,1,0
1574.0,1816.0,1834.0,1973.0,2181.0,0.0365116889939585,0.05007221954742417,0.00012840006757898294,2477476.0,2858384.0,2886716.0,3105502.0,3432894.0,57.469398476490674,78.81367356764564,0.20210170636931915,3297856.0,3330544.0,3582968.0,3960696.0,66.30522721302863,90.9311506981223,0.23317452272343303,3363556.0,3618482.0,3999954.0,66.96243761491989,91.83245064997593,0.2354857239398547,3892729.0,4303113.0,72.03756238508012,98.79248916706788,0.25333333333333335,4756761.0,79.63199369582348,109.20751083293212,0.2800405473897618,0.0013331034331915503,0.0018282213073527607,4.688103334247079e-06,0.002507227170405447,6.429276373718934e-06,1.6486577354287387e-08,non_veg,low_veg,1,0
930.0,1028.6666,1132.0,1339.0,2264.0,0.08377175232699312,0.25673050235914513,0.00032809004266774907,864900.0,956659.938,1052760.0,1245270.0,2105520.0,77.9077296641036,238.75936719400497,0.30512373968100664,1058154.97395556,1164450.5912,1377384.5774,2328901.1824,86.1732036422501,264.0900929780738,0.3374952686848884,1281424.0,1515748.0,2562848.0,94.8296236341562,290.6189286705523,0.37139792829989193,1792921.0,3031496.0,112.17037636584378,343.76214265889536,0.43931256713211597,5125696.0,189.6592472683124,581.2378573411046,0.7427958565997839,0.007017706487935077,0.02150676405841483,2.748467779531528e-05,0.06591055084157903,8.423072147312458e-05,1.076430760977254e-07,non_veg,low_veg,1,0
1611.3334,2074.0,2054.5715,2485.0,2568.0,0.09481698878407356,0.01642588561250742,0.00021805421668959836,2596395.32595556,3341905.4716,3310599.6806381,4004163.499,4137904.1711999997,152.78178091520311,26.467578112012664,0.3513580423627873,4301476.0,4261181.291,5153890.0,5326032.0,196.65043473816857,34.067286760340394,0.452244445414227,4221264.04861225,5105610.1775,5276139.612,194.8082828715772,33.74815644171779,0.4480079790652731,6175225.0,6381480.0,235.6202171284228,40.81832574708094,0.541864728473652,6594624.0,243.4900271975009,42.18167425291906,0.5599632284588886,0.008990261362079132,0.0015574530118895914,2.0675244218177593e-05,0.0002698097181551783,3.581733620668249e-06,4.754764141611432e-08,non_veg,low_veg,1,0
368.16666,547.0,369.66666,3267.25,2034.4166,0.7967142530013323,-0.23253695356852502,0.0024035649442000627,135546.68953555558,201387.16301999998,136098.9395255556,1202892.5198849998,749004.3646705559,293.32362550189544,-85.61235352189894,0.8849124775992234,299209.0,202207.66301999998,1787185.75,1112825.8802,435.8026963917287,-127.19771360198318,1.3147500244774344,136653.4395155556,1207793.3948849998,752055.989570556,294.51869688139743,-85.96115895225172,0.8885178250155235,10674922.5625,6646947.63635,2603.064643118603,-759.7563615467634,7.853047563937655,4138850.90235556,1620.8487017625102,-473.0770384532365,4.889852421658682,0.6347536009354708,-0.1852655052575529,0.0019149544490585418,0.05407343477493036,-0.0005589176698283844,5.7771244409874505e-06,veg,high_veg,0,1
940.875,1043.5,1089.5,2039.5,2379.3333,0.30361137743688077,0.07690566195380119,0.0005719163312891559,885245.765625,981803.0625,1025083.3125,1918914.5625,2238655.2186375,285.6603547459252,72.3586146907827,0.5381017782016846,1088892.25,1136893.25,2128218.25,2482834.29855,316.8184723553851,80.25105824879154,0.5967946917002342,1187010.25,2222035.25,2592283.6303499998,330.7845957174816,83.7887186986664,0.6231028429395354,4159560.25,4852650.26535,619.2154042825183,156.84909755477753,1.1664233576642336,5661226.952488889,722.392660594439,182.98420244522222,1.3607795718501206,0.09217986850912008,0.023349433958488694,0.00017364030512134808,0.005914480840552344,4.3983604039981996e-05,3.2708828999524755e-07,non_veg,medium_veg,1,0
745.0,1074.6666,867.5,3412.0,2707.5,0.5945788059352728,-0.1151237846229267,0.0010477922110576454,555025.0,800626.617,646287.5,2541940.0,2017087.5,442.9612104217782,-85.76721954408039,0.7806051972379459,1154908.30115556,932273.2755,3666762.4392,2909659.8195,638.9739838065194,-123.71968619985293,1.1260272929638022,752556.25,2959910.0,2348756.25,515.7971141488491,-99.86988316038891,0.9089597430925074,11641744.0,9237990.0,2028.7028858511508,-392.8023531334259,3.575067024128686,7330556.25,1609.8221170697511,-311.6976468665741,2.8368974114385748,0.3535239564674148,-0.06845016239584928,0.0006229950417189342,0.013253485785906014,-0.00012062580483538053,1.0978685175530693e-06,veg,high_veg,0,1
371.5,508.0,347.66666,2806.0,1827.0,0.7795159111711573,-0.2113101661990071,0.0023291412935846963,138012.25,188722.0,129158.16419,1042429.0,678730.5,289.59016100008495,-78.50172674293114,0.8652759905667147,258064.0,176614.66327999998,1425448.0,928116.0,395.9940828749479,-107.34556442909562,1.1832037771410258,120872.10647555559,975552.64796,635186.9878199999,271.0116932537329,-73.4654997064537,0.8097647742086708,7873636.0,5126562.0,2187.321646746267,-592.936326354414,6.535570469798658,3337929.0,1424.1755697097044,-386.063673645586,4.2553411433792405,0.6076450557689995,-0.1647196367443477,0.0018156026977150426,0.044651986339052006,-0.0004921712338483526,5.424899165481392e-06,veg,high_veg,0,1
821.1667,955.0,2284.0,2570.0,3565.0,0.05892047795632468,0.1621841890790546,0.0008276665587021253,674314.74918889,784214.1984999999,1875544.7428,2110398.4189999998,2927459.2854999998,48.38353444581788,133.1802553382233,0.6796522167097805,912025.0,2181220.0,2454350.0,3404575.0,56.269056448290065,154.88590057049714,0.7904215635605296,5216656.0,5869880.0,8142460.0,134.57437165224556,370.4286878565607,1.890390420075654,6604900.0,9162050.0,151.4256283477544,416.8133659331703,2.127103055864462,12709225.0,210.05150391429748,578.1866340668297,2.9506312817730764,0.0034716227226017425,0.009555969937496831,4.8766509227195676e-05,0.026303711187230534,0.00013423442965095593,6.850319323938186e-07,non_veg,low_veg,1,0
666.0,972.0,819.0,3407.6,2551.5,0.6124544551175886,-0.14366263361917064,0.0012062286734318014,443556.0,647352.0,545454.0,2269461.6,1699299.0,407.89466710831397,-95.67931399036765,0.8033482965055797,944784.0,796068.0,3312187.1999999997,2480058.0,595.3057303742961,-139.64007987783387,1.1724542705757108,670761.0,2790824.4,2089678.5,501.600198741305,-117.65969693410075,0.9879012835406453,11611737.76,8694491.4,2086.999801258695,-489.5447903206859,4.110344827586206,6510152.25,1562.6775422325272,-366.5552096793139,3.077692460261241,0.3751004595933823,-0.08798681999398691,0.0007387601249338856,0.02063895229839606,-0.00017328998797217112,1.4549876126090434e-06,veg,high_veg,0,1
676.25,970.25,840.0,3408.0,2690.0,0.6045197740112994,-0.11774352246638242,0.0011835656488457013,457314.0625,656131.5625,568050.0,2304660.0,1819112.5,408.8064971751412,-79.62405706789112,0.8003862700319054,941385.0625,815010.0,3306612.0,2609972.5,586.5353107344632,-114.24065267300755,1.1483545707925416,705600.0,2862720.0,2259600.0,507.7966101694915,-98.90455887176124,0.9941951450303891,11614464.0,9167520.0,2060.2033898305085,-401.26992456543127,4.03359173126615,7236100.0,1626.1581920903955,-316.73007543456873,3.1837915953949363,0.3654441571706725,-0.07117828759267186,0.0007154888385677403,0.013863537082791502,-0.00013935718856530232,1.4008276451275458e-06,veg,high_veg,0,1
964.0,1116.0,1094.0,2084.6667,2220.0,0.3116610810438226,0.031438740657900366,0.0005570735324198573,929296.0,1075824.0,1054616.0,2009618.6988000001,2140080.0,300.441282126245,30.30694599421595,0.5370188852527424,1245456.0,1220904.0,2326488.0372,2477520.0,347.81376644490604,35.08563457421681,0.6216940621805607,1196836.0,2280625.3698000005,2428680.0,340.95722266194196,34.393982279743,0.6094384444673239,4345835.250088891,4627960.074,649.7094773380584,65.539295739461,1.161312642487047,4928400.0,691.8875999172863,69.79400426053881,1.2367032419720831,0.09713262943740417,0.009798231900097607,0.0001736181393348737,0.0009883944141547175,1.7513690313128345e-05,3.1033092052273776e-07,non_veg,medium_veg,1,0
3727.3333,4054.0,4044.5,3953.6,5132.6665,-0.01136519923481828,0.12976358331554555,1.5350169839355196e-05,13893013.529288888,15110609.198199999,15075199.531849999,14736384.93488,19131158.76324445,-42.3618855690727,483.6721252193573,0.057215199202884266,16434916.0,16396403.0,16027894.4,20807829.991,-46.07451769795331,526.0615667612217,0.062229588528745966,16357980.25,15990335.2,20759069.659250002,-45.96654830522254,524.8288127197239,0.06208376191527209,15630952.959999999,20292510.2744,-44.93345169477755,513.0333029963409,0.0606884314768747,26344265.400222253,-58.33377737837743,666.0331970036596,0.0787873025037688,0.00012916775364711403,-0.0014747889778051165,-1.7445773851257033e-07,0.01683858755489053,1.9918930428569423e-06,2.356277140970499e-10,non_veg,low_veg,1,0
347.0,507.33334,339.0,3148.5,1881.3334,0.8055913978494623,-0.2519301335109827,0.002556864334229582,120409.0,176044.66898000002,117633.0,1092529.5,652822.6898,279.5402150537634,-87.419756328311,0.887231923977665,257387.11787555562,171986.00226,1597339.02099,954463.157475556,408.70337454623655,-127.81255608077278,1.2971825226115703,114921.0,1067341.5,637772.0226,273.0954838709677,-85.40431526022313,0.8667770093038284,9913052.25,5923378.2099,2536.404516129032,-793.202025359329,8.05028735632184,3539415.36195556,1515.5860035268815,-473.964574640671,4.810314271254876,0.6489775002890507,-0.20295274841551422,0.002059787913123444,0.06346879217086157,-0.0006441511730919285,6.537555223655285e-06,veg,high_veg,0,1
4103.0,4258.0,4281.6665,4114.4,5679.75,-0.019922007525786108,0.15982499757508312,6.751355672218767e-07,16834609.0,17470574.0,17567677.6495,16881383.2,23304014.25,-81.7399968783004,655.761965050566,0.0027700812323113604,18130564.0,18231335.957000002,17519115.2,24184375.5,-84.82790804479724,680.5348396747039,0.002874727245230751,18332668.01722225,17616488.6476,24318795.303375002,-85.29939223590627,684.3173379798146,0.002890705341132408,16928287.359999996,23368763.4,-81.96710776409435,657.5839700229219,0.0027777777777776894,32259560.0625,-113.15202224458365,907.7660299770783,0.0038346012379284543,0.0003968863838574783,-0.003184034804499552,-1.34500558511201e-08,0.025544029849875326,1.0790354039408881e-07,4.558080341280052e-13,non_veg,low_veg,1,0
350.5,517.75,334.25,3076.3333,1916.5,0.8039924724899696,-0.23229962434355653,0.0025208126923209205,122850.25,181471.375,117154.625,1078254.8216499998,671733.25,281.79936160773434,-81.42101833241657,0.8835448486584826,268065.0625,173057.9375,1592771.566075,992267.875,416.2671026316818,-120.27313050387639,1.3051507714491566,111723.0625,1028264.405525,640590.125,268.73448392977235,-77.64614943683377,0.8425816424082677,9463826.572688889,5895792.76945,2473.3488160702273,-714.6310699455736,7.754860028449501,3672972.25,1540.8515735270269,-445.2022300544261,4.831137524833045,0.6464038958205346,-0.18676714933446714,0.002026714429183194,0.05396311547015748,-0.0005855838414666191,6.354496629766248e-06,veg,high_veg,0,1
696.5,1012.8,875.25,3308.0,2649.0,0.5815454491125321,-0.11062615410441497,0.0011318276969484208,485112.25,705415.2,609611.625,2304022.0,1845028.5,405.0464053068786,-77.05111633372502,0.7883179909245751,1025763.8399999999,886453.2,3350342.4,2682907.1999999997,588.9892308611725,-112.04216887695148,1.1463150914693605,766062.5625,2895327.0,2318537.25,508.99765433574373,-96.8255413798892,0.9906321917541053,10942864.0,8762892.0,1923.7523456642564,-365.9513177774047,3.744086021505376,7017201.0,1540.5138946990976,-293.04868222259523,2.998211569216367,0.33819510938349673,-0.06433413647224419,0.0006582092463398723,0.012238145971933768,-0.00012520974522226108,1.2810339355795663e-06,veg,high_veg,0,1
1222.0,1335.3334,1362.0,1384.75,1817.0,0.008282515700373168,0.13500429452643087,9.609995103478685e-05,1493284.0,1631777.4148,1664364.0,1692164.5,2220374.0,10.12123418585601,164.9752479112985,0.11743414016450954,1783115.2891555598,1818724.0908,1849102.9256499999,2426300.7878,11.059919850732683,180.27574362458031,0.12832547435511546,1855044.0,1886029.5,2474754.0,11.280786383908255,183.87584914499885,0.1308881333093797,1917532.5625,2516090.75,11.469213616091745,186.94719684547513,0.1330744071954211,3301489.0,15.049331027578047,245.3028031545249,0.17461361103020773,6.860006632692803e-05,0.0011181751890329671,7.959493532507148e-07,0.018226159540579292,1.297390609347595e-05,9.23520058888843e-09,non_veg,low_veg,1,0
734.5,1035.2,954.75,3337.5,2742.5,0.555128429145553,-0.09786184210526316,0.0010604012150006237,539490.25,760354.4,701263.875,2451393.75,2014366.25,407.7418312074087,-71.8795230263158,0.7788646924179581,1071639.04,988357.2000000001,3454980.0,2839036.0,574.6689498514766,-101.30657894736844,1.0977273377686458,911547.5625,3186478.125,2618401.875,530.0088677267167,-93.43359375,1.0124180600218455,11138906.25,9153093.75,1852.7411322732833,-326.61389802631584,3.539089055064582,7521306.25,1522.4397169316792,-268.3861019736842,2.908150332139211,0.3081675728456093,-0.05432589068118488,0.0005886588607473321,0.009576940140235458,-0.00010377281627062025,1.124450736774799e-06,veg,high_veg,0,1
389.0,612.0,384.0,3094.0,1864.4,0.7791834387579069,-0.24798322039367537,0.0022417250924038254,151321.0,238068.0,149376.0,1203566.0,725251.6000000001,303.10235767682576,-96.46547273313972,0.8720310609450881,374544.0,235008.0,1893528.0,1141012.8,476.860264519839,-151.76573088092934,1.3719357565511412,147456.0,1188096.0,715929.6000000001,299.2064404830362,-95.22555663117134,0.8608224354830689,9572836.0,5768453.600000001,2410.793559516964,-767.2600838980316,6.935897435897436,3475987.3600000003,1452.7096032202417,-462.3399161019684,4.1794722622776925,0.6071268312345968,-0.19322441842060387,0.0017467150662490991,0.06149567759681818,-0.0005559102076516102,5.02533138991294e-06,veg,high_veg,0,1
995.0,1155.3334,1114.0,2227.3333,2151.2,0.33320031258180677,-0.017387854512834235,0.0005554994529641681,990025.0,1149556.733,1108430.0,2216196.6335,2140444.0,331.5343110188977,-17.300915240270065,0.5527219556993472,1334795.2651555599,1287041.4076,2573312.5544222197,2485353.2100799996,384.95745001620156,-20.08876907301812,0.6417870716912324,1240996.0,2481249.2961999997,2396436.8,371.18514821613275,-19.370069927297337,0.6188263906020833,4961013.6292888895,4791439.394959999,742.1481517838671,-38.72854737199096,1.2372824297188751,4627661.4399999995,716.7805124259827,-37.404752628009,1.1949904232165183,0.11102244830461373,-0.005793638558803347,0.00018509259136668347,0.0003023374845594899,-9.65894367009996e-06,3.0857964224349005e-07,non_veg,medium_veg,1,0
952.3333,1032.0,1133.0,1332.0,2343.25,0.08073022312373225,0.2751513502482824,0.00029898783569194535,906938.71428889,982807.9656,1078993.6289,1268507.9556,2231555.005225,76.88207979716024,262.0357933814026,0.2847360722243681,1065024.0,1169256.0,1374624.0,2418234.0,83.31359026369168,283.9561934562274,0.3085554464340876,1283689.0,1509156.0,2654902.25,91.46734279918864,311.746479831304,0.33875321783897405,1774224.0,3121209.0,107.53265720081136,366.50159853071216,0.3982517971416712,5490820.5625,189.1710953346856,644.7484014692877,0.7006032459851509,0.006517368925607593,0.02221302989834004,2.4137354686692546e-05,0.07570826554345299,8.226690669845037e-05,8.939372589175371e-08,non_veg,low_veg,1,0
708.3333,1043.0,863.0,3172.8,2614.0,0.572327667376976,-0.09656459528582294,0.0010950398120031532,501736.06388889,738791.6319,611291.6379,2247399.8942400003,1851583.2462,405.3987453144358,-68.39991844197141,0.7756531636675731,1087849.0,900109.0,3309230.4000000004,2726402.0,596.937757074186,-100.71687288311333,1.1421265239192888,744769.0,2738126.4000000004,2255882.0,493.91877694633035,-83.3352457316652,0.9450193577587213,10066659.840000002,8293699.2,1815.8812230536696,-306.380147922859,3.4743423155236046,6832996.0,1496.0645225234155,-252.41985207714117,2.8624340685762424,0.32755895884517056,-0.05526658957113678,0.000626721581288687,0.009324721062714777,-0.00010574207626794813,1.1991121898719011e-06,veg,high_veg,0,1
745.3333,1079.0,949.0,3280.6667,2728.6667,0.55126487862507,-0.09185711014136776,0.001035476263565161,555521.72808889,804214.6307,707321.3017,2445190.13771111,2033766.1561111102,410.87607115972287,-68.4641630301291,0.7717749405946912,1164241.0,1023971.0,3539839.3693000004,2944231.3693000004,594.8148040364506,-99.11382184253581,1.1172788883868088,900601.0,3113352.6983000003,2589504.6983000003,523.1503698151914,-87.172397524158,0.9826669741233378,10762773.996488892,8951845.978088891,1808.516330184809,-301.35256239901753,3.3970524965186475,7445621.959688892,1504.2181171837703,-250.6474376009825,2.8254695990306784,0.30389296640551317,-0.050637598672930786,0.0005708216967533895,0.008437728683523367,-9.511585719107695e-05,1.0722110924068669e-06,veg,high_veg,0,1
1285.0,1342.5,1418.6666,1584.2142,2243.5,0.05512959422165538,0.1722400799934332,0.00014686805042581134,1651225.0,1725112.5,1822986.581,2035715.247,2882897.5,70.84152857482717,221.32850279156165,0.18872544479716757,1802306.25,1904559.9105,2126807.5634999997,3011898.75,74.01148024257235,231.23230739118407,0.19717035769665173,2012614.92195556,2247471.77278572,3182778.5171,78.21051399381548,244.3512486680119,0.20835679774621432,2509734.6314816396,3554184.5577,87.33708600618439,272.86518053473276,0.23267045101088638,5033292.25,123.68324463628385,386.42061946526735,0.3294984711303077,0.003039272159044378,0.009495525718743434,8.096776024100599e-06,0.029666645156144263,2.5296564753821324e-05,2.1570224235878664e-08,non_veg,low_veg,1,0
893.25,1030.5,964.0,2195.3333,1992.5,0.3897446654330519,-0.048433947931977084,0.0006632532014752987,797895.5625,920494.125,861093.0,1960981.4702249998,1779800.625,348.13942239807363,-43.26362399023853,0.5924509222178106,1061930.25,993402.0,2262290.9656499997,2053271.25,401.63187772876,-49.91118334390239,0.6834824241202954,929296.0,2116301.3011999996,1920770.0,375.71385747746206,-46.69032580642591,0.639376086222188,4819488.298088889,4374201.600249999,855.6194425225377,-106.32865874553542,1.4560618395303322,3970056.25,776.5662458753559,-96.50464125446435,1.3215320039395326,0.15190090423352157,-0.018876872832350265,0.0002584993971063909,0.002345847312277467,-3.2123971025971724e-05,4.399048092672332e-07,non_veg,medium_veg,1,0
1239.6,1303.0,1318.5,1413.3334,1803.6666,0.03471419596817287,0.121334535281318,9.908477323341079e-05,1536608.1599999997,1615198.7999999998,1634412.5999999999,1751968.08264,2235825.11736,43.03171732214709,150.4062899347218,0.122825484900136,1697809.0,1718005.5,1841573.4202,2350177.5798,45.23259734652925,158.09889947155736,0.12910745952313427,1738442.25,1863480.0879,2378134.4121,45.77066738403593,159.9795847684178,0.1306432735082521,1997511.2995555599,2549182.24824444,49.06273261596406,171.48615128656513,0.14003981944220545,3253213.20395556,62.61283581364807,218.8470487134349,0.17871589604967705,0.0012050754017167097,0.004212030835462859,3.439648235486592e-06,0.014722069451933403,1.2022404913730676e-05,9.81779228671644e-09,non_veg,low_veg,1,0
391.0,578.0,389.33334,3024.0,1926.0,0.7718749965393066,-0.22181818181818183,0.0022211761688802505,152881.0,225998.0,152229.33594000002,1182384.0,753066.0,301.80312364686887,-86.7309090909091,0.868479882032178,334084.0,225034.67052,1747872.0,1113228.0,446.1437479997192,-128.2109090909091,1.2838398256127848,151580.44963555562,1177344.02016,749856.0128400001,300.5166704651367,-86.36121360000001,0.8647779365585521,9144576.0,5824224.0,2334.149989534863,-670.7781818181819,6.716836734693878,3709476.0,1486.6312433347045,-427.2218181818182,4.277985301263363,0.5957910102825545,-0.1712159083232644,0.0017144703476676337,0.049203305785123976,-0.0004926972592788919,4.933623573201548e-06,veg,high_veg,0,1
1210.6666,1304.0,1283.0,1502.0,1736.25,0.07863554757630162,0.0723384544121053,0.0001600800488093906,1465713.61635556,1578709.2464,1553285.2478,1818421.2332000001,2102019.88425,95.20143102333932,87.57775065235853,0.19380356841989899,1700416.0,1673032.0,1958608.0,2264070.0,102.54075403949732,94.32934455338531,0.20874438364744535,1646089.0,1927066.0,2227608.75,100.88940754039497,92.8102370107311,0.20538270262244815,2256004.0,2607847.5,118.11059245960503,108.65235852698217,0.2404402333117047,3014564.0625,136.53096947935367,125.59764147301783,0.27793898474530443,0.006183549342624795,0.005688373973519232,1.258798229416752e-05,0.005232851986732238,1.1579943313085695e-05,2.562562202681688e-08,non_veg,low_veg,1,0
4054.0,4330.0,4340.0,4248.0,5112.0,-0.01071262226362366,0.09230769230769231,1.1262281111180774e-05,16434916.0,17553820.0,17594360.0,17221392.0,20724048.0,-43.42897065673032,374.21538461538466,0.04565728762472686,18748900.0,18792200.0,18393840.0,22134960.0,-46.38565440149045,399.69230769230774,0.04876567721141275,18835600.0,18436320.0,22186080.0,-46.49278062412669,400.61538461538464,0.04887830002252456,18045504.0,21715776.0,-45.50721937587331,392.12307692307695,0.047842170160295926,26132544.0,-54.76292501164416,471.8769230769231,0.05757278104035612,0.00011476027576308533,-0.0009888574397191072,-1.206485633708234e-07,0.008520710059171599,1.0395951794936099e-06,1.2683897582725925e-10,non_veg,low_veg,1,0
1107.5,1120.8334,1276.0,1584.5,2288.0,0.10784827827302919,0.1816655907036798,0.0002715754063703221,1226556.25,1241322.9905,1413170.0,1754833.75,2533960.0,119.44196818737983,201.19464170432536,0.3007697625551317,1256267.51055556,1430183.4184,1775960.5223,2564466.8192,120.87995242090543,203.61686169141382,0.30439078607842973,1628176.0,2021822.0,2919488.0,137.61440307638526,231.80529373789543,0.346530218528531,2510640.25,3625336.0,170.88559692361474,287.84912846998066,0.4303112313937753,5234944.0,246.75686068869078,415.6508715300194,0.6213645297752969,0.01163125112645674,0.01959232117884468,2.928893999833748e-05,0.033002386845716915,4.933590661885645e-05,7.375320134520558e-08,non_veg,low_veg,1,0
963.5,1115.3334,1041.0,2202.0,2084.8,0.3580018501387604,-0.027339740599048198,0.0005831448765413788,928332.25,1074623.7309,1003003.5,2121627.0,2008704.8000000003,344.9347826086956,-26.34184006718294,0.5618600885476185,1243968.5931555599,1161062.0694,2455964.1467999998,2325247.0723200003,399.2914207215541,-30.49292583745446,0.6504009578454762,1083681.0,2292282.0,2170276.8000000003,372.6799259944496,-28.460669963609174,0.6070538164795753,4848804.0,4590729.600000001,788.3200740055504,-60.20210879910413,1.2840850181441161,4346391.040000001,746.3622571692878,-56.99789120089569,1.2157404386134667,0.12816532470277547,-0.009787677716773037,0.00020876694470075264,0.0007474614160232443,-1.5943029656305284e-05,3.4005794703645996e-07,non_veg,medium_veg,1,0
744.6667,1080.0,916.5,3404.0,2608.5,0.5757435482004397,-0.13230769230769232,0.0010477036854485095,554528.49408889,804240.036,682487.03055,2534845.4468,1942463.08695,428.7370480847124,-98.52513261538462,0.7801900460207796,1166400.0,989820.0,3676320.0,2817180.0,621.8030320564749,-142.8923076923077,1.1315199802843903,839972.25,3119766.0,2390690.25,527.668961925703,-121.26,0.9602204277135589,11587216.0,8879334.0,1959.8310380742969,-450.37538461538463,3.5663833452667264,6804272.25,1501.827045480847,-345.1246153846154,2.732935063492437,0.33148063329443206,-0.07617530022344281,0.0006032086373228022,0.017505325443786985,-0.00013861925684395665,1.0976830125023893e-06,veg,high_veg,0,1
1144.4,1203.3334,1202.0,1255.0,1642.1428,0.02157102157102157,0.13362917423331708,7.694036148056623e-05,1309651.36,1377094.7429600002,1375568.8,1436222.0,1879268.2203200003,24.685877085877085,152.9252269926081,0.08805054967836,1448011.27155556,1446406.7468,1510183.417,1976045.2788095202,25.957130728530725,160.80044856936982,0.0925849067776388,1444804.0,1508510.0,1973855.6456000002,25.928367928367926,160.62226742844712,0.0924823144996406,1575025.0,2060889.2140000002,27.07163207163207,167.70461366281293,0.09656015365811062,2696632.97559184,35.42269776149776,219.43818633718718,0.12634706063470919,0.0004653089716174779,0.0028825177999046822,1.6596821971794912e-06,0.01785675620627821,1.0281476969860982e-05,5.9198192247602e-09,non_veg,low_veg,1,0
1074.5,1112.0,1148.6666,1497.0,2103.5,0.13166186548221911,0.1684488265518678,0.0002624185299158677,1154550.25,1194844.0,1234242.2617,1608526.5,2260210.75,141.47067446064443,180.99826412998195,0.2819687103945998,1236544.0,1277317.2592,1664664.0,2339092.0,146.40799441622767,187.315095125677,0.2918094052664449,1319434.95795556,1719553.9002,2416220.1931000003,151.235587373118,193.4915408693237,0.301431400535458,2241009.0,3148939.5,197.09781262688202,252.1678933481461,0.39284053928405394,4424712.25,276.9507340418479,354.3321066518539,0.5519973776780277,0.01733484682225796,0.022178286742109678,3.4550513185824666e-05,0.02837500716670124,4.4204093429794126e-05,6.886348484320515e-08,non_veg,low_veg,1,0
1143.3334,1242.0,1159.5,2192.0,2559.5417,0.30807101297926304,0.0773520939530006,0.00041806548303181395,1307211.26355556,1420020.0828,1325695.0773,2506186.8128,2926409.5143027804,352.2278787110249,88.43923257640363,0.47798823013740616,1542564.0,1440099.0,2722464.0,3178950.7914000005,382.62419812024467,96.07130068962675,0.519237329925513,1344440.25,2541624.0,2967788.6011500005,357.2083395494555,89.6897529385042,0.4847469275753883,4804864.0,5610515.406400001,675.2916604505446,169.55578994497733,0.9163995388057362,6551253.714038891,788.5206042816651,197.9859100550229,1.0700560371505703,0.09490774903806926,0.023829937940168022,0.00012879385684927582,0.005983346438913833,3.2338240521983455e-05,1.747787481026239e-07,non_veg,medium_veg,1,0
390.66666,562.6667,368.0,2833.6667,1832.0,0.7701197317009919,-0.2146888675095459,0.002201192898518238,152620.4392355556,219815.120382222,143765.33088,1107019.105242222,715701.32112,300.8601033837226,-83.87178280913682,0.8599326776798389,316593.81528889,207061.3456,1594409.89098889,1030805.3944,433.3207280410825,-120.79827660833341,1.2385379442726918,135424.0,1042789.3456000001,674176.0,283.404061265965,-79.00550324351289,0.8100389866547115,8029666.966688891,5191277.394400001,2182.262638734035,-608.3566947225122,6.237447016807611,3356224.0,1410.859348476217,-393.31000527748813,4.032585390085412,0.5930844011552078,-0.1653361330456413,0.0016951820844289941,0.04609130983253136,-0.00047257161055293533,4.8452501764871216e-06,veg,high_veg,0,1
1184.5,1258.0,1284.3334,1395.0,1676.0,0.04130378100761929,0.09150113969391079,0.000127284738378465,1403040.25,1490101.0,1521292.9123,1652377.5,1985222.0,48.92432860352505,108.38309996743733,0.1507687726092918,1582564.0,1615691.4172,1754910.0,2108408.0,51.96015650758507,115.10843373493977,0.16012420088010898,1649512.28235556,1791645.0929999999,2152542.7784,53.04782549437111,117.5179698469554,0.16347604080972444,1946025.0,2338020.0,57.61877450562891,127.64408987300554,0.1775622100379587,2808976.0,69.22513696876993,153.35591012699447,0.21332922152230735,0.0017060023255253721,0.003779343035864872,5.257340959596233e-06,0.008372458565284575,1.1646698627270814e-05,1.620140462407428e-08,non_veg,low_veg,1,0
789.0,914.0,2220.0,2439.25,3986.25,0.04705692976337393,0.2407594739708972,0.0008563796456422717,622521.0,721146.0,1751580.0,1924568.25,3145151.25,37.12791758330203,189.95922496303788,0.6756835404117524,835396.0,2029080.0,2229474.5,3643432.5,43.01003380372377,220.05415920940004,0.7827309961170363,4928400.0,5415135.0,8849475.0,104.46638407469013,534.4860322153918,1.9011628133258434,5949940.5625,9723460.3125,114.78361592530986,587.272546883511,2.088924050632911,15890189.0625,187.58068626924933,959.727453116489,3.413743362441506,0.0022143546387551074,0.011329401656515364,4.029859683577144e-05,0.057965124306743124,0.00020618151300421669,7.333860974703829e-07,non_veg,low_veg,1,0
910.0,1204.6666,1224.6666,2763.75,2705.1667,0.38588832470509726,-0.010712048329425055,0.0007362647892162777,828100.0,1096246.606,1114446.606,2515012.5,2461701.697,351.15837548163853,-9.7479639797768,0.6700009581868127,1451221.61715556,1475314.94915556,3329397.31575,3258823.9709222205,464.86677610218555,-12.90444684004416,0.8869536003248899,1499808.28115556,3384672.31575,3312927.3049222203,472.58454259628746,-13.118687806632662,0.9016788961092155,7638314.0625,7476404.467125,1066.4988574037125,-29.605423570448497,2.0348518111964875,7317926.8747888915,1043.8922459110165,-28.97787642955129,1.9917189901703936,0.14890979914370658,-0.004133654384001871,0.00028411598605002097,0.00011474797941193811,-7.886904005338716e-06,5.420858398396898e-07,non_veg,medium_veg,1,0
922.125,958.0,987.4,2194.5,2054.0,0.3793645306263553,-0.033070495468989054,0.0006280858791281768,850314.515625,883395.75,910506.225,2023603.3125,1894044.75,349.8215178038279,-30.495130634341532,0.5791736912910701,917764.0,945929.2,2102331.0,1967732.0,363.43122034004836,-31.681534659291515,0.6017062722047934,974958.76,2166849.3,2028119.5999999999,374.5845375404632,-32.65380722607979,0.6201719970511618,4815830.25,4507503.0,832.5154624595367,-72.57320230669647,1.378334461746784,4218916.0,779.2147459065337,-67.92679769330351,1.2900883957292753,0.14391744709735485,-0.012545772991174042,0.00023827350472850254,0.0010936576705644257,-2.0771111219844378e-05,3.9449187156021477e-07,non_veg,medium_veg,1,0
364.25,562.5,381.0,2918.0,2006.4,0.7690209154289178,-0.18511899926894645,0.002396088570129748,132678.0625,204890.625,138779.25,1062881.5,730831.2000000001,280.11586844498333,-67.42959548371374,0.8727752616697607,316406.25,214312.5,1641375.0,1128600.0,432.5742649287663,-104.12943708878238,1.347799820697983,145161.0,1111758.0,764438.4,292.9969687784177,-70.5303387214686,0.9129097452194339,8514724.0,5854675.2,2244.003031221582,-540.1772398667857,6.991786447638605,4025640.9600000004,1542.9635647165808,-371.4227601332142,4.807512107108327,0.5913931683671307,-0.14236038228109038,0.0018426422256499454,0.0342690438903362,-0.00044356151826217973,5.74124043590642e-06,veg,high_veg,0,1
1284.0,1379.0,1414.0,1526.5,1900.0,0.0382587995238905,0.10900335619436743,0.0001236265662020262,1648656.0,1770636.0,1815576.0,1960026.0,2439600.0,49.124298588675394,139.9603093535678,0.15873651100340166,1901641.0,1949906.0,2105043.5,2620100.0,52.75888454344499,150.3156281920327,0.17048103479259413,1999396.0,2158471.0,2686600.0,54.09794252678116,154.13074565883556,0.17480796460966505,2330202.25,2900350.0,58.402057473218846,166.39362323070188,0.18871595330739302,3610000.0,72.69171909539195,207.10637676929812,0.2348904757838498,0.0014637357410092436,0.004170337552071531,4.729804012150297e-06,0.011881731661636141,1.347571063080601e-05,1.5283527870903968e-08,non_veg,low_veg,1,0
1071.2,1096.0,1085.5,1156.5,1672.4,0.03166815343443354,0.18236770476156813,6.879036141391366e-05,1147469.4400000002,1174035.2,1162787.6,1238842.8,1791474.8800000001,33.92292595896521,195.3522853405918,0.07368823514658432,1201216.0,1189708.0,1267524.0,1832950.4000000001,34.70829616413916,199.87500441867869,0.07539423610964938,1178310.25,1255380.75,1815390.2000000002,34.37578055307761,197.9601435186822,0.07467193731480327,1337492.25,1934130.6,36.62421944692239,210.90825055675356,0.07955605297519115,2796921.7600000002,52.96181980374666,304.9917494432466,0.11504500042862921,0.001002871941946825,0.005775248455874816,2.1784637200659543e-06,0.03325797974000248,1.2545140320774175e-05,4.7321138234568616e-09,non_veg,low_veg,1,0
404.5,562.75,371.83334,3023.6667,1906.5834,0.7809846351820393,-0.22657741034273296,0.002136182559093089,163620.25,227632.375,150406.58603,1223073.1801500001,771212.9853,315.9082849311349,-91.65056248363548,0.8640858451531546,316687.5625,209249.212085,1701568.435425,1072929.80835,439.4991034486926,-127.50643767037297,1.202136735129636,138260.0327355556,1124300.0881077782,708931.273610556,290.3961253884192,-84.24903525628895,0.7943038957973307,9142560.31268889,5764872.73735278,2361.437234611581,-685.0945706255573,6.459104069050556,3635060.26115556,1489.0123410931321,-431.988729374443,4.072810206536403,0.6099370003904231,-0.17695347615701051,0.0016683257565955512,0.05133732287761919,-0.00048401071225862425,4.5632759257734984e-06,veg,high_veg,0,1
717.0,1057.0,881.6667,3280.4,2642.6667,0.5763322582023973,-0.10766944427622263,0.0010883413565639626,514089.0,757869.0,632155.0239,2352046.8000000003,1894792.0239000001,413.23022913111885,-77.19899154605163,0.7803407526563613,1117249.0,931921.7019,3467382.8000000003,2793298.7019,609.183196919934,-113.80660259996732,1.1503768138881085,777336.16988889,2892219.44268,2329951.2285888903,508.13296019285553,-94.9285636258511,0.9595543323152723,10761024.16,8669003.842680002,1890.600339807144,-353.19884500372075,3.570194986072423,6983687.287288891,1523.0540668872773,-284.5344549962792,2.876123461224411,0.33215887184467474,-0.06205337395911257,0.0006272462317235691,0.011592709230750611,-0.00011718110904407213,1.1844869084074866e-06,veg,high_veg,0,1
999.0,1104.1666,1166.5,1691.0,2365.5,0.18355205599300087,0.16627634660421545,0.0004092253104671792,998001.0,1103062.4334,1165333.5,1689309.0,2363134.5,183.36850393700786,166.11007025761123,0.40881608515671203,1219183.88055556,1288010.3389,1867145.7206000001,2611906.0923,202.6720495888014,183.5967882903981,0.45185291969248964,1360722.25,1972551.5,2759355.75,214.1134733158355,193.96135831381733,0.4773613246599645,2859481.0,4000060.5,310.3865266841645,281.1733021077283,0.6920000000000001,5595590.25,434.19238845144355,393.3266978922716,0.9680224719101124,0.033691357259257725,0.030520365282208573,7.511414710062484e-05,0.02764782344004519,6.804448956245836e-05,1.6746535472695918e-07,non_veg,low_veg,1,0
1385.0,1454.1,1565.0,1972.0,2464.4167,0.11506926774102347,0.11099424001356777,0.0002147672025968172,1918225.0,2013928.4999999998,2167525.0,2731220.0,3413217.1295000003,159.37093582131752,153.72702241879136,0.29745257559659183,2114406.8099999996,2275666.5,2867485.1999999997,3583508.32347,167.32222222222222,161.39672440372888,0.3122929892960319,2449225.0,3086180.0,3856812.1355000003,180.08340401470173,173.70598562123357,0.33611067206401896,3888784.0,4859829.7324,226.91659598529827,218.88064130675562,0.4235209235209235,6073349.671238891,283.5786250777495,273.5360586932446,0.5292758806918797,0.013240936378455343,0.01277202592183265,2.471310473760379e-05,0.012319721316189488,2.3837922432073662e-05,4.6124951311262326e-08,non_veg,low_veg,1,0
1040.0,1051.0,1353.0,1560.6666,2434.6667,0.07127328844007066,0.21875524127111,0.00032047846633265025,1081600.0,1093040.0,1407120.0,1623093.264,2532053.3680000002,74.12421997767349,227.5054509219544,0.33329760498595623,1104601.0,1422003.0,1640260.5966,2558834.7017,74.90822615051427,229.91175857593663,0.3368228681156154,1830609.0,2111581.9098,3294104.0451,96.4327592594156,295.97584143981186,0.4336073649480758,2435680.23635556,3799703.0008222205,111.23384074058438,341.4039986267629,0.5001600384245918,5927601.940088891,173.52670196453502,532.5961013732373,0.7802582500471748,0.005079881645061511,0.015591405408893075,2.2841554169758456e-05,0.04785385558358155,7.010634422479421e-05,1.0270644738292763e-07,non_veg,low_veg,1,0
1017.25,1134.0,1218.8,1846.0,2216.5,0.20464630644740278,0.0912,0.00044089728649332775,1034797.5625,1153561.5,1239824.3,1877843.5,2254734.625,208.1764552336205,92.7732,0.4485027646853377,1285956.0,1382119.2,2093364.0,2513511.0,232.06891151135474,103.4208,0.49997752288343367,1485473.44,2249904.8,2701470.1999999997,249.4229182980945,111.15456,0.5373656127780678,3407716.0,4091659.0,377.77708170190556,168.3552,0.813896390866683,4912872.25,453.5985382406683,202.1448,0.977248835512461,0.041880110742564286,0.018663743148003134,9.02280012035419e-05,0.00831744,4.0209832528191494e-05,1.9439041723717953e-07,non_veg,medium_veg,1,0
1393.5,1391.8334,1485.3,1667.3334,2431.5,0.05774011022023685,0.1864351451805775,0.00011777292197543816,1941842.25,1939519.8429,2069765.55,2323429.0929,3388295.25,80.46084359190004,259.79737480913474,0.16411656677277306,1937200.2133555599,2067290.14902,2320650.31505556,3384242.9121,80.36461392420699,259.4866619961768,0.1639202864210088,2206116.09,2476490.29902,3611506.9499999997,85.76138571011779,276.91212113671173,0.1749281210101183,2780000.66675556,4054121.1621,96.27201428988225,310.84954449342587,0.19636672642524203,5912192.25,140.3950780005059,453.31705550657415,0.28636485978327786,0.0033339203282450997,0.010764785831652402,6.800221495821154e-06,0.03475806335850301,2.195701180683164e-05,1.3870461150632644e-08,non_veg,low_veg,1,0
361.5,529.0,331.6,3178.0,1907.3334,0.8110325963072715,-0.24986888765247922,0.002444825416115102,130682.25,191233.5,119873.40000000001,1148847.0,689501.0241,293.1882835650787,-90.32760288637124,0.8838043879256093,279841.0,175416.40000000002,1681162.0,1008979.3686,429.0362434465466,-132.18064156816152,1.2933126451248889,109958.56000000001,1053824.8,632471.7554400001,268.9384089354913,-82.85652314556212,0.8107041079837678,10099684.0,6061505.5452,2577.461591064509,-794.0833249595789,7.769655172413794,3637920.69875556,1546.9095594255757,-476.5832750404212,4.663097173325232,0.6577738722729137,-0.20265181268920016,0.0019828331047498367,0.06243446101668728,-0.0006108858072291902,5.977171315282381e-06,veg,high_veg,0,1
1082.0,1174.6666,1282.0,1491.0,2282.1667,0.07536963577353047,0.20968241344862928,0.0002532895123898206,1170724.0,1270989.2612,1387124.0,1613262.0,2469304.3694,81.54994590695996,226.87637135141688,0.2740592524057859,1379841.62115556,1505922.5812000001,1751427.9006,2680784.9981222204,88.5341937973314,246.30692768549565,0.2975307303346084,1643524.0,1911462.0,2925737.7094,96.62387306166606,268.81285404114277,0.32471715488374997,2223081.0,3402710.5497000003,112.37612693833393,312.63647845190627,0.3776546629732225,5208284.846588891,172.00607295348,478.53022154809395,0.578048890635286,0.005680581996634643,0.015803687129738016,1.909033829407591e-05,0.04396671450964191,5.3110356259124074e-05,6.415557708667308e-08,non_veg,low_veg,1,0
993.05,1052.0,1321.0,1718.0,2332.75,0.13063507732806845,0.1517620193791273,0.0004244989936923297,986148.3024999999,1044688.6,1311819.05,1706059.9,2316537.3874999997,129.72716354063837,150.70727334444237,0.42154872568616797,1106704.0,1389692.0,1807336.0,2454053.0,137.428101349128,159.65364438684193,0.44657294136433084,1745041.0,2269478.0,3081562.75,172.56893715037842,200.47762759982717,0.5607631706675675,2951524.0,4007664.5,224.43106284962158,260.72714929334074,0.7292892711634225,5441722.5625,304.7389766370517,354.02285070665926,0.9902500275357821,0.017065523428510424,0.019825443137056118,5.545445886668473e-05,0.023031710526030612,6.442282450715538e-05,1.8019939564580057e-07,non_veg,low_veg,1,0
995.3333,1154.0,1122.0,2105.0,2185.0,0.3046172916021072,0.018648018648018648,0.0005290976194383442,990688.37808889,1148614.6282,1116763.9626,2095176.5965,2174803.2605,303.1957340873877,18.56099393939394,0.5266284795777113,1331716.0,1294788.0,2429170.0,2521490.0,351.52835450883174,21.51981351981352,0.6105786528318492,1258884.0,2361810.0,2451570.0,341.7806011775643,20.923076923076923,0.5936475290098222,4431025.0,4599425.0,641.2193988224357,39.25407925407925,1.1137504889177146,4774225.0,665.5887821506043,40.74592074592075,1.1560782984727822,0.09279169434300322,0.00568050893430503,0.00016117228382643084,0.00034774859949685124,9.866622273908517e-06,2.7994429089532293e-07,non_veg,medium_veg,1,0
350.75,519.5,321.33334,3041.5,2005.25,0.8088913083037294,-0.2053301629761728,0.0025150777896992575,123025.5625,182214.625,112707.669005,1066806.125,703341.4375,283.71862638753305,-72.0195546638926,0.8821635347370146,269880.25,166932.67013,1580059.25,1041727.375,420.2190346637874,-106.66901966612177,1.3065829117487642,103255.11539555561,977335.3536100001,644353.6800350001,259.9237457942071,-65.97942707187795,0.8081783465238801,9250722.25,6098967.875,2460.2429142057927,-624.5116906920296,7.649609097370291,4021027.5625,1622.0292959760534,-411.7383093079705,5.043359737794436,0.6543051486493189,-0.16608978416401438,0.002034424563795484,0.04216047582782168,-0.0005164213324567009,6.325616288238502e-06,veg,high_veg,0,1
969.7143,1114.0,1088.0,2120.5,2217.5,0.3218014648589684,0.02236053480866759,0.0005590681513463978,940345.82362449,1080261.7301999999,1055049.1584,2056279.17315,2150341.46025,312.0554822346891,21.683330359612725,0.5421363810351661,1240996.0,1212032.0,2362237.0,2470295.0,358.48683185289076,24.909635776855694,0.6228019205998871,1183744.0,2307104.0,2412640.0,350.11999376655757,24.328261871830335,0.6082661486648808,4496520.25,4702208.75,682.3800062334425,47.415514061779625,1.1855040149300364,4917306.25,713.5947483247623,49.58448593822038,1.239733625610637,0.10355618278537786,0.0071956528564591825,0.00017990895005926623,0.0004999935169296348,1.2501062858598568e-05,3.1255719784987875e-07,non_veg,medium_veg,1,0
350.0,542.0,323.0,3277.0,1975.3334,0.8205555555555556,-0.2478263470479616,0.0025447150866741955,122500.0,189700.0,113050.0,1146950.0,691366.69,287.19444444444446,-86.73922146678656,0.8906502803359684,293764.0,175066.0,1776134.0,1070630.7028,444.74111111111114,-134.32188009999518,1.379235576977414,104329.0,1058471.0,638032.6882,265.0394444444445,-80.0479100964916,0.8219429729957651,10738729.0,6473167.5518,2688.960555555556,-812.1269392761702,8.339031339031338,3901942.04115556,1620.8707954444444,-489.53966072382997,5.026660704191433,0.6733114197530865,-0.20335528588324406,0.0020880801016765482,0.06141789829113671,-0.0006306474442083029,6.475574872347259e-06,veg,high_veg,0,1
1030.5,1086.0,1090.0,1172.0,1427.3334,0.036251105216622455,0.0982303385937333,0.00011704681376238918,1061930.25,1119123.0,1123245.0,1207746.0,1470867.0687,37.35676392572944,101.22636392084216,0.12061674158214206,1179396.0,1183740.0,1272792.0,1550084.0724,39.36870026525199,106.67814771279436,0.12711283974595466,1188100.0,1277480.0,1555793.406,39.51370468611847,107.07106906716929,0.1275810270010042,1373584.0,1672834.7448,42.48629531388152,115.12595683185543,0.13717886572952012,2037280.63475556,51.74241326259946,140.20744316814458,0.16706482664663774,0.0013141426294266318,0.0035609583398258753,4.2430763609707835e-06,0.00964919942023949,1.1497548147197132e-05,1.3699956611927418e-08,non_veg,low_veg,1,0
347.0,512.0,338.0,2786.6667,1722.0,0.7836569257130689,-0.2361378143121558,0.0025157427310029128,120409.0,177664.0,117286.0,966973.3449,597534.0,271.9289532224349,-81.93982156631806,0.8729627276580108,262144.0,173056.0,1426773.3504,881664.0,401.23234596509127,-120.90256092782377,1.2880602782734913,114244.0,941893.3446000001,582036.0,264.8760408910173,-79.81458123750866,0.8503210430789845,7765511.296888892,4798640.0574,2183.790659108983,-658.037383754468,7.010536494252875,2965284.0,1349.4572260779046,-406.62931624553227,4.332108982787016,0.6141181772180584,-0.18505103360846753,0.0019714792144627426,0.055761067348122174,-0.0005940619898707215,6.328961488593994e-06,veg,high_veg,0,1
747.0,1080.0,905.5,3399.3333,2776.0,0.5793100745620045,-0.10093921570192815,0.0010431163468700875,558009.0,806760.0,676408.5,2539301.9751,2073672.0,432.7446256978173,-75.40159412934032,0.7792079111119554,1166400.0,977940.0,3671279.9639999997,2998080.0,625.6548805269648,-109.01435295808241,1.1265656546196945,819930.25,3078096.3031499996,2513668.0,524.565272515895,-91.40045981809594,0.9445418520908643,11555466.884488888,9436549.240799999,1969.2680274841046,-343.1260372114472,3.5459001336898393,7706176.0,1608.1647669841243,-280.20726278855255,2.895690978911363,0.3356001624890352,-0.05847510457451425,0.0006042878086821561,0.01018872526652038,-0.00010529134593892707,1.0880917131075968e-06,veg,high_veg,0,1
936.1429,970.0,1100.6666,1722.0,2190.0,0.22012284412193775,0.1196319018404908,0.0004869726998199327,876363.5292204102,908058.613,1030381.2228571401,1612038.0738000001,2050152.9510000001,206.06643765255876,111.9925555214724,0.4558760354302613,940900.0,1067646.602,1670340.0,2124300.0,213.51915879827962,116.04294478527608,0.4723635188253347,1211466.96435556,1895347.8852000001,2410459.854,242.2818624220232,131.67483865030675,0.5359945858036259,2965284.0,3771180.0,379.05153757797683,206.00613496932516,0.8385669890899241,4796100.0,482.0690286270437,261.99386503067484,1.0664702126056527,0.04845406650433091,0.026333714480845313,0.00010719381569410223,0.014311791937972827,5.825747022385698e-05,2.371424103699143e-07,non_veg,medium_veg,1,0
980.6667,1124.0,1058.0,2321.0,2115.0,0.37377922462266944,-0.046438232642019836,0.0005882658100598442,961707.17648889,1102269.3708,1037545.3686,2276127.4107,2074110.0705,366.552838739272,-45.540428358881876,0.5768926906742142,1263376.0,1189192.0,2608804.0,2377260.0,420.12784847588046,-52.196573489630296,0.6612107705072648,1119364.0,2455618.0,2237670.0,395.45841965078426,-49.13165013525698,0.6223852270433152,5387041.0,4908915.0,867.5415803492158,-107.78313796212804,1.3653649451488985,4473225.0,790.5430600769458,-98.21686203787195,1.2441821882765705,0.13971090875952397,-0.01735764658978131,0.0002198815383561951,0.0021565094509143567,-2.7318024542905297e-05,3.460566632853647e-07,non_veg,medium_veg,1,0
906.0,1012.3333,2008.6666,2514.0,3340.5,0.1117335069536189,0.14117345631565462,0.0007052019166756571,820836.0,917173.9698,1819851.9396,2277684.0,3026493.0,101.23055729997873,127.90315142198308,0.6389129365081453,1024818.71028889,2033440.0877777801,2545005.9162,3381699.38865,113.11154981492997,142.9145909044325,0.7138993834745929,4034741.50995556,5049787.8324,6709950.7773,224.43536351860203,283.5704065078145,1.4165155362823754,6320196.0,8398017.0,280.8980364813979,354.9100691775557,1.7728776185226018,11158940.25,373.2457799785639,471.5899308224443,2.3557270026550325,0.012484376576154404,0.01577380536291161,7.87946832605849e-05,0.019929944768108044,9.955579197752678e-05,4.973097432830204e-07,non_veg,low_veg,1,0
1206.0,1336.5,1637.3334,1878.0,2296.5,0.06846195584179868,0.10025152712899749,0.00029646021212786965,1454436.0,1611819.0,1974624.0804,2264868.0,2769579.0,82.5651187452092,120.90334171757097,0.3575310158262108,1786232.25,2188296.0891,2509947.0,3069272.25,91.49940398256393,133.98616600790515,0.3962190735088978,2680860.66275556,3074912.1252,3760136.1530999998,112.09504692910208,164.1451737693137,0.48540420708804605,3526884.0,4312827.0,128.57155307089792,188.27236794825728,0.5567522783761392,5273912.25,157.22288159069066,230.22763205174272,0.6808208771516526,0.004687039397684392,0.006863415623378308,2.0296245951548482e-05,0.01005036869169612,2.9720588998805475e-05,8.788865737490147e-08,non_veg,low_veg,1,0
3502.0,3733.3333,3729.3333,3635.0,5083.0,-0.01280948269954047,0.16609314062858455,1.0444967390890339e-05,12264004.0,13074133.216599999,13060125.216599999,12729770.0,17800666.0,-44.858808413790726,581.658178481303,0.036578275802897964,13937777.528888889,13922844.195688888,13570666.5455,18976533.1639,-47.82206831796832,620.0810528102776,0.038994544577825016,13907926.862488888,13556126.5455,18956201.1639,-47.770830387170164,619.4166802477632,0.03895276470826146,13213225.0,18476705.0,-46.56246961282961,603.7485661849048,0.03796745646588638,25836889.0,-65.1106005617642,844.2514338150952,0.05309176924789559,0.0001640828470298266,-0.002127567211394196,-1.3379462909087416e-07,0.02758693136386676,1.734837437716129e-06,1.0909734379676253e-10,non_veg,low_veg,1,0
951.15,1017.6,1046.0,1830.3334,2179.0,0.27268514839065594,0.08696373317320032,0.000504479941399171,904686.3225,967890.24,994902.9,1740921.61341,2072555.8499999999,259.36447889177236,82.71555480768949,0.4798360962618215,1035509.76,1064409.6,1862547.26784,2217350.4,277.48440700233147,88.49429487704865,0.5133587883677965,1094116.0,1914528.7364,2279234.0,285.2286652166261,90.96406489916752,0.5276860187035329,3350120.3551555597,3988296.4786,499.10473478337383,159.1726254155965,0.9233664863729455,4748041.0,594.1809383432393,189.4939745844035,1.0992617923087937,0.07435719015283405,0.023713718484939538,0.00013756418768054237,0.007562690887419581,4.387145901506924e-05,2.5450001127411103e-07,non_veg,medium_veg,1,0
1031.0,1082.0,1126.0,1498.0,2251.0,0.14176829268292682,0.20085356094958656,0.00030208236304737066,1062961.0,1115542.0,1160906.0,1544438.0,2320781.0,146.16310975609755,207.08002133902374,0.3114469163018391,1170724.0,1218332.0,1620836.0,2435582.0,153.3932926829268,217.32355294745267,0.32685311681725504,1267876.0,1686748.0,2534626.0,159.6310975609756,226.16110962923446,0.3401447407913394,2244004.0,3371998.0,212.36890243902437,300.8786343024807,0.45251937984496127,5067001.0,319.12042682926824,452.12136569751937,0.6799873992196314,0.020098248810232002,0.028474666415109068,4.28257008588498e-05,0.040342152946129285,6.06743183181302e-05,9.125375406428345e-08,non_veg,low_veg,1,0
384.5,560.75,355.0,2857.0,1835.4,0.7789539227895392,-0.21771374989344472,0.0022449241787640614,147840.25,215608.375,136497.5,1098516.5,705711.3,299.5077833125778,-83.7109368340295,0.8631733467347816,314440.5625,199066.25,1602062.75,1029200.55,436.7984122042341,-122.08298525274913,1.2588412332419474,126025.0,1014235.0,651567.0,276.52864259028644,-77.28838121217288,0.7969480834612418,8162449.0,5243737.8,2225.4713574097136,-622.0081834455716,6.413748378728924,3368693.16,1429.6920298879204,-399.5918165544285,4.1203338377035585,0.6067692138292115,-0.16958897952471938,0.0017486924954133506,0.0473992768926654,-0.0004887508611851857,5.039684568399496e-06,veg,high_veg,0,1
1016.8333,1081.0,1294.0,1534.0,2360.5,0.08486562942008487,0.2122223648735396,0.00033122914090517245,1033949.95998889,1099196.7973,1315782.2902,1559822.2822,2400235.00465,86.29419801980198,215.79476760816536,0.3368048204027715,1168561.0,1398814.0,1658254.0,2551700.5,91.73974540311174,229.4123764282963,0.35805870131849143,1674436.0,1984996.0,3054487.0,109.81612446958982,274.6157401463602,0.42861050833129316,2353156.0,3621007.0,130.18387553041018,325.54910771600976,0.5081055021485346,5571960.25,200.32531824611033,500.95089228399024,0.7818663871066596,0.007202175056867174,0.01801038457201185,2.810996952519144e-05,0.04503833215251778,7.029423159792657e-05,1.0971274378477859e-07,non_veg,low_veg,1,0
756.75,1110.8,939.1667,3298.0,2902.0,0.5567006131715329,-0.06387096774193549,0.0010168825512157675,572670.5625,840597.9,710714.400225,2495761.5,2196088.5,421.2831890175575,-48.33435483870968,0.769525870632532,1233876.64,1043226.37036,3663418.4,3223541.6,618.3830411109386,-70.94787096774193,1.1295531378904744,882034.09038889,3097371.7766,2725461.7634,522.834677760285,-59.985486,0.9550222299128933,10876804.0,9570796.0,1835.9986222397154,-210.64645161290323,3.353678653909601,8421604.0,1615.5451794237883,-185.3535483870968,2.9509931636281572,0.30991557270556064,-0.03555700690579468,0.0005660991397852504,0.004079500520291364,-6.494927262603934e-05,1.0340501229670879e-06,veg,high_veg,0,1
344.5,473.25,323.75,2410.6667,1732.3334,0.7632036112125852,-0.16372997432464464,0.0024807336481254935,118680.25,163034.625,111531.875,830474.67815,596788.8563,262.9236440627356,-56.40497615484008,0.8546127417792325,223965.5625,153214.6875,1140848.0157750002,819826.78155,361.18610900635593,-77.48521034913807,1.1740071989753897,104814.0625,780453.3441250001,560842.93825,247.08716913007444,-53.0075791876037,0.8031375185806285,5811313.938488891,4176078.44067778,1839.829530869926,-394.6983968962759,5.980221997105645,3000979.00875556,1322.1231067041758,-283.63490310372435,4.2974577551516395,0.5824797521679309,-0.12495930766831265,0.0018933048787059471,0.026807504492348793,-0.0004061704565138691,6.15403943294202e-06,veg,high_veg,0,1
402.0,549.0,389.66666,2834.0,1845.75,0.758246307017364,-0.2111758106736471,0.0021294070056790022,161604.0,220698.0,156645.99732,1139268.0,741991.5,304.81501542098033,-84.89267589080613,0.8560216162829589,301401.0,213926.99633999998,1555866.0,1013316.75,416.2772225525328,-115.93552005983226,1.1690444461177723,151840.10591555558,1104315.3144399999,719227.237695,295.46330591279076,-82.28817281799242,0.8297589156835378,8031556.0,5230855.5,2148.8700340872097,-598.4722474491159,6.034739454094292,3406793.0625,1399.5331211772996,-389.77775255088414,3.9303529807320183,0.5749374621054706,-0.16012327857469094,0.0016146149981930064,0.044595223013672046,-0.00044967925067840677,4.534374195834814e-06,veg,high_veg,0,1
1460.4,1537.5,1530.8,1608.5,1911.0,0.02475074061096424,0.08594970876544963,6.300353104799966e-05,2132768.16,2245365.0,2235580.3200000003,2349053.4000000004,2790824.4000000004,36.14598158825218,125.52095468106265,0.09201035674249872,2363906.25,2353605.0,2473068.75,2938162.5,38.05426368935752,132.1476772268788,0.09686792898629948,2343348.6399999997,2462291.8,2925358.8,37.88843372726406,131.5718141781503,0.09644580532827789,2587272.25,3073843.5,39.81156627273598,138.25010654922573,0.10134117969070745,3651921.0,47.29866530755267,164.24989345077424,0.12039974783272736,0.0006125991607912345,0.0021273189472415634,1.5593840545438716e-06,0.0073873524368656095,5.4151351447705345e-06,3.969444924516257e-09,non_veg,low_veg,1,0
382.5,550.25,371.5,3013.3333,1941.25,0.7804914055885707,-0.21638213247923388,0.002276568860203071,146306.25,210470.625,142098.75,1152599.98725,742528.125,298.53796263762825,-82.76616567330696,0.8707875890276747,302775.0625,204417.875,1658086.648325,1068172.8125,429.465395925111,-119.06426839669844,1.25268201532674,138012.25,1119453.3209499998,721174.375,289.952557176154,-80.38596221603538,0.845745331565441,9080177.57688889,5849633.268625,2351.880742823846,-652.031485324687,6.860060756192959,3768451.5625,1515.128941098813,-420.05181467531276,4.419389299869212,0.6091668341976227,-0.16888439472296957,0.0017768424296190652,0.04682122725626072,-0.0004926088247065594,5.182765775246311e-06,veg,high_veg,0,1
964.5,928.0,1075.5,1359.0,2345.6667,0.11645101663585952,0.26633076060526584,0.00030065973663121625,930260.25,895056.0,1037319.75,1310755.5,2262395.5321500003,112.3170055452865,256.8760186037789,0.2899863159808081,861184.0,998064.0,1261152.0,2176778.6976,108.06654343807763,247.1549458416867,0.2790122355937687,1156700.25,1461604.5,2522764.53585,125.24306839186691,286.4387330309634,0.32335954674687306,1846881.0,3187761.0453000003,158.2569316081331,361.9435036625563,0.40859658208182287,5502152.267488891,273.1552719038817,624.7231963374439,0.7052475322466142,0.013560839275525231,0.03101448783388493,3.5012131992174904e-05,0.07093207404457942,8.007493634037074e-05,9.039627723115232e-08,non_veg,low_veg,1,0
862.0,1151.5,1166.0,3009.5,2933.375,0.4415040114956293,-0.012809456702353658,0.0008268524720001186,743044.0,992593.0,1005092.0,2594189.0,2528569.25,380.57645790923243,-11.041751677428854,0.7127468308641022,1325952.25,1342649.0,3465439.25,3377781.3125,508.3918692372171,-14.750089392760238,0.9521206215081365,1359556.0,3509077.0,3420315.25,514.7936774039038,-14.935826514944365,0.9641099823521383,9057090.25,8827992.0625,1328.7063225960962,-38.55005994573333,2.4884125144843567,8604688.890625,1295.0968297209915,-37.57494005426666,2.425468370053348,0.19492579216673275,-0.005655426519168715,0.0003650586833031298,0.00016408218100947305,-1.059153093931961e-05,6.836850104527069e-07,non_veg,medium_veg,1,0
418.33334,563.0,409.0,2886.0,1899.5,0.7517450682852808,-0.20614355866680598,0.00203906360686072,175002.7833555556,235521.67042,171098.33606,1207310.01924,794624.1793300001,314.4800252443096,-86.2367234165709,0.8530082891304919,316969.0,230267.0,1624818.0,1069418.5,423.23247344461305,-116.05882352941177,1.1479928106625854,167281.0,1180374.0,776895.5,307.4637329286798,-84.31271549472365,0.8339770152060344,8328996.0,5481957.0,2169.5362670713203,-594.9303103124021,5.884737569400038,3608100.25,1427.9397572078908,-391.56968968759793,3.8732013212319374,0.5651206476912415,-0.15496740358654884,0.0015328560103775428,0.04249516677981488,-0.0004203398282662418,4.157780392823848e-06,veg,high_veg,0,1
1151.5,1269.5,1359.5,2194.5,2308.6667,0.234946539110861,0.025352536915855286,0.0004123896805709798,1325952.25,1461829.25,1565464.25,2526966.75,2658429.7050500005,270.54093978615646,29.193446258607363,0.47486671717748324,1611630.25,1725885.25,2785917.75,2930852.3756500003,298.26463140123803,32.18504561467829,0.5235286994848589,1848240.25,2983422.75,3138632.3786500003,319.4098199212155,34.46677393710526,0.560643770736247,4815830.25,5066369.073150001,515.5901800787844,55.63614226184443,0.9049891540130152,5329941.931688891,542.4132511254925,58.53055773815581,0.9520703229578582,0.055199876240171336,0.005956490806060541,9.688952821518519e-05,0.0006427511280698051,1.0455124600393534e-05,1.7006524864143476e-07,non_veg,medium_veg,1,0
1365.3334,1462.0,1670.0,1766.6666,2519.5,0.028128012184830502,0.17564258934778687,0.0001662623078829075,1864135.29315556,1996117.4308,2280106.778,2412088.91564444,3439957.5013,38.40411451155606,239.81069369901763,0.2270034821136169,2137444.0,2441540.0,2582866.5692,3683509.0,41.12315381422219,256.7894656264644,0.24307549412481078,2788900.0,2950333.222,4207565.0,46.97378034866694,293.32312421080405,0.27765805416445555,3121110.87555556,4451116.4987,49.692819651333075,310.30189613825087,0.2937300661756494,6347880.25,70.86852669968044,442.531503861749,0.4188978847109855,0.0007911850694699732,0.004940476893349729,4.676628222008463e-06,0.030850319192795295,2.920274226749283e-05,2.7643155022550728e-08,non_veg,low_veg,1,0
388.0,616.0,385.25,3086.0,1942.75,0.7780338494778538,-0.22734277902063138,0.0022474830355848703,150544.0,239008.0,149477.0,1197368.0,753787.0,301.8771335974073,-88.20899826000498,0.8720234178069297,379456.0,237314.0,1900976.0,1196734.0,479.26885127835794,-140.04315187670892,1.38444954992028,148417.5625,1188881.5,748444.4375,299.7375405113432,-87.58380561769825,0.8658428394590713,9523396.0,5995326.5,2401.012459488657,-701.5798160576685,6.93573264781491,3774277.5625,1511.5252610731004,-441.6701839423316,4.366297667382507,0.6053366709333277,-0.1768803775124149,0.0017486178778122689,0.05168473917282363,-0.000510949039111589,5.051179995241783e-06,veg,high_veg,0,1
388.25,531.0,355.0,3024.0,1925.5,0.789878662326132,-0.221941610263663,0.0022392047520499673,150738.0625,206160.75,137828.75,1174068.0,747575.375,306.67039064812076,-86.16883018486716,0.8693712449833998,281961.0,188505.0,1605744.0,1022440.5,419.4255696951761,-117.85099505000505,1.1890177233385326,126025.0,1073520.0,683552.5,280.40692512577687,-78.78927164360036,0.7949176869777383,9144576.0,5822712.0,2388.593074874223,-671.1514294373169,6.771355170199101,3707550.25,1520.9113643089672,-427.3485705626831,4.311588750072212,0.6239083011981197,-0.17530694222956986,0.0017687000542235462,0.04925807836642768,-0.0004969727083800159,5.014037921603156e-06,veg,high_veg,0,1
403.91666,553.25,394.75,2806.5,1919.5,0.7533775868801249,-0.18768514600084638,0.002114208277537151,163148.6682255556,223466.892145,159446.101535,1133592.10629,775318.0288699999,304.30175861147984,-75.80915730427422,0.8539639460071591,306085.5625,218395.4375,1552696.125,1061963.375,416.8061499414291,-103.83680702496825,1.1696857295474288,155827.5625,1107865.875,757722.625,297.39580242092933,-74.08871138383411,0.8345837175577904,7876442.25,5387076.75,2114.3541975790704,-526.7383622513754,5.933525530908015,3684480.25,1446.1082780163997,-360.2616377486246,4.058222788732562,0.5675777884133202,-0.14139778238736156,0.0015927971302929242,0.03522571402935902,-0.00039680548924575813,4.469876640806607e-06,veg,high_veg,0,1
2135.0,2644.5,2550.0,2953.6,2391.5,0.07333381786467037,-0.1051617369179248,0.0001297534196826015,4558225.0,5646007.5,5444250.0,6305936.0,5105852.5,156.56770114107124,-224.52030831976944,0.2770235510223542,6993380.25,6743475.0,7810795.2,6324321.75,193.9312813431208,-278.10021327945213,0.3431329183506397,6502500.0,7531680.0,6098325.0,187.00123555490944,-268.16242914070824,0.3308712201906338,8723752.959999999,7063534.399999999,216.5987644450904,-310.6057061607827,0.38323970037453176,5719272.25,175.37782542335918,-251.49429383921716,0.31030530317094146,0.005377848842608647,-0.007711911661471479,9.515313646322033e-06,0.011058990911594827,-1.3645094984862824e-05,1.6835949919329317e-08,non_veg,low_veg,1,0
742.8,1062.0,995.0,3244.0,2708.6667,0.530549657938193,-0.08993167717587813,0.001036600467688668,551751.84,788853.6,739086.0,2409643.1999999997,2011997.62476,394.09228591648974,-66.80124980624227,0.7699868273991425,1127844.0,1056690.0,3445128.0,2876604.0354000004,563.4437367303609,-95.50744116078258,1.1008696966853653,990025.0,3227780.0,2695123.3665,527.8969096485021,-89.48201878999875,1.0314174653502246,10523536.0,8786914.7748,1721.103090351498,-291.73836075854865,3.3627319171820385,7336875.291688891,1437.082191153574,-243.59493924145116,2.8078051680327207,0.2814829395383336,-0.04771322056347014,0.0005499680235507937,0.00808770655966636,-9.322321862054158e-05,1.074540529612365e-06,veg,high_veg,0,1
1181.0,1302.0,1448.6666,1902.125,2498.5,0.1353287384390005,0.13552052265303224,0.0003207406624103619,1394761.0,1537662.0,1710875.2546,2246409.625,2950728.5,159.82324009645959,160.0497372532311,0.3787947223066374,1695204.0,1886163.9132,2476566.75,3253047.0,176.19801744757865,176.447720494248,0.41760434245829114,2098634.91795556,2755544.956525,3619493.5001,196.0462233967162,196.3240547819912,0.46464628489576676,3618079.515625,4752459.3125,257.41217660328385,257.776974151399,0.6100888324873096,6242502.25,338.11885298984276,338.5980258486011,0.8013705450322892,0.018313867447491413,0.018339821363228842,4.340542921008363e-05,0.018365812060151025,4.3466942205932016e-05,1.0287457252343773e-07,non_veg,low_veg,1,0
926.0,1084.6666,1000.0,2127.1667,2151.5,0.36044343270859214,0.005687122112128945,0.0006091468797103691,857476.0,1004401.2716,926000.0,1969756.3642000002,1992289.0,333.77061868815633,5.266275075831404,0.5640700106118017,1176501.6331555601,1084666.6,2307266.67212222,2333660.1899,390.9609526483574,6.168631405147722,0.660721274916055,1000000.0,2127166.7,2151500.0,360.4434327085921,5.687122112128945,0.6091468797103691,4524838.169588891,4576599.15505,766.7232672914081,12.09745677575436,1.2957569579288029,4628952.25,775.494045472536,12.235843224245425,1.310579511696859,0.12991946818275338,0.002049885816328696,0.00021956299234653328,3.2343357918265994e-05,3.4642926891351908e-06,3.7105992106087887e-07,non_veg,medium_veg,1,0
389.0,588.5,396.33334,3219.0,1993.0,0.7807486598179076,-0.23522640061396777,0.0022542436335539783,151321.0,228926.5,154173.66926,1252191.0,775277.0,303.7112286691661,-91.50306983883347,0.8769007734524976,346332.25,233242.17059000002,1894381.5,1172880.5,459.4705863028386,-138.43073676132002,1.3266223783465163,157080.1163955556,1275797.02146,789892.3466200001,309.4367240461551,-93.2280650115119,0.8934319084601844,10361961.0,6415467.0,2513.2299359538447,-757.1937835763622,7.256410256410256,3972049.0,1556.03207901709,-468.80621642363775,4.492707561673079,0.6095684698074588,-0.18365269703314557,0.0017599976958003192,0.055331459545802854,-0.0005302576160278545,5.081614359418643e-06,veg,high_veg,0,1
382.6,571.4,379.75,2853.3333,1883.5,0.7650849268251145,-0.20474296614998036,0.0022573285020511293,146382.76,218617.64,145292.35,1091685.32058,720627.1000000001,292.72149300328886,-78.33465884898249,0.8636538848847621,326497.95999999996,216989.15,1630394.6476199997,1076231.9,437.1695271878704,-116.99013085809877,1.2898375060720153,144210.0625,1083553.3206749998,715259.125,290.54100096183726,-77.75114139545504,0.8572204986539164,8141510.920888889,5374253.27055,2183.0422990381626,-584.1999232565117,6.440910583941605,3547572.25,1441.0374596751033,-385.633376743488,4.251678233613302,0.5853549452549909,-0.1566457572748146,0.0017270480118120337,0.041919682187892,-0.00046217213308484025,5.095531966172395e-06,veg,high_veg,0,1
731.0,1005.5,884.5,3340.5,2865.0,0.581301775147929,-0.07662557408750302,0.0010671727916127865,534361.0,735020.5,646569.5,2441905.5,2094315.0,424.9315976331361,-56.01329465796471,0.7801033106689469,1011030.25,889364.75,3358872.75,2880757.5,584.4989349112426,-77.04701474498428,1.0730422419666568,782340.25,2954672.25,2534092.5,514.1614201183432,-67.77532028039643,0.9439143341815097,11158940.25,9570532.5,1941.8385798816569,-255.96773023930385,3.5648907103825134,8208225.0,1665.4295857988166,-219.53226976069615,3.0574500479706335,0.33791175379013344,-0.044542582238794655,0.0006203494381540837,0.005871478604239414,-8.177272780789299e-05,1.138857767158628e-06,veg,high_veg,0,1
384.5,572.5,392.0,3023.3333,1990.0,0.7704470014683487,-0.2061170159981184,0.0022641309736155736,147840.25,220126.25,150724.0,1162471.65385,765155.0,296.23687206458004,-79.25199265127652,0.8705583593551881,327756.25,224420.0,1730858.3142499998,1139275.0,441.0809083406296,-118.00199165892279,1.2962149823949158,153664.0,1185146.6535999998,780080.0,302.0152245755927,-80.79787027126241,0.8875393416573049,9140544.242888888,6016433.267,2329.318075424407,-623.1604381637441,6.8452225680933845,3960100.0,1533.1895329220138,-410.1728618362556,4.505620637494991,0.5935885820715696,-0.15880223692735398,0.0017443929195537315,0.0424842242839686,-0.0004666759201105566,5.1262890656854055e-06,veg,high_veg,0,1
862.0,1158.0,1127.0,2993.9167,2988.0,0.45303432122275133,-0.0009890976917148009,0.0008251249569437804,743044.0,998196.0,971474.0,2580756.1954,2575656.0,390.5155848940116,-0.8526022102581583,0.7112577128855387,1340964.0,1305066.0,3466955.5386,3460104.0,524.613743975946,-1.1453751270057395,0.9554947001408977,1270129.0,3374144.1209000004,3367476.0,510.56968001804074,-1.1147130985625806,0.9299158264756405,8963537.206538891,8945823.0996,1356.3470199819596,-2.9612760971563943,2.4703553881807654,8928144.0,1353.666551813581,-2.955423902843825,2.4654733713480157,0.20524009620575903,-0.00044809520138900494,0.00037380992479297745,9.783142437555472e-07,-8.161291902893676e-07,6.808311945714754e-07,non_veg,medium_veg,1,0
1063.5,1116.0,1244.0,1636.5,2275.0,0.13626106578718972,0.16323660999616516,0.0003289220183584983,1131032.25,1186866.0,1322994.0,1740417.75,2419462.5,144.91364346467626,173.60213473092165,0.34980856652426295,1245456.0,1388304.0,1826334.0,2538900.0,152.0673494185037,182.17205675572032,0.36707697248808413,1547536.0,2035806.0,2830100.0,169.50876583926402,203.06634283522945,0.4091789908379719,2678132.25,3723037.5,222.99123416073598,267.1367122587243,0.5382808830436825,5175625.0,309.9939246658566,371.3632877412757,0.7482975917655836,0.018567078049460842,0.02224279445356529,4.481926478240256e-05,0.026646190843040127,5.3692115229937666e-05,1.081896941610283e-07,non_veg,low_veg,1,0
1078.5,1124.0,1139.0,1225.0,1541.75,0.03637901861252115,0.11448450347881088,0.00011078447126882248,1163162.25,1212234.0,1228411.5,1321162.5,1662777.375,39.234771573604064,123.47153700189753,0.11948105226342505,1263376.0,1280236.0,1376900.0,1732927.0,40.89001692047378,128.68058191018343,0.12452174570615647,1297321.0,1395275.0,1756053.25,41.43570219966159,130.3978494623656,0.1261835127751888,1500625.0,1888643.75,44.56429780033841,140.24351676154333,0.13571097730430753,2376993.0625,56.087351945854486,176.50648323845667,0.17080195857870706,0.0013234329952101604,0.004164833882900903,4.030230342266808e-06,0.013106701536789861,1.2683105186373731e-05,1.2273199074312554e-08,non_veg,low_veg,1,0
1356.0,1464.4,1478.0,1617.5,1811.5,0.045065417541592635,0.05657626130067075,0.00011913724587945725,1838736.0,1985726.4000000001,2004168.0,2193330.0,2456394.0,61.108706186399615,76.71741032370953,0.16155010541254403,2144467.3600000003,2164383.2,2368667.0,2652760.6,65.99379744790826,82.85027704870225,0.1744645828658772,2184484.0,2390665.0,2677397.0,66.60668712647391,83.61971420239136,0.17608484940983782,2616306.25,2930101.25,72.89331287352609,91.51210265383493,0.19270449521002211,3281532.25,81.63600387659505,102.48789734616506,0.21581712091063682,0.002030891858198085,0.002549632838456976,5.368969730313128e-06,0.0032008733427617746,6.7403399535184325e-06,1.4193683355742253e-08,non_veg,low_veg,1,0
915.0,974.0,1032.5,1969.0,2238.0,0.31201066133599864,0.06394105062990255,0.0005843854859492438,837225.0,891210.0,944737.5,1801635.0,2047770.0,285.48975512243874,58.50606132636083,0.5347127196435582,948676.0,1005655.0,1917806.0,2179812.0,303.8983841412627,62.27858331352508,0.5691914633145635,1066056.25,2032992.5,2310735.0,322.1510078294186,66.01913477537438,0.6033780142425943,3876961.0,4406622.0,614.3489921705814,125.89992869027812,1.150655021834061,5008644.0,698.2798600699649,143.1000713097219,1.3078547175544077,0.09735065278732724,0.019950289493554464,0.00018233450194618251,0.0040884579556557605,3.7366221944460803e-05,3.4150639618813385e-07,non_veg,medium_veg,1,0
3530.0,3653.0,3688.0,3624.0,4829.5,-0.0087527352297593,0.14260365529070798,7.3458481578800945e-06,12460900.0,12895090.0,13018640.0,12792720.0,17048135.0,-30.897155361050327,503.3909031761992,0.025930843997316735,13344409.0,13472264.0,13238472.0,17642163.5,-31.973741794310722,520.9311527769563,0.026834383320735986,13601344.0,13365312.0,17811196.0,-32.28008752735229,525.922280712131,0.02709148800626179,13133376.0,17502108.0,-31.7199124726477,516.7956467735257,0.026621353724157464,23324070.25,-42.27133479212254,688.7043532264742,0.03547677367848192,7.661037400226957e-05,-0.0012481720375554309,-6.429626396393956e-08,0.020335802502271065,1.0475447985242151e-06,5.3961485158630376e-11,non_veg,low_veg,1,0
1038.3334,1100.6666,1291.0,1650.75,2476.75,0.1222911532251211,0.20012113870381587,0.0003569527762716446,1078136.24955556,1142858.89304444,1340488.4194,1714028.86005,2571692.24845,126.97898891816095,207.79246236220473,0.37063598982557605,1211466.96435556,1420960.5806,1816925.38995,2726076.00155,134.60178783037307,220.26665332525744,0.3928859986194717,1666681.0,2131118.25,3197484.25,157.87787881363136,258.35639006662626,0.46082603416669315,2724975.5625,4088495.0625,201.87212118636864,330.34996971532405,0.5892397954304173,6134290.5625,302.8846137503187,495.65003028467595,0.8840827886307957,0.014955126157130048,0.02447304483681406,4.365216665716806e-05,0.04004847015611191,7.143379605096994e-05,1.2741528448803474e-07,non_veg,low_veg,1,0
984.5,1108.0,1216.0,1597.55,2135.0,0.13561159389383518,0.1439900336231263,0.0003893900129702984,969240.25,1090826.0,1197152.0,1572787.9749999999,2101907.5,133.50961418848073,141.75818810196785,0.38335446776925874,1227664.0,1347328.0,1770085.4,2365580.0,150.25764603436937,159.54095725442392,0.4314441343710906,1478656.0,1942620.8,2596160.0,164.90369817490358,175.09188088572157,0.4734982557718828,2552166.0025,3410769.25,216.64630182509637,230.0312782146254,0.6220700152207002,4558225.0,289.5307529633381,307.41872178537466,0.831347677691587,0.018390504398426474,0.019526717964459074,5.2805800305243313e-05,0.020733129782789038,5.6068281060102844e-05,1.5162458220100913e-07,non_veg,low_veg,1,0
1078.3334,1223.0,1240.0,2194.6667,2055.6667,0.277950317566476,-0.03270331687391864,0.00047126988587615294,1162802.9215555598,1318801.7482,1337133.416,2366582.40447778,2216694.06187778,299.72311097253777,-35.26507887593006,0.508186058354444,1495729.0,1516520.0,2684077.3741,2514080.3741,339.93323838380013,-39.9961565368025,0.576363070426535,1537600.0,2721386.708,2549026.708,344.6583937824302,-40.55211292365912,0.5843746584864297,4816561.924088891,4511503.252788891,610.00830621757,-71.77288052273735,1.0342803252451933,4225765.581488891,571.3732120758298,-67.22711947726266,0.968773811108408,0.07725637903530484,-0.00908989731058278,0.0001309896144387936,0.0010695069345559318,-1.5412088410943304e-05,2.2209530533372222e-07,non_veg,medium_veg,1,0
1552.5,1688.0,1689.5,1744.4,1688.3334,0.015987652523369957,-0.016332931651493854,7.08137574562016e-05,2410256.25,2620620.0,2622948.75,2708181.0,2621137.6035,24.82083054253186,-25.356876388944208,0.10993835845075299,2849344.0,2851876.0,2944547.2,2849906.7791999998,26.987157459448486,-27.569988627721624,0.11953362258606831,2854410.25,2947163.8000000003,2852439.2793,27.011138938233543,-27.594488025198867,0.11963984322225261,3042931.3600000003,2945128.78296,27.888861061766555,-28.49116597286588,0.12352751850659809,2850469.6695555598,26.992487742799778,-27.575434027134232,0.1195572318928042,0.0002556050332080177,-0.0002611252359320347,1.1321457480839497e-06,0.00026676465633236976,-1.156596260517604e-06,5.0145882450657485e-09,non_veg,low_veg,1,0
965.5,1066.3334,1164.0,1690.0,2156.0,0.18430273300630695,0.12116484659386376,0.0004435573976741552,932190.25,1029544.8977,1123842.0,1631695.0,2081618.0,177.94428871758936,116.98465938637545,0.42825466745439683,1137066.91995556,1241212.0776,1802103.446,2299014.8104,196.5281599159075,129.20212282891316,0.47298006795703396,1354896.0,1967160.0,2509584.0,214.5283812193413,141.0358814352574,0.5163008108927166,2856100.0,3643640.0,311.47161878065873,204.76859074362974,0.7496120020693222,4648336.0,397.35669236159777,261.2314092563703,0.9563097493854785,0.033967497393594066,0.022331012371539012,8.174884063651213e-05,0.014680920050114538,5.374356404476243e-05,1.9674316503146864e-07,non_veg,low_veg,1,0
