BLUE,GREEN,RED,NIR,SWIR,NDVI,NDBI,REI
1093.2,1193.3334,1184.3334,1759.0,2088.3333,0.1952434610363882,0.08560040795009878,0.0003459244355139804
778.0,954.5,904.0,2392.25,2141.0,0.4514979142965491,-0.05542381293773783,0.0008662171424063934
979.8,1067.0,1425.3334,1773.0,2453.0,0.10870242608228399,0.1609086606720303,0.0004561351208861581
938.6667,972.0,1001.0,1160.0,1445.0,0.07357704766311893,0.10940499040307101,0.00020305558233096614
827.25,951.1667,2367.6667,2614.8,3930.5,0.04960059241339233,0.20101446839717046,0.0008253882413793438
1487.0,1610.6666,1635.3334,1763.0,1900.0,0.037567414662728504,0.0374010374010374,0.00010520922913655243
390.0,555.0,380.0,3016.6667,1991.0,0.7762512288886042,-0.2048192824015225,0.002226900852871424
722.0,1049.3334,913.0,3278.0,2799.6667,0.5643044619422573,-0.07870344387262958,0.0010784837429968178
1443.0,1650.8,1783.0,1835.0,1806.25,0.014372581536760642,-0.00789564023343632,0.00014793904307592443
903.2,1066.0,1006.8333,2182.5,1981.5,0.36862459624398614,-0.048270893371757925,0.000648266597547958
735.25,1062.5,1031.0,3238.4285,2830.3333,0.5170313778530311,-0.06724521631414174,0.0010498619581219342
869.0,935.9167,1345.5,1692.5,2408.0,0.1142198815009875,0.1744909157419827,0.0005592624662557938
958.25,1104.6666,1055.5,2043.0,2023.5,0.31870259803130546,-0.004795278495020288,0.00055351511438143
1223.6,1303.0,1323.0,1447.0,1773.0,0.044765342960288806,0.10124223602484472,0.00012607250512162502
982.0,991.0,1095.5,1407.0,2389.8,0.12447552447552447,0.2588495575221239,0.00030728496740248766
749.5,1040.6666,885.5,3305.6667,2892.0,0.5774446289621457,-0.06674555441969802,0.0010303372787840862
872.0,955.0,1086.0,1668.5,2198.5,0.2114721365039027,0.13705715024566847,0.0005468211771175418
437.75,567.25,439.33334,2651.0,1919.5,0.7156725235343058,-0.16004813477737664,0.001902845886248376
1265.3334,1321.3334,1452.6666,1617.3334,2390.0,0.053637394136807806,0.19281315600044657,0.00017186800918853574
903.5,1070.3334,974.875,2113.5,2112.75,0.3686809406241146,-0.0001774622892635315,0.0006329574952041046
1228.5,1270.0,1456.0,1640.0,2498.5,0.059431524547803614,0.20744231001570618,0.00020407859629633304
384.66666,572.0,394.33334,3096.0,2102.75,0.7740425904420922,-0.19105554219764367,0.0022707528381911406
1044.8,1111.6666,1236.0,1755.3334,2516.0,0.17361267720943444,0.1780864495382168,0.0003870581741072609
840.6667,958.5,1190.6666,1768.0,2341.6667,0.1951329696965518,0.13958959250880376,0.0006231799179745062
980.4,1044.8,1397.0,1774.0,2408.0,0.11888994008199306,0.1516021042563367,0.00045582904021565496
1115.3334,1179.0,1236.0,1428.0,1750.0,0.07207207207207207,0.1013215859030837,0.00019613692619129043
837.0,928.75,990.0,1680.6666,2270.25,0.2586120633702462,0.1492269920352153,0.0005990254417538651
695.0,1018.5,880.5,3482.0,2847.0,0.5963323782234957,-0.1003318059725075,0.001150002970944166
708.25,1064.5,861.5,3324.0,2704.6667,0.588340700035838,-0.10273138835159021,0.0011095218886410323
388.0,595.0,404.0,2832.5,1961.3334,0.7503475977135795,-0.18172650722488606,0.002218556644892532
372.5,594.6667,372.66666,3136.5,1942.75,0.7876038979579272,-0.23502485603189446,0.0023594030727298373
412.0,620.3333,472.0,2793.0,1965.0,0.7108728943338438,-0.17402269861286254,0.0020641364740110395
755.0,939.5,825.75,2279.25,2145.8333,0.4681159420289855,-0.030150099095309735,0.0008845908538789969
987.5,1140.0,1107.0,2056.6667,2163.6667,0.30017912443178674,0.02535344719447994,0.0005259020138422632
1219.3334,1358.0,1316.0,2566.6667,2169.25,0.32211539043513576,-0.08391547511804848,0.00043015707439517244
2132.0,2566.0,2386.0,2836.0,2376.0,0.08617387973956339,-0.08825786646201074,0.00011637925619107887
966.0,1161.3334,1091.0,2314.0,2185.0,0.3591776798825257,-0.028673038452989554,0.0006024209456578768
999.2,1062.8,1333.5,1528.0,2343.25,0.0679713437008562,0.210590894413949,0.0003460040976097974
374.0,531.0,356.0,3060.0,1933.0,0.7915690866510539,-0.2257160024033647,0.002340740740740741
1202.0,1270.0,1575.3334,1972.0,2517.0,0.11182106536701625,0.12140788594341724,0.00032457733286796533
1208.0,1254.5,1518.0,1633.5,2476.75,0.03664921465968586,0.20515783711453076,0.0002154537833912223
1238.5,1331.0,1362.5,1480.0,1604.5,0.04133685136323659,0.040363105851839845,0.00013164637004895173
351.66666,488.5,343.95,2733.1667,1656.8,0.7764465676586138,-0.24518789629998794,0.002470700297873073
1221.0,1274.6666,1454.0,1612.75,2389.6667,0.051764897692997476,0.1941118974443616,0.00019877911314831865
341.16666,516.5,316.33334,3108.0,1918.4166,0.8152438395498026,-0.23666629622383467,0.0026017424297695092
802.0,882.0,939.5,1722.0,2105.0,0.294007138831486,0.10007839038411288,0.0006653331076986272
360.3,551.75,350.25,3564.75,2005.25,0.8210727969348659,-0.2799820466786355,0.0024880348560138484
910.0,1188.0,1181.0,2901.3333,2988.0,0.42140932000824133,0.014715876243580953,0.0007534040607438786
998.3333,1086.0,1075.5,1792.6666,1976.5,0.25004356441498204,0.04877295686531871,0.00044339713548463897
679.0,1005.3333,796.5,3206.5,2645.0,0.6020484636522608,-0.09595830129026746,0.0011591803414021152
760.0,1080.6666,872.0,3374.0,2962.0,0.5892604804521903,-0.06502525252525253,0.001018065799610066
748.3333,1026.0,872.0,3307.0,2892.0,0.5826752811677435,-0.06694628165833198,0.00103253430411538
938.2857,999.5,974.0,1088.75,1409.8,0.055629620652042175,0.12849452682555879,0.00014713215312415
916.5,1208.6666,1187.0,3124.5,2692.3333,0.449379566276238,-0.0742958716042284,0.0007702158775921859
1000.0,1050.0,1188.0,1604.5,2212.3333,0.14914950760966875,0.1592506804004251,0.00037637650601190646
342.25,513.5,313.75,3224.0,1975.3334,0.8226273761571621,-0.24015897884140305,0.002604058418380717
892.6667,962.25,984.5,1833.0,2273.5,0.301153504880213,0.10726896383781809,0.0005740421410813106
677.5,1020.8333,780.5,3265.0,2574.75,0.614139166975652,-0.11819855302024916,0.0011680120435019596
772.4,1085.9,1029.0,3275.0,2708.6667,0.5218401486988847,-0.09464653169936751,0.0009880432787118245
413.5,528.6667,410.66666,2472.6667,1762.0,0.7151445159292994,-0.16782116524070248,0.0020090992492498884
1060.0,1185.0,1180.0,1923.6666,2308.6667,0.23960904821413487,0.09096639435273214,0.00042315642200632214
711.8,971.5,807.3333,3468.6667,2909.0,0.6223885406922358,-0.08775414682614258,0.0011150273126173935
657.0,1028.0,768.0,3243.3333,2578.5,0.617084922860935,-0.11419655385873033,0.0012119006456612835
993.0,1154.6666,1110.0,2281.0,2151.2,0.34532586257741077,-0.029285682054058973,0.0005680730591351705
683.6667,852.5,1783.6,2073.3333,2590.0,0.07512012198914611,0.11079343181410606,0.0009789540127308465
732.0,828.6667,877.0,2021.3334,2233.0,0.39482462576596605,0.04975317637306,0.0008702084703650913
372.5,553.6667,354.6,3012.0,1843.0,0.7893423632151132,-0.2407826982492276,0.0023462597623784202
950.3333,971.2,1221.0,1478.0,2264.3333,0.09522045201926639,0.21011845738058654,0.0003752775240945732
882.1667,1030.0,1011.75,2065.0,2265.0,0.3423255058097018,0.046189376443418015,0.0006485758912105174
1676.3334,1753.4667,1787.3334,1877.6666,1867.625,0.024647530695770813,-0.0026811263507493027,6.392599849216736e-05
1316.0,1413.5,1422.3334,1619.0,1790.0,0.06466459744268747,0.05016133763567029,0.0001421052113217051
952.5,1083.5,996.5,1784.0,1988.6666,0.28322244200683333,0.05424985075543119,0.0004888174556331288
405.5,601.75,416.5,3135.5,1909.75,0.7654842342342343,-0.24295129081809622,0.002141880771383061
2574.0,2692.6667,2694.0,2680.5,3384.5,-0.0025118615685180016,0.11607584501236604,1.5429667338545373e-05
344.2,507.33334,354.66666,3119.3333,1910.5,0.7958165434175768,-0.24033267663164895,0.002577218737552737
981.0,1026.0,1004.5,1269.0,2167.5,0.11634044424895536,0.2614578786556089,0.00023111034074330862
920.75,947.3333,1081.3334,1239.6666,2189.5,0.06821766479965534,0.27698665909087067,0.0002790995130896365
887.8,931.6667,1068.6666,1272.0,2214.5,0.0868698686092244,0.2703284095798078,0.00033983351165305217
1274.6666,1350.0,1466.0,1882.0,2459.5,0.12425328554360812,0.13301854197857882,0.00025297078107676147
3419.0,3522.0,3605.3333,3629.5,5298.5,0.003340325754292116,0.18693996415770608,1.6958178151904994e-05
700.0,1028.0,902.0,3333.3333,2918.5,0.5740594960968006,-0.06635386455361818,0.001126961480599144
906.6667,1188.0,1125.3334,3078.0,2830.0,0.4645519196740378,-0.04197698036560596,0.0007771976428716472
991.75,1046.5,1158.1666,1405.0,2175.5,0.09630017806879973,0.21519340874179585,0.00029627611571795875
933.0,989.3333,987.5,1144.8572,1477.2,0.07379495330332081,0.12674887489105885,0.00019812762435271453
720.0,1063.3334,919.5,3267.5,2712.55,0.5607833771196561,-0.0928002274228476,0.001081342647665881
923.5,980.6,1010.0,1348.6666,2299.0,0.1435839215258316,0.26053186988087124,0.0003409946948785342
1249.0,1339.3334,1338.0,1401.6,1751.5,0.02321506789312305,0.11097015635406429,8.710045662100452e-05
918.5,1177.0,1183.0,2952.6667,2933.375,0.42790360741594585,-0.0032775336946729784,0.0007492390090361077
728.0,1043.0,971.5,3290.0,2677.3333,0.5440572568344479,-0.10267009888654957,0.0010682076875930303
679.5,865.5,1457.0,2287.75,2470.75,0.22184391481407303,0.03845749711043396,0.0010330393541745637
939.5,971.5,966.75,1430.0,2120.0,0.19328257014707417,0.19436619718309858,0.00036470706327165655
918.2857,996.0,1075.2,1796.0,2208.0,0.251044859292282,0.1028971028971029,0.0005316139115567062
1077.0,1064.0,1153.5,1511.0,2507.6667,0.13417151435541377,0.2480092962175739,0.000266444343214694
843.5,924.0,1082.6666,2020.0,2277.0,0.3021057434917435,0.05980916918780545,0.0006896693221720041
1071.3334,1115.3334,1206.0,1884.0,2228.0,0.21941747572815534,0.08365758754863813,0.00040225521140514737
1470.0,1614.0,1653.5,1751.0,1825.375,0.028638566603025408,0.020796197266785502,0.00010909566680552746
366.0,531.0,363.0,3132.0,1990.4286,0.792274678111588,-0.22285745476276625,0.002406380824120183
3779.5,3961.0,4028.25,3853.5,5243.0,-0.022171472071557712,0.15275105809926895,5.079571923194744e-06
1236.0,1299.2,1286.0,1323.0,1672.4,0.014181678804139517,0.11664552313547442,5.316057978028182e-05
999.25,1138.6666,1084.0,1929.5,2024.0,0.2805707648913224,0.023902870873909195,0.00048199922032966753
377.0,533.0,372.0,2596.0,1764.0,0.7493261455525606,-0.1908256880733945,0.002261313701991668
1045.2,1174.5,1132.0,1702.8334,2016.875,0.2013640025547886,0.08442640288684995,0.0003691449966542508
788.5,1091.0,981.5,3196.0,2988.0,0.5301017354877319,-0.03363518758085381,0.0009541296474931853
1616.0,1715.8334,1704.0,1832.0,1769.2,0.03619909502262444,-0.017438631567255346,7.291523199196312e-05
665.6667,747.5,1450.0,1848.0,2954.5,0.12067919951485749,0.2304008328995315,0.0009596860721455666
724.8,1050.0,869.25,3376.0,2704.6667,0.5904834815381897,-0.11040455481633285,0.001081989607153538
695.6667,1044.0,856.0,3214.0,2615.8,0.5793611793611794,-0.10261072421009293,0.0011247144726446153
740.5,1111.5,913.25,3409.0,2705.75,0.5774191682572735,-0.11500879022036878,0.0010556721161923725
983.8571,1035.3334,1145.3334,1336.0,2139.2,0.0768403794508227,0.23112338858195208,0.00026763275095448866
1222.0,1288.0,1340.0,1458.6666,1802.0,0.0424011205907842,0.10529546320375104,0.00013266442403628019
382.75,558.0,381.0,3002.0,1929.5,0.7747561336092226,-0.21747946872148433,0.002273619975390999
726.0,1081.3334,874.0,3415.0,2999.0,0.5924457915598041,-0.06485812285625195,0.001083092836241116
955.8333,1249.0,1259.5,2788.6667,2943.1667,0.3777430163634319,0.026954726213780044,0.0006868945939886215
761.0,1085.75,957.25,3379.0,2720.0,0.5584894782358029,-0.10805050008198065,0.0010167787919673698
763.5,1093.3334,963.0,3311.5,2777.0,0.5494209849105158,-0.08778845364211219,0.001006461518498816
954.6667,1072.0,1051.3334,1994.0,2023.5,0.3095446298260808,0.007342874922215308,0.0005454101738849635
361.0,516.25,323.33334,3146.0,1907.3334,0.8136049158078306,-0.24511871708286656,0.0024454450622205517
1185.6666,1321.2727,1358.0,1579.2,2223.375,0.07530981887511919,0.16940494270329973,0.00020999828286080312
361.5,521.5,332.33334,2770.0,1732.3334,0.7857526554512675,-0.23047306980864637,0.0023986057512759866
1099.0,1131.3334,1355.3334,1591.0,2570.125,0.07998639936675192,0.23530295292739342,0.00028112679275469975
953.3333,1003.0,1220.5,1496.5,2058.0,0.10158262789841738,0.15796877197918133,0.0003803262816208662
1308.0,1418.0,1447.0,1546.0,1894.3334,0.033077180086869364,0.10124989630365475,0.00011760555098200635
775.5,1079.0,993.0,3251.0,2674.0,0.5320452403393026,-0.09738396624472574,0.0009806284776807492
1145.0,1159.3334,1205.5,1470.5,2119.3333,0.09902840059790732,0.18074190241647148,0.0001931529504335705
1132.5,1280.9166,1343.8334,1384.0,1792.0,0.014724726224116186,0.12846347607052896,0.00016031729437952427
3711.0,3903.0,3927.0,3824.0,5310.3335,-0.01328860792155851,0.16271942556071547,7.960724462559516e-06
764.0,1079.0,921.0,3310.0,3023.0,0.5646419286220752,-0.045318174640770564,0.0010054696601702112
965.0,1086.75,1058.5,2045.5,2024.25,0.3179768041237113,-0.005221450949075496,0.0005468247473497599
916.6667,992.4583,1034.8334,1800.0,2204.0,0.26991589699768603,0.1008991008991009,0.0005347701101306413
365.0,553.5,344.16666,2677.2,1789.3334,0.7721781572846244,-0.19878203530281444,0.0023597364181973013
878.5,1195.0,1131.0,2960.0,3011.375,0.44707895380102664,0.008603546084444538,0.0007995559516309942
666.0,972.0,819.0,3407.6,2551.5,0.6124544551175886,-0.14366263361917064,0.0012062286734318014
1110.0,1225.0,1262.0,1914.4,2204.0,0.20538974940183857,0.0703185703185703,0.00037820330298805063
707.0,1031.25,917.0,3373.3333,2918.5,0.5725273838281981,-0.07228947086058364,0.0011164053922201242
614.0,753.0,787.3333,2248.6667,2232.0,0.4813351119894599,-0.0037196919824454295,0.0011820313940462325
1222.0,1328.0,1424.0,1961.0,2506.5,0.1586410635155096,0.1221040850587577,0.0003081345434667763
841.5,1054.5,2170.0,2389.3333,2470.75,0.04810644135185286,0.01675212027744467,0.0007689135963300409
361.0,531.5,374.0,3266.0,1978.5,0.7945054945054945,-0.2454952807703308,0.002457091818264862
749.8333,1066.6666,908.5,3024.1667,2551.6667,0.537972541634408,-0.08474069544473835,0.0010016243564213584
3503.5,3723.3333,3806.5,3762.0,5310.3335,-0.005879632688115214,0.1706654081885327,1.960720510554934e-05
967.0,915.5,1024.0,1447.2,2314.5,0.17125283263191973,0.23056065076959886,0.00034278218640498154
1385.3334,1542.0,1700.0,2313.0,2497.0,0.152753550959382,0.038253638253638256,0.0002893001115484157
989.125,1024.6666,1251.0,1577.0,2198.5,0.11527581329561527,0.16461395841610382,0.0003764985189430471
987.0,1086.0,1296.0,1809.3334,2518.0,0.1653070166314509,0.1637651954434572,0.00046001541510300354
709.0,1049.0,832.0,3246.6667,2585.5,0.5920235404378593,-0.11336553531640312,0.0011008763082161236
381.16666,587.0,411.0,3166.0,2102.75,0.7701984903550462,-0.20180308422301305,0.002301629961642498
741.0,1056.0,878.3,3395.25,2977.75,0.5889599981280199,-0.06551074847010827,0.0010535767128287477
709.0,1043.5,883.0,3312.2856,2707.5,0.5790513046358513,-0.10046630232146476,0.001106969591215117
726.0,1076.0,874.25,3236.0,2986.6667,0.5746000851529712,-0.04006856095956413,0.0010669173993399564
1159.0,1225.0,1289.0,1305.0,1750.6666,0.006168080185042405,0.14584922321041177,9.644602985863391e-05
3727.3333,4054.0,4044.5,3953.6,5132.6665,-0.01136519923481828,0.12976358331554555,1.5350169839355196e-05
3565.0,3720.4,3823.7144,3726.6667,5265.5,-0.012853351203689523,0.1711304239944751,1.2165183994280508e-05
647.25,941.25,749.875,3435.2,2551.5,0.6416432202529225,-0.14761053668966206,0.00125195992722336
924.25,1097.6,994.0,2045.5,2178.0,0.3459450567527554,0.03137208476382147,0.0005924393249995988
388.5,574.0,375.25,2894.0,2006.125,0.7704366444903266,-0.18119435728680391,0.002222738737044374
1676.3334,1753.4667,1787.3334,1877.6666,1867.625,0.024647530695770813,-0.0026811263507493027,6.392599849216736e-05
2172.0,2609.0,2494.5,2780.0,2555.0,0.05412835339842639,-0.04217432052483599,0.00010064658811377037
863.0,904.2,1228.0,1622.0,2319.375,0.13824561403508773,0.17693698265199329,0.0005415981641320729
1182.0,1204.6666,1332.0,1510.0,2342.0,0.06263194933145672,0.21599169262720663,0.00018361668896564465
406.0,593.5,369.33334,2801.3333,1864.0,0.7670311124224651,-0.20091454130404782,0.002100906665922189
359.0,557.0,382.5,3118.0,2052.0,0.7814597914583631,-0.20618955512572534,0.0024579502530111897
993.5,975.0833,1017.6667,1439.8334,2194.5,0.17178705303002834,0.20764924869028253,0.0003117039859991796
961.3333,983.25,1057.5,1407.0,2153.75,0.14181375532562385,0.2097170539914344,0.0003291475095971118
738.3333,1076.0,839.8,3342.0,2999.0,0.5983547754555454,-0.05409241444567103,0.0010537526397323854
722.6667,1062.0,896.0,3354.75,2855.5,0.5784273363524084,-0.08039128859546717,0.0010841787214455017
779.0,1068.0,924.0,3214.0,2609.3333,0.5534074432092798,-0.10383515228297172,0.0009713114100170728
861.5,910.0,1148.0,1667.2858,2567.0,0.18445224992787593,0.2124831063599911,0.0005603384889363909
920.1667,1001.0,971.0,1148.0,1541.75,0.08352996696554979,0.14638906961613532,0.00021544532897006596
392.5,573.5,420.66666,2921.0,2021.25,0.7482294299216548,-0.18205270878648389,0.0021998175591290687
363.5,541.75,340.8,2746.6667,1715.5,0.779236485368409,-0.23109103028356162,0.0023804054008131313
1101.3334,1159.6666,1162.0,1253.2,1477.0,0.03776084796290165,0.0819720167020731,0.00010993321202863456
1038.6666,1077.5,1064.5,1175.0,1498.0,0.049341370841705735,0.12083800972689862,0.00011160157066882294
1205.3334,1339.0,1650.0,1900.0,2410.3333,0.07042253521126761,0.11839764224265435,0.0003030787342868895
1125.3334,1171.0,1346.8,1816.0,2135.0,0.1483495636777539,0.08073905340420147,0.0003376646893549862
1157.2,1254.0,1262.0,1508.6666,1731.0,0.08902788953387608,0.06862848170858075,0.0002011440655267734
358.0,491.0,330.0,2416.0,1665.0,0.7596504005826656,-0.18402352364616514,0.00237276098064897
1222.0,1284.0,1316.6666,1432.0,1815.0,0.04195976332669811,0.11795503541730828,0.00011990845845685808
911.0,944.75,1178.0,1457.0,2545.75,0.10588235294117647,0.27200049965648615,0.0004109019976158653
379.0,561.0,363.33334,3338.0,1956.75,0.8036743483363213,-0.26087161811228105,0.002332786730156728
3177.0,3348.0,3399.0,3306.8,4394.5,-0.013749291657967701,0.14123589523846622,1.2351305694777898e-05
1230.6666,1281.75,1318.0,1451.3334,1932.5834,0.048146387863592,0.1422168535585745,0.00012344589214901845
379.75,563.0,372.0,3300.5,1991.2,0.7974132062627638,-0.24742521306952397,0.0023242066329710086
1288.0,1356.0,1463.0,1832.6666,2436.6667,0.11216747470754475,0.14147410322824883,0.00023056552046710703
833.4167,904.5,1092.6666,1344.0,2343.25,0.10314640501084554,0.2710014238253441,0.00045528605634388215
1000.0,1056.0,1110.0,1435.0,2103.5,0.12770137524557956,0.18892185954500496,0.00030283305544629585
791.0,1000.0,946.0,2884.0,2501.6667,0.5060052219321148,-0.07099089514767035,0.0009163234284593508
694.6,1029.3334,874.0,3398.0,2666.0,0.5908239700374532,-0.12071240105540897,0.001143740136013438
854.5,1056.6666,2280.5,2517.6,2470.75,0.04941539359329732,-0.009391883087594075,0.0007721676800351824
989.0,1153.5,1126.0,2215.0,2198.0,0.32595031427716253,-0.0038522547020167688,0.000559089769022049
954.5,1243.3334,1271.3334,2901.5,2724.5,0.3906617982879451,-0.03146107358691788,0.0007022838563174842
677.75,1045.3334,819.0,3268.0,2629.3333,0.599217029606068,-0.10829754187371438,0.0011677497740239073
763.0,1083.0,984.0,3410.3333,2954.5,0.5521504934548318,-0.07161747661168122,0.001016057856400246
902.3333,1036.0,971.6667,2101.0,1963.0,0.36754175127422706,-0.03395669291338583,0.0006315741814552788
1173.3334,1181.0,1207.0,1652.6666,2212.3333,0.15584564997891712,0.14480380711005963,0.0002469794659538021
713.0,1078.8334,905.75,3339.6667,3036.1667,0.5733045474664479,-0.04760162020544639,0.0011015485173897098
4242.6665,4417.5,4382.0,4276.0,4987.75,-0.012243012243012243,0.07683173660774524,1.8369696195309784e-06
715.0,1034.0,972.0,3200.0,2824.0,0.5340364333652924,-0.06241699867197875,0.001084584497206704
980.6667,1162.8,1082.6666,2325.0,2197.4,0.3645701137546731,-0.028215107022819725,0.0005890063001706607
747.0,1061.0,850.0,3320.0,3023.0,0.592326139088729,-0.046823269746176885,0.001036096256684492
948.6667,1080.0,1042.6666,1876.0,1944.0,0.2855185309620496,0.01780104712041885,0.0005205132767102117
3324.0,3492.0,3544.4,3488.0,5265.5,-0.008020021614242662,0.2030616324898612,1.414085672897841e-05
1560.0,1714.0,1720.3334,1752.5,1803.6666,0.009262350448483943,0.014388133559322001,7.03671244794432e-05
397.5,590.5,378.75,3433.5,2074.8,0.8012984457997245,-0.2466641250476553,0.002218893151634049
714.6667,1044.6666,882.0,3215.6,2732.0,0.5695040999609526,-0.08131010827896964,0.0010867490752239572
385.0,557.25,364.0,3202.0,1926.2,0.7958496915311273,-0.24878124878124877,0.0022791778454528096
379.0,601.0,398.75,3003.0,2023.0,0.7655618431689571,-0.19498607242339833,0.0022994549310338783
1005.0,1091.3334,1139.0,1830.8,2200.75,0.23294497945989626,0.09176371370812715,0.0004483694294794918
389.0,571.0,361.0,3091.3333,1917.0,0.790866078892209,-0.23447586844909057,0.002241446997510667
371.0,553.75,363.5,2752.0,1835.4,0.7666506178783502,-0.19980817020534508,0.002325776756689172
925.25,1059.3334,1001.0,2103.4285,2103.0,0.35511479810213054,-0.00010186789101490385,0.0006047210943207622
874.5,947.5,1138.0,1560.0,2277.0,0.156412157153447,0.18686473807662235,0.0005019109959144225
853.3333,950.7,1097.0,2138.5,2339.25,0.3218976974192551,0.04483278432248339,0.0007034332210441726
1637.3334,1977.0,1971.3334,2468.6667,2419.0,0.11201200198171171,-0.010161638067505753,0.0002055466641937538
1258.5,1449.0,1423.0,2306.5,2441.0,0.2368950261429146,0.02833070036861506,0.0003607527512345584
385.25,556.0,405.0,2557.6667,2052.5,0.7265976628420605,-0.10957666671793023,0.0021990276550987835
709.0,1086.0,918.0,3333.3333,2705.75,0.5681354835199582,-0.10392029200855696,0.001108873236440845
401.5,636.0,380.0,3086.0,1943.8,0.7807270628967109,-0.22708656407809455,0.0021612330581306884
1064.4,1172.5,1146.6666,1720.0,2023.5,0.20000002790697738,0.08107386135969014,0.0003577649621716485
980.0,1138.5,1080.3334,2045.0,2172.3333,0.30866038164120346,0.030192847219355362,0.000530868905288501
1481.0,1634.0,1694.0,1717.5,1851.25,0.006888465484391031,0.037478108581436076,9.291507797598351e-05
755.5,1111.3334,899.0,3361.3333,2723.0,0.5779672919017861,-0.10491425576570564,0.0010247693305544463
408.0,600.25,418.5,3058.6667,2051.8,0.7592867779390617,-0.19702049912584302,0.0021188472994660102
403.5,555.5,435.66666,2796.0,1996.5,0.7303764862926798,-0.16682316118935836,0.0021154182825190854
889.5,1178.0,1130.0,3014.0,2996.75,0.4546332046332046,-0.0028698581707773574,0.0007915522061187787
580.5,910.0,661.0,3504.0,2539.0,0.682593037214886,-0.15968889624358762,0.0014347931071037351
1093.3334,1112.3334,1272.0,1523.0,2435.0,0.08980322003577818,0.23041940373926226,0.0002577994802557912
984.5,1053.6666,1098.0,1789.3334,2213.0,0.23943663727922795,0.1058548995443508,0.00045641309230507403
401.5,602.5,399.25,2864.0,1961.0,0.755305293802191,-0.18715025906735752,0.00213617752177383
983.5,959.0,1180.6666,1509.0,2438.0,0.12207215570881536,0.23536863440587788,0.00035372663292296334
736.0,1044.0,956.0,3324.0,2709.0,0.5532710280373832,-0.10193933366484337,0.0010564179431036482
899.5,1192.0,1149.0,2827.0,3020.5,0.42203219315895374,0.03309106455750321,0.0007571551158447327
1045.3334,1081.0,1113.0,1779.0,2181.0,0.23029045643153526,0.10151515151515152,0.0003941419960357077
659.75,726.5,1823.3,2129.5,3526.0,0.07746407609795589,0.24692776942799044,0.0010445486031805341
4025.4,4245.0,4327.0,4113.0,5372.3335,-0.025355450236966826,0.13276639139783536,5.289668784128321e-06
383.25,548.3333,354.2,3241.25,1907.3334,0.8029732022417223,-0.25908419780089414,0.0022947523247740967
741.0,1092.0,877.0,3221.0,2657.0,0.5719863347974622,-0.09595100374276964,0.001037664718813782
3630.0,3798.5,3889.3333,3780.0,5265.5,-0.014255906703128911,0.16422530540047536,1.0928818419867717e-05
1245.0,1319.3334,1343.8,1443.0,1859.5,0.03559638294818431,0.12611657834973505,0.00011012370562932361
428.0,641.5,477.33334,2893.3333,1954.25,0.7167721457023112,-0.19372195213231297,0.001986185853181059
970.0,1117.0,1134.0,1704.0,2358.5,0.20084566596194503,0.1611076923076923,0.00044361603883513924
1214.5,1286.5,1351.6666,1446.0,1802.0,0.03371859963585367,0.10960591133004927,0.00013171272629412733
968.4,1069.7,1043.0,1781.3334,1988.6666,0.26141864129780146,0.05499554376657826,0.00047076779017415335
1005.6,1031.6666,1155.3334,1404.0,2198.0,0.09716069035788773,0.22043309272626319,0.00028190014281808437
443.5,621.5,459.33334,2712.0,2011.0,0.7103216276848399,-0.14842261274613594,0.0018818167640549356
340.0,498.0,325.0,2604.0,1722.0,0.7780812564015022,-0.20388349514563106,0.002549652913856868
994.75,1163.0,1086.0,2043.25,2086.0,0.30590397059998403,0.010352969667615184,0.0005153432738840304
1492.6666,1526.0,1553.5,1666.6666,1859.5,0.035143088559455284,0.05468641215080421,6.989511861348453e-05
396.0,559.0,378.2,3016.0,1926.0,0.7771492546108068,-0.22055847834884662,0.002188161877209041
937.25,971.5,1138.6666,1336.0,2197.0,0.07974140839820604,0.24370223606000566,0.00031810878642395465
755.375,1072.0,901.5,3356.5,2902.5,0.576561766087365,-0.07253554880971401,0.001024560021780209
915.6667,1110.5,1175.3334,2057.5,2514.6667,0.27287722281018256,0.09998907082718578,0.0006054125307299454
701.6,1060.0,843.25,3359.6667,2665.0,0.5987310431348783,-0.11530375613973803,0.0011260600070831018
802.0,1111.0,982.0,3169.3333,2994.0,0.526898984478071,-0.028447804372351528,0.0009301991709013728
747.5,1098.0,957.0,3309.3333,2751.25,0.5513711973698819,-0.09208409032180116,0.0010342333844982966
1189.2,1272.5,1385.3334,1801.3334,2404.0,0.1305439275923043,0.14331006431023996,0.00028551703767847053
897.3333,966.8,923.5,1067.5,1393.0416,0.07232546459065796,0.1323048551587179,0.0001774472177872947
709.5,1015.0,868.0,3234.0,2736.5,0.5767918088737202,-0.08332635457666862,0.0010986801476396328
976.5,1137.3334,1101.0,2068.5,2136.2,0.30525319451017513,0.016101029799985688,0.0005400703649369701
3371.5,3506.6667,3572.5,3642.0,4735.0,0.009633377226419017,0.13047630416616926,2.2022943755192793e-05
610.0,737.0,1496.0,2362.0,3189.0,0.22446863659927424,0.148982165375608,0.0012139840990256254
1014.5,1099.0,1275.3334,1721.0,2516.0,0.14873732008594237,0.18763275902761387,0.00040425124687048597
1192.0,1260.1666,1287.0,1356.5,1480.0,0.026290902212975222,0.04353957341794465,0.00010164959684657615
744.3333,1089.6666,892.0,3351.8,2885.75,0.5796220368537631,-0.0747168359371869,0.001043734764392611
329.0,464.66666,298.0,2658.0,1722.0,0.7983761840324763,-0.2136986301369863,0.0026552203753106686
379.66666,533.0,366.5,2735.0,1822.25,0.7636627438336289,-0.2002852597509463,0.0022623000617114893
839.75,970.0,2075.0,2392.6667,2808.5,0.07110349122507287,0.0799500042942288,0.0007719676106000408
1007.8333,1144.8,1112.0,1895.0,2016.0,0.2603924176920519,0.03093837893121964,0.0004640626424263545
708.25,1050.0,902.5,3392.5,2918.5,0.5797438882421421,-0.0751069561083822,0.0011155878122784792
1302.5,1446.0,1479.5,1595.7,1795.0,0.037786160249739874,0.058778423334414714,0.00014096188070072
824.0,818.6667,932.0,1193.0,2139.2,0.1228235294117647,0.2839565452253766,0.0003749142726510706
1223.1666,1232.0,1353.0,1695.0,2389.8,0.11220472440944881,0.17009400705052882,0.00022739371226973473
1048.5,1123.0,1153.5,1238.6666,1541.75,0.035602286228726715,0.10900647046920954,0.000146284183381458
411.0,571.5,426.33334,2667.0,1978.0,0.7243534445595831,-0.14833153928955867,0.0020531414155754804
1018.25,1090.0,1693.0,1840.5,2529.5,0.041743313994622895,0.1576659038901602,0.00043831601625247534
753.25,995.0,916.25,2905.3333,2716.5,0.5204867050784945,-0.033589274160797294,0.0009820821029119435
919.5,955.5,1098.0,1480.0,2226.0,0.14817688130333592,0.2012951969778737,0.00041142446085411867
1078.5714,1158.5,1336.0,1599.0,2350.75,0.08960817717206133,0.19032850180391164,0.00030148195344846984
879.5,1030.0,1106.0,2165.0,2094.5,0.3237542036074595,-0.01655123840826388,0.0006743491586372953
3828.0,4018.0,3954.6667,3908.6667,4829.5,-0.005849936364137886,0.10538060575108962,5.3898947607039135e-06
739.5,1050.0,992.0,3379.3333,2743.5,0.5461338992384771,-0.10384625366168303,0.001054922152368481
697.0,1073.0,844.0,3320.0,2668.3333,0.5946205571565802,-0.10882271699873489,0.0011318914626989333
748.75,1081.0,943.0,3322.75,2712.55,0.557873761941042,-0.10110516461484927,0.0010332238000031562
403.0,563.6667,373.33334,2564.0,1764.0,0.7458011762464793,-0.18484288354898337,0.0020861973092785096
1116.0,1099.5,1216.5,1550.25,2369.25,0.12062889671997831,0.208955223880597,0.0002507753897088537
980.1667,988.1667,1065.3334,1557.0,2235.8333,0.18749202523218444,0.17897788969528394,0.0003775886324121304
372.0,541.0,354.0,2855.0,1993.0,0.7793705204113431,-0.1778052805280528,0.002331641492513487
1101.8334,1132.0,1378.5,1566.6666,2470.0,0.0638899680581737,0.22378201855957092,0.0002690361528575494
394.5,546.125,386.33334,2927.0,1990.0,0.7668008012740426,-0.19056335163717714,0.002187662104034239
1031.2,1122.6666,1154.6666,1524.8,1976.0,0.1381369709926595,0.12888482632541134,0.0003136161456301224
965.25,1203.0,1257.0,2693.75,2817.7917,0.36366512687464403,0.02250580812987412,0.0006640833465901075
706.0,1049.0,961.5,3213.5,2810.1667,0.5394011976047904,-0.06695810377423435,0.0011036801295102058
1223.5,1270.6666,1336.4,1398.6666,1766.0,0.02276602697718583,0.11607333296973525,0.00010227707677958399
1049.4286,1096.0,1363.3334,1671.75,2485.0,0.10161717467137807,0.19564563661514403,0.00035438625220502655
1371.0,1510.0,1539.75,1657.0,1728.125,0.03667787596777978,0.021011040951220413,0.00012580254103538132
4085.0,4237.3335,4237.3335,4051.5,4861.8335,-0.022419740968376276,0.09091250764935471,-2.0236276346348157e-06
728.8,1095.6,857.25,3482.6667,2720.75,0.6049463345690483,-0.12282210543747614,0.001083495575384529
856.0,1112.0,1078.0,3108.5,2988.0,0.485011345993073,-0.019765439186418435,0.0008455379526419917
1416.5,1501.0,1704.0,1825.5,2586.0,0.034424139396515084,0.17239034342060525,0.00015805869909768386
386.5,535.5,378.5,3000.0,1886.8,0.7759360663016132,-0.2277973315871327,0.0022481720430107526
394.33334,594.0,382.75,3116.5,1883.5,0.7812388368936201,-0.2466,0.002209449795798026
1400.0,1481.5,1533.3334,1613.5,1806.1111,0.02547532386048782,0.0563254400478464,9.444756689132801e-05
933.0,937.5,961.75,1434.0,2226.5,0.19711989982260253,0.21650047807676548,0.0003740603693118185
730.0,1042.0,951.5,3215.2,2932.4285,0.5432836537307701,-0.04599684252228316,0.0010573918892102458
325.0,437.0,292.33334,2194.0,1716.6666,0.7648478300982763,-0.12205934405147194,0.0026130942727237137
800.0,869.0,1758.0,2147.0,2331.0,0.09961587708066581,0.04108977221974096,0.0007832547461923178
711.3333,1091.3334,924.5,3405.0,2670.5,0.5729298995265042,-0.12089539955559213,0.0011105637513369377
739.0,1059.2,860.0,3104.0,2667.0,0.5660948536831484,-0.07572344481025818,0.001029621760936194
930.0,1018.6667,1240.6666,1652.5,2232.2,0.14234693570705537,0.14922645249311398,0.0004696201276911752
743.25,1052.5,911.75,3246.0,2691.5,0.5614214418856353,-0.09338947368421052,0.0010359769942945205
669.1667,954.8333,854.0,3292.25,2677.8,0.5880615013566476,-0.10292208607968104,0.0011888756491918704
677.75,1051.0,809.0,3260.0,2649.0,0.6023593020398132,-0.10340159079370452,0.0011669999661051418
940.5,951.3333,1039.0,1512.0,2128.5,0.1854174833398667,0.16934487021013597,0.00040146169992160433
736.75,1051.0,874.0,3308.0,2931.0,0.5820181731229077,-0.06042635037666293,0.0010535850163717994
759.1667,1076.6666,983.0,3374.0,2741.0,0.5487720908882259,-0.1035159443990188,0.0010195067087065237
995.6667,1118.0,1082.0,1867.3334,2023.0,0.26627488096123686,0.04001369137154158,0.00046835875371474366
366.5,571.6,362.5,2988.0,1870.6666,0.7836143859125504,-0.2299670860313815,0.0023873270861222667
1144.0,1183.6666,1196.0,1272.6666,1447.2,0.031055874454655002,0.06416983832957102,8.829694785673952e-05
928.125,1200.0,1238.6666,2795.25,2943.1667,0.38587396675479113,0.025776570042395183,0.0007189167329746667
810.0,921.5,1091.3334,1623.0,2118.0,0.19587372722893953,0.132317562149158,0.0006176624098862452
1520.6666,1623.0,1688.0,1753.5,1900.0,0.01903239866337353,0.04009853565074586,8.726096304995012e-05
1063.5,1139.3334,1247.0,1977.5,2228.0,0.2265467514343309,0.05956485554630841,0.0004341942199675898
709.25,1058.0,920.25,3359.6667,2829.25,0.5699682659711579,-0.0857042881187915,0.0011107254479280316
1203.0,1306.5,1521.9166,1756.1666,2295.75,0.0714594431282281,0.1331674496952874,0.0002616156677130852
377.5,574.8333,387.5,3078.6667,1949.6666,0.776410061293359,-0.22452769787555654,0.0023180501581777247
742.0,1068.0,967.5,3268.5,2751.25,0.5432011331444759,-0.08592549524481914,0.0010403560558378635
728.75,1063.5,851.5,3469.0,2616.0,0.6058326582571462,-0.14018077239112572,0.0010824598156174232
1379.3334,1447.6,1574.8334,1747.0,2495.25,0.05182878828300059,0.17638045848311626,0.00015246749928885656
1108.0,1130.0,1228.0,1746.6666,2119.3333,0.1743612544679797,0.09639594144842058,0.00032971039743007695
1381.2,1528.0,1588.0,1634.0,1604.5,0.014276846679081317,-0.009109155473212907,0.0001119319652012021
620.0,699.3,1357.5,2166.0,2951.5,0.22945934440187313,0.15349291646311675,0.0011493688879372769
781.5,886.625,2036.6666,2281.0,3340.5,0.056589223447683516,0.1884728275371342,0.0008401113238546515
901.2,1050.0,986.0,1975.0,2033.5,0.33400878081729146,0.014593987775976052,0.000602633786889432
1035.3334,1027.3334,1330.0,1562.6666,2300.0,0.08043325836444477,0.1908871451654668,0.0003256261613843267
917.0,1012.0,1065.3334,1345.25,2102.0,0.1161198571267022,0.21952280803539054,0.0003467781215193133
1136.0,1264.6666,1328.0,2176.0571,2475.75,0.2420214841818645,0.0644250489234603,0.00042036488597792547
1265.3334,1280.5,1443.6666,1605.0,2273.6667,0.05291933201223118,0.17239601948783076,0.00016712050742232005
884.0,949.5,960.1667,1101.6666,1382.75,0.06862819608161339,0.11313859358370089,0.00022325353283105562
780.0,1082.6666,926.5,3092.0,2667.0,0.5388826676620629,-0.07379753429414829,0.0009574085699661925
377.25,560.1667,352.16666,2862.2,1789.3334,0.7808795963556939,-0.23064794074143374,0.0022952962153221447
1003.5,1162.0,1138.0,2168.5,2174.5,0.3116588537728716,0.001381533502187428,0.0005348309825063212
1029.3334,1101.0,1235.0,1602.0,2120.0,0.1293620021149101,0.13917248790972594,0.00034694574374206775
794.0,1029.0,926.75,3094.0,2741.0,0.5390163526705216,-0.06049700085689803,0.000935061978347217
819.2,1050.0,1968.4445,2485.3333,2349.0,0.11605626127104943,-0.028201055148597175,0.0008173448691461051
984.2,1135.3334,1077.0,1940.0,1984.0,0.2860457408021213,0.011213047910295617,0.0005000816203523488
891.375,885.5,998.5,1220.0,2104.0,0.09984223574487266,0.26594464500601683,0.0003018515244133471
347.5,535.0,329.0,3382.0,2005.25,0.8226893020749124,-0.2555571024177456,0.0025746058761592938
780.0,928.0,956.25,2168.0,2247.0,0.3878530847403377,0.017893544733861833,0.0008197457134622563
673.75,1010.25,803.0,3270.0,2681.0,0.6056960471397005,-0.09897496219122837,0.0011766732043694968
1037.2667,1141.5,1109.2,1807.9166,2044.7,0.23952302763626243,0.06146041108788246,0.0004105535471396114
362.0,494.25,334.875,2374.6667,1774.9,0.7528179765603903,-0.14453718746104263,0.002334869294977844
402.25,603.5,398.0,2984.0,1864.2,0.7646363098758131,-0.2309723196237779,0.0021455616148285794
1066.0,1172.0,1170.0,2256.0,2156.0,0.3169877408056042,-0.022665457842248413,0.0004943601401157883
707.5,1042.6666,940.5,3255.5,2786.0,0.5517159199237369,-0.07771248862037573,0.001104693679996731
1054.0,1138.1666,1375.0,1877.0,2269.5,0.15436654366543665,0.09465814542385144,0.0004156072385348204
978.6667,1058.6666,1034.0,1974.5,2024.25,0.3126142595978062,0.01244138793372929,0.0005148149622814715
999.0,1162.6666,1130.0,2168.0,2220.0,0.31473620375985445,0.011850501367365542,0.0005392066420664206
1414.0,1524.6666,1766.0,1938.6666,2514.25,0.04660786479409511,0.12925986532063052,0.0001912598672756697
793.0,1109.3334,959.6,3257.3333,2996.5,0.5448825334752153,-0.04170774747065928,0.0009528328993823576
675.0,1004.0,848.0,3413.0,2553.0,0.6019713682234217,-0.1441501843781428,0.00118672600585648
1225.3334,1286.0,1304.5714,1338.0,1688.3334,0.012650027166721006,0.11576166723732421,6.866422433661857e-05
1014.5,1132.6666,1094.0,1841.5,1976.0,0.254641458013967,0.0352324819908317,0.00044223576112477613
684.4167,1001.0,888.0,3383.0,2709.0,0.5841723249824398,-0.11063690085357847,0.001163802133325054
3855.0,4081.0,4050.0,3945.0,5372.3335,-0.013133208255159476,0.15319120003593298,5.916412918290394e-06
3502.5,3754.0,3826.0,3729.7144,5227.7144,-0.012743414441392882,0.16723549061310988,1.7388341169915426e-05
782.5,1108.0,987.75,3204.0,2979.5,0.5287171229200215,-0.036306299021589716,0.0009646126770381949
841.6667,982.0,1014.0,2136.0,2379.3333,0.35619047619047617,0.05389044038011541,0.0007190995950967751
988.6667,1108.0,1435.0,1716.5,2410.3333,0.08932254481992702,0.16812729023970988,0.000428449022549788
983.75,1076.0,1116.0,1623.0,2135.0,0.1851040525739321,0.13624268227780734,0.00039996890347359775
363.0,520.0,360.0,2934.0,1869.0,0.7814207650273224,-0.221736414740787,0.002407357468707162
1000.4,1145.3334,1062.3334,1930.0,2032.5,0.2899632106502571,0.025867507886435333,0.00048098465257447867
759.5,1112.0,896.0,3436.0,2711.5,0.5863342566943675,-0.1178527856852379,0.0010242709938241416
712.3333,1040.0,918.5,3337.0,3082.0,0.568323346257784,-0.03972581398971802,0.0011026189604440649
748.6667,1096.0,959.75,3226.5,2944.7144,0.5414750671842341,-0.045661288319524304,0.0010244061939921494
1207.5,1289.0,1318.0,1421.5,1859.5,0.03778061690089432,0.13349588540079244,0.00012457194764893005
380.0,546.5,348.33334,2510.0,1764.0,0.7562682174780916,-0.17454375292466073,0.0022273112275308215
1044.0,1142.5,1185.0,1705.0,2308.6667,0.17993079584775087,0.15040279752177732,0.0003709887889545244
700.0,1028.0,824.0,3314.6667,2654.0,0.6018041269184591,-0.11068915943991314,0.0011252744357156514
822.6667,890.4167,1008.375,1303.8334,2102.0,0.12778190754777985,0.23435280187222313,0.0004480453281921043
876.6667,996.0,1982.0,2472.75,2533.3333,0.11016330882765588,0.012101936058475052,0.0007354374175888567
984.0,1136.0,1066.0,2323.0,2167.5,0.37090587193862495,-0.03462866050551164,0.0005851876293345512
374.0,573.0,386.0,3166.0,1913.5,0.7826576576576577,-0.24657938773501328,0.002351652979574647
724.6667,1077.6666,849.0,3434.0,2616.0,0.6035489143123979,-0.13520661157024794,0.001087238818098861
943.4762,1037.0,1113.5,1569.0,2239.3333,0.16980428704566636,0.1760174982583588,0.0004221141165600742
1191.2,1163.5,1289.0,1878.0,2290.8,0.1859804231133565,0.09902130109384,0.0003067507131462779
1240.6666,1302.5,1464.6666,1714.6666,2174.625,0.07863284037042736,0.11826277052612871,0.0002226351099037726
729.6,1027.0,842.5,3084.1667,2643.1667,0.5708828559347805,-0.07699918429753015,0.0010449451293461217
710.5,1050.25,820.0,3282.0,2590.25,0.6001950268161872,-0.11779982119289881,0.0011012173558535817
1301.2,1502.5,1704.6666,1936.0,2488.2,0.06354149539537622,0.12481352560914964,0.0002517989264194986
435.0,620.0,442.0,2904.6667,1965.0,0.7358565763360899,-0.1929632473614673,0.0019500940211617448
856.625,982.5,1108.0,2097.5,2285.0,0.30868819216970833,0.04278379920136908,0.0006898086453306845
1273.3334,1352.6666,1352.0,1406.0,1846.5,0.019579405366207395,0.13543428132205995,7.404456949359571e-05
662.5,1005.5,754.5,3284.0,2559.5,0.6263464157484214,-0.12398391375032088,0.0012031112461414618
764.25,1070.0,891.0,3280.0,2946.375,0.572764325101894,-0.05358254200879324,0.001002282850335854
706.0,761.3333,1766.0,2070.0,2954.5,0.07924921793534932,0.17603741665837397,0.0009320186677052798
763.6667,1080.6666,914.0,3243.0,2609.3333,0.5602598027423623,-0.10827590766233362,0.000999806111232923
899.8,1093.0,1005.5,2103.5,2143.0,0.3531682212930203,0.00930177793476981,0.000635253939028288
2824.6667,2901.3333,2884.0,2976.0,3537.0,0.015699658703071672,0.08613542146476279,1.7996192997415377e-05
821.0,896.4583,1091.3334,1622.0,2118.0,0.1955773662020303,0.13262032085561498,0.0006007722285724571
1001.0,1172.0,1115.3334,2091.0,2167.5,0.30429355849270073,0.017964071856287425,0.0005202412010030632
1611.0,1714.0,1683.0,1838.0,1885.3334,0.044021584777051974,0.01271264077506462,7.661526581109577e-05
934.6667,1099.0,1090.0,2056.0,2066.5,0.30705657978385253,0.0025469981807155853,0.0005828951419666438
1213.5,1280.0,1281.0,1352.0,1872.5,0.026965438663121913,0.16142037525197706,8.434815018721026e-05
1174.0,1350.0,1428.0,1732.6666,2357.5,0.0963931469393197,0.15276477980139,0.00027440993909053985
1139.5,1194.0,1323.3334,1755.0,2231.8,0.1402273710833271,0.11959466238587342,0.000307507453496055
694.75,1046.0,922.5,3508.0,2864.5,0.5835684459993229,-0.10098077677520596,0.001152644886222795
1002.1667,1063.0,1114.6666,1345.0,2166.5,0.09364415486228905,0.23394560729033176,0.0002540900199738974
749.375,1076.5,965.5,3296.1667,2734.5,0.5468908913031609,-0.09313509234393608,0.0010296885937351552
1803.0,2159.1667,2158.5,2230.0,2488.2,0.01629258288709126,0.0547242592514094,0.00010614180744334961
1394.6666,1446.0,1465.0,1496.0,1591.0,0.010469436001350895,0.030774214447683836,4.853324565230984e-05
1429.3334,1572.3334,1660.0,1702.0,1870.0,0.012492563950029744,0.04703247480403135,0.00011200440594703865
1353.3334,1431.1111,1428.0,1491.0,1751.5,0.02158273381294964,0.08033924441017733,6.817503258458048e-05
342.0,508.33334,308.2,2998.0,1947.3334,0.8135623979190613,-0.2124561713068729,0.0025828686568499506
1127.6,1112.0,1270.1666,1558.0,2445.0,0.10177384882488888,0.22158381214089434,0.00024477370602632415
729.5,1046.6666,887.25,3308.0,2629.0,0.5770216316071748,-0.1143675256863736,0.0010670417555350851
1517.0,1728.5,1765.0,1806.1666,1791.0,0.011527493564707962,-0.00421626287756592,0.00010546747534643192
683.75,1003.0,860.5,3608.1667,2664.8,0.6148739399159039,-0.1503860525833813,0.001183642689994552
761.5,1070.6666,965.0,3236.5,3023.0,0.5406402475306438,-0.03410815560348271,0.001002904878524413
1370.3334,1496.0,1551.0,1706.0,1811.5,0.04758980657046362,0.029992892679459843,0.00014347824274376397
1127.3334,1169.0,1487.0,1705.0,2476.25,0.06829573934837092,0.18445440956651718,0.00030027241064505006
1123.2,1168.0,1301.6666,1752.6666,2290.8,0.14765907007133341,0.13308713864484503,0.0003194697924118827
709.5,1054.0,921.0,3320.0,3082.0,0.5656684744164112,-0.037175882536707276,0.0011066786498562865
1206.6666,1245.0,1286.5,1430.0,1728.125,0.05282532670715995,0.09439936671284385,0.0001293214557703283
711.0,995.0,822.6667,3464.3333,2892.0,0.6162040121296943,-0.0900414237245866,0.0011162439686982176
1004.3333,1109.0,1150.0,1920.0,2379.3333,0.250814332247557,0.10683826257433908,0.0004743797301684261
1394.0,1448.0,1477.0,1779.5,2436.6667,0.09289114079533241,0.15586829145062037,0.00015529310818853913
666.3333,963.0,784.0,3190.6667,2608.3333,0.605501512868991,-0.10041962407311612,0.0011855571036499407
731.5,1051.3334,918.5,3235.0,2658.25,0.5577224027928254,-0.09786620285920332,0.001056490707966936
1132.6666,1188.0,1219.5,1340.0,1542.5,0.04707950771635085,0.07025151777970512,0.0001364831758388646
1127.0,1208.0,1262.0,1410.0,2485.0,0.05538922155688623,0.27599486521181,0.00017793370554801066
806.8889,872.0,953.8333,1290.6666,2102.0,0.15007053464337425,0.23914327449682204,0.00046395956522077633
1077.6,1095.5,1318.0,1500.0,2340.0,0.06458481192334989,0.21875,0.0002610791767105508
746.0,963.5,1659.0,2520.6667,2541.75,0.20615679714365748,0.004164670995969135,0.0009424987315205184
2614.0,2700.0,2692.0,2735.0,3378.75,0.007923346231803944,0.1052954406051932,1.6918285380713855e-05
1270.5,1233.0,1378.0,1636.0,2233.0,0.0856005308560053,0.15430343758077023,0.0001757064553253718
1011.6667,1152.6666,1116.6666,2086.5,2186.0,0.30277332437220095,0.02328847279110591,0.0005086935077422698
1465.5,1650.5,1784.8,1828.6666,1701.5,0.01213975521456323,-0.036022832463487704,0.00013542202390255374
876.75,953.0,1094.5,2038.0,2405.3333,0.3011971268954509,0.08267066078522621,0.0006491584418967557
799.4167,1059.3334,946.5,3295.0,2889.0,0.553695626547212,-0.06565329883570505,0.0009462382738143926
1268.6666,1330.0,1576.0,1752.0,2443.0,0.052884615384615384,0.16471990464839095,0.0002172816299259209
1318.0,1426.0,1505.5,1599.3334,1766.0,0.03022171817656947,0.049524543392936944,0.00013336365588559733
1481.0,1678.0,1748.6666,1886.0,1960.5,0.03778431837462066,0.01936825685688288,0.00014489891422413609
397.0,575.1667,375.0,3353.375,1991.2,0.7988399772018641,-0.25487059307802773,0.0022151050477346662
921.25,959.0,1120.0,1227.0,2104.0,0.045590115040477205,0.2632842990093065,0.0002701924685009267
368.75,543.5,376.5,3200.5,1991.0,0.7894883980989656,-0.23297698160454589,0.0023929239420099908
1208.0,1249.0,1386.0,1636.0,2290.8,0.0827266710787558,0.16675155342772746,0.0002163884962212906
740.0,1050.6666,936.0,3248.0,2768.8,0.5525812619502868,-0.07964366440632892,0.001042061386888973
987.5,1166.5,1129.0,2076.1667,2203.5,0.2955124611771363,0.02975308801500822,0.0005304641569530078
1174.6666,1271.5,1266.0,1400.0,1764.5,0.05026256564141035,0.11518407331331965,0.0001369031225106068
1197.5834,1220.0,1568.6666,1855.3334,2434.6667,0.08372278037383177,0.13504272412487828,0.00029578124682144594
859.0,984.0,1224.0,1965.0,2339.25,0.2323612417685795,0.08694894580937446,0.0006544765962482988
811.5,925.5,2252.6667,2578.0,3669.5,0.0673474947050269,0.17470988395358145,0.0008433490481589783
1188.6666,1256.0,1389.3334,1692.5,2262.0,0.09837215730091056,0.1440131495764319,0.0002502263309901259
862.5,980.0,993.6667,2263.1428,2279.0,0.38979132798525673,0.0034911275796965084,0.0007167258910722191
901.0,1177.0,1221.3334,2886.8,2932.0,0.40540713697369224,0.007767924658005056,0.0007626271672544531
1319.0,1412.0,1496.0,1657.0,1764.5,0.05106248017760863,0.03141896828876224,0.00015453265302390226
3900.3333,4058.5,4101.25,4042.0,5494.25,-0.007275964756086329,0.15228732468213396,8.983765634099785e-06
916.75,970.0,1144.0,1369.2,2301.0,0.08960687569632343,0.25388262220042507,0.0003600636742506446
884.0,1172.6666,1129.3334,3124.0,2994.0,0.46896549421684186,-0.02124877410918601,0.0008102027677105261
1079.6,1149.25,1152.0,1238.3334,1687.4,0.03611772315945549,0.1534885577749497,0.000118622143862398
949.0,1024.0,1077.0,1359.3334,2127.0,0.11588455011945409,0.22019311176607492,0.000317751255679322
1096.6666,1090.6666,1109.3334,1421.5,2208.4375,0.12334537706037861,0.21679092270872433,0.00020818208999726833
983.0,1145.6666,1114.0,2116.0,2136.2,0.31021671826625385,0.004750482103381737,0.0005441506447200578
1604.0,1782.0,1803.75,1887.5,1943.25,0.022688791059939047,0.01455328591006983,9.3581729281426e-05
1086.0,1158.5,1296.5,1677.0,2226.5,0.12796367916596604,0.14077110285641092,0.00032420885633268763
1063.3334,1079.5,1252.0,1506.4,2290.5,0.09222737819025525,0.2065105744159709,0.0002763446203480856
727.5,1097.5,900.0,3414.0,2634.0,0.5827538247566064,-0.12896825396825398,0.0010801741305834628
708.5,1030.5,886.0,3307.5,2704.6667,0.5774412781685943,-0.10026889307643445,0.00110752624595371
1174.0,1138.0,1314.0,1606.0,2373.5,0.1,0.19286342505339868,0.00022892875122545772
1381.2,1528.0,1588.0,1634.0,1604.5,0.014276846679081317,-0.009109155473212907,0.0001119319652012021
1440.0,1573.0,1605.0,1688.5,1870.0,0.025352967967208137,0.05100463678516229,0.00010213188493743754
2153.0,2605.0,2486.6667,2800.0,2518.5,0.05926859357333796,-0.05292845727178716,0.00010727550072953973
793.0,843.8,974.1667,1419.3334,2298.25,0.18598983973303362,0.23642148821731881,0.0005557770975312132
816.75,1134.0,1096.0,2989.2,3006.0,0.4634289630862626,0.0028022417934347784,0.0008887390509226674
713.5,1097.3334,878.0,3346.0,2631.0,0.584280303030303,-0.11962523004851933,0.0011011340949179682
743.5,1063.3334,914.0,3198.0,2691.5,0.5554474708171206,-0.08600050938110196,0.0010309079171796007
905.0,961.3333,1282.0,1584.0,2553.5,0.10537334263782275,0.2343202416918429,0.00047313644167948805
1264.4,1392.0,1423.6364,1769.5,2309.5,0.10831469648462241,0.13238538857563129,0.0002255791580757003
740.0,1066.0,1034.0,3268.0,2799.6667,0.5192933519293352,-0.07718507346489546,0.0010439430654595248
745.0,835.0,949.5,1830.5,2156.0,0.3169064748201439,0.08165057067603161,0.0007949160523245893
853.25,1087.6,2190.8333,2508.0,2645.0,0.06749903215336459,0.026586454492528624,0.0007723601711864731
782.0,1093.0,914.5,3194.0,2667.0,0.5548253620542777,-0.0899163965193653,0.0009644520257091241
697.8,1043.3334,845.3333,3283.0,2595.0,0.5904723584212543,-0.1170466144947261,0.0011268610512150763
1029.3334,1098.8,1287.3334,1460.0,2301.0,0.0628487973101481,0.223610741823983,0.00028629288664006356
1051.0,926.0,908.5,2216.3333,2054.0,0.4185289820100163,-0.03801419903219259,0.0004998035601253017
1224.6666,1317.0,1376.8334,1670.0,2461.4167,0.09622009526349554,0.19156060922152932,0.0002175687145156981
1006.875,1055.3334,1247.0,1400.0,2167.5,0.05780128447298829,0.21513665031534687,0.0002786095214471749
1311.3334,1403.0,1517.5,1699.6666,2461.4167,0.056623303250754875,0.18306533301075711,0.0001740991293167132
1302.0,1368.0,1608.0,1804.25,2360.5,0.057513370942926224,0.13356143826160033,0.00021363815354107101
1393.0,1514.5,1584.3334,1634.1666,1760.375,0.015483361814509876,0.03717980654589709,0.00010586637852990509
379.2,553.5,395.0,2774.6667,1913.0,0.7507624382084085,-0.183815692357138,0.0022707389183828576
696.75,1061.5,892.5,3343.3333,2986.6667,0.5785953144095637,-0.05634543443917844,0.0011345040448929127
683.875,1028.5,882.25,3369.75,2875.0,0.5850188146754468,-0.0792265503022539,0.001163795842521204
1190.0,1187.0,1378.0,1544.4,2198.0,0.05693950177935946,0.17464728516460024,0.00019267357638474354
907.0,1066.0,970.0,2140.0,2123.0,0.3762057877813505,-0.003987802017358668,0.0006345465025320104
880.6,1130.5,1135.0,2494.5,2724.5,0.37456949993112,0.04406974516190841,0.000733874051042966
952.25,1066.0,979.0,1704.8,1991.8,0.27043743945152393,0.07763891143212683,0.0004630790241539508
1023.0,1066.6666,1130.0,1895.6666,2233.0,0.2530571610236237,0.08170516844348728,0.0004495587338841651
969.25,1114.0,1074.0,2038.3334,2220.0,0.30984257663398146,0.04266143181743356,0.0005405709632797652
850.125,1159.5,1121.5,2995.0,3006.0,0.4551196404712741,0.0018330278286952174,0.000841418028922243
2414.0,2454.3333,2542.0,2486.0,3332.0,-0.011137629276054098,0.14541079408731522,1.1992624535910415e-05
375.16666,559.75,413.25,2839.0,1986.25,0.7458682450611115,-0.17672659447697012,0.0023070958297630503
4135.0,4370.6665,4360.0,4257.6665,5463.0835,-0.011874850343767625,0.1240045263997119,6.96584494836576e-06
727.6667,1048.0,938.6667,3307.3333,2897.0,0.5578583608101741,-0.06613656619640337,0.0010704261110365504
1062.6666,1066.0,1198.0,1450.8,2181.6667,0.09543944427665356,0.20120396423730472,0.00025151734933182755
1348.0,1526.4,1548.0,1668.0,1912.4,0.03731343283582089,0.06826052954977099,0.0001422138790079871
854.3333,901.75,970.0,1190.0,2343.25,0.10185185185185185,0.32639920752847945,0.00032978121761757334
1125.3334,1162.0,1363.0,1609.0,2464.0,0.08277254374158816,0.20991897863982323,0.00026688433975663667
1063.6,1210.0,1179.0,1957.3334,2042.0,0.2481666649342828,0.021170178010165398,0.0004289006649781204
682.0,1002.0,877.0,3374.0,2690.0,0.5873912020701012,-0.11279683377308707,0.0011681786740564528
379.5,548.0,353.0,3021.0,1926.2,0.7907528156490812,-0.22129689521345408,0.002297974624409684
1064.6666,1128.4,1182.0,1251.5,1665.0,0.028559687692623792,0.14177953025887194,0.0001400884431492062
668.0,947.3333,740.0,3378.5,2332.0,0.6406458662134272,-0.18325890902723055,0.0011992214020205587
917.5,1158.0,1206.5,2758.6667,2838.25,0.39145055364254927,0.01421913247342055,0.0007266323322324314
3740.0,3885.0,3920.5,3857.0,5298.5,-0.008164577306332368,0.15744634372781388,8.108649246654506e-06
595.0,649.6667,1635.0,1915.0,3498.0,0.07887323943661972,0.2924441160169961,0.0011565353006115619
399.0,606.0,392.875,3128.0,1818.5,0.7768310434196045,-0.26473263923986656,0.002181106138107417
714.3333,1042.6666,998.0,3152.8,2858.0,0.5191288426327455,-0.04904505223930262,0.0010812147572674033
376.0,532.0,365.25,2710.0,1789.3334,0.7624583367205918,-0.20462288924843847,0.002284494993491049
2425.0,3019.0,2900.0,3091.0,2562.0,0.03188115506593223,-0.0935786308154962,8.881461296431973e-05
404.0,532.25,369.66666,2752.0,1920.8334,0.7631607085171612,-0.17787208078079567,0.002106660924490382
922.6667,1012.0,1068.0,1621.2,2211.6667,0.2057117358322178,0.15405354430927642,0.0004664823674667474
696.25,1046.0,836.0,3247.0,2663.5,0.5904971834435464,-0.09872261230014381,0.0011266709165743418
967.0,993.0,1089.0,1254.0,2271.5,0.07042253521126761,0.28861154446177845,0.00023643349545915879
727.0,1064.0,867.3333,3379.0,2616.0,0.591490710350033,-0.12727272727272726,0.001078087346214011
410.0,582.3333,381.0,3186.0,2042.75,0.7863751051303617,-0.21864690413578772,0.00211998051084199
1041.5,1098.5,1329.0,1528.5,2385.5,0.06981627296587926,0.2189575881451201,0.0003056239993285058
742.75,1056.5,867.0,3202.0,2659.1667,0.5738510690587368,-0.09261522966067487,0.0010326529112581948
1061.0,1144.75,1135.0,1554.5,1797.0,0.15597694738799034,0.07235566164403998,0.0002989316600429226
1128.6666,1116.0,1218.0,1444.6666,2389.6667,0.08512766863113842,0.2464574741063851,0.0001936284468670724
614.0,652.5,1618.0,1898.0,3427.0,0.07963594994311718,0.28713615023474176,0.0011000025700994627
986.1667,1012.6667,1005.5,1140.6666,1461.5,0.06298047877550607,0.12329471910061407,0.00013720785679178208
1283.0,1466.0,1464.6666,1686.2,1798.3334,0.07030872078176842,0.032180320039406116,0.0001862286155786888
882.5,927.0,1050.6666,1286.0,2280.0,0.10071329816585729,0.2787436904094223,0.00035513707763111687
397.0,606.5,388.0,2981.3333,1969.0,0.7696873740570574,-0.20449800824522255,0.0021779851815775576
1030.0,1161.0,1293.0,1864.0,2195.0,0.18086791257522966,0.08154717910815472,0.00043397176789899386
1055.0,1135.5,1160.0,1265.0,1584.25,0.04329896907216495,0.11204702992015443,0.00015720445562342796
1392.5,1509.0,1556.6666,1655.0,1825.2,0.030617561611158514,0.04890523533130282,0.00011382150836262883
370.66666,516.6667,350.25,3056.5,1888.9584,0.7943788067806561,-0.23608359540543303,0.002364291688749523
1217.0,1401.2,1580.0,1782.0,2485.0,0.060083283759666865,0.1647527536911179,0.0002603115629935553
714.5,1050.4,842.0,3293.5,2672.25,0.5927940998670052,-0.10413611029627456,0.0010944200385380983
373.0,533.5,402.33334,2947.0,2040.0,0.7597531812106822,-0.18187286946059755,0.0023353759556078964
700.5,1018.75,973.0,3121.25,2819.0,0.5246992733711913,-0.05088169689827869,0.0011055890018842284
392.75,566.75,379.6,3120.0,1983.25,0.7830609212481426,-0.22275020820065644,0.00221998371998372
1276.6666,1370.0,1370.0,1444.6666,1885.3334,0.026527688927704622,0.13233237237237236,9.101733342280813e-05
1000.4,1145.3334,1062.3334,1930.0,2032.5,0.2899632106502571,0.025867507886435333,0.00048098465257447867
1173.6,1092.8,1109.3334,1622.6666,2545.0,0.187896486090776,0.22130690588349844,0.00023560877511077282
681.0,1011.5,818.3333,3430.6667,2598.5,0.6148113438456109,-0.13802350165570978,0.0011752145304114532
1917.0,2370.0,2264.0,2617.0,2415.0,0.07232124564638394,-0.04014308426073132,0.0001394587327663871
752.0,1088.0,949.5,3183.3333,2886.5,0.5405089288261397,-0.04890303989073304,0.0010143022988502483
644.0,700.0,1716.4,1970.0,3427.0,0.06879340277777775,0.26996479525662403,0.0010435603824814072
951.5,934.5,940.75,1293.0,2114.0,0.15769445998880804,0.2409744643381274,0.00027728552492423364
1000.7143,1058.0,1197.0,1620.0,2120.0,0.1501597444089457,0.13368983957219252,0.0003816209107295265
662.75,1018.25,784.0,3244.6667,2649.0,0.6107893462618786,-0.10106894914841388,0.0011988576001761085
388.0,561.0,370.0,3304.0,1975.25,0.7985846488840501,-0.25169294880901644,0.00226880870425814
775.5,1037.5,917.0,3318.5,2945.4167,0.5669932711604297,-0.059560705843996906,0.000986877115074509
378.0,553.0,353.5,3227.0,2010.0,0.8025415444770283,-0.23238495321749092,0.0023294547244432488
1160.0,1210.8,1226.0,1255.3334,1591.0,0.01182162783928995,0.11792947375736097,6.541145029246704e-05
905.6667,1060.0,1002.3333,2101.6,2032.0,0.35415280992023895,-0.016837623379136805,0.0006276380055139356
701.0,1054.8334,831.5,3312.3333,2636.3333,0.5986807673947694,-0.11363891195381501,0.0011230294987820235
373.66666,540.6667,347.4,3248.0,1990.4286,0.8067530733715302,-0.2400665344565353,0.0023619791685203944
386.66666,562.8333,375.0,3396.0,2110.5,0.8011137629276054,-0.23345137564696267,0.002285831233157227
1664.25,1724.75,1772.0,1862.0,1806.1111,0.02476609796367639,-0.01523642509083215,6.377601412328298e-05
1204.8,1204.0,1282.0,1496.0,2167.5,0.07703383729301656,0.18329466357308585,0.00016143009323031375
828.5,1158.0,1076.0,2979.5,3014.0,0.4693625940081371,0.005756235922249103,0.0008703233396867747
3772.5,3927.0,3937.3333,3886.0,4601.25,-0.006561563726295514,0.08427346902707002,7.740138126345104e-06
1001.2,1106.0,1231.5,1706.0,2511.0,0.161531914893617,0.1908940004742708,0.00041222323783339016
3963.0,4049.0,4095.0,4049.0,5483.5,-0.005648330058939097,0.15048518227117755,5.358176664816642e-06
1030.0,1094.8572,1135.3334,1197.5,1720.5,0.026648538211087005,0.1792323509252913,0.00013566900003847328
858.0,1139.0,1081.0,3110.0,2954.5,0.48413266523502746,-0.02564102564102564,0.0008429752684831312
814.0,1121.3334,1017.0,3188.0,2981.5,0.5162901307966706,-0.03347110786935732,0.0009137024578365189
3857.0,4013.3333,4049.0,4054.0,5505.0,0.0006170554115759595,0.1517941207239251,1.2595640552898748e-05
923.25,1076.0,993.8333,2084.4,2163.8333,0.35428331569280347,0.018697960867638717,0.0006027230530784035
979.5,1057.25,1160.6666,2004.0,2269.5,0.26648412189770637,0.06212706212706213,0.0005213947423867207
800.0,977.3333,1910.0,2057.0,2544.75,0.03705570960423494,0.10599228554354322,0.0007629015019509521
4043.0,4331.0,4272.0,4188.0,5132.6665,-0.009929078014184398,0.10135181856361886,8.56150633386143e-06
949.6667,1101.0,1057.0,1989.3334,1976.0,0.30605100544805763,-0.0033624915372815773,0.0005497411897077819
349.0,555.0,332.0,3362.0,2005.25,0.8202490525175961,-0.25278308258419113,0.00256055069261494
971.0,1026.0,1264.0,1548.0,2244.6,0.10099573257467995,0.18367346938775508,0.0003834763560574643
912.5,976.6667,1187.3334,1465.4,2298.25,0.10482267083454376,0.2212878455754387,0.00041303024129885584
1510.6666,1572.6666,1605.3334,1928.0,2436.6667,0.09132073412602389,0.11654193434747269,0.00014319244227870432
915.75,963.6667,1244.6666,1912.5,2484.0,0.21152935039918386,0.1299897645854657,0.0005685044675083013
897.625,1089.0,997.75,2119.5,2143.0,0.3598524340364103,0.005513196480938416,0.0006415268851776148
694.5,865.0,1797.0,2056.0,2351.5,0.06722034778094992,0.06704480998298355,0.0009521325250988148
732.6667,1060.0,891.5,3238.0,2686.0,0.5682285991040078,-0.09318028359216746,0.0010546050799132623
1337.0,1384.0,1409.0,1461.0,1863.0,0.018118466898954706,0.12093862815884476,6.343301524745526e-05
4166.6665,4322.0,4366.6665,4205.3335,5474.5,-0.018820928604759746,0.13111449695906444,2.2062111569104617e-06
887.0,1058.0,982.5,1988.3334,2003.0,0.3385694398076984,0.0036746115972171147,0.0006237587294541828
1156.25,1273.0,1289.0,1367.5,1604.5,0.029550159984942592,0.0797442799461642,0.0001334879898327964
1232.0,1356.6666,1447.5,2121.0,2385.375,0.1887347625052543,0.05866688857451943,0.00033993667006603336
377.75,591.0,402.33334,3110.25,1974.3334,0.7709188360495953,-0.22340406492299844,0.0023195953547609405
770.75,890.0,1879.0,2182.0,3669.5,0.07461216449150455,0.25420832265231136,0.0008380550945881386
4037.0,4219.0,4188.0,4097.8335,5103.6665,-0.01088200722353403,0.10931185132858778,3.6763951187305714e-06
688.0,1032.0,881.3333,3476.0,2868.0,0.5954712484353675,-0.09583858764186633,0.0011641093561322842
364.5,549.75,380.25,3078.0,1983.5416,0.7800910865322056,-0.21623024890282436,0.002411980704154367
903.5,1070.3334,974.875,2113.5,2112.75,0.3686809406241146,-0.0001774622892635315,0.0006329574952041046
652.5,1028.0,804.75,3222.0,2663.5,0.6002980070776681,-0.09489423158610144,0.001220330579218903
624.25,936.25,682.5,3501.3333,2547.0,0.6737441714037697,-0.1577845089985368,0.001314211555617064
1258.0,1335.2,1400.4,1496.0,1799.5,0.03300649081618558,0.09209528144439387,0.00012636291428984043
1477.3334,1556.5,1566.0,1654.6666,1846.5,0.02753051185118013,0.05479128014073937,7.249485096891748e-05
1086.0,1093.3334,1336.8,1656.0,2232.2,0.1066559743384122,0.14819196543387683,0.0003166540005066464
385.75,542.0,363.0,3243.3333,1982.875,0.7986874923623948,-0.24118026447587246,0.0022781220923848555
719.6,1063.4286,860.6667,3246.0,2666.3333,0.5808441430126288,-0.09804364378442605,0.0010800884933808669
918.0,1012.0,1220.0,1764.0,2408.0,0.18230563002680966,0.15436241610738255,0.0005218627167950967
1014.0,1019.5,1001.5,1209.5,1592.5,0.09407507914970602,0.13668807994289792,0.00015924831536868428
1013.8333,1114.0,1244.5,1545.0,2045.0,0.1077253988169923,0.1392757660167131,0.00033877210851129835
938.0,1045.6666,980.0,1803.0,2268.5,0.29572403880704273,0.11433132752056982,0.0005109222175559961
788.2,954.0,2340.0,2618.0,3189.0,0.056070996369503835,0.09832960220423627,0.0008856189575309458
969.6667,985.3333,1131.5,1495.0,2429.0,0.1383971064153817,0.23802242609582058,0.0003620125339683391
685.75,987.5,817.0,3499.1667,2728.5,0.6214233338114583,-0.12374886729246448,0.0011707677752730002
712.5,1048.6666,850.0,3074.0,2566.3333,0.5667686034658511,-0.09000650723956334,0.0010766885864626756
1242.0,1286.0,1343.75,1490.0,1802.0,0.05161005734450816,0.09477521263669501,0.0001339042260821675
910.0833,1078.1666,1002.3333,2073.0,2077.0,0.3481465569927006,0.0009638554216867469,0.0006157312829092192
652.6,734.0,1848.6666,2149.0,3498.0,0.07512717543779163,0.23888790508234461,0.0010653670005632975
1206.0,1265.0,1498.0,1638.0,2318.25,0.044642857142857144,0.1719431279620853,0.0002185056037582964
780.3,1129.0,1003.25,3286.0,2975.25,0.532202599522061,-0.049630664803353965,0.0009759862282995264
806.8333,1070.0,1001.6667,2970.0,2501.6667,0.4955937767889738,-0.08559243932018004,0.0009015956091794633
983.0,1111.5,1063.0,2108.5,2094.9666,0.329654737505912,-0.00321958071464153,0.0005424713364989946
1283.0,1401.2,1654.0,1848.0,2514.25,0.05539691604797259,0.152730815519514,0.0002381120955887311
900.0,939.6667,1101.3334,1416.0,2226.0,0.1249999702065686,0.22240527182866557,0.0004044470362497413
968.0,1060.0,1149.0,1607.5,2118.0,0.16633411935425357,0.13702858676687693,0.00041054974826142294
776.3333,915.0,2218.0,2439.7144,3986.25,0.04760154465460567,0.24066980514240013,0.0008770927077596658
835.0,922.0,1169.0,1879.0,2356.5,0.23293963254593175,0.11273757525675836,0.0006646108716078745
968.5,1252.0,1289.0,2774.0,2943.1667,0.36549347772581836,0.02958925441163019,0.000671341079567025
1142.0,1241.3334,1369.0,1656.0,2490.0,0.09487603305785124,0.2011577424023155,0.00027155421997371104
900.25,1190.0,1174.0,2982.0,3026.0,0.43503368623676614,0.007323568575233023,0.0007745967250567669
1172.0,1160.5,1436.6666,1682.0,2322.5,0.07866611968076356,0.15994506180546886,0.0002584914439332058
397.2,597.5,390.0,3441.0,2087.6667,0.7963978073610023,-0.2447847507247995,0.002221417477165116
1156.25,1273.0,1289.0,1367.5,1604.5,0.029550159984942592,0.0797442799461642,0.0001334879898327964
1029.3334,1082.0,1189.0,1383.2,2301.0,0.07549957235051709,0.2491178546224418,0.0002483000543449511
1516.4,1640.0,1651.5,1730.0,1771.0,0.023214549756025434,0.011710939731505284,8.136826683306016e-05
983.8,1138.0,1118.0,2167.0,2104.0,0.3193302891933029,-0.014750643877312106,0.000554435729502841
380.0,551.5,371.33334,3004.5,2006.625,0.7800049335373883,-0.19913193145251815,0.0022927114140687483
763.0,1124.0,913.0,3412.6667,2723.0,0.5778685398946711,-0.11240289502687625,0.001016258086642347
631.75,771.5,691.5,2292.0,2169.25,0.5364504776269482,-0.027514710002801906,0.001144792358351554
1272.0,1351.3334,1338.6666,1440.0,1688.3334,0.03646835500163999,0.07938201216021284,9.164702801780571e-05
808.5,805.5,843.6667,1108.0,2139.2,0.1354397756543164,0.31756590293175657,0.0003339182942628489
406.0,586.0,429.0,2739.0,1978.0,0.7291666666666666,-0.1613313546745813,0.0020928027499769013
1177.3334,1255.5,1288.6666,1427.0,1833.0,0.050939021748840595,0.1245398773006135,0.0001484801118108684
362.0,459.33334,330.75,2371.0,1656.8,0.7551586934394374,-0.17731764238542133,0.0023342198488856976
749.5,1040.6666,885.5,3305.6667,2892.0,0.5774446289621457,-0.06674555441969802,0.0010303372787840862
698.5,1046.0,917.6667,3342.0,2829.25,0.5691368528903917,-0.08308689487543042,0.0011307983089571118
4204.0,4419.0,4368.0,4236.5,5530.0,-0.015282700912313324,0.13244253314902985,1.8243583556244196e-06
1003.0,1068.0,1288.0,1514.0,2135.0,0.08065667380442541,0.17018361194847903,0.00033617182524854346
921.5,1074.5,951.8333,2069.0,2027.75,0.3698207047704353,-0.010068957100140356,0.0006012094920369213
1096.5,1169.0,1418.0,1703.2,2279.0,0.09137511213635784,0.14459344081161166,0.00032456659366102776
1123.6,1190.8,1577.3334,1785.0,2264.3333,0.06176264376400033,0.11837338754011674,0.0003294791151388531
873.5,997.0,1038.0,2092.0,2391.75,0.336741214057508,0.06685252299972122,0.0006660457163722072
932.0,1090.6666,1050.6666,2068.0,2151.2,0.32620780945292455,0.01971937808115278,0.000588770651026928
1420.0,1517.6666,1512.5,1605.0,1867.625,0.02967121090617482,0.07562722724163996,8.111526918211693e-05
1324.0,1497.5,1650.5,1860.0,2354.5,0.059678108531548216,0.11733301696523905,0.00021748833434773787
683.5,1022.625,840.0,3223.0,2636.3333,0.5865124292394782,-0.1001251627040913,0.0011511037246670491
1230.0,1279.0,1303.0,1363.0,1799.25,0.02250562640660165,0.13795556961024588,7.926796924402793e-05
644.25,1013.75,771.5,3213.0,2567.5,0.6127494039402686,-0.11166854078366924,0.0012390336478127347
418.75,530.0,397.66666,2568.0,1818.5,0.7318197184035512,-0.17086515445115696,0.0019938900732708797
689.75,1040.2,851.0,3253.0,2681.0,0.5852826510721247,-0.09639366363329963,0.0011407382633742465
1288.8,1369.0,1394.0,1508.0,1779.0,0.039283252929014474,0.08244599939154244,0.00011269816264977239
1538.0,1766.0,1847.0,2024.0,1925.0,0.04572461896150865,-0.025069637883008356,0.00015602246723528187
3301.3333,3436.0,3512.0,3526.6667,5079.0,0.0020837327046612703,0.1803850130519231,1.934818577708547e-05
3019.2,3128.5,3180.0,3100.4,5243.0,-0.012674351952104947,0.25680178344559773,8.671667111598686e-06
946.0,1098.0,1080.0,2134.0,2166.5,0.327940261356565,0.007557260783629811,0.0005878574772205228
1978.0,2420.0,2380.6667,2646.0,2568.0,0.05278513890726031,-0.014959723820483314,0.00012756773025306918
782.0,1037.5,902.3333,3191.0,2750.5,0.5591205338690596,-0.07413952705545737,0.00096415805468205
1048.0,1104.0,1131.6,1398.5,2321.5,0.10548990158491763,0.24811827956989246,0.00023891865620696013
730.0,1067.3334,881.0,3270.0,2746.5,0.5755239701276801,-0.08701072051857392,0.0010625970038111254
665.5,1031.5,923.1667,3357.3333,3152.6667,0.5686640812989135,-0.031438801843317904,0.001202966544879526
998.75,1113.6,1251.0,1812.5,2231.8,0.18328708992981885,0.10367677966520786,0.00044907778668805133
1416.5,1469.8334,1467.3334,1559.0,1803.6666,0.030289656784014615,0.07275969612925647,6.448306640737686e-05
1073.0,1173.5,1116.0,1766.0,1926.3334,0.22553782095766828,0.043423326831753595,0.0003653745167882473
747.5,1107.2,909.0,3413.0,2748.0,0.5793614067561315,-0.10793702321051778,0.001043399427040427
701.3333,1060.0,952.5,3385.3333,2998.0,0.5608406620881442,-0.06067884626986339,0.0011288541086676598
1349.3334,1409.0,1498.6666,1778.0,2666.0,0.08524925910985268,0.1998199819981998,0.00017854466581867425
962.6667,1092.6666,1035.0,1876.0,1945.8,0.28890415664720026,0.01826364540268982,0.0005052072871589414
1009.0,1034.5,1166.0,1305.0,2104.0,0.05625252934034804,0.23437958345555882,0.00022457418155608663
765.3333,1049.0,929.5,3255.3333,2886.75,0.5557768095565478,-0.06000949221903255,0.0009981278847271157
2224.8333,2755.0,2650.0,3014.0,2555.0,0.06426553672316385,-0.08242054228766385,0.00011763400079324757
1008.0,1135.5,1183.8334,1407.5,2102.0,0.08631332425229421,0.1978914375267132,0.00028130484608329654
1111.5,1166.5,1472.6666,1885.3334,2624.9583,0.12289064919594996,0.16398604551452844,0.00036894301255664533
386.0,580.0,347.25,3170.0,1878.1428,0.8025446016063686,-0.25590742005158806,0.002269337050350916
1637.3334,1977.0,1971.3334,2468.6667,2419.0,0.11201200198171171,-0.010161638067505753,0.0002055466641937538
418.6,596.5,444.0,2602.0,1993.0,0.7084701247537755,-0.1325353645266594,0.0019998182816034307
796.5,1109.75,920.3333,3247.625,2822.0,0.558376915623172,-0.07012377206170069,0.000946387274327188
704.75,977.0,808.0,3429.0,2884.5,0.6185980646683974,-0.08624376336421953,0.0011257153488710358
1325.0,1448.0,1508.6666,1624.0,1790.0,0.03681636596757535,0.04862331575864089,0.00013884864290543804
994.125,1068.0,1206.0,1544.5,2365.5,0.12306853299400108,0.20997442455242968,0.0003580907880921109
811.5,907.25,1717.3334,2126.0,2310.6667,0.1063312904365778,0.041622847170376856,0.0007609812576886895
708.75,983.0,866.75,3343.6667,2696.0,0.5882830314633705,-0.1072355035750566,0.001110295318917385
732.25,1079.0,940.0,3394.0,2608.5,0.5662205814490079,-0.13086214077467723,0.0010695555683692829
1291.0,1401.5,1493.5,1572.5,1749.75,0.025766470971950423,0.05335239671909098,0.00013855596627405042
3806.3333,4017.6667,4014.0,3967.0,5274.375,-0.005888986342563588,0.14146974881984553,1.063757844759822e-05
674.0,1007.0,825.0,3534.0,2664.8,0.6214728148657949,-0.14022068787507255,0.0011989352113856925
1524.6666,1603.5,1636.0,1687.0,1672.4,0.01534757749021968,-0.004346014169196853,6.307150055065464e-05
1031.6,1063.0,1294.0,1448.8,2130.0,0.056438675805745936,0.1903431317760143,0.0002788712489678021
953.0,1090.0,995.0,2022.3334,2020.3334,0.34047725717018873,-0.0004947229388283991,0.0005542580413626395
1329.3334,1420.6,1614.25,1853.0,2635.0,0.06885860552310909,0.17424242424242425,0.0002124315220948264
926.125,938.75,1175.5,1422.5,2280.0,0.09507313317936875,0.23160027008777853,0.0003763737559157903
3799.3333,3960.0,3977.6667,3949.0,5023.0,-0.0036164886307128593,0.11970575122603656,9.97278283684588e-06
984.5,1108.0,1216.0,1597.55,2135.0,0.13561159389383518,0.1439900336231263,0.0003893900129702984
336.0,470.75,308.25,2414.0,1704.5834,0.7735329231334375,-0.1722477199320524,0.002554338072421262
975.25,1070.5,1092.6666,1670.75,2321.5,0.20919154933063658,0.16300331893042772,0.00042640728678246617
1181.0,1230.5,1286.6666,1680.5,2207.375,0.13273046414043618,0.13551747419863036,0.0002514661306083366
774.0,1048.0,900.0,3174.0,2594.0,0.5581737849779087,-0.10055478502080444,0.0009756692481248856
1048.0,1058.0,1058.6666,1327.6666,2167.5,0.11272524725382022,0.24028422565035956,0.0002008057222530934
944.5833,1209.3334,1189.0,2803.3333,2958.1428,0.40435834853768343,0.026869763462179477,0.0007012073377681625
1143.6,1160.0,1337.0,1492.6666,2279.0,0.05501234668423482,0.20848433421978496,0.00020431099516616218
645.2,872.0,1385.3334,2918.0,2337.3333,0.3561579960316345,-0.110490936892623,0.0012053383634254265
3854.0,4053.0,4044.5,3940.0,5079.0,-0.01308785772434091,0.12628894555937464,5.6621040642056264e-06
743.0,1030.0,912.8333,3374.5,2945.4167,0.574171991713357,-0.06789382208154734,0.0010481441296759217
969.0,1147.3334,1092.0,2298.0,2167.5,0.35575221238938054,-0.029224051058112193,0.0005962154450755027
726.5,1010.0,853.0,3286.0,2750.5,0.587823145687364,-0.08871034539882382,0.0010706673945280719
3401.0,3584.0,3600.0,3707.0,4979.3335,0.01464349254139866,0.14647532241307562,2.4264119219608835e-05
1288.6666,1433.5,1559.5,1816.0,2519.5,0.07598874240853207,0.1622650213354861,0.00022516038501255487
1006.3333,1156.5,1112.0,2234.0,2176.75,0.3353257621040048,-0.01297965198662359,0.0005455368808198161
1374.5,1489.0,1559.0,1704.6666,1825.3334,0.044632806549541555,0.034183229461756365,0.0001408098678003099
789.25,1088.0,934.5,3224.0,2930.75,0.5505590958278226,-0.04764612697510053,0.0009556411381578999
935.2857,1082.0,1036.0,1848.75,1879.5,0.28174018545801194,0.008247837457252062,0.0005277217591959334
432.5,633.6667,444.6,2683.3333,2006.25,0.7157228384633394,-0.14438026935143677,0.0019349939418089042
656.125,1026.6666,824.0,3161.5,2663.5,0.5865010663655752,-0.08549356223175966,0.0012059562796173564
379.0,599.0,391.0,3117.0,2002.1666,0.7770809578107184,-0.2177763466420491,0.00231160191141955
1009.5,1171.2,1093.2,2052.0,2115.0,0.304845478824876,0.01511879049676026,0.0005027619353513257
1325.5,1424.0,1662.1666,1897.0,2655.5,0.06597988416726544,0.16661175178473367,0.00022711281983316844
1593.3334,1678.75,1702.0,1800.0,1853.5,0.027984009137635636,0.01464349254139866,7.201428369861522e-05
680.0,1019.0,753.0,3279.0,2564.0,0.6264880952380952,-0.12236864624336813,0.001163905581686333
1020.0,1170.0,1139.0,2089.0,2197.2,0.2942998760842627,0.025243805702020398,0.0005012028399306287
1091.3334,1163.5,1278.0,1754.0,2262.0,0.15699208443271767,0.12649402390438247,0.00034586791786949756
934.0,1006.0,1271.0,1454.0,2135.0,0.0671559633027523,0.18974644747840624,0.0003824963773179648
788.5,920.5833,2209.0,2508.5,2951.5,0.0634870164281929,0.08113553113553114,0.0008684847705262525
328.0,474.0,306.0,2315.3333,1665.0,0.7665310244981056,-0.16338664402802644,0.0026089231937882827
969.25,1030.0,1368.5,1702.6666,2453.0,0.1088077084453836,0.1805566885466702,0.0004439534826211292
803.375,1096.0,973.5,3206.6667,2902.0,0.5342291014375098,-0.04987450043722311,0.0009317386272839735
751.25,858.6667,1881.0,2231.3333,2926.5,0.08519088177993737,0.1347788227277528,0.0008817785198992781
947.0,1108.0,1040.0,2106.6667,2044.7,0.3389830578497558,-0.014926819160543,0.000580669504912496
1144.5,1269.0,1368.0,1781.0,2354.5,0.13115274690377898,0.13867730625075564,0.0003119890811174062
1374.5,1457.0,1680.5,1906.5,2525.4583,0.06300529690549206,0.13965797015734552,0.00020286831777453456
1661.0,1800.0,1826.0,1870.0,1911.0,0.011904761904761904,0.010843692144935203,6.724711545267927e-05
894.1667,1047.0,989.0,2061.6667,1968.5,0.3516171399517358,-0.023117331598219056,0.0006326077597689007
955.1667,1123.0,1081.0,2037.2,2169.3333,0.30665127317041885,0.0314114475214067,0.0005554862898247269
388.25,531.0,355.0,3024.0,1925.5,0.789878662326132,-0.221941610263663,0.0022392047520499673
2313.2,2900.0,2852.0,3048.0,2449.3333,0.033220338983050844,-0.10890129219561787,0.00010417255011907543
956.5,1036.0,1178.0,1367.0,2198.0,0.07426326129666012,0.23309957924263675,0.0003136215264314951
905.6667,981.0,1160.0,1380.8,2124.5,0.08690176322418133,0.21216443671012467,0.0003795220608459061
1207.5,1310.0,1335.0,1415.5,1799.5,0.02926740592619524,0.11944012441679627,0.00012159250522504332
940.75,1096.5,1011.75,1976.0,2063.25,0.32273449920508746,0.021600544655567246,0.000556317433841081
401.0,591.5,396.0,3339.3333,1970.0,0.7879707280739847,-0.2579105930305788,0.0021888461436060896
377.5,509.0,374.5,2724.0,1754.6,0.7582701307084073,-0.21645156968695575,0.0022758706308424357
1072.3334,1165.0,1303.0,1808.0,2199.5,0.16232722597235616,0.09769182782283219,0.00037909492368618354
363.0,557.0,397.25,2792.0,2040.0,0.7508818687779258,-0.15562913907284767,0.0023900705311880096
893.8333,1054.0,1225.0,2071.3333,2391.75,0.25674991664222785,0.07179267749719129,0.0006352852780120686
1529.0,1749.0,1850.0,1961.0,1960.5,0.02912621359223301,-0.00012750223128904755,0.00014398416174220835
1023.25,980.5,1018.5,1470.0,2299.75,0.18143459915611815,0.2201074341799854,0.00029671619685218487
402.5,528.375,372.5,2580.4,1765.25,0.7477056452978428,-0.18757838298068186,0.002091738368180913
1325.5,1424.0,1662.1666,1897.0,2655.5,0.06597988416726544,0.16661175178473367,0.00022711281983316844
992.5417,1085.6666,1229.0,1839.1666,2275.0,0.1988701004697724,0.10593479612614616,0.00046332300703544815
1118.5,1068.0,1122.0,1482.0,2299.75,0.1382488479262673,0.21623586963707278,0.00021909482194853953
354.0,524.5,354.66666,3421.6667,1982.5834,0.8121634791267475,-0.2662873244892941,0.0025254694292367297
3864.6667,4060.0,4017.0,4048.5,5274.375,0.003905523526129812,0.13149109046297414,1.174642292854609e-05
1150.3334,1249.5,1327.5,1711.0,2412.5,0.1262135922330097,0.1701224687765248,0.0002846122390400904
717.0,1076.3334,893.5,3286.0,2652.0,0.5724368943653547,-0.10676995621421353,0.0010888601427173948
1025.0,1113.0,1222.8334,1916.2667,2228.0,0.22090193938065245,0.07522037614036763,0.00045331946443156725
837.5,981.2,1130.0,2092.0,2118.6667,0.2985723153320919,0.006333130095526255,0.0007151644507685239
4239.0,4400.0,4414.0,4256.3335,5103.6665,-0.018184594629491502,0.09052702991452997,9.60472111182417e-07
1175.5,1286.3334,1289.2,1428.0,1724.2,0.051081996172530536,0.09396611890108497,0.00015029386170107653
853.3333,950.7,1097.0,2138.5,2339.25,0.3218976974192551,0.04483278432248339,0.0007034332210441726
1018.6,1050.0,1069.0,1100.5,1393.0416,0.014519474533302604,0.11731971906945528,7.299011166684994e-05
3815.3333,4012.5,4071.0,3949.0,5287.75,-0.015211970074812968,0.1449373426800552,8.869309203358873e-06
1175.0,1180.3334,1367.0,1525.4,2332.8333,0.05476420965288345,0.20927539555474775,0.00019533183668117836
904.8,1049.0,1050.0,1749.0,2085.25,0.2497320471596999,0.08769642042120362,0.0005328723942937585
843.0,937.8333,1008.75,1500.5,2120.0,0.19597489289628375,0.17110896285043503,0.0005191792309356596
404.5,596.0,411.2,3012.0,1831.25,0.7597569525590092,-0.24379290765498374,0.0021349046886846366
1516.0,1525.3334,1618.6666,1735.0,1923.5,0.03468842132369389,0.051523848571819054,8.320684499780585e-05
1166.0,1229.0,1482.0,1748.0,2410.3333,0.08235294117647059,0.1592785503749783,0.0002853058655356397
1059.0,996.0,1242.6666,1830.6666,2484.0,0.19132321871250407,0.15142152582542528,0.00039766244628626864
420.5,579.5,426.0,3050.5,1919.5,0.7549259312526967,-0.22756539235412473,0.002045441863078666
1155.5,1272.5,1361.0,1468.5,1701.5,0.03799257819402721,0.07350157728706624,0.00018429975147502364
976.75,1165.0,1127.5,2083.5,2203.5,0.29772656493304267,0.02799160251924423,0.000543285608999912
1191.3334,1300.0,1337.0,1473.0,1804.0,0.048398576512455514,0.10100701861458651,0.00016037434471948206
358.91666,501.0,344.375,2938.5,1928.0,0.7901991394737844,-0.20764409740059592,0.002439056823985118
818.0,891.0,1005.6667,1278.0,2282.1667,0.11925264750762449,0.2820560902386959,0.00043948400755912495
938.5,1032.0,1152.6666,1674.0,2407.25,0.18443399019891485,0.17966309341500766,0.00046766023005958456
728.75,1048.0,841.25,3266.25,2615.8,0.5903834449178332,-0.11058219498304159,0.0010645903483871915
688.0,1051.5,850.6667,3209.3333,2582.0,0.5809523645320196,-0.10832277603501075,0.001140239851136068
365.41666,575.0,396.5,3147.0,2046.0,0.7762099619020743,-0.2120161756210283,0.0024122378184525672
369.5,554.0,346.5,3295.0,1943.125,0.8096938074969107,-0.2580837608877222,0.002396384330734622
709.3333,994.0,843.5,3181.6667,2641.6667,0.5808869232670538,-0.09273039390119754,0.0010939316277309718
365.0,529.6,363.0,2574.0,1765.25,0.7528089887640449,-0.18638013481592441,0.002344801525129394
740.7917,1090.8,948.5,3441.0,2703.6,0.5678323271443216,-0.12000781173713505,0.00105786591855042
843.6667,1009.0,1843.1666,2039.5,2560.0417,0.0505666389176964,0.11317251455726562,0.0006941631581369422
1278.5,1394.25,1433.0,1600.5,1742.5,0.05521674633261909,0.0424768172300329,0.00015723886598060225
723.5,891.6667,1932.8,2196.0,2390.5,0.06374733578763807,0.042407064210182054,0.0009255173783565326
1030.0,1076.5,1084.0,1178.0,1447.2,0.04155614500442087,0.1025445680329118,0.00012185904202325532
1120.75,1245.3334,1422.0,1688.0,2570.125,0.08553054662379421,0.2071627770438867,0.0002995752870060639
741.6667,1078.6666,843.0,3393.0,2657.5,0.6019830028328612,-0.12156020163622841,0.0010521714554093343
936.0,1074.0,1036.0,2424.0,2169.25,0.40115606936416187,-0.05546181897349371,0.0006551348838192251
1251.5,1288.0,1306.0,1432.5,1799.25,0.04619317144422129,0.11348340682292875,0.00010088026390499978
363.5,521.75,348.0,3189.0,1907.3334,0.8032230703986429,-0.2514879815359019,0.0024307665969396687
4165.0,4417.0,4360.0,4216.4,5474.5,-0.016743622032554493,0.12982282347356802,2.926186812411548e-06
889.0,1187.0,1136.0,3063.5,2747.0,0.45898321228717703,-0.054470355391102315,0.0007975382493769519
822.8,937.3333,2030.1666,2491.75,2490.0,0.10207693790725816,-0.00035128217995684247,0.0008130496577038776
713.0,1062.3334,822.25,3352.6667,2642.6667,0.6060999252991085,-0.11842544069359011,0.0011027079383924294
861.75,1141.6,1112.6666,2674.25,2724.5,0.4123627649998946,0.00930771011808289,0.0007855811297127994
798.3333,974.0,1972.0,2130.0,2541.75,0.03851779619697709,0.08813613742173704,0.0007821463634791856
964.7143,1020.0,1234.5,1385.0,2423.0,0.057453712540561176,0.27258403361344535,0.00031422893816667293
1095.5,1161.3334,1291.0,1546.0,2409.0,0.0898836799436024,0.218204804045512,0.0002657520783818206
1287.6666,1289.3334,1343.5,1737.1666,2539.0,0.1277861745896164,0.18751219842557115,0.0002007925766729978
1057.0,1190.6666,1134.5,1704.6666,2016.875,0.20082181862804388,0.08389222358820334,0.0003591090760134862
4043.0,4331.0,4272.0,4188.0,5132.6665,-0.009929078014184398,0.10135181856361886,8.56150633386143e-06
1346.6666,1482.0,1493.5,1590.0,1769.25,0.03129560564293822,0.05336012502790802,0.00011355915047077407
890.0,1033.5,922.0,2173.0,1963.0,0.40420032310177706,-0.05077369439071567,0.0006626576652654271
919.0,931.5,1092.0,1318.5,2130.0,0.0939639079029247,0.23531970421922574,0.0003293432919490198
887.4,923.0,1130.0,1462.0,2225.0,0.12808641975308643,0.20694331434770816,0.00044239447975456266
1337.0,1446.0,1480.0,1582.0,1739.3334,0.033311561071195296,0.0473705530435457,0.00011574533380954271
3598.6667,3862.5,3851.0,3826.5,5483.5,-0.003191142950179095,0.17798066595059076,1.6540673629764045e-05
1173.5,1129.0,1207.0,1460.8,2392.3333,0.09513456780868129,0.24175994637922335,0.0001674525805532591
993.5,1085.2,1168.0,1656.5,2184.0,0.1729509647725261,0.1373519073037365,0.00040245497534963277
802.5,1069.0,919.2,3306.6667,2889.0,0.5649649810298085,-0.06741271282394842,0.000942512097309798
1207.6,1336.0,1376.0,1470.0,1499.5,0.03302881236823612,0.009934332379188416,0.00014769435823311627
1208.6666,1318.4,1333.0,1462.0,1813.4,0.046153846153846156,0.10728460646027968,0.0001432449729295039
390.5,593.0,394.5,2774.0,2011.3334,0.7509862711062016,-0.1593758545642818,0.00219470894209228
1219.5,1300.0,1360.0,1461.3334,1833.0,0.03591684697739019,0.1128199714090869,0.0001355904766545893
962.5,1064.0,1237.0,2119.0,2506.25,0.2628128724672229,0.0837252040430247,0.0005664518002905974
924.0,977.5,1052.6666,1302.0,2139.2,0.10588904603309869,0.24328722538649306,0.0003138622493461203
358.16666,538.5,386.0,3034.0,2052.0,0.7742690058479532,-0.19307904050334251,0.00245554257288314
1206.0,1251.0,1408.6666,1887.0,2506.5,0.1451401061017519,0.1410037555479686,0.00029899776476120354
947.0,1092.0,1049.2,1911.5,2053.0,0.29124869118789476,0.035691764409131035,0.0005322548068486211
925.6667,968.25,1084.0,1386.0,2103.5,0.12226720647773279,0.20561685055165496,0.0003584145282017883
1523.5,1653.0,1704.0,1761.0,1953.875,0.01645021645021645,0.05191964736363942,8.846608927178254e-05
678.0,1041.0,910.1667,3296.0,3049.6667,0.5672227161134628,-0.038819136214639165,0.0011698028225402863
1177.5,1297.0,1416.0,1711.0,2635.0,0.09433962264150944,0.2126092959042798,0.00026457866900811764
558.0,901.0,635.0,3306.8,2332.0,0.6778121670302908,-0.17287366106263746,0.001487042583472491
377.25,620.5,455.0,2928.0,1965.0,0.73100798108188,-0.19681177191906807,0.0023031269977138026
376.5,525.0,340.5,3141.0,1897.0,0.8043946574752262,-0.24692338229456134,0.0023314800407344856
361.0,584.0,364.2,3640.0,2040.5,0.8180910044453324,-0.281577325939618,0.002488464574099933
1276.0,1306.6666,1404.0,1894.0,2119.3333,0.1485748938750758,0.05614617156267579,0.00025551570760072405
785.0,1118.0,971.8333,3226.0,2981.5,0.5369833766386102,-0.039387837293596455,0.000962677608300245
936.25,1092.0,1028.0,2288.5,2115.0,0.38006935021860394,-0.03940047689338026,0.0006304499639930199
1126.6666,1258.6666,1384.0,1854.0,2498.5,0.14515132798023472,0.14807581849511775,0.00034789091229960804
955.25,1226.0,1232.0,2857.0,2994.0,0.3974076791391538,0.02341480088873697,0.0006961001644853485
720.1667,1052.75,894.0,3248.0,2746.5,0.5683244809270883,-0.083660021686546,0.0010791870995445073
1556.4,1733.2,1782.6666,2070.8,2488.2,0.07477251781551711,0.09155516560649257,0.0001595007146400993
697.0,1062.6666,786.0,3228.0,2576.25,0.6083707025411061,-0.11228840935521385,0.0011233192374743913
695.0,1044.0,798.0,3233.0,2466.0,0.6040684693624411,-0.13458501491489736,0.0011279157822882558
1732.0,1878.4,1910.5,1946.5,1846.5,0.00933367902514908,-0.026364355391510677,6.358787703794329e-05
859.0,888.6667,1003.5,1238.6666,2273.6667,0.10488364245547142,0.2946759352251679,0.0003564096995088706
731.0,1036.0,862.0,3432.0,2625.0,0.5985095482068001,-0.133234274393264,0.0010751429808806858
951.6,1001.25,1007.5,1093.0,1439.25,0.04070459414425137,0.1367361042551091,0.0001358059101118545
887.0,929.75,1059.2,1267.25,2423.0,0.08942809860517095,0.31319016326807125,0.0003379044856653853
742.5,1032.0,872.6667,3268.0,2909.0,0.5784897634962989,-0.058118827909988666,0.001039403924176811
1476.5,1643.0,1668.0,1820.0,1811.5,0.04357798165137615,-0.0023406305934186977,0.000127740280024544
1192.0,1263.5,1246.1428,1440.3334,1742.5,0.07228450413966069,0.09493635450727644,0.00014452123336861338
383.0,554.6667,364.25,2951.0,2006.125,0.7802578991026318,-0.19060947625892025,0.0022661809556082683
1292.0,1464.0,1509.0,1645.5,1806.25,0.0432715168806467,0.04657058014050844,0.00016614719231220255
1398.6666,1601.5,1619.0,1698.0,1773.0,0.023816701839011155,0.021607605877268798,0.00012594846924573439
1003.6,1161.0,1122.6666,2073.8333,2185.0,0.2975650648385754,0.026102618292197587,0.0005137022195860185
1427.0,1495.1428,1556.0,2297.0,2441.0,0.19231767453932,0.030392570704938792,0.0002652345221937273
1004.3333,1109.0,1150.0,1920.0,2379.3333,0.250814332247557,0.10683826257433908,0.0004743797301684261
726.8333,1039.3,1021.5,3218.6667,2858.0,0.5181793206385024,-0.0593527204643296,0.0010636801978362537
388.0,596.0,402.0,3088.0,2057.1667,0.7696275071633237,-0.200349835118073,0.0022476923691676547
981.0,1021.0,1099.0,1335.0,2166.5,0.09695973705834018,0.23746965586177352,0.0002700290624499416
894.0,1190.0,1154.0,3009.0,2994.0,0.44559212106653856,-0.0024987506246876563,0.0007853534368960158
2918.0,3112.0,3091.0,3032.5,4741.5,-0.009553360006532213,0.21983534859789042,1.2935123577030496e-05
746.6667,1092.0,879.0,3479.3333,2700.6,0.5966347961501705,-0.12600998460614452,0.001050467394340203
924.5,1065.0,995.5,1990.0,2070.0,0.33311003182046556,0.019704433497536946,0.0005785274291500724
1183.6,1268.6666,1302.6666,1448.0,1803.5,0.05283570171681293,0.10933415346763033,0.00015414206068113543
994.6667,1165.0,1099.0,2073.0,2115.0,0.30706179066834804,0.01002865329512894,0.0005224439836973827
869.2,908.0,1077.0,1354.6666,2273.6667,0.11418777557745786,0.2532843661303112,0.0004118203977887985
1206.0,1284.6666,1384.0,1623.0,2235.6667,0.07948121050881277,0.15877678681084328,0.00021286794377223437
768.0,1074.0,994.0,3340.25,2959.3333,0.5413277960431447,-0.060466967711975524,0.0010014006372407944
686.5,1004.2,905.5,3390.5,2857.5,0.5784450651769087,-0.08530729833546735,0.0011600327117212532
1353.3334,1455.0,1448.0,1528.8,1642.1428,0.02714324106423003,0.035744195701038865,8.474580274467741e-05
1112.0,1131.0,1332.0,1524.0,2254.0,0.06722689075630252,0.19322392800423505,0.0002428941665310704
1454.0,1596.0,1656.0,1751.0,1813.4,0.02788376871147637,0.017506452698911483,0.0001165755061908659
1604.0,1652.5,1684.0,1833.0,1962.4,0.04236565254478249,0.0340939031459135,7.783913132889073e-05
713.75,1079.0,886.5,3321.5,2584.5,0.5786596958174905,-0.12478835082966475,0.0010984430194135666
1543.3334,1643.3334,1676.0,1734.6666,1803.6666,0.017200919022691934,0.019500707282174557,7.142220506480792e-05
396.75,627.5,365.0,3159.3333,1878.1428,0.7928686256773728,-0.25433182700360596,0.0021984153550580984
1106.0,1214.3334,1597.6666,1963.3334,2511.0,0.10268654872226901,0.12240183085149624,0.0003944646297240329
363.66666,578.5,381.5,3405.5,1961.3334,0.7985212569316081,-0.2690910062533337,0.0024493929963354142
920.0,980.3333,992.25,1525.5,2212.3333,0.21179624664879357,0.18375172054890726,0.0004309653017771358
1170.5,1206.0,1259.0,1295.5,1806.1111,0.014288510471716578,0.1646276994559376,8.236264834130687e-05
669.0,722.3333,1831.2,2182.6667,3114.75,0.08756312211364671,0.1759505345312933,0.0010350659722122239
859.0,984.0,1224.0,1965.0,2339.25,0.2323612417685795,0.08694894580937446,0.0006544765962482988
1096.4,1121.0,1114.6666,1181.0,1561.5,0.02889504948148829,0.13874202370100275,6.527629697289266e-05
3462.0,3628.0,3626.0,3628.3333,4997.0,0.0003216422383018686,0.15867986226109085,1.3237913459957196e-05
1070.7,999.5,1175.3334,1399.5,2280.0,0.08706062302904724,0.2392988177741541,0.00021922277724655586
693.75,1026.8,958.7,3293.6667,2944.7144,0.5490981528004157,-0.05593635502646678,0.0011361906975211787
923.0,950.0,1198.0,1557.2,2239.3333,0.13037166085946575,0.17967267664951067,0.0004407678116899797
1174.0,1305.0,1442.0,1698.0,2271.5,0.08152866242038216,0.14447663433681823,0.0002626368944690875
710.0,1013.0,890.3333,3510.5,2741.0,0.5953796750265454,-0.1230904582900104,0.0011220107008690625
386.66666,518.5,365.0,2953.3333,1879.6666,0.7800100429935715,-0.222153263442029,0.0022418087046199553
354.33334,525.0,354.75,3138.0,2006.0,0.7968649345071934,-0.22006220839813376,0.0024964813761830197
758.2,1095.6,988.0,3379.0,2728.0,0.5475154568353561,-0.1065989847715736,0.0010216202410537282
646.0,949.0,726.0,3446.5,2547.0,0.6520071899340922,-0.15007925252356719,0.0012558940806601953
747.3333,1075.0,937.5,3364.5,2695.5,0.5641562064156206,-0.1103960396039604,0.0010394791483238966
719.375,1058.8,902.0,3374.2856,2677.8,0.5781385602495773,-0.11508191490219503,0.0010922182534966267
721.0,1092.0,906.0,3348.0,2715.0,0.5740479548660085,-0.10440376051459674,0.0010867694609093949
741.5,859.0,844.75,1736.6666,2207.5417,0.3455143970175136,0.11938393314572159,0.0007717610951760788
1223.5,1270.6666,1336.4,1398.6666,1766.0,0.02276602697718583,0.11607333296973525,0.00010227707677958399
758.0,1068.0,901.0,3346.6667,2871.0,0.5757670911420617,-0.07650244423683891,0.0010191119609374625
3950.0,4241.0,4170.6665,3982.8,5584.0,-0.02304130396562003,0.1673704896099009,2.084386806573771e-06
1078.0,1155.0,1227.0,1613.0,2254.25,0.1359154929577465,0.16581550197168532,0.00030739582872478993
395.5,574.0,413.33334,3078.0,2097.25,0.7632232160335626,-0.18950775324863534,0.0021980011913862933
661.3333,1029.6,792.0,3218.8,2560.6667,0.6050663209334797,-0.11387439951855763,0.0011996081410818558
971.5,1076.0,1204.5,2019.5,2497.0,0.25279156327543423,0.10572345843020038,0.0005336147370337156
1246.0,1222.0,1417.5,1687.3334,2545.0,0.08690752940238275,0.2026462754564657,0.00020974877797407652
1007.1667,1156.0,1124.0,1952.5,2055.8333,0.2692995286851942,0.025779617678000924,0.0004802435773631758
938.2,1061.0,996.6667,2016.0,2020.3334,0.3383491774911576,0.0010735981324040238,0.0005692323422838754
1480.0,1660.0,1720.0,1767.0,1779.0,0.01347863492973903,0.00338409475465313,0.0001096706174837892
1174.5,1212.0,1273.0,1431.3334,2341.0,0.058548032576160904,0.2411416233782518,0.00015264692567824013
993.0,1187.0,1106.0,2320.0,2197.4,0.35434909515469937,-0.02713950502501437,0.0005754353708457643
957.5,1098.5,1039.8334,2214.6667,2084.8,0.3609873295133714,-0.03020530429971699,0.0005922326902445619
3706.0,3876.0,3920.0,3852.0,4829.5,-0.008749356664951106,0.11259574958244543,1.0224545014749957e-05
1865.0,2261.0,2203.0,2576.0,2568.0,0.07804980121364302,-0.0015552099533437014,0.00014791496075572687
1189.3334,987.6667,988.5,1549.6666,2299.75,0.2210913184343376,0.19485638421157117,0.00019534278985656138
1082.4,1126.5,1439.0,1636.0,2456.5,0.06406504065040651,0.20048869883934026,0.00031233737130188257
730.25,1091.0,970.5,3203.0,3036.1667,0.5349227267281658,-0.026739676630214062,0.0010557410120319891
1111.0,1162.4,1563.0,1781.5,2264.3333,0.06533114067872627,0.119340878429173,0.00033846063760835284
1002.5,1155.0,1115.3334,2217.5,2169.3333,0.33069957832275687,-0.010979833676378862,0.0005460033063533551
1249.6666,1382.0,1447.0,1833.3334,2032.6666,0.11777260201661209,0.051560579410243154,0.000254555208809484
383.5,550.1667,372.5,2679.0,1883.5,0.7558577748648205,-0.17435616438356163,0.0022284774271400494
887.4,947.0,1020.0,1226.0,2135.0,0.0917186108637578,0.2704552216602202,0.00031087652858337994
416.5,628.0,443.0,3013.5,2061.8,0.7436713438449298,-0.18751600890587744,0.0020641643542183923
352.66666,528.0,329.5,2945.0,1930.3334,0.7987479004428157,-0.20812250501678514,0.0024889227949407224
388.66666,565.0,402.0,3133.0,2097.25,0.7725601131541726,-0.1980306868696525,0.002247932249364415
1090.0,1144.0,1269.0,1956.0,2308.6667,0.21302325581395348,0.08269502045728457,0.0004058114448199528
922.2,1003.0,963.0,1232.0,1480.0,0.12255125284738042,0.09144542772861357,0.00027237980823336105
1067.0,1130.0,1261.3334,1445.0,2470.0,0.06786547437207847,0.26181353767560667,0.0002449360444772754
4073.0,4201.6,4180.0,4114.0,4973.0,-0.007957559681697613,0.09453064817871684,2.446237078796757e-06
692.3333,1043.0,843.5,3297.0,2636.3333,0.5925612848689772,-0.11134832085027149,0.0011394391865088744
1170.5,1206.0,1259.0,1295.5,1806.1111,0.014288510471716578,0.1646276994559376,8.236264834130687e-05
379.66666,571.0,362.2,2866.0,1864.0,0.7756025029428165,-0.21183932346723044,0.0022789685187134126
951.75,1002.0,1019.0,1586.0,2360.3333,0.21765834932821498,0.196215889823599,0.0004197380450762593
803.5,945.0,2358.0,2644.8,3986.25,0.05732789637802834,0.20229827855317029,0.0008653776379613014
361.0,549.5,345.66666,3008.0,1916.5,0.7938574730024004,-0.2216468677023048,0.002430902492065358
795.6667,933.5,1051.3334,1942.0,2351.0,0.2975500824599091,0.09527137200093175,0.0007409433737614237
1037.0,1074.0,1116.0,1766.5,2276.0,0.22567215958369471,0.12603586889301174,0.0003978453633154398
736.5,1067.2,928.5,3374.0,2711.0,0.568390470656595,-0.10895645028759245,0.001059949966342821
1160.0,1258.0,1349.0,2090.6667,2405.3333,0.21562167636765509,0.06998812277580062,0.0003834221103108539
1001.75,1138.0,1091.0,1878.0,2053.0,0.26507241495453016,0.04451793436784533,0.0004653071996631202
357.0,497.0,339.75,2570.0,1656.8,0.7664747830569637,-0.21604996687801648,0.002405277916657609
371.5,577.6667,349.0,2954.0,1972.0,0.7886769603390856,-0.1993503857084856,0.002346948512539021
803.375,1096.0,973.5,3206.6667,2902.0,0.5342291014375098,-0.04987450043722311,0.0009317386272839735
740.6667,1090.0,874.0,3338.0,2694.0,0.5849952516619183,-0.10676392572944297,0.00104913788782865
3799.3333,3960.0,3977.6667,3949.0,5023.0,-0.0036164886307128593,0.11970575122603656,9.97278283684588e-06
708.75,1043.0,864.4167,3413.0,2805.8,0.5958230115854741,-0.09763941596449473,0.0011163622669347368
1224.5,1318.0,1422.0,2106.0,2506.5,0.19387755102040816,0.08682926829268292,0.00034154712517285617
1446.0,1610.0,1616.0,1738.0,1781.8,0.03637447823494335,0.012443888857321426,0.00011610864269791951
3568.3333,3766.0,3820.8572,3604.6667,4861.8335,-0.029114511368012658,0.14848718718508971,2.823929315036714e-06
1130.0,1158.4,1163.5,1222.4286,1744.75,0.02469839206420509,0.17603301668460403,6.685290256495741e-05
731.0,1097.2,924.0,3394.0,2776.0,0.572024085224641,-0.10016207455429497,0.0010718851331987338
383.0,500.33334,362.5,2486.0,1656.8,0.7454800772336317,-0.20015448488944676,0.0022029615848753016
353.66666,547.5,355.33334,3107.0,1962.0,0.7947434258308589,-0.22588281712369304,0.0024986025295969934
775.5,869.0,914.0,1866.0,2120.0,0.3424460431654676,0.06372303060712493,0.0007526144812550338
1031.5,1132.3334,1151.8334,2129.3333,2232.0,0.29791229442868594,0.02354020959599676,0.0004993472857791177
1574.0,1816.0,1834.0,1973.0,2181.0,0.0365116889939585,0.05007221954742417,0.00012840006757898294
930.0,1028.6666,1132.0,1339.0,2264.0,0.08377175232699312,0.25673050235914513,0.00032809004266774907
1611.3334,2074.0,2054.5715,2485.0,2568.0,0.09481698878407356,0.01642588561250742,0.00021805421668959836
368.16666,547.0,369.66666,3267.25,2034.4166,0.7967142530013323,-0.23253695356852502,0.0024035649442000627
940.875,1043.5,1089.5,2039.5,2379.3333,0.30361137743688077,0.07690566195380119,0.0005719163312891559
745.0,1074.6666,867.5,3412.0,2707.5,0.5945788059352728,-0.1151237846229267,0.0010477922110576454
371.5,508.0,347.66666,2806.0,1827.0,0.7795159111711573,-0.2113101661990071,0.0023291412935846963
821.1667,955.0,2284.0,2570.0,3565.0,0.05892047795632468,0.1621841890790546,0.0008276665587021253
666.0,972.0,819.0,3407.6,2551.5,0.6124544551175886,-0.14366263361917064,0.0012062286734318014
676.25,970.25,840.0,3408.0,2690.0,0.6045197740112994,-0.11774352246638242,0.0011835656488457013
964.0,1116.0,1094.0,2084.6667,2220.0,0.3116610810438226,0.031438740657900366,0.0005570735324198573
3727.3333,4054.0,4044.5,3953.6,5132.6665,-0.01136519923481828,0.12976358331554555,1.5350169839355196e-05
347.0,507.33334,339.0,3148.5,1881.3334,0.8055913978494623,-0.2519301335109827,0.002556864334229582
4103.0,4258.0,4281.6665,4114.4,5679.75,-0.019922007525786108,0.15982499757508312,6.751355672218767e-07
350.5,517.75,334.25,3076.3333,1916.5,0.8039924724899696,-0.23229962434355653,0.0025208126923209205
696.5,1012.8,875.25,3308.0,2649.0,0.5815454491125321,-0.11062615410441497,0.0011318276969484208
1222.0,1335.3334,1362.0,1384.75,1817.0,0.008282515700373168,0.13500429452643087,9.609995103478685e-05
734.5,1035.2,954.75,3337.5,2742.5,0.555128429145553,-0.09786184210526316,0.0010604012150006237
389.0,612.0,384.0,3094.0,1864.4,0.7791834387579069,-0.24798322039367537,0.0022417250924038254
995.0,1155.3334,1114.0,2227.3333,2151.2,0.33320031258180677,-0.017387854512834235,0.0005554994529641681
952.3333,1032.0,1133.0,1332.0,2343.25,0.08073022312373225,0.2751513502482824,0.00029898783569194535
708.3333,1043.0,863.0,3172.8,2614.0,0.572327667376976,-0.09656459528582294,0.0010950398120031532
745.3333,1079.0,949.0,3280.6667,2728.6667,0.55126487862507,-0.09185711014136776,0.001035476263565161
1285.0,1342.5,1418.6666,1584.2142,2243.5,0.05512959422165538,0.1722400799934332,0.00014686805042581134
893.25,1030.5,964.0,2195.3333,1992.5,0.3897446654330519,-0.048433947931977084,0.0006632532014752987
1239.6,1303.0,1318.5,1413.3334,1803.6666,0.03471419596817287,0.121334535281318,9.908477323341079e-05
391.0,578.0,389.33334,3024.0,1926.0,0.7718749965393066,-0.22181818181818183,0.0022211761688802505
1210.6666,1304.0,1283.0,1502.0,1736.25,0.07863554757630162,0.0723384544121053,0.0001600800488093906
4054.0,4330.0,4340.0,4248.0,5112.0,-0.01071262226362366,0.09230769230769231,1.1262281111180774e-05
1107.5,1120.8334,1276.0,1584.5,2288.0,0.10784827827302919,0.1816655907036798,0.0002715754063703221
963.5,1115.3334,1041.0,2202.0,2084.8,0.3580018501387604,-0.027339740599048198,0.0005831448765413788
744.6667,1080.0,916.5,3404.0,2608.5,0.5757435482004397,-0.13230769230769232,0.0010477036854485095
1144.4,1203.3334,1202.0,1255.0,1642.1428,0.02157102157102157,0.13362917423331708,7.694036148056623e-05
1074.5,1112.0,1148.6666,1497.0,2103.5,0.13166186548221911,0.1684488265518678,0.0002624185299158677
1143.3334,1242.0,1159.5,2192.0,2559.5417,0.30807101297926304,0.0773520939530006,0.00041806548303181395
390.66666,562.6667,368.0,2833.6667,1832.0,0.7701197317009919,-0.2146888675095459,0.002201192898518238
1184.5,1258.0,1284.3334,1395.0,1676.0,0.04130378100761929,0.09150113969391079,0.000127284738378465
789.0,914.0,2220.0,2439.25,3986.25,0.04705692976337393,0.2407594739708972,0.0008563796456422717
910.0,1204.6666,1224.6666,2763.75,2705.1667,0.38588832470509726,-0.010712048329425055,0.0007362647892162777
922.125,958.0,987.4,2194.5,2054.0,0.3793645306263553,-0.033070495468989054,0.0006280858791281768
364.25,562.5,381.0,2918.0,2006.4,0.7690209154289178,-0.18511899926894645,0.002396088570129748
1284.0,1379.0,1414.0,1526.5,1900.0,0.0382587995238905,0.10900335619436743,0.0001236265662020262
1071.2,1096.0,1085.5,1156.5,1672.4,0.03166815343443354,0.18236770476156813,6.879036141391366e-05
404.5,562.75,371.83334,3023.6667,1906.5834,0.7809846351820393,-0.22657741034273296,0.002136182559093089
717.0,1057.0,881.6667,3280.4,2642.6667,0.5763322582023973,-0.10766944427622263,0.0010883413565639626
999.0,1104.1666,1166.5,1691.0,2365.5,0.18355205599300087,0.16627634660421545,0.0004092253104671792
1385.0,1454.1,1565.0,1972.0,2464.4167,0.11506926774102347,0.11099424001356777,0.0002147672025968172
1040.0,1051.0,1353.0,1560.6666,2434.6667,0.07127328844007066,0.21875524127111,0.00032047846633265025
1017.25,1134.0,1218.8,1846.0,2216.5,0.20464630644740278,0.0912,0.00044089728649332775
1393.5,1391.8334,1485.3,1667.3334,2431.5,0.05774011022023685,0.1864351451805775,0.00011777292197543816
361.5,529.0,331.6,3178.0,1907.3334,0.8110325963072715,-0.24986888765247922,0.002444825416115102
1082.0,1174.6666,1282.0,1491.0,2282.1667,0.07536963577353047,0.20968241344862928,0.0002532895123898206
993.05,1052.0,1321.0,1718.0,2332.75,0.13063507732806845,0.1517620193791273,0.0004244989936923297
995.3333,1154.0,1122.0,2105.0,2185.0,0.3046172916021072,0.018648018648018648,0.0005290976194383442
350.75,519.5,321.33334,3041.5,2005.25,0.8088913083037294,-0.2053301629761728,0.0025150777896992575
969.7143,1114.0,1088.0,2120.5,2217.5,0.3218014648589684,0.02236053480866759,0.0005590681513463978
350.0,542.0,323.0,3277.0,1975.3334,0.8205555555555556,-0.2478263470479616,0.0025447150866741955
1030.5,1086.0,1090.0,1172.0,1427.3334,0.036251105216622455,0.0982303385937333,0.00011704681376238918
347.0,512.0,338.0,2786.6667,1722.0,0.7836569257130689,-0.2361378143121558,0.0025157427310029128
747.0,1080.0,905.5,3399.3333,2776.0,0.5793100745620045,-0.10093921570192815,0.0010431163468700875
936.1429,970.0,1100.6666,1722.0,2190.0,0.22012284412193775,0.1196319018404908,0.0004869726998199327
980.6667,1124.0,1058.0,2321.0,2115.0,0.37377922462266944,-0.046438232642019836,0.0005882658100598442
906.0,1012.3333,2008.6666,2514.0,3340.5,0.1117335069536189,0.14117345631565462,0.0007052019166756571
1206.0,1336.5,1637.3334,1878.0,2296.5,0.06846195584179868,0.10025152712899749,0.00029646021212786965
3502.0,3733.3333,3729.3333,3635.0,5083.0,-0.01280948269954047,0.16609314062858455,1.0444967390890339e-05
951.15,1017.6,1046.0,1830.3334,2179.0,0.27268514839065594,0.08696373317320032,0.000504479941399171
1031.0,1082.0,1126.0,1498.0,2251.0,0.14176829268292682,0.20085356094958656,0.00030208236304737066
384.5,560.75,355.0,2857.0,1835.4,0.7789539227895392,-0.21771374989344472,0.0022449241787640614
1016.8333,1081.0,1294.0,1534.0,2360.5,0.08486562942008487,0.2122223648735396,0.00033122914090517245
756.75,1110.8,939.1667,3298.0,2902.0,0.5567006131715329,-0.06387096774193549,0.0010168825512157675
344.5,473.25,323.75,2410.6667,1732.3334,0.7632036112125852,-0.16372997432464464,0.0024807336481254935
402.0,549.0,389.66666,2834.0,1845.75,0.758246307017364,-0.2111758106736471,0.0021294070056790022
1460.4,1537.5,1530.8,1608.5,1911.0,0.02475074061096424,0.08594970876544963,6.300353104799966e-05
382.5,550.25,371.5,3013.3333,1941.25,0.7804914055885707,-0.21638213247923388,0.002276568860203071
964.5,928.0,1075.5,1359.0,2345.6667,0.11645101663585952,0.26633076060526584,0.00030065973663121625
862.0,1151.5,1166.0,3009.5,2933.375,0.4415040114956293,-0.012809456702353658,0.0008268524720001186
418.33334,563.0,409.0,2886.0,1899.5,0.7517450682852808,-0.20614355866680598,0.00203906360686072
1151.5,1269.5,1359.5,2194.5,2308.6667,0.234946539110861,0.025352536915855286,0.0004123896805709798
1365.3334,1462.0,1670.0,1766.6666,2519.5,0.028128012184830502,0.17564258934778687,0.0001662623078829075
388.0,616.0,385.25,3086.0,1942.75,0.7780338494778538,-0.22734277902063138,0.0022474830355848703
388.25,531.0,355.0,3024.0,1925.5,0.789878662326132,-0.221941610263663,0.0022392047520499673
403.91666,553.25,394.75,2806.5,1919.5,0.7533775868801249,-0.18768514600084638,0.002114208277537151
2135.0,2644.5,2550.0,2953.6,2391.5,0.07333381786467037,-0.1051617369179248,0.0001297534196826015
742.8,1062.0,995.0,3244.0,2708.6667,0.530549657938193,-0.08993167717587813,0.001036600467688668
1181.0,1302.0,1448.6666,1902.125,2498.5,0.1353287384390005,0.13552052265303224,0.0003207406624103619
926.0,1084.6666,1000.0,2127.1667,2151.5,0.36044343270859214,0.005687122112128945,0.0006091468797103691
389.0,588.5,396.33334,3219.0,1993.0,0.7807486598179076,-0.23522640061396777,0.0022542436335539783
382.6,571.4,379.75,2853.3333,1883.5,0.7650849268251145,-0.20474296614998036,0.0022573285020511293
731.0,1005.5,884.5,3340.5,2865.0,0.581301775147929,-0.07662557408750302,0.0010671727916127865
384.5,572.5,392.0,3023.3333,1990.0,0.7704470014683487,-0.2061170159981184,0.0022641309736155736
862.0,1158.0,1127.0,2993.9167,2988.0,0.45303432122275133,-0.0009890976917148009,0.0008251249569437804
1063.5,1116.0,1244.0,1636.5,2275.0,0.13626106578718972,0.16323660999616516,0.0003289220183584983
1078.5,1124.0,1139.0,1225.0,1541.75,0.03637901861252115,0.11448450347881088,0.00011078447126882248
1356.0,1464.4,1478.0,1617.5,1811.5,0.045065417541592635,0.05657626130067075,0.00011913724587945725
915.0,974.0,1032.5,1969.0,2238.0,0.31201066133599864,0.06394105062990255,0.0005843854859492438
3530.0,3653.0,3688.0,3624.0,4829.5,-0.0087527352297593,0.14260365529070798,7.3458481578800945e-06
1038.3334,1100.6666,1291.0,1650.75,2476.75,0.1222911532251211,0.20012113870381587,0.0003569527762716446
984.5,1108.0,1216.0,1597.55,2135.0,0.13561159389383518,0.1439900336231263,0.0003893900129702984
1078.3334,1223.0,1240.0,2194.6667,2055.6667,0.277950317566476,-0.03270331687391864,0.00047126988587615294
1552.5,1688.0,1689.5,1744.4,1688.3334,0.015987652523369957,-0.016332931651493854,7.08137574562016e-05
965.5,1066.3334,1164.0,1690.0,2156.0,0.18430273300630695,0.12116484659386376,0.0004435573976741552
